timestamp,p17031
2018-01-01 00:00:00,7870.357146704881
2018-01-01 01:00:00,7835.833858201849
2018-01-01 02:00:00,7718.237166905743
2018-01-01 03:00:00,7673.771307447922
2018-01-01 04:00:00,7494.160515642081
2018-01-01 05:00:00,7350.239498547044
2018-01-01 06:00:00,7174.723406966027
2018-01-01 07:00:00,7010.3256302716245
2018-01-01 08:00:00,6872.840203607265
2018-01-01 09:00:00,6775.722038186825
2018-01-01 10:00:00,6766.36298441328
2018-01-01 11:00:00,6778.0682576746185
2018-01-01 12:00:00,6888.062963691396
2018-01-01 13:00:00,6991.038227112816
2018-01-01 14:00:00,6987.308759914583
2018-01-01 15:00:00,6963.415993240668
2018-01-01 16:00:00,7019.98817960958
2018-01-01 17:00:00,7090.883603601345
2018-01-01 18:00:00,7126.686123233719
2018-01-01 19:00:00,7111.9189888254705
2018-01-01 20:00:00,7070.5455372536235
2018-01-01 21:00:00,7061.02011980717
2018-01-01 22:00:00,7128.684922709667
2018-01-01 23:00:00,7562.624793588491
2018-01-02 00:00:00,8079.236679343808
2018-01-02 01:00:00,8107.907894597406
2018-01-02 02:00:00,8049.405464379888
2018-01-02 03:00:00,7972.760860989648
2018-01-02 04:00:00,7802.505499045631
2018-01-02 05:00:00,7498.279212862159
2018-01-02 06:00:00,7205.1685921508515
2018-01-02 07:00:00,7009.762425267837
2018-01-02 08:00:00,6906.7941355924995
2018-01-02 09:00:00,6836.004011241828
2018-01-02 10:00:00,6861.753316257583
2018-01-02 11:00:00,7015.630425457016
2018-01-02 12:00:00,7347.953149735225
2018-01-02 13:00:00,7827.703506196106
2018-01-02 14:00:00,8107.034945062182
2018-01-02 15:00:00,8222.423784938102
2018-01-02 16:00:00,8307.198269775135
2018-01-02 17:00:00,8346.185235123523
2018-01-02 18:00:00,8325.664733826246
2018-01-02 19:00:00,8287.613075342188
2018-01-02 20:00:00,8249.335119521711
2018-01-02 21:00:00,8190.787832235605
2018-01-02 22:00:00,8198.076696449709
2018-01-02 23:00:00,8550.189055322155
2018-01-03 00:00:00,9012.98010855342
2018-01-03 01:00:00,9014.739126042175
2018-01-03 02:00:00,8919.961820374549
2018-01-03 03:00:00,8736.836191160366
2018-01-03 04:00:00,8446.644191758616
2018-01-03 05:00:00,8017.795711528791
2018-01-03 06:00:00,7602.994003826949
2018-01-03 07:00:00,7309.884022629474
2018-01-03 08:00:00,7099.851159495913
2018-01-03 09:00:00,6962.949980885747
2018-01-03 10:00:00,6896.2577543290645
2018-01-03 11:00:00,6975.832977526491
2018-01-03 12:00:00,7251.984660444662
2018-01-03 13:00:00,7684.927049120282
2018-01-03 14:00:00,7943.442336147939
2018-01-03 15:00:00,8049.976616472529
2018-01-03 16:00:00,8114.227316529664
2018-01-03 17:00:00,8149.6186052822
2018-01-03 18:00:00,8109.868591974737
2018-01-03 19:00:00,8084.527566055201
2018-01-03 20:00:00,8046.096116805806
2018-01-03 21:00:00,7988.850964650588
2018-01-03 22:00:00,7978.049887187787
2018-01-03 23:00:00,8291.591978141189
2018-01-04 00:00:00,8667.787726065839
2018-01-04 01:00:00,8626.837038999796
2018-01-04 02:00:00,8532.644072745485
2018-01-04 03:00:00,8374.677714415326
2018-01-04 04:00:00,8120.758550110028
2018-01-04 05:00:00,7742.813651481476
2018-01-04 06:00:00,7400.558618922846
2018-01-04 07:00:00,7167.123462040355
2018-01-04 08:00:00,7026.713353911543
2018-01-04 09:00:00,6943.054515395728
2018-01-04 10:00:00,6956.519506565733
2018-01-04 11:00:00,7078.8050433787475
2018-01-04 12:00:00,7412.299826770986
2018-01-04 13:00:00,7902.5805347934465
2018-01-04 14:00:00,8156.725016460939
2018-01-04 15:00:00,8230.077187267123
2018-01-04 16:00:00,8215.12611215736
2018-01-04 17:00:00,8204.770202141432
2018-01-04 18:00:00,8156.896726773588
2018-01-04 19:00:00,8085.770042316552
2018-01-04 20:00:00,8039.589122869567
2018-01-04 21:00:00,7980.111724507007
2018-01-04 22:00:00,7961.886234465374
2018-01-04 23:00:00,8278.145076076746
2018-01-05 00:00:00,8721.043770028038
2018-01-05 01:00:00,8702.909880082105
2018-01-05 02:00:00,8621.006221972046
2018-01-05 03:00:00,8494.047857940985
2018-01-05 04:00:00,8206.783493948536
2018-01-05 05:00:00,7870.9577480413745
2018-01-05 06:00:00,7492.429393137658
2018-01-05 07:00:00,7247.880489324503
2018-01-05 08:00:00,7118.583914955078
2018-01-05 09:00:00,7039.603141580132
2018-01-05 10:00:00,7054.232852681606
2018-01-05 11:00:00,7163.061772910525
2018-01-05 12:00:00,7486.023037625056
2018-01-05 13:00:00,7984.490496682716
2018-01-05 14:00:00,8230.497874772675
2018-01-05 15:00:00,8287.160604611456
2018-01-05 16:00:00,8281.31739322785
2018-01-05 17:00:00,8276.844683969399
2018-01-05 18:00:00,8205.019421533916
2018-01-05 19:00:00,8115.469522060667
2018-01-05 20:00:00,8065.532414805489
2018-01-05 21:00:00,7989.488418697867
2018-01-05 22:00:00,7974.259789221862
2018-01-05 23:00:00,8274.637060149287
2018-01-06 00:00:00,8650.25154441763
2018-01-06 01:00:00,8649.081982452855
2018-01-06 02:00:00,8558.398676590139
2018-01-06 03:00:00,8435.53626135853
2018-01-06 04:00:00,8233.105170333018
2018-01-06 05:00:00,7855.163256102352
2018-01-06 06:00:00,7515.833118179452
2018-01-06 07:00:00,7268.355117211093
2018-01-06 08:00:00,7118.585407154022
2018-01-06 09:00:00,7028.486806141096
2018-01-06 10:00:00,7003.330732826235
2018-01-06 11:00:00,7039.61142480692
2018-01-06 12:00:00,7199.921627287779
2018-01-06 13:00:00,7425.174235654547
2018-01-06 14:00:00,7548.940573323945
2018-01-06 15:00:00,7617.542015955178
2018-01-06 16:00:00,7652.386173173084
2018-01-06 17:00:00,7600.434687031935
2018-01-06 18:00:00,7549.256790103091
2018-01-06 19:00:00,7404.320452245173
2018-01-06 20:00:00,7288.294187651802
2018-01-06 21:00:00,7167.819251195441
2018-01-06 22:00:00,7190.907601647074
2018-01-06 23:00:00,7497.083309018074
2018-01-07 00:00:00,7974.496795074336
2018-01-07 01:00:00,7995.563619258471
2018-01-07 02:00:00,7963.970950562625
2018-01-07 03:00:00,7875.626707723383
2018-01-07 04:00:00,7732.870166935499
2018-01-07 05:00:00,7445.022773010444
2018-01-07 06:00:00,7156.003594048718
2018-01-07 07:00:00,6915.547441465847
2018-01-07 08:00:00,6763.432273246975
2018-01-07 09:00:00,6617.170000509608
2018-01-07 10:00:00,6570.364712591838
2018-01-07 11:00:00,6545.2069948128365
2018-01-07 12:00:00,6614.826734966659
2018-01-07 13:00:00,6679.771363924462
2018-01-07 14:00:00,6732.927992344958
2018-01-07 15:00:00,6863.143377082718
2018-01-07 16:00:00,6960.29427046929
2018-01-07 17:00:00,7054.6617134826365
2018-01-07 18:00:00,7087.973626811652
2018-01-07 19:00:00,7064.196247520904
2018-01-07 20:00:00,7024.854930859541
2018-01-07 21:00:00,7015.260266596396
2018-01-07 22:00:00,7016.58523721587
2018-01-07 23:00:00,7303.404671180801
2018-01-08 00:00:00,7561.41969292643
2018-01-08 01:00:00,7505.252458196348
2018-01-08 02:00:00,7375.953508489829
2018-01-08 03:00:00,7232.022929140338
2018-01-08 04:00:00,7010.2810774745985
2018-01-08 05:00:00,6675.041132726653
2018-01-08 06:00:00,6357.354606047365
2018-01-08 07:00:00,6157.267085095198
2018-01-08 08:00:00,5999.304594301077
2018-01-08 09:00:00,5885.8088461029265
2018-01-08 10:00:00,5908.631337941451
2018-01-08 11:00:00,6033.258983081905
2018-01-08 12:00:00,6422.330144840425
2018-01-08 13:00:00,7019.672320111065
2018-01-08 14:00:00,7322.71767392289
2018-01-08 15:00:00,7324.063450631186
2018-01-08 16:00:00,7339.8618874744625
2018-01-08 17:00:00,7298.165001772951
2018-01-08 18:00:00,7222.881385896597
2018-01-08 19:00:00,7166.915575259806
2018-01-08 20:00:00,7136.398177173759
2018-01-08 21:00:00,7048.8559352573875
2018-01-08 22:00:00,7019.102148023929
2018-01-08 23:00:00,7295.225716123757
2018-01-09 00:00:00,7722.315787925624
2018-01-09 01:00:00,7667.319516000143
2018-01-09 02:00:00,7594.766384812525
2018-01-09 03:00:00,7449.667674791121
2018-01-09 04:00:00,7161.230185828256
2018-01-09 05:00:00,6751.691309023151
2018-01-09 06:00:00,6371.988215137916
2018-01-09 07:00:00,6115.147749655569
2018-01-09 08:00:00,5956.014966023719
2018-01-09 09:00:00,5873.523649119024
2018-01-09 10:00:00,5894.589803336287
2018-01-09 11:00:00,6062.507655361853
2018-01-09 12:00:00,6449.240241345533
2018-01-09 13:00:00,7064.720874518056
2018-01-09 14:00:00,7373.426911274874
2018-01-09 15:00:00,7372.4484215311295
2018-01-09 16:00:00,7400.05767202332
2018-01-09 17:00:00,7380.763257743822
2018-01-09 18:00:00,7295.6930500990675
2018-01-09 19:00:00,7208.378601033774
2018-01-09 20:00:00,7168.690446852884
2018-01-09 21:00:00,7105.5966909335275
2018-01-09 22:00:00,7116.450634366918
2018-01-09 23:00:00,7408.7063900672765
2018-01-10 00:00:00,7716.450528510016
2018-01-10 01:00:00,7643.321219323711
2018-01-10 02:00:00,7533.330746279448
2018-01-10 03:00:00,7377.70290281805
2018-01-10 04:00:00,7100.964231072114
2018-01-10 05:00:00,6694.344006029609
2018-01-10 06:00:00,6326.928514918408
2018-01-10 07:00:00,6068.334513494448
2018-01-10 08:00:00,5929.0907088551685
2018-01-10 09:00:00,5847.766791749434
2018-01-10 10:00:00,5818.517023160059
2018-01-10 11:00:00,5963.619143921906
2018-01-10 12:00:00,6314.662320631257
2018-01-10 13:00:00,6893.2840739237945
2018-01-10 14:00:00,7199.592051116298
2018-01-10 15:00:00,7211.473811753894
2018-01-10 16:00:00,7231.993703305056
2018-01-10 17:00:00,7265.50482529364
2018-01-10 18:00:00,7229.428042447104
2018-01-10 19:00:00,7186.7740183675505
2018-01-10 20:00:00,7150.695435475947
2018-01-10 21:00:00,7100.2206844815
2018-01-10 22:00:00,7071.407469857826
2018-01-10 23:00:00,7271.785295169171
2018-01-11 00:00:00,7414.543998122871
2018-01-11 01:00:00,7257.751038840487
2018-01-11 02:00:00,7103.293640482016
2018-01-11 03:00:00,6902.031136924012
2018-01-11 04:00:00,6585.508660209322
2018-01-11 05:00:00,6170.115669801125
2018-01-11 06:00:00,5783.979787164861
2018-01-11 07:00:00,5515.4383727528075
2018-01-11 08:00:00,5329.977822128545
2018-01-11 09:00:00,5234.61291857236
2018-01-11 10:00:00,5218.23707161791
2018-01-11 11:00:00,5338.765265859354
2018-01-11 12:00:00,5710.288217018999
2018-01-11 13:00:00,6256.733814887488
2018-01-11 14:00:00,6631.189065273008
2018-01-11 15:00:00,6669.0280441475
2018-01-11 16:00:00,6721.9827821271365
2018-01-11 17:00:00,6749.6439024322835
2018-01-11 18:00:00,6749.216296578491
2018-01-11 19:00:00,6749.433337635464
2018-01-11 20:00:00,6765.896446053072
2018-01-11 21:00:00,6713.27684899533
2018-01-11 22:00:00,6740.607750057807
2018-01-11 23:00:00,6994.465146595652
2018-01-12 00:00:00,7175.2530222670675
2018-01-12 01:00:00,7162.379405162538
2018-01-12 02:00:00,7122.008611366019
2018-01-12 03:00:00,7064.082815942778
2018-01-12 04:00:00,6874.515383877827
2018-01-12 05:00:00,6526.405689561389
2018-01-12 06:00:00,6206.383114709554
2018-01-12 07:00:00,6013.319787026932
2018-01-12 08:00:00,5905.090706808515
2018-01-12 09:00:00,5884.620098723161
2018-01-12 10:00:00,5892.233656157563
2018-01-12 11:00:00,6052.554304031026
2018-01-12 12:00:00,6467.953202328918
2018-01-12 13:00:00,7079.924236015922
2018-01-12 14:00:00,7466.921412570228
2018-01-12 15:00:00,7587.165736151217
2018-01-12 16:00:00,7670.930770999289
2018-01-12 17:00:00,7743.561354455572
2018-01-12 18:00:00,7738.436894225561
2018-01-12 19:00:00,7737.119634856569
2018-01-12 20:00:00,7761.018598557743
2018-01-12 21:00:00,7708.824652123007
2018-01-12 22:00:00,7673.733781485827
2018-01-12 23:00:00,7854.548768179773
2018-01-13 00:00:00,8113.731341989558
2018-01-13 01:00:00,8044.106333459874
2018-01-13 02:00:00,7927.674757984753
2018-01-13 03:00:00,7793.694484662123
2018-01-13 04:00:00,7597.10974171459
2018-01-13 05:00:00,7249.584112734109
2018-01-13 06:00:00,6906.743096298025
2018-01-13 07:00:00,6678.573815616237
2018-01-13 08:00:00,6535.824279027474
2018-01-13 09:00:00,6449.8247939301245
2018-01-13 10:00:00,6431.1063513996
2018-01-13 11:00:00,6519.44800573047
2018-01-13 12:00:00,6709.0101998725995
2018-01-13 13:00:00,6952.9813725820495
2018-01-13 14:00:00,7110.426942442672
2018-01-13 15:00:00,7167.136173814184
2018-01-13 16:00:00,7180.284754584074
2018-01-13 17:00:00,7151.456525457352
2018-01-13 18:00:00,7163.435408180688
2018-01-13 19:00:00,7084.64792793744
2018-01-13 20:00:00,6947.7765347403465
2018-01-13 21:00:00,6864.486533416272
2018-01-13 22:00:00,6887.500185957114
2018-01-13 23:00:00,7121.464591777219
2018-01-14 00:00:00,7569.627639277232
2018-01-14 01:00:00,7563.780194889825
2018-01-14 02:00:00,7506.448179322194
2018-01-14 03:00:00,7433.899372466207
2018-01-14 04:00:00,7303.430891247951
2018-01-14 05:00:00,7086.958783318952
2018-01-14 06:00:00,6829.537358710694
2018-01-14 07:00:00,6659.873401285192
2018-01-14 08:00:00,6552.811629506616
2018-01-14 09:00:00,6472.662268664163
2018-01-14 10:00:00,6443.996656769864
2018-01-14 11:00:00,6464.479324258922
2018-01-14 12:00:00,6606.066516253309
2018-01-14 13:00:00,6767.547681538769
2018-01-14 14:00:00,6830.105565909996
2018-01-14 15:00:00,6828.502359159011
2018-01-14 16:00:00,6876.084794565672
2018-01-14 17:00:00,6924.368779918862
2018-01-14 18:00:00,6895.080392373687
2018-01-14 19:00:00,6884.696344007942
2018-01-14 20:00:00,6855.347237651679
2018-01-14 21:00:00,6894.442945717153
2018-01-14 22:00:00,6973.63012869122
2018-01-14 23:00:00,7294.056397783299
2018-01-15 00:00:00,7597.710495316282
2018-01-15 01:00:00,7608.241577750814
2018-01-15 02:00:00,7586.006074740054
2018-01-15 03:00:00,7452.609958112497
2018-01-15 04:00:00,7268.314827839619
2018-01-15 05:00:00,6986.899065450085
2018-01-15 06:00:00,6689.107486559141
2018-01-15 07:00:00,6535.240274597598
2018-01-15 08:00:00,6426.423901021019
2018-01-15 09:00:00,6312.340889917748
2018-01-15 10:00:00,6340.429562487372
2018-01-15 11:00:00,6470.905626512504
2018-01-15 12:00:00,6725.998037600375
2018-01-15 13:00:00,7206.912657197131
2018-01-15 14:00:00,7468.4962342787885
2018-01-15 15:00:00,7589.278802583773
2018-01-15 16:00:00,7708.112508093233
2018-01-15 17:00:00,7691.239512045257
2018-01-15 18:00:00,7697.266732020596
2018-01-15 19:00:00,7720.809379199553
2018-01-15 20:00:00,7784.210177405881
2018-01-15 21:00:00,7790.646441119155
2018-01-15 22:00:00,7807.252269511209
2018-01-15 23:00:00,7996.133432571865
2018-01-16 00:00:00,8368.82122547514
2018-01-16 01:00:00,8302.71601819926
2018-01-16 02:00:00,8194.481639151942
2018-01-16 03:00:00,8048.216412469727
2018-01-16 04:00:00,7758.025753001726
2018-01-16 05:00:00,7396.461512907888
2018-01-16 06:00:00,7063.568213990293
2018-01-16 07:00:00,6865.822557741248
2018-01-16 08:00:00,6762.856399778687
2018-01-16 09:00:00,6713.716403622116
2018-01-16 10:00:00,6731.860617148494
2018-01-16 11:00:00,6836.012903529409
2018-01-16 12:00:00,7187.640876447669
2018-01-16 13:00:00,7734.086565675277
2018-01-16 14:00:00,8011.105226992616
2018-01-16 15:00:00,8014.767735384463
2018-01-16 16:00:00,7971.778272046174
2018-01-16 17:00:00,7916.958486780345
2018-01-16 18:00:00,7828.214974184283
2018-01-16 19:00:00,7726.549201976338
2018-01-16 20:00:00,7663.638233180119
2018-01-16 21:00:00,7588.30050464106
2018-01-16 22:00:00,7560.116728721678
2018-01-16 23:00:00,7792.5768755830095
2018-01-17 00:00:00,8204.460601489123
2018-01-17 01:00:00,8186.324549377375
2018-01-17 02:00:00,8102.073849547451
2018-01-17 03:00:00,7948.785708623359
2018-01-17 04:00:00,7678.48019106493
2018-01-17 05:00:00,7305.795321653464
2018-01-17 06:00:00,6965.292880992219
2018-01-17 07:00:00,6773.980987991473
2018-01-17 08:00:00,6651.11948635105
2018-01-17 09:00:00,6626.54814833902
2018-01-17 10:00:00,6634.744187551314
2018-01-17 11:00:00,6782.770746153296
2018-01-17 12:00:00,7174.183254913264
2018-01-17 13:00:00,7811.306646644288
2018-01-17 14:00:00,8112.8905858187645
2018-01-17 15:00:00,8082.668758585249
2018-01-17 16:00:00,7998.937690725962
2018-01-17 17:00:00,7958.53347736736
2018-01-17 18:00:00,7864.660866886586
2018-01-17 19:00:00,7787.262033334472
2018-01-17 20:00:00,7748.906535362123
2018-01-17 21:00:00,7673.873484726841
2018-01-17 22:00:00,7657.2065725251105
2018-01-17 23:00:00,7889.065448373198
2018-01-18 00:00:00,8341.324444672662
2018-01-18 01:00:00,8333.72443884091
2018-01-18 02:00:00,8265.86024452932
2018-01-18 03:00:00,8102.046594076953
2018-01-18 04:00:00,7780.264453581651
2018-01-18 05:00:00,7366.04373545876
2018-01-18 06:00:00,7002.1395492033
2018-01-18 07:00:00,6787.426123779616
2018-01-18 08:00:00,6648.185212179104
2018-01-18 09:00:00,6575.640851466907
2018-01-18 10:00:00,6549.904184462613
2018-01-18 11:00:00,6714.310883897636
2018-01-18 12:00:00,7064.185320874283
2018-01-18 13:00:00,7684.344323718071
2018-01-18 14:00:00,7929.469197835583
2018-01-18 15:00:00,7898.8795611755
2018-01-18 16:00:00,7827.660362624973
2018-01-18 17:00:00,7770.374778601198
2018-01-18 18:00:00,7635.363236205701
2018-01-18 19:00:00,7536.133847249324
2018-01-18 20:00:00,7465.592988927597
2018-01-18 21:00:00,7375.514167830707
2018-01-18 22:00:00,7333.418531956559
2018-01-18 23:00:00,7515.790331658726
2018-01-19 00:00:00,7940.549166868313
2018-01-19 01:00:00,7896.090281156575
2018-01-19 02:00:00,7784.934418213968
2018-01-19 03:00:00,7606.488681323034
2018-01-19 04:00:00,7286.457092371459
2018-01-19 05:00:00,6871.652095741334
2018-01-19 06:00:00,6493.707349377979
2018-01-19 07:00:00,6275.480335120581
2018-01-19 08:00:00,6132.730372189263
2018-01-19 09:00:00,6062.527997992348
2018-01-19 10:00:00,6070.13512983538
2018-01-19 11:00:00,6204.12003202004
2018-01-19 12:00:00,6579.153953051988
2018-01-19 13:00:00,7187.027149851082
2018-01-19 14:00:00,7414.005728212442
2018-01-19 15:00:00,7370.246468022183
2018-01-19 16:00:00,7324.259624255368
2018-01-19 17:00:00,7285.199612123066
2018-01-19 18:00:00,7204.037013432825
2018-01-19 19:00:00,7121.252869358291
2018-01-19 20:00:00,7096.4042701499075
2018-01-19 21:00:00,7005.761690448856
2018-01-19 22:00:00,6935.948282612775
2018-01-19 23:00:00,7163.567908917986
2018-01-20 00:00:00,7518.704110934979
2018-01-20 01:00:00,7447.3303171378675
2018-01-20 02:00:00,7280.591589331532
2018-01-20 03:00:00,7098.053832083263
2018-01-20 04:00:00,6840.626042789718
2018-01-20 05:00:00,6478.473504387412
2018-01-20 06:00:00,6098.185066138554
2018-01-20 07:00:00,5889.90436855982
2018-01-20 08:00:00,5707.952747454205
2018-01-20 09:00:00,5577.487951053749
2018-01-20 10:00:00,5557.0128968246045
2018-01-20 11:00:00,5573.981610043474
2018-01-20 12:00:00,5789.283607852983
2018-01-20 13:00:00,6035.595914392604
2018-01-20 14:00:00,6183.668349752281
2018-01-20 15:00:00,6256.927967187975
2018-01-20 16:00:00,6270.910893065748
2018-01-20 17:00:00,6262.569685527434
2018-01-20 18:00:00,6159.304909525868
2018-01-20 19:00:00,6072.6862117832825
2018-01-20 20:00:00,5909.843409522934
2018-01-20 21:00:00,5846.12890356756
2018-01-20 22:00:00,5805.52689591094
2018-01-20 23:00:00,6023.884215539896
2018-01-21 00:00:00,6413.529849926878
2018-01-21 01:00:00,6434.004325548269
2018-01-21 02:00:00,6347.4149890374265
2018-01-21 03:00:00,6235.07902737832
2018-01-21 04:00:00,6071.259621301456
2018-01-21 05:00:00,5803.8840535833415
2018-01-21 06:00:00,5526.5632959490285
2018-01-21 07:00:00,5328.81349808659
2018-01-21 08:00:00,5192.493430867534
2018-01-21 09:00:00,5093.6210595386065
2018-01-21 10:00:00,5074.90015031187
2018-01-21 11:00:00,5071.976626062924
2018-01-21 12:00:00,5193.084987651247
2018-01-21 13:00:00,5334.087535701923
2018-01-21 14:00:00,5431.506374939145
2018-01-21 15:00:00,5555.480844477911
2018-01-21 16:00:00,5700.3506301254265
2018-01-21 17:00:00,5803.121305653154
2018-01-21 18:00:00,5855.273214284297
2018-01-21 19:00:00,5878.141760121807
2018-01-21 20:00:00,5856.356397924066
2018-01-21 21:00:00,5902.52148986649
2018-01-21 22:00:00,5951.678368430109
2018-01-21 23:00:00,6172.469593907954
2018-01-22 00:00:00,6470.853216831245
2018-01-22 01:00:00,6442.181788406369
2018-01-22 02:00:00,6383.088714996327
2018-01-22 03:00:00,6214.004620387309
2018-01-22 04:00:00,6004.5462907882875
2018-01-22 05:00:00,5715.524797395547
2018-01-22 06:00:00,5448.739050637884
2018-01-22 07:00:00,5278.48789121334
2018-01-22 08:00:00,5207.109925349795
2018-01-22 09:00:00,5141.586073089342
2018-01-22 10:00:00,5209.455596682875
2018-01-22 11:00:00,5366.84580746739
2018-01-22 12:00:00,5838.411270528491
2018-01-22 13:00:00,6429.907554516747
2018-01-22 14:00:00,6829.605561072531
2018-01-22 15:00:00,6844.495679255121
2018-01-22 16:00:00,6852.79887026698
2018-01-22 17:00:00,6892.122217763837
2018-01-22 18:00:00,6905.16061613771
2018-01-22 19:00:00,6875.838988401681
2018-01-22 20:00:00,6852.794083224913
2018-01-22 21:00:00,6703.666976087821
2018-01-22 22:00:00,6608.124240461291
2018-01-22 23:00:00,6749.338115789274
2018-01-23 00:00:00,7054.739110501224
2018-01-23 01:00:00,7002.086104118692
2018-01-23 02:00:00,6899.112759238768
2018-01-23 03:00:00,6760.450096443639
2018-01-23 04:00:00,6464.99383485229
2018-01-23 05:00:00,6104.596385496621
2018-01-23 06:00:00,5761.756343557806
2018-01-23 07:00:00,5565.181680566402
2018-01-23 08:00:00,5453.438280641317
2018-01-23 09:00:00,5397.859283313625
2018-01-23 10:00:00,5419.512944060326
2018-01-23 11:00:00,5614.345825983425
2018-01-23 12:00:00,6055.492658910288
2018-01-23 13:00:00,6725.385285501057
2018-01-23 14:00:00,7084.727748311624
2018-01-23 15:00:00,7144.813664825551
2018-01-23 16:00:00,7218.978154658099
2018-01-23 17:00:00,7310.016994056673
2018-01-23 18:00:00,7312.887642825749
2018-01-23 19:00:00,7299.72755844504
2018-01-23 20:00:00,7319.264114903427
2018-01-23 21:00:00,7282.047295697449
2018-01-23 22:00:00,7285.501336519884
2018-01-23 23:00:00,7429.192651015016
2018-01-24 00:00:00,7651.520242933894
2018-01-24 01:00:00,7553.818012177497
2018-01-24 02:00:00,7394.097326126692
2018-01-24 03:00:00,7230.279320889654
2018-01-24 04:00:00,6930.139543063338
2018-01-24 05:00:00,6539.316733451663
2018-01-24 06:00:00,6156.690511206999
2018-01-24 07:00:00,5941.9766898938
2018-01-24 08:00:00,5818.5302702323115
2018-01-24 09:00:00,5736.0376742999515
2018-01-24 10:00:00,5726.098087743052
2018-01-24 11:00:00,5897.525143364622
2018-01-24 12:00:00,6322.282821358702
2018-01-24 13:00:00,6929.57277505391
2018-01-24 14:00:00,7253.92599891933
2018-01-24 15:00:00,7297.416357822919
2018-01-24 16:00:00,7333.777968958445
2018-01-24 17:00:00,7392.311112449847
2018-01-24 18:00:00,7398.284875021841
2018-01-24 19:00:00,7387.258448299186
2018-01-24 20:00:00,7419.378765505844
2018-01-24 21:00:00,7341.766667073674
2018-01-24 22:00:00,7296.873886757854
2018-01-24 23:00:00,7474.244859786766
2018-01-25 00:00:00,7719.387482549451
2018-01-25 01:00:00,7627.538390898878
2018-01-25 02:00:00,7529.248775425202
2018-01-25 03:00:00,7337.929847772294
2018-01-25 04:00:00,7062.948183614495
2018-01-25 05:00:00,6620.060544116599
2018-01-25 06:00:00,6284.822913799667
2018-01-25 07:00:00,6060.748424701823
2018-01-25 08:00:00,5944.90883235297
2018-01-25 09:00:00,5884.065481476559
2018-01-25 10:00:00,5871.78558332156
2018-01-25 11:00:00,6032.102515924184
2018-01-25 12:00:00,6441.652782166123
2018-01-25 13:00:00,7058.3024596017485
2018-01-25 14:00:00,7324.12985057639
2018-01-25 15:00:00,7317.48972724326
2018-01-25 16:00:00,7250.47208973974
2018-01-25 17:00:00,7180.163705961134
2018-01-25 18:00:00,7089.02072416826
2018-01-25 19:00:00,6981.591542168358
2018-01-25 20:00:00,6924.839375147587
2018-01-25 21:00:00,6832.12465977039
2018-01-25 22:00:00,6783.443138760306
2018-01-25 23:00:00,6910.812672765127
2018-01-26 00:00:00,7296.957843578489
2018-01-26 01:00:00,7289.357411404181
2018-01-26 02:00:00,7215.056499899445
2018-01-26 03:00:00,7056.504797205664
2018-01-26 04:00:00,6799.660037844725
2018-01-26 05:00:00,6397.724699423972
2018-01-26 06:00:00,6046.103487080517
2018-01-26 07:00:00,5824.95316174545
2018-01-26 08:00:00,5687.466181976069
2018-01-26 09:00:00,5609.0729455836
2018-01-26 10:00:00,5594.4529490017785
2018-01-26 11:00:00,5739.552085365737
2018-01-26 12:00:00,6131.552070202103
2018-01-26 13:00:00,6732.990072460036
2018-01-26 14:00:00,6947.8162754195555
2018-01-26 15:00:00,6941.345413268325
2018-01-26 16:00:00,6905.510983172835
2018-01-26 17:00:00,6889.924070188124
2018-01-26 18:00:00,6819.19796020827
2018-01-26 19:00:00,6775.019759010901
2018-01-26 20:00:00,6756.450159108185
2018-01-26 21:00:00,6735.842409900768
2018-01-26 22:00:00,6666.657819557098
2018-01-26 23:00:00,6799.051579623999
2018-01-27 00:00:00,7071.692658106341
2018-01-27 01:00:00,6975.745120507065
2018-01-27 02:00:00,6851.715792725128
2018-01-27 03:00:00,6684.388888422482
2018-01-27 04:00:00,6435.739346041768
2018-01-27 05:00:00,6101.08331436458
2018-01-27 06:00:00,5754.7276432383915
2018-01-27 07:00:00,5509.589740696853
2018-01-27 08:00:00,5338.170298335199
2018-01-27 09:00:00,5207.704405625315
2018-01-27 10:00:00,5123.459583232046
2018-01-27 11:00:00,5179.041625863704
2018-01-27 12:00:00,5306.588440468433
2018-01-27 13:00:00,5586.830468826756
2018-01-27 14:00:00,5749.578862242423
2018-01-27 15:00:00,5890.935418577858
2018-01-27 16:00:00,5933.777812633977
2018-01-27 17:00:00,5973.180637286342
2018-01-27 18:00:00,5884.28916823763
2018-01-27 19:00:00,5814.4757185567205
2018-01-27 20:00:00,5673.7590151371305
2018-01-27 21:00:00,5614.000204017652
2018-01-27 22:00:00,5582.197917168334
2018-01-27 23:00:00,5716.130393030544
2018-01-28 00:00:00,6136.78520938517
2018-01-28 01:00:00,6212.843372102359
2018-01-28 02:00:00,6166.623580813411
2018-01-28 03:00:00,6085.2992982712
2018-01-28 04:00:00,5962.434568608575
2018-01-28 05:00:00,5732.507853996097
2018-01-28 06:00:00,5502.578946764762
2018-01-28 07:00:00,5281.431149031987
2018-01-28 08:00:00,5181.974773273183
2018-01-28 09:00:00,5146.290023313923
2018-01-28 10:00:00,5107.680013282457
2018-01-28 11:00:00,5170.868791867632
2018-01-28 12:00:00,5255.121592957293
2018-01-28 13:00:00,5459.31224962627
2018-01-28 14:00:00,5479.910922673371
2018-01-28 15:00:00,5570.758854941116
2018-01-28 16:00:00,5609.032872082181
2018-01-28 17:00:00,5644.467088407908
2018-01-28 18:00:00,5656.282216151167
2018-01-28 19:00:00,5674.6111409669
2018-01-28 20:00:00,5714.689097325001
2018-01-28 21:00:00,5815.282369464437
2018-01-28 22:00:00,5932.32277641399
2018-01-28 23:00:00,6175.375577206053
2018-01-29 00:00:00,6505.359299366869
2018-01-29 01:00:00,6538.130178690756
2018-01-29 02:00:00,6501.856917251749
2018-01-29 03:00:00,6399.473880580914
2018-01-29 04:00:00,6204.645779785042
2018-01-29 05:00:00,5968.28396199052
2018-01-29 06:00:00,5691.555035217278
2018-01-29 07:00:00,5557.578933961081
2018-01-29 08:00:00,5514.287021705749
2018-01-29 09:00:00,5486.205840583881
2018-01-29 10:00:00,5542.959211456616
2018-01-29 11:00:00,5724.9229833250565
2018-01-29 12:00:00,6229.839645322122
2018-01-29 13:00:00,6895.05003470559
2018-01-29 14:00:00,7275.81619848562
2018-01-29 15:00:00,7342.161036052335
2018-01-29 16:00:00,7424.34429476585
2018-01-29 17:00:00,7480.610146337038
2018-01-29 18:00:00,7459.322951767435
2018-01-29 19:00:00,7420.6726771615295
2018-01-29 20:00:00,7400.624555182173
2018-01-29 21:00:00,7377.002074920513
2018-01-29 22:00:00,7368.19135245854
2018-01-29 23:00:00,7485.958568540091
2018-01-30 00:00:00,7793.7013365960465
2018-01-30 01:00:00,7750.406744473224
2018-01-30 02:00:00,7639.831810203489
2018-01-30 03:00:00,7485.372706474795
2018-01-30 04:00:00,7220.333339194426
2018-01-30 05:00:00,6844.724427832341
2018-01-30 06:00:00,6500.712600856853
2018-01-30 07:00:00,6319.929567218745
2018-01-30 08:00:00,6215.786721280126
2018-01-30 09:00:00,6148.508724017266
2018-01-30 10:00:00,6164.308453879111
2018-01-30 11:00:00,6338.07950591658
2018-01-30 12:00:00,6773.374996466959
2018-01-30 13:00:00,7397.047557691423
2018-01-30 14:00:00,7647.980877065266
2018-01-30 15:00:00,7587.4184267523315
2018-01-30 16:00:00,7510.084156047159
2018-01-30 17:00:00,7477.604424215588
2018-01-30 18:00:00,7420.634181451102
2018-01-30 19:00:00,7299.38375226986
2018-01-30 20:00:00,7250.05709857628
2018-01-30 21:00:00,7258.93870536623
2018-01-30 22:00:00,7294.319954136362
2018-01-30 23:00:00,7497.037812176818
2018-01-31 00:00:00,7824.096548342784
2018-01-31 01:00:00,7762.675892705222
2018-01-31 02:00:00,7670.235914237809
2018-01-31 03:00:00,7471.901898774216
2018-01-31 04:00:00,7185.8036555530625
2018-01-31 05:00:00,6813.704160958259
2018-01-31 06:00:00,6427.568430587194
2018-01-31 07:00:00,6203.494063301508
2018-01-31 08:00:00,6053.135445875174
2018-01-31 09:00:00,5957.773892153354
2018-01-31 10:00:00,5933.204015887226
2018-01-31 11:00:00,6084.741666173672
2018-01-31 12:00:00,6493.119355599907
2018-01-31 13:00:00,7109.183445047593
2018-01-31 14:00:00,7326.2866860545155
2018-01-31 15:00:00,7319.5049911697715
2018-01-31 16:00:00,7199.568896389807
2018-01-31 17:00:00,7215.776192529441
2018-01-31 18:00:00,7174.763366782522
2018-01-31 19:00:00,7103.939291583792
2018-01-31 20:00:00,7059.08242584937
2018-01-31 21:00:00,7008.612468090544
2018-01-31 22:00:00,6976.592760040263
2018-01-31 23:00:00,7105.043552511909
2018-02-01 00:00:00,7409.864836672576
2018-02-01 01:00:00,7370.086787328317
2018-02-01 02:00:00,7242.547555530462
2018-02-01 03:00:00,7087.503351062464
2018-02-01 04:00:00,6794.970400548785
2018-02-01 05:00:00,6421.114872863115
2018-02-01 06:00:00,6058.380888086264
2018-02-01 07:00:00,5838.397658019761
2018-02-01 08:00:00,5735.428393847155
2018-02-01 09:00:00,5667.5646563311575
2018-02-01 10:00:00,5687.461644473159
2018-02-01 11:00:00,5858.305274272605
2018-02-01 12:00:00,6302.958295944544
2018-02-01 13:00:00,6947.10521097824
2018-02-01 14:00:00,7288.821667861768
2018-02-01 15:00:00,7376.168501833688
2018-02-01 16:00:00,7371.351883307855
2018-02-01 17:00:00,7428.233931550141
2018-02-01 18:00:00,7405.381715204624
2018-02-01 19:00:00,7394.607123520141
2018-02-01 20:00:00,7362.020205403637
2018-02-01 21:00:00,7338.810570032917
2018-02-01 22:00:00,7350.263715117476
2018-02-01 23:00:00,7563.391065019771
2018-02-02 00:00:00,7994.94843091598
2018-02-02 01:00:00,8085.635025706978
2018-02-02 02:00:00,8015.428966692263
2018-02-02 03:00:00,7860.977415317408
2018-02-02 04:00:00,7602.380794932034
2018-02-02 05:00:00,7188.162969847913
2018-02-02 06:00:00,6870.480858859376
2018-02-02 07:00:00,6695.550568437577
2018-02-02 08:00:00,6590.827707417276
2018-02-02 09:00:00,6517.699707711678
2018-02-02 10:00:00,6537.012386893405
2018-02-02 11:00:00,6674.512857359358
2018-02-02 12:00:00,7063.58654672017
2018-02-02 13:00:00,7635.190197351096
2018-02-02 14:00:00,7878.135398371961
2018-02-02 15:00:00,7916.123266351545
2018-02-02 16:00:00,7877.631356216288
2018-02-02 17:00:00,7868.139846328448
2018-02-02 18:00:00,7780.806498324041
2018-02-02 19:00:00,7684.060785930995
2018-02-02 20:00:00,7561.897716635268
2018-02-02 21:00:00,7454.5157506102
2018-02-02 22:00:00,7386.032803048084
2018-02-02 23:00:00,7519.537079024628
2018-02-03 00:00:00,7895.490045256558
2018-02-03 01:00:00,7914.218050041538
2018-02-03 02:00:00,7805.3975653046045
2018-02-03 03:00:00,7665.570761185758
2018-02-03 04:00:00,7435.054195159787
2018-02-03 05:00:00,7061.200281485219
2018-02-03 06:00:00,6728.888063505693
2018-02-03 07:00:00,6458.010631374132
2018-02-03 08:00:00,6297.1178862093
2018-02-03 09:00:00,6148.51371831577
2018-02-03 10:00:00,6114.581042552221
2018-02-03 11:00:00,6138.570751471469
2018-02-03 12:00:00,6304.1438153021045
2018-02-03 13:00:00,6545.774585054335
2018-02-03 14:00:00,6686.262655046133
2018-02-03 15:00:00,6840.5458283772405
2018-02-03 16:00:00,6924.0651356950975
2018-02-03 17:00:00,6953.423913719456
2018-02-03 18:00:00,6886.473873776856
2018-02-03 19:00:00,6815.239372345012
2018-02-03 20:00:00,6680.3181602168215
2018-02-03 21:00:00,6586.286743893925
2018-02-03 22:00:00,6508.850086770886
2018-02-03 23:00:00,6584.367815460947
2018-02-04 00:00:00,6885.086664324715
2018-02-04 01:00:00,6930.137045914086
2018-02-04 02:00:00,6848.229459361911
2018-02-04 03:00:00,6741.157211737691
2018-02-04 04:00:00,6599.566426284626
2018-02-04 05:00:00,6338.042079130835
2018-02-04 06:00:00,6043.755927658977
2018-02-04 07:00:00,5813.8271726928415
2018-02-04 08:00:00,5638.899196702056
2018-02-04 09:00:00,5548.8013570151215
2018-02-04 10:00:00,5510.188575757046
2018-02-04 11:00:00,5569.281588261009
2018-02-04 12:00:00,5665.817424168754
2018-02-04 13:00:00,5903.938381264187
2018-02-04 14:00:00,6012.829728990138
2018-02-04 15:00:00,6227.113553688332
2018-02-04 16:00:00,6450.734253085345
2018-02-04 17:00:00,6619.127172434962
2018-02-04 18:00:00,6705.2820052809275
2018-02-04 19:00:00,6787.5093608915395
2018-02-04 20:00:00,6810.594817866511
2018-02-04 21:00:00,6795.066902867262
2018-02-04 22:00:00,6795.704380414725
2018-02-04 23:00:00,6874.729069413146
2018-02-05 00:00:00,7229.109271676243
2018-02-05 01:00:00,7337.343376646204
2018-02-05 02:00:00,7280.593568779111
2018-02-05 03:00:00,7209.804997533461
2018-02-05 04:00:00,7085.186671023143
2018-02-05 05:00:00,6854.088567263508
2018-02-05 06:00:00,6621.823155064031
2018-02-05 07:00:00,6483.164907959652
2018-02-05 08:00:00,6432.852243628257
2018-02-05 09:00:00,6420.572832721894
2018-02-05 10:00:00,6498.975966352253
2018-02-05 11:00:00,6639.991152414388
2018-02-05 12:00:00,7119.162833727331
2018-02-05 13:00:00,7736.402697559885
2018-02-05 14:00:00,7988.243496900207
2018-02-05 15:00:00,8060.785321934046
2018-02-05 16:00:00,8058.238958097237
2018-02-05 17:00:00,7972.444859335341
2018-02-05 18:00:00,7921.84874852482
2018-02-05 19:00:00,7975.521174432069
2018-02-05 20:00:00,8009.577943147085
2018-02-05 21:00:00,7962.951029977426
2018-02-05 22:00:00,7942.68299224697
2018-02-05 23:00:00,8057.544586861054
2018-02-06 00:00:00,8361.779308536512
2018-02-06 01:00:00,8361.781257531049
2018-02-06 02:00:00,8251.20486151541
2018-02-06 03:00:00,8062.811254840788
2018-02-06 04:00:00,7743.949441025267
2018-02-06 05:00:00,7300.474721340487
2018-02-06 06:00:00,6930.133756985802
2018-02-06 07:00:00,6727.118935607772
2018-02-06 08:00:00,6604.258560729818
2018-02-06 09:00:00,6580.855688373135
2018-02-06 10:00:00,6568.573475787121
2018-02-06 11:00:00,6741.759153007929
2018-02-06 12:00:00,7111.526801949659
2018-02-06 13:00:00,7669.08992292573
2018-02-06 14:00:00,7870.405354793618
2018-02-06 15:00:00,7836.98265291691
2018-02-06 16:00:00,7770.036247154609
2018-02-06 17:00:00,7715.39273753838
2018-02-06 18:00:00,7625.259637522679
2018-02-06 19:00:00,7523.05269162198
2018-02-06 20:00:00,7502.657205628747
2018-02-06 21:00:00,7462.783181219657
2018-02-06 22:00:00,7490.516586692604
2018-02-06 23:00:00,7627.551947003036
2018-02-07 00:00:00,7953.991257352489
2018-02-07 01:00:00,8000.798768342154
2018-02-07 02:00:00,7883.79110622747
2018-02-07 03:00:00,7709.441866290699
2018-02-07 04:00:00,7412.811139795188
2018-02-07 05:00:00,7013.802340474309
2018-02-07 06:00:00,6670.958187375138
2018-02-07 07:00:00,6443.374555587368
2018-02-07 08:00:00,6321.683955845469
2018-02-07 09:00:00,6293.018800746764
2018-02-07 10:00:00,6301.21651487624
2018-02-07 11:00:00,6459.187837051863
2018-02-07 12:00:00,6848.260491009327
2018-02-07 13:00:00,7430.391539256988
2018-02-07 14:00:00,7655.151556248886
2018-02-07 15:00:00,7722.834775912207
2018-02-07 16:00:00,7692.556942450576
2018-02-07 17:00:00,7709.091996613615
2018-02-07 18:00:00,7660.846942563851
2018-02-07 19:00:00,7633.34205462138
2018-02-07 20:00:00,7573.678304975542
2018-02-07 21:00:00,7542.112487215775
2018-02-07 22:00:00,7594.590828644088
2018-02-07 23:00:00,7752.816076163722
2018-02-08 00:00:00,8061.064692645256
2018-02-08 01:00:00,8118.991188488408
2018-02-08 02:00:00,8021.290389024875
2018-02-08 03:00:00,7881.45621527043
2018-02-08 04:00:00,7586.0025421874525
2018-02-08 05:00:00,7195.183051957102
2018-02-08 06:00:00,6862.285063271398
2018-02-08 07:00:00,6676.826948890309
2018-02-08 08:00:00,6566.255729891412
2018-02-08 09:00:00,6510.679869226806
2018-02-08 10:00:00,6527.06698380593
2018-02-08 11:00:00,6656.962119158191
2018-02-08 12:00:00,7029.069836073703
2018-02-08 13:00:00,7598.914438762837
2018-02-08 14:00:00,7842.367282777395
2018-02-08 15:00:00,7900.143766816604
2018-02-08 16:00:00,7898.278281079461
2018-02-08 17:00:00,7864.36092769637
2018-02-08 18:00:00,7725.42194471211
2018-02-08 19:00:00,7606.334281244374
2018-02-08 20:00:00,7563.427136905427
2018-02-08 21:00:00,7534.57290777311
2018-02-08 22:00:00,7499.141373945278
2018-02-08 23:00:00,7611.78364917963
2018-02-09 00:00:00,7924.154104045835
2018-02-09 01:00:00,7982.080599888987
2018-02-09 02:00:00,7877.354449940403
2018-02-09 03:00:00,7711.197259867733
2018-02-09 04:00:00,7412.811809762061
2018-02-09 05:00:00,7005.61290957162
2018-02-09 06:00:00,6647.555924079248
2018-02-09 07:00:00,6419.971226435092
2018-02-09 08:00:00,6252.061840354551
2018-02-09 09:00:00,6163.1332276489575
2018-02-09 10:00:00,6144.413627902925
2018-02-09 11:00:00,6242.7113743381915
2018-02-09 12:00:00,6515.36097967164
2018-02-09 13:00:00,6902.088297279459
2018-02-09 14:00:00,7065.351405456754
2018-02-09 15:00:00,7280.662024823498
2018-02-09 16:00:00,7391.42666092748
2018-02-09 17:00:00,7469.9964753387185
2018-02-09 18:00:00,7503.2769811674925
2018-02-09 19:00:00,7499.714617776972
2018-02-09 20:00:00,7460.811252605413
2018-02-09 21:00:00,7375.049706450869
2018-02-09 22:00:00,7327.761666089158
2018-02-09 23:00:00,7369.013292256666
2018-02-10 00:00:00,7686.589469567225
2018-02-10 01:00:00,7687.178985997281
2018-02-10 02:00:00,7537.9902959722
2018-02-10 03:00:00,7369.491545726803
2018-02-10 04:00:00,7154.18991335377
2018-02-10 05:00:00,6793.208094131749
2018-02-10 06:00:00,6472.011206640949
2018-02-10 07:00:00,6250.274105649397
2018-02-10 08:00:00,6130.923634787359
2018-02-10 09:00:00,6029.1249375298385
2018-02-10 10:00:00,6022.689164380921
2018-02-10 11:00:00,6104.015974525425
2018-02-10 12:00:00,6283.6319433480085
2018-02-10 13:00:00,6508.883699029665
2018-02-10 14:00:00,6612.457300025351
2018-02-10 15:00:00,6834.050163867422
2018-02-10 16:00:00,6960.1299098067175
2018-02-10 17:00:00,6968.243953770491
2018-02-10 18:00:00,6948.3928107786505
2018-02-10 19:00:00,6861.3231466752495
2018-02-10 20:00:00,6763.601873945105
2018-02-10 21:00:00,6688.60603334973
2018-02-10 22:00:00,6686.545630201207
2018-02-10 23:00:00,6780.550572854181
2018-02-11 00:00:00,7092.779703108812
2018-02-11 01:00:00,7212.714056588568
2018-02-11 02:00:00,7136.6544625785145
2018-02-11 03:00:00,7007.9394868488325
2018-02-11 04:00:00,6827.154900105702
2018-02-11 05:00:00,6517.655916240642
2018-02-11 06:00:00,6315.224733856013
2018-02-11 07:00:00,6109.869509520763
2018-02-11 08:00:00,5993.444907791726
2018-02-11 09:00:00,5908.610173078886
2018-02-11 10:00:00,5880.529205128295
2018-02-11 11:00:00,5898.669246588241
2018-02-11 12:00:00,5998.131773861056
2018-02-11 13:00:00,6114.56307525882
2018-02-11 14:00:00,6137.928471136412
2018-02-11 15:00:00,6292.781013383836
2018-02-11 16:00:00,6423.821680622175
2018-02-11 17:00:00,6478.628586413453
2018-02-11 18:00:00,6473.469343156144
2018-02-11 19:00:00,6486.701222140296
2018-02-11 20:00:00,6460.653062382787
2018-02-11 21:00:00,6398.0837921805705
2018-02-11 22:00:00,6350.4798862264515
2018-02-11 23:00:00,6563.00297779709
2018-02-12 00:00:00,6993.335021317238
2018-02-12 01:00:00,7294.636686942336
2018-02-12 02:00:00,7212.1437255735
2018-02-12 03:00:00,7166.506263797246
2018-02-12 04:00:00,6985.71942352918
2018-02-12 05:00:00,6700.794487996682
2018-02-12 06:00:00,6462.090775045998
2018-02-12 07:00:00,6334.550172861359
2018-02-12 08:00:00,6226.904731636343
2018-02-12 09:00:00,6215.2069802758015
2018-02-12 10:00:00,6264.359492631675
2018-02-12 11:00:00,6431.698578150185
2018-02-12 12:00:00,6856.463351702506
2018-02-12 13:00:00,7453.417976159648
2018-02-12 14:00:00,7646.104941434011
2018-02-12 15:00:00,7650.258929893667
2018-02-12 16:00:00,7560.812499563409
2018-02-12 17:00:00,7500.90532178945
2018-02-12 18:00:00,7430.459286108675
2018-02-12 19:00:00,7384.596043253063
2018-02-12 20:00:00,7328.960997852428
2018-02-12 21:00:00,7255.787942614474
2018-02-12 22:00:00,7254.457085049067
2018-02-12 23:00:00,7378.543236937451
2018-02-13 00:00:00,7713.522131774724
2018-02-13 01:00:00,7860.966178145772
2018-02-13 02:00:00,7781.400882639275
2018-02-13 03:00:00,7658.537188379998
2018-02-13 04:00:00,7391.748731301805
2018-02-13 05:00:00,7000.927170264757
2018-02-13 06:00:00,6638.781179265979
2018-02-13 07:00:00,6442.203745047966
2018-02-13 08:00:00,6349.180584382746
2018-02-13 09:00:00,6281.316968678907
2018-02-13 10:00:00,6287.758375640161
2018-02-13 11:00:00,6429.354581734286
2018-02-13 12:00:00,6807.899411732459
2018-02-13 13:00:00,7366.10187931449
2018-02-13 14:00:00,7570.133523632801
2018-02-13 15:00:00,7648.991522798838
2018-02-13 16:00:00,7656.788330814703
2018-02-13 17:00:00,7617.993385078586
2018-02-13 18:00:00,7500.061994627256
2018-02-13 19:00:00,7395.710313800241
2018-02-13 20:00:00,7296.619222496114
2018-02-13 21:00:00,7222.517125353818
2018-02-13 22:00:00,7170.527649792245
2018-02-13 23:00:00,7192.41946812998
2018-02-14 00:00:00,7450.827522236245
2018-02-14 01:00:00,7607.627455264712
2018-02-14 02:00:00,7529.815208451193
2018-02-14 03:00:00,7402.855443580308
2018-02-14 04:00:00,7129.042275530897
2018-02-14 05:00:00,6737.636953688289
2018-02-14 06:00:00,6374.901385353376
2018-02-14 07:00:00,6150.24057739464
2018-02-14 08:00:00,6016.846957916337
2018-02-14 09:00:00,5935.525781584172
2018-02-14 10:00:00,5923.826690289885
2018-02-14 11:00:00,6079.458157663003
2018-02-14 12:00:00,6483.156228843348
2018-02-14 13:00:00,7052.684150339447
2018-02-14 14:00:00,7232.970388928717
2018-02-14 15:00:00,7194.86772503001
2018-02-14 16:00:00,7096.546009712247
2018-02-14 17:00:00,7033.810085576346
2018-02-14 18:00:00,6983.499944086903
2018-02-14 19:00:00,6891.464986240463
2018-02-14 20:00:00,6842.2448686542075
2018-02-14 21:00:00,6782.128747453991
2018-02-14 22:00:00,6796.698021929086
2018-02-14 23:00:00,6914.547325772776
2018-02-15 00:00:00,7200.419084178936
2018-02-15 01:00:00,7246.638814561806
2018-02-15 02:00:00,7136.061444048897
2018-02-15 03:00:00,6966.9763140365285
2018-02-15 04:00:00,6686.1436729387215
2018-02-15 05:00:00,6274.8457177387845
2018-02-15 06:00:00,5912.691017170662
2018-02-15 07:00:00,5666.968013889821
2018-02-15 08:00:00,5516.02362575731
2018-02-15 09:00:00,5433.531334355346
2018-02-15 10:00:00,5421.248147272063
2018-02-15 11:00:00,5549.968604548884
2018-02-15 12:00:00,5957.176732010343
2018-02-15 13:00:00,6563.909819435523
2018-02-15 14:00:00,6800.084492006511
2018-02-15 15:00:00,6916.768401191516
2018-02-15 16:00:00,6949.8470173074475
2018-02-15 17:00:00,6949.897727305778
2018-02-15 18:00:00,6922.940345127084
2018-02-15 19:00:00,6830.727951099813
2018-02-15 20:00:00,6811.629920737941
2018-02-15 21:00:00,6720.893133650287
2018-02-15 22:00:00,6679.416492489753
2018-02-15 23:00:00,6747.771623474783
2018-02-16 00:00:00,7021.969723376282
2018-02-16 01:00:00,7068.777904332818
2018-02-16 02:00:00,6964.636124250587
2018-02-16 03:00:00,6821.293173242692
2018-02-16 04:00:00,6564.446221262899
2018-02-16 05:00:00,6165.433889389417
2018-02-16 06:00:00,5847.747088632772
2018-02-16 07:00:00,5659.357775836742
2018-02-16 08:00:00,5545.269831341045
2018-02-16 09:00:00,5480.3296180739935
2018-02-16 10:00:00,5476.238937650404
2018-02-16 11:00:00,5640.648103781641
2018-02-16 12:00:00,6039.667896649839
2018-02-16 13:00:00,6631.22287264854
2018-02-16 14:00:00,6901.213779851922
2018-02-16 15:00:00,7026.214706883288
2018-02-16 16:00:00,7104.898523873518
2018-02-16 17:00:00,7084.454813639417
2018-02-16 18:00:00,6970.371340542318
2018-02-16 19:00:00,6877.3681604181265
2018-02-16 20:00:00,6818.203122918008
2018-02-16 21:00:00,6727.915484560761
2018-02-16 22:00:00,6636.784628992513
2018-02-16 23:00:00,6688.524811825719
2018-02-17 00:00:00,7006.194721382641
2018-02-17 01:00:00,7236.120887840405
2018-02-17 02:00:00,7188.729006984389
2018-02-17 03:00:00,7076.397795999469
2018-02-17 04:00:00,6920.765140957804
2018-02-17 05:00:00,6600.7361405146
2018-02-17 06:00:00,6332.194787008627
2018-02-17 07:00:00,6097.005119687253
2018-02-17 08:00:00,6014.511701522821
2018-02-17 09:00:00,5922.0757733096825
2018-02-17 10:00:00,5922.660965408106
2018-02-17 11:00:00,5953.675050315135
2018-02-17 12:00:00,6144.99163308399
2018-02-17 13:00:00,6366.784868030655
2018-02-17 14:00:00,6482.75063509157
2018-02-17 15:00:00,6636.984663637766
2018-02-17 16:00:00,6732.421365434527
2018-02-17 17:00:00,6665.239171224728
2018-02-17 18:00:00,6533.044840379421
2018-02-17 19:00:00,6442.16522465157
2018-02-17 20:00:00,6344.008293202269
2018-02-17 21:00:00,6332.9507118342535
2018-02-17 22:00:00,6382.856323267081
2018-02-17 23:00:00,6469.279654910043
2018-02-18 00:00:00,6659.25745161671
2018-02-18 01:00:00,6792.065117670598
2018-02-18 02:00:00,6729.461957526401
2018-02-18 03:00:00,6644.624725664308
2018-02-18 04:00:00,6465.594466641823
2018-02-18 05:00:00,6203.486023699036
2018-02-18 06:00:00,5939.624318891993
2018-02-18 07:00:00,5747.727812400577
2018-02-18 08:00:00,5636.567168330744
2018-02-18 09:00:00,5583.914466478607
2018-02-18 10:00:00,5591.52251191283
2018-02-18 11:00:00,5648.859826309362
2018-02-18 12:00:00,5761.196031592785
2018-02-18 13:00:00,5886.873689195587
2018-02-18 14:00:00,5932.037432405498
2018-02-18 15:00:00,5998.035645623961
2018-02-18 16:00:00,6039.346501719336
2018-02-18 17:00:00,6081.5067522324225
2018-02-18 18:00:00,6009.344745132521
2018-02-18 19:00:00,5945.546018257614
2018-02-18 20:00:00,5857.492722607109
2018-02-18 21:00:00,5816.337188277529
2018-02-18 22:00:00,5813.953826577472
2018-02-18 23:00:00,5935.619674888407
2018-02-19 00:00:00,6289.4842906748
2018-02-19 01:00:00,6563.298189597163
2018-02-19 02:00:00,6518.248325709466
2018-02-19 03:00:00,6403.573361932966
2018-02-19 04:00:00,6218.107268855485
2018-02-19 05:00:00,5929.671637528039
2018-02-19 06:00:00,5656.449569466747
2018-02-19 07:00:00,5476.835488732622
2018-02-19 08:00:00,5372.693952274709
2018-02-19 09:00:00,5297.808214108023
2018-02-19 10:00:00,5308.9300006411595
2018-02-19 11:00:00,5463.974418280435
2018-02-19 12:00:00,5802.731332149498
2018-02-19 13:00:00,6314.656960896276
2018-02-19 14:00:00,6523.627292052468
2018-02-19 15:00:00,6703.597743978642
2018-02-19 16:00:00,6827.262940520365
2018-02-19 17:00:00,6888.959821950932
2018-02-19 18:00:00,6881.024011861858
2018-02-19 19:00:00,6816.737755738235
2018-02-19 20:00:00,6774.684560905252
2018-02-19 21:00:00,6695.6793068922625
2018-02-19 22:00:00,6649.80870132262
2018-02-19 23:00:00,6708.372811264194
2018-02-20 00:00:00,6897.346433020497
2018-02-20 01:00:00,6875.708090152747
2018-02-20 02:00:00,6736.464803215142
2018-02-20 03:00:00,6581.418832470844
2018-02-20 04:00:00,6338.613262831014
2018-02-20 05:00:00,5959.493716580061
2018-02-20 06:00:00,5624.837776261993
2018-02-20 07:00:00,5358.052273128646
2018-02-20 08:00:00,5169.661681304951
2018-02-20 09:00:00,5105.308913661259
2018-02-20 10:00:00,5095.3669822203055
2018-02-20 11:00:00,5238.1285173066935
2018-02-20 12:00:00,5603.800826509767
2018-02-20 13:00:00,6175.401979991441
2018-02-20 14:00:00,6446.039029298846
2018-02-20 15:00:00,6529.984005584352
2018-02-20 16:00:00,6554.977341299248
2018-02-20 17:00:00,6631.3786046047635
2018-02-20 18:00:00,6641.544971714381
2018-02-20 19:00:00,6677.861617522174
2018-02-20 20:00:00,6738.578893838314
2018-02-20 21:00:00,6655.6441391050475
2018-02-20 22:00:00,6612.556152883886
2018-02-20 23:00:00,6684.95924989059
2018-02-21 00:00:00,6909.039433706851
2018-02-21 01:00:00,6978.0820518177625
2018-02-21 02:00:00,6905.535955282305
2018-02-21 03:00:00,6784.42497473257
2018-02-21 04:00:00,6560.340557943796
2018-02-21 05:00:00,6207.543632121551
2018-02-21 06:00:00,5910.329266632641
2018-02-21 07:00:00,5719.016185963348
2018-02-21 08:00:00,5616.046312729946
2018-02-21 09:00:00,5579.771528638957
2018-02-21 10:00:00,5569.246780436675
2018-02-21 11:00:00,5745.941356723089
2018-02-21 12:00:00,6177.140685302738
2018-02-21 13:00:00,6787.580008548054
2018-02-21 14:00:00,7056.574568386763
2018-02-21 15:00:00,7158.496425505419
2018-02-21 16:00:00,7193.631429291091
2018-02-21 17:00:00,7171.156315019458
2018-02-21 18:00:00,7145.5405455586915
2018-02-21 19:00:00,7084.332131506231
2018-02-21 20:00:00,7089.807291314861
2018-02-21 21:00:00,7044.206494022919
2018-02-21 22:00:00,7048.6473177630605
2018-02-21 23:00:00,7135.254971289538
2018-02-22 00:00:00,7363.069506898776
2018-02-22 01:00:00,7453.1710618565485
2018-02-22 02:00:00,7378.283222430127
2018-02-22 03:00:00,7223.240327442833
2018-02-22 04:00:00,6944.746536197224
2018-02-22 05:00:00,6525.259241453718
2018-02-22 06:00:00,6191.1895895435
2018-02-22 07:00:00,5974.132502687356
2018-02-22 08:00:00,5823.188236367003
2018-02-22 09:00:00,5737.773912915037
2018-02-22 10:00:00,5717.886487027489
2018-02-22 11:00:00,5877.616978957065
2018-02-22 12:00:00,6259.669946694853
2018-02-22 13:00:00,6854.116923544942
2018-02-22 14:00:00,7096.900203720965
2018-02-22 15:00:00,7147.993661082049
2018-02-22 16:00:00,7127.5041492972405
2018-02-22 17:00:00,7112.895031113313
2018-02-22 18:00:00,7003.446286547962
2018-02-22 19:00:00,6918.133574603566
2018-02-22 20:00:00,6909.493817291786
2018-02-22 21:00:00,6884.9871053104835
2018-02-22 22:00:00,6888.585532948485
2018-02-22 23:00:00,6922.126040428296
2018-02-23 00:00:00,7133.140538761361
2018-02-23 01:00:00,7196.326089324333
2018-02-23 02:00:00,7079.901578954414
2018-02-23 03:00:00,6916.082446954907
2018-02-23 04:00:00,6640.517691958421
2018-02-23 05:00:00,6249.112613740131
2018-02-23 06:00:00,5890.471167022288
2018-02-23 07:00:00,5646.501699683059
2018-02-23 08:00:00,5509.599851106022
2018-02-23 09:00:00,5412.482873354128
2018-02-23 10:00:00,5427.696375714201
2018-02-23 11:00:00,5558.169668512723
2018-02-23 12:00:00,5938.463984198235
2018-02-23 13:00:00,6476.80217470437
2018-02-23 14:00:00,6717.936225021353
2018-02-23 15:00:00,6806.469734559611
2018-02-23 16:00:00,6898.739849415781
2018-02-23 17:00:00,6943.947818725688
2018-02-23 18:00:00,6943.092540956485
2018-02-23 19:00:00,6904.283671518508
2018-02-23 20:00:00,6876.864985814251
2018-02-23 21:00:00,6816.103878280896
2018-02-23 22:00:00,6746.694584427455
2018-02-23 23:00:00,6786.5086675348675
2018-02-24 00:00:00,6940.05726433776
2018-02-24 01:00:00,6993.881812132648
2018-02-24 02:00:00,6895.592714360646
2018-02-24 03:00:00,6732.946098270763
2018-02-24 04:00:00,6542.798316140694
2018-02-24 05:00:00,6192.349223817348
2018-02-24 06:00:00,5892.797378863024
2018-02-24 07:00:00,5634.787381868941
2018-02-24 08:00:00,5516.605346209212
2018-02-24 09:00:00,5421.8269746851975
2018-02-24 10:00:00,5387.896643805701
2018-02-24 11:00:00,5450.501052524523
2018-02-24 12:00:00,5620.1718618839495
2018-02-24 13:00:00,5881.165658695485
2018-02-24 14:00:00,6029.757508822193
2018-02-24 15:00:00,6228.787037461125
2018-02-24 16:00:00,6313.748279708237
2018-02-24 17:00:00,6357.257321063938
2018-02-24 18:00:00,6255.0664257862445
2018-02-24 19:00:00,6192.463878018566
2018-02-24 20:00:00,6091.629285246994
2018-02-24 21:00:00,6027.967451868792
2018-02-24 22:00:00,6061.581732276415
2018-02-24 23:00:00,6169.593098155262
2018-02-25 00:00:00,6393.030402812964
2018-02-25 01:00:00,6429.303481533732
2018-02-25 02:00:00,6353.246080142533
2018-02-25 03:00:00,6235.646313089422
2018-02-25 04:00:00,5992.847290853119
2018-02-25 05:00:00,5716.697952819002
2018-02-25 06:00:00,5489.690285858639
2018-02-25 07:00:00,5296.618187700593
2018-02-25 08:00:00,5204.763401331603
2018-02-25 09:00:00,5198.913581607103
2018-02-25 10:00:00,5208.275558872454
2018-02-25 11:00:00,5259.764758914707
2018-02-25 12:00:00,5342.26353681412
2018-02-25 13:00:00,5456.994756357893
2018-02-25 14:00:00,5507.370046618798
2018-02-25 15:00:00,5608.2888463189975
2018-02-25 16:00:00,5663.353180270456
2018-02-25 17:00:00,5681.31455935192
2018-02-25 18:00:00,5663.477328213162
2018-02-25 19:00:00,5623.414257624385
2018-02-25 20:00:00,5578.062000965384
2018-02-25 21:00:00,5519.021811111277
2018-02-25 22:00:00,5523.523030070857
2018-02-25 23:00:00,5613.4943560299635
2018-02-26 00:00:00,5916.798690390383
2018-02-26 01:00:00,6250.291402975925
2018-02-26 02:00:00,6241.516384085297
2018-02-26 03:00:00,6178.91069633881
2018-02-26 04:00:00,5981.743075723869
2018-02-26 05:00:00,5739.527966558324
2018-02-26 06:00:00,5507.846802413042
2018-02-26 07:00:00,5337.597074281363
2018-02-26 08:00:00,5300.741544235741
2018-02-26 09:00:00,5289.044828278546
2018-02-26 10:00:00,5331.76001438048
2018-02-26 11:00:00,5524.2553559320895
2018-02-26 12:00:00,6011.6191175621725
2018-02-26 13:00:00,6567.577021170035
2018-02-26 14:00:00,6778.865586477299
2018-02-26 15:00:00,6788.412385014485
2018-02-26 16:00:00,6711.739813156262
2018-02-26 17:00:00,6679.8293196361765
2018-02-26 18:00:00,6625.7079472159
2018-02-26 19:00:00,6551.223749230995
2018-02-26 20:00:00,6509.5889010518395
2018-02-26 21:00:00,6414.64604183498
2018-02-26 22:00:00,6320.547215108333
2018-02-26 23:00:00,6320.742544561361
2018-02-27 00:00:00,6491.907524816079
2018-02-27 01:00:00,6754.607372277379
2018-02-27 02:00:00,6695.519354071923
2018-02-27 03:00:00,6565.050050621596
2018-02-27 04:00:00,6302.941729490968
2018-02-27 05:00:00,5973.554162522855
2018-02-27 06:00:00,5672.253623660225
2018-02-27 07:00:00,5462.805374017332
2018-02-27 08:00:00,5331.755446424531
2018-02-27 09:00:00,5270.912247813319
2018-02-27 10:00:00,5262.141400989125
2018-02-27 11:00:00,5396.714479670095
2018-02-27 12:00:00,5809.1910413875885
2018-02-27 13:00:00,6362.86062573907
2018-02-27 14:00:00,6570.293137500996
2018-02-27 15:00:00,6649.606581100584
2018-02-27 16:00:00,6624.356619230425
2018-02-27 17:00:00,6562.84724589204
2018-02-27 18:00:00,6516.47212851484
2018-02-27 19:00:00,6446.0055472382965
2018-02-27 20:00:00,6427.024647035706
2018-02-27 21:00:00,6336.533293654339
2018-02-27 22:00:00,6223.137518414455
2018-02-27 23:00:00,6234.85085409313
2018-02-28 00:00:00,6391.8635207156785
2018-02-28 01:00:00,6637.591670560222
2018-02-28 02:00:00,6538.718537905305
2018-02-28 03:00:00,6402.396369426511
2018-02-28 04:00:00,6136.189054192467
2018-02-28 05:00:00,5767.0155809958615
2018-02-28 06:00:00,5430.607140139528
2018-02-28 07:00:00,5196.00159906019
2018-02-28 08:00:00,5063.192988962072
2018-02-28 09:00:00,4978.947435695852
2018-02-28 10:00:00,4953.7944990440765
2018-02-28 11:00:00,5088.364806498437
2018-02-28 12:00:00,5479.193128110291
2018-02-28 13:00:00,6014.687016228165
2018-02-28 14:00:00,6242.299574829057
2018-02-28 15:00:00,6291.181274673528
2018-02-28 16:00:00,6321.676631680426
2018-02-28 17:00:00,6351.405257323783
2018-02-28 18:00:00,6331.418207483594
2018-02-28 19:00:00,6286.243855192807
2018-02-28 20:00:00,6313.630533566593
2018-02-28 21:00:00,6325.962326072748
2018-02-28 22:00:00,6314.931275965013
2018-02-28 23:00:00,6454.749928906521
2018-03-01 00:00:00,6673.273466574635
2018-03-01 01:00:00,6789.117565973357
2018-03-01 02:00:00,6724.762209821294
2018-03-01 03:00:00,6608.331365219125
2018-03-01 04:00:00,6348.559153167124
2018-03-01 05:00:00,5938.431551710995
2018-03-01 06:00:00,5626.009835376021
2018-03-01 07:00:00,5392.574221697936
2018-03-01 08:00:00,5270.296054520519
2018-03-01 09:00:00,5198.920494447107
2018-03-01 10:00:00,5224.08168387263
2018-03-01 11:00:00,5397.848411578466
2018-03-01 12:00:00,5857.127764064477
2018-03-01 13:00:00,6511.333964106978
2018-03-01 14:00:00,6875.812196648346
2018-03-01 15:00:00,6989.809191547363
2018-03-01 16:00:00,6983.588322951016
2018-03-01 17:00:00,7012.598634020624
2018-03-01 18:00:00,6975.266168778241
2018-03-01 19:00:00,6861.101092289807
2018-03-01 20:00:00,6802.788001347891
2018-03-01 21:00:00,6641.638935724095
2018-03-01 22:00:00,6585.127058692456
2018-03-01 23:00:00,6583.035898232709
2018-03-02 00:00:00,6721.270547176136
2018-03-02 01:00:00,7022.573095939382
2018-03-02 02:00:00,6945.346680738122
2018-03-02 03:00:00,6810.197515417587
2018-03-02 04:00:00,6582.604351828403
2018-03-02 05:00:00,6176.573978199391
2018-03-02 06:00:00,5871.174262515105
2018-03-02 07:00:00,5637.1541571585085
2018-03-02 08:00:00,5546.47115582619
2018-03-02 09:00:00,5468.074843676715
2018-03-02 10:00:00,5470.42200720874
2018-03-02 11:00:00,5639.511979254413
2018-03-02 12:00:00,6053.743477753345
2018-03-02 13:00:00,6523.795393678577
2018-03-02 14:00:00,6683.867228744135
2018-03-02 15:00:00,6686.352467236448
2018-03-02 16:00:00,6690.448316600715
2018-03-02 17:00:00,6702.6759314679
2018-03-02 18:00:00,6632.478483741841
2018-03-02 19:00:00,6551.475453664337
2018-03-02 20:00:00,6496.684952978643
2018-03-02 21:00:00,6396.469593068055
2018-03-02 22:00:00,6291.419939728944
2018-03-02 23:00:00,6287.325881617069
2018-03-03 00:00:00,6448.027375158356
2018-03-03 01:00:00,6745.8278463368815
2018-03-03 02:00:00,6696.688520147182
2018-03-03 03:00:00,6586.696798528293
2018-03-03 04:00:00,6455.057354505436
2018-03-03 05:00:00,6128.597544758782
2018-03-03 06:00:00,5817.347796178719
2018-03-03 07:00:00,5573.383262231915
2018-03-03 08:00:00,5430.045092351247
2018-03-03 09:00:00,5325.323845342049
2018-03-03 10:00:00,5289.639552178384
2018-03-03 11:00:00,5358.6820180240975
2018-03-03 12:00:00,5519.577229885142
2018-03-03 13:00:00,5703.015190984636
2018-03-03 14:00:00,5812.0298123078155
2018-03-03 15:00:00,5914.076438538367
2018-03-03 16:00:00,5956.114442781509
2018-03-03 17:00:00,5963.316061994591
2018-03-03 18:00:00,5922.676008075085
2018-03-03 19:00:00,5822.472810350397
2018-03-03 20:00:00,5681.835846493165
2018-03-03 21:00:00,5583.698005493889
2018-03-03 22:00:00,5550.912816130597
2018-03-03 23:00:00,5611.051971368356
2018-03-04 00:00:00,5814.40828408395
2018-03-04 01:00:00,6182.999001425305
2018-03-04 02:00:00,6187.095376567311
2018-03-04 03:00:00,6131.515100211953
2018-03-04 04:00:00,6014.502139268367
2018-03-04 05:00:00,5770.533737785527
2018-03-04 06:00:00,5528.903912077525
2018-03-04 07:00:00,5340.516578729073
2018-03-04 08:00:00,5246.907982341112
2018-03-04 09:00:00,5166.758347421302
2018-03-04 10:00:00,5130.4902020929585
2018-03-04 11:00:00,5180.22388674602
2018-03-04 12:00:00,5265.062976243532
2018-03-04 13:00:00,5318.751595091816
2018-03-04 14:00:00,5355.918919821934
2018-03-04 15:00:00,5443.9354698975885
2018-03-04 16:00:00,5503.052445369208
2018-03-04 17:00:00,5511.316535653581
2018-03-04 18:00:00,5497.007963997327
2018-03-04 19:00:00,5483.89367788289
2018-03-04 20:00:00,5373.68250062422
2018-03-04 21:00:00,5334.57703112392
2018-03-04 22:00:00,5364.493923276327
2018-03-04 23:00:00,5466.156780068531
2018-03-05 00:00:00,5745.375776382208
2018-03-05 01:00:00,6135.032647940825
2018-03-05 02:00:00,6174.819132777071
2018-03-05 03:00:00,6075.358980841349
2018-03-05 04:00:00,5948.392455395658
2018-03-05 05:00:00,5675.172214516745
2018-03-05 06:00:00,5487.368337443457
2018-03-05 07:00:00,5338.1849462472765
2018-03-05 08:00:00,5283.191445548406
2018-03-05 09:00:00,5252.187440597505
2018-03-05 10:00:00,5277.93574066295
2018-03-05 11:00:00,5461.655149732742
2018-03-05 12:00:00,5926.202540585271
2018-03-05 13:00:00,6453.225898366611
2018-03-05 14:00:00,6826.665116146265
2018-03-05 15:00:00,6962.057489502075
2018-03-05 16:00:00,7064.498676222197
2018-03-05 17:00:00,7049.02183781225
2018-03-05 18:00:00,7031.139589232353
2018-03-05 19:00:00,7017.101643325527
2018-03-05 20:00:00,6967.231105180775
2018-03-05 21:00:00,6922.417032339689
2018-03-05 22:00:00,6914.256378584042
2018-03-05 23:00:00,7023.399425266385
2018-03-06 00:00:00,7232.601634741313
2018-03-06 01:00:00,7281.751375870576
2018-03-06 02:00:00,7173.517423165814
2018-03-06 03:00:00,6995.071808087038
2018-03-06 04:00:00,6697.856285382619
2018-03-06 05:00:00,6289.482676663698
2018-03-06 06:00:00,5931.426208873002
2018-03-06 07:00:00,5674.58979364493
2018-03-06 08:00:00,5511.362279335216
2018-03-06 09:00:00,5458.123867682983
2018-03-06 10:00:00,5458.715424466696
2018-03-06 11:00:00,5597.384695571433
2018-03-06 12:00:00,6007.520427989152
2018-03-06 13:00:00,6544.376220527827
2018-03-06 14:00:00,6831.334654436027
2018-03-06 15:00:00,6928.776650592255
2018-03-06 16:00:00,6968.380456564507
2018-03-06 17:00:00,6969.594723363961
2018-03-06 18:00:00,6888.6801821017625
2018-03-06 19:00:00,6908.37396152953
2018-03-06 20:00:00,6919.024975802993
2018-03-06 21:00:00,6855.532497127037
2018-03-06 22:00:00,6796.391049810044
2018-03-06 23:00:00,6852.21844026582
2018-03-07 00:00:00,7014.954483300398
2018-03-07 01:00:00,7181.115358190868
2018-03-07 02:00:00,7106.231751736959
2018-03-07 03:00:00,6957.039133269763
2018-03-07 04:00:00,6688.495617597973
2018-03-07 05:00:00,6304.697001255842
2018-03-07 06:00:00,5993.4504502449445
2018-03-07 07:00:00,5765.281352281394
2018-03-07 08:00:00,5664.652795596402
2018-03-07 09:00:00,5624.286052054159
2018-03-07 10:00:00,5658.808701043358
2018-03-07 11:00:00,5841.3546501592955
2018-03-07 12:00:00,6262.607296623805
2018-03-07 13:00:00,6795.258901046711
2018-03-07 14:00:00,7026.754409568288
2018-03-07 15:00:00,7046.133715482086
2018-03-07 16:00:00,6993.672207663139
2018-03-07 17:00:00,7018.594799602058
2018-03-07 18:00:00,6974.519228415584
2018-03-07 19:00:00,6928.731748610544
2018-03-07 20:00:00,6923.773318224503
2018-03-07 21:00:00,6859.632390082843
2018-03-07 22:00:00,6862.766737460435
2018-03-07 23:00:00,6950.4336340360005
2018-03-08 00:00:00,7165.331555268766
2018-03-08 01:00:00,7333.834051238042
2018-03-08 02:00:00,7255.435972812268
2018-03-08 03:00:00,7139.591568883148
2018-03-08 04:00:00,6847.056943452287
2018-03-08 05:00:00,6453.896958905599
2018-03-08 06:00:00,6122.169567588019
2018-03-08 07:00:00,5909.795418359087
2018-03-08 08:00:00,5806.243641955547
2018-03-08 09:00:00,5746.569487607436
2018-03-08 10:00:00,5753.5953862472015
2018-03-08 11:00:00,5946.089326958985
2018-03-08 12:00:00,6352.129810997168
2018-03-08 13:00:00,6853.6034323818485
2018-03-08 14:00:00,7070.234617631213
2018-03-08 15:00:00,7106.398504915367
2018-03-08 16:00:00,7082.858651339995
2018-03-08 17:00:00,7079.453529263499
2018-03-08 18:00:00,7032.481469996317
2018-03-08 19:00:00,6979.980323211053
2018-03-08 20:00:00,6938.762745882168
2018-03-08 21:00:00,6876.445158890818
2018-03-08 22:00:00,6814.371330250682
2018-03-08 23:00:00,6852.558320728949
2018-03-09 00:00:00,6979.887632004159
2018-03-09 01:00:00,7279.437710682182
2018-03-09 02:00:00,7227.950825070944
2018-03-09 03:00:00,7090.458455113541
2018-03-09 04:00:00,6806.115087767747
2018-03-09 05:00:00,6407.686303528548
2018-03-09 06:00:00,6073.619209673662
2018-03-09 07:00:00,5872.362766270552
2018-03-09 08:00:00,5781.682322993565
2018-03-09 09:00:00,5711.478700222023
2018-03-09 10:00:00,5717.334701913575
2018-03-09 11:00:00,5901.636775479498
2018-03-09 12:00:00,6314.695697162727
2018-03-09 13:00:00,6756.298889985435
2018-03-09 14:00:00,6948.408448902237
2018-03-09 15:00:00,6963.178762566291
2018-03-09 16:00:00,6946.124150194987
2018-03-09 17:00:00,6921.071305714523
2018-03-09 18:00:00,6868.614654667681
2018-03-09 19:00:00,6756.032442985056
2018-03-09 20:00:00,6692.104690525559
2018-03-09 21:00:00,6568.219554411143
2018-03-09 22:00:00,6481.308006405136
2018-03-09 23:00:00,6498.2907020394305
2018-03-10 00:00:00,6677.96356066617
2018-03-10 01:00:00,7011.448203196202
2018-03-10 02:00:00,6934.806218767372
2018-03-10 03:00:00,6799.073353547357
2018-03-10 04:00:00,6621.797391792477
2018-03-10 05:00:00,6289.484047050483
2018-03-10 06:00:00,5985.253801971856
2018-03-10 07:00:00,5763.519106770436
2018-03-10 08:00:00,5638.902942425934
2018-03-10 09:00:00,5584.494512013328
2018-03-10 10:00:00,5542.373897546034
2018-03-10 11:00:00,5628.963569040312
2018-03-10 12:00:00,5786.349942741829
2018-03-10 13:00:00,5917.427041108743
2018-03-10 14:00:00,6014.293039385408
2018-03-10 15:00:00,6125.342025322415
2018-03-10 16:00:00,6176.0214589166835
2018-03-10 17:00:00,6154.8756700804815
2018-03-10 18:00:00,6094.1771389936375
2018-03-10 19:00:00,5978.180914391553
2018-03-10 20:00:00,5854.48463366252
2018-03-10 21:00:00,5749.710408860435
2018-03-10 22:00:00,5711.286606639719
2018-03-10 23:00:00,5778.169650807929
2018-03-11 00:00:00,5954.236580401741
2018-03-11 01:00:00,6308.787194430797
2018-03-11 02:00:00,6353.834013014527
2018-03-11 03:00:00,6285.3834389359645
2018-03-11 04:00:00,6136.779057871158
2018-03-11 05:00:00,5883.450140868869
2018-03-11 06:00:00,5634.797279106831
2018-03-11 07:00:00,5463.377319043503
2018-03-11 08:00:00,5338.177637517758
2018-03-11 09:00:00,5284.942819324204
2018-03-11 10:00:00,5246.331712983309
2018-03-11 11:00:00,5347.550181987874
2018-03-11 12:00:00,5502.593411958602
2018-03-11 13:00:00,5532.820950372669
2018-03-11 14:00:00,5568.9025029546465
2018-03-11 15:00:00,5620.2476566730065
2018-03-11 16:00:00,5659.105061075805
2018-03-11 17:00:00,5663.134490279118
2018-03-11 18:00:00,5639.525685303369
2018-03-11 19:00:00,5617.270235841752
2018-03-11 20:00:00,5555.749667145271
2018-03-11 21:00:00,5539.977905751408
2018-03-11 22:00:00,5525.436917142387
2018-03-11 23:00:00,5576.089984577983
2018-03-12 00:00:00,5779.9224223666615
2018-03-12 01:00:00,6187.122662490849
2018-03-12 02:00:00,6229.828560415685
2018-03-12 03:00:00,6122.170998880883
2018-03-12 04:00:00,5881.709029767438
2018-03-12 05:00:00,5623.6988196020775
2018-03-12 06:00:00,5411.327624317993
2018-03-12 07:00:00,5307.188493650212
2018-03-12 08:00:00,5248.100993146429
2018-03-12 09:00:00,5287.305879342932
2018-03-12 10:00:00,5452.303343782637
2018-03-12 11:00:00,5868.8748798023125
2018-03-12 12:00:00,6529.992883391969
2018-03-12 13:00:00,6921.463637345245
2018-03-12 14:00:00,6977.1647232007335
2018-03-12 15:00:00,6985.465477969421
2018-03-12 16:00:00,7034.864227512406
2018-03-12 17:00:00,6981.984136046757
2018-03-12 18:00:00,6874.495191709801
2018-03-12 19:00:00,6797.8702364762685
2018-03-12 20:00:00,6710.377960817582
2018-03-12 21:00:00,6617.5658614283775
2018-03-12 22:00:00,6599.943742536516
2018-03-12 23:00:00,6624.981345758349
2018-03-13 00:00:00,6709.578368721851
2018-03-13 01:00:00,6941.851120103887
2018-03-13 02:00:00,6874.567001780055
2018-03-13 03:00:00,6647.560096145682
2018-03-13 04:00:00,6283.650580608282
2018-03-13 05:00:00,5911.554161770484
2018-03-13 06:00:00,5702.107922028209
2018-03-13 07:00:00,5578.66253777007
2018-03-13 08:00:00,5503.778048178011
2018-03-13 09:00:00,5537.130861125077
2018-03-13 10:00:00,5707.38932927914
2018-03-13 11:00:00,6121.617873833225
2018-03-13 12:00:00,6775.712597744529
2018-03-13 13:00:00,7049.686705219944
2018-03-13 14:00:00,7043.392151770468
2018-03-13 15:00:00,6996.008324817831
2018-03-13 16:00:00,6982.23768716162
2018-03-13 17:00:00,7003.380596543356
2018-03-13 18:00:00,6986.610804353684
2018-03-13 19:00:00,7018.278708161138
2018-03-13 20:00:00,6989.732565833225
2018-03-13 21:00:00,6995.905103084057
2018-03-13 22:00:00,6980.26623628673
2018-03-13 23:00:00,6963.878796961461
2018-03-14 00:00:00,7018.479857460463
2018-03-14 01:00:00,7261.286249332364
2018-03-14 02:00:00,7203.365722284984
2018-03-14 03:00:00,6952.372396659648
2018-03-14 04:00:00,6568.572227212496
2018-03-14 05:00:00,6202.913378252953
2018-03-14 06:00:00,5975.913994519379
2018-03-14 07:00:00,5848.373118257384
2018-03-14 08:00:00,5799.816730641173
2018-03-14 09:00:00,5816.202901176069
2018-03-14 10:00:00,5947.26272600676
2018-03-14 11:00:00,6372.609554994419
2018-03-14 12:00:00,6992.770263208427
2018-03-14 13:00:00,7250.963076334072
2018-03-14 14:00:00,7233.060437332724
2018-03-14 15:00:00,7128.895306252749
2018-03-14 16:00:00,7075.068862293336
2018-03-14 17:00:00,7017.207659132063
2018-03-14 18:00:00,6937.140634425192
2018-03-14 19:00:00,6837.54431399338
2018-03-14 20:00:00,6724.295273768839
2018-03-14 21:00:00,6576.213320160762
2018-03-14 22:00:00,6500.837747544907
2018-03-14 23:00:00,6463.7399033086285
2018-03-15 00:00:00,6499.527660107047
2018-03-15 01:00:00,6796.157747088724
2018-03-15 02:00:00,6758.717024944678
2018-03-15 03:00:00,6529.372822563132
2018-03-15 04:00:00,6152.59437968931
2018-03-15 05:00:00,5789.859603133428
2018-03-15 06:00:00,5557.593795044436
2018-03-15 07:00:00,5409.574727890212
2018-03-15 08:00:00,5363.356367894126
2018-03-15 09:00:00,5389.686662488832
2018-03-15 10:00:00,5547.659933658993
2018-03-15 11:00:00,5982.95103897166
2018-03-15 12:00:00,6648.743453337427
2018-03-15 13:00:00,6898.571361958391
2018-03-15 14:00:00,6890.026719666872
2018-03-15 15:00:00,6822.281139637439
2018-03-15 16:00:00,6753.69002465027
2018-03-15 17:00:00,6699.40906819314
2018-03-15 18:00:00,6615.9299212543865
2018-03-15 19:00:00,6586.660618286896
2018-03-15 20:00:00,6482.0215111532425
2018-03-15 21:00:00,6365.716033738576
2018-03-15 22:00:00,6336.202954075417
2018-03-15 23:00:00,6331.746598537155
2018-03-16 00:00:00,6393.025164890141
2018-03-16 01:00:00,6769.808571609429
2018-03-16 02:00:00,6771.564513341176
2018-03-16 03:00:00,6586.098694341052
2018-03-16 04:00:00,6239.743236386141
2018-03-16 05:00:00,5909.188817773781
2018-03-16 06:00:00,5675.168864682382
2018-03-16 07:00:00,5564.011448634753
2018-03-16 08:00:00,5507.849786810929
2018-03-16 09:00:00,5516.632723491869
2018-03-16 10:00:00,5683.387165066671
2018-03-16 11:00:00,6076.558508597153
2018-03-16 12:00:00,6716.613920975189
2018-03-16 13:00:00,7031.512478839594
2018-03-16 14:00:00,7102.392329905015
2018-03-16 15:00:00,7113.840097947966
2018-03-16 16:00:00,7034.637003748394
2018-03-16 17:00:00,6949.933580074027
2018-03-16 18:00:00,6869.677392178155
2018-03-16 19:00:00,6792.528828450795
2018-03-16 20:00:00,6682.52155600382
2018-03-16 21:00:00,6619.742900597266
2018-03-16 22:00:00,6590.776504465814
2018-03-16 23:00:00,6625.0837242479165
2018-03-17 00:00:00,6666.254237150557
2018-03-17 01:00:00,6935.970360091089
2018-03-17 02:00:00,6851.722309675616
2018-03-17 03:00:00,6624.132435014715
2018-03-17 04:00:00,6266.074840461551
2018-03-17 05:00:00,5919.7220623741305
2018-03-17 06:00:00,5714.370035608045
2018-03-17 07:00:00,5548.798098539878
2018-03-17 08:00:00,5435.886324318564
2018-03-17 09:00:00,5450.514147331579
2018-03-17 10:00:00,5476.846025484346
2018-03-17 11:00:00,5658.801970921593
2018-03-17 12:00:00,5903.360010646647
2018-03-17 13:00:00,6073.084057606698
2018-03-17 14:00:00,6258.88212448995
2018-03-17 15:00:00,6344.321152019816
2018-03-17 16:00:00,6328.279545980374
2018-03-17 17:00:00,6248.143103889471
2018-03-17 18:00:00,6139.586760565747
2018-03-17 19:00:00,5929.886609063764
2018-03-17 20:00:00,5811.694449410565
2018-03-17 21:00:00,5657.349387944464
2018-03-17 22:00:00,5612.089445791978
2018-03-17 23:00:00,5566.734304170273
2018-03-18 00:00:00,5670.5050211110365
2018-03-18 01:00:00,6009.835280846095
2018-03-18 02:00:00,6068.337497892336
2018-03-18 03:00:00,5997.540795685097
2018-03-18 04:00:00,5785.162169859334
2018-03-18 05:00:00,5568.688356560114
2018-03-18 06:00:00,5365.677341812041
2018-03-18 07:00:00,5262.1244690990725
2018-03-18 08:00:00,5181.973463792478
2018-03-18 09:00:00,5184.901129654817
2018-03-18 10:00:00,5157.408855902212
2018-03-18 11:00:00,5282.616028875714
2018-03-18 12:00:00,5432.397706977372
2018-03-18 13:00:00,5448.039015494821
2018-03-18 14:00:00,5515.034296713614
2018-03-18 15:00:00,5519.056334620963
2018-03-18 16:00:00,5506.249422023322
2018-03-18 17:00:00,5450.576134057262
2018-03-18 18:00:00,5400.26958386527
2018-03-18 19:00:00,5331.327610840728
2018-03-18 20:00:00,5264.946077620054
2018-03-18 21:00:00,5232.527111204742
2018-03-18 22:00:00,5218.230761923861
2018-03-18 23:00:00,5277.963071519493
2018-03-19 00:00:00,5382.054589606315
2018-03-19 01:00:00,5751.23086448257
2018-03-19 02:00:00,5783.991785662488
2018-03-19 03:00:00,5654.105085802214
2018-03-19 04:00:00,5442.314453754525
2018-03-19 05:00:00,5215.898861279548
2018-03-19 06:00:00,5049.160955705283
2018-03-19 07:00:00,4967.839444389682
2018-03-19 08:00:00,4943.854760221979
2018-03-19 09:00:00,4974.867566101342
2018-03-19 10:00:00,5172.624885864578
2018-03-19 11:00:00,5647.118349771455
2018-03-19 12:00:00,6360.304076286103
2018-03-19 13:00:00,6678.505441700405
2018-03-19 14:00:00,6715.85946959726
2018-03-19 15:00:00,6644.999731548802
2018-03-19 16:00:00,6639.19019069965
2018-03-19 17:00:00,6601.212660632708
2018-03-19 18:00:00,6554.5263109953485
2018-03-19 19:00:00,6533.5690444009115
2018-03-19 20:00:00,6462.98149919781
2018-03-19 21:00:00,6396.123045809299
2018-03-19 22:00:00,6387.026846751833
2018-03-19 23:00:00,6413.22716476486
2018-03-20 00:00:00,6460.906626075222
2018-03-20 01:00:00,6793.802026252555
2018-03-20 02:00:00,6769.812134615069
2018-03-20 03:00:00,6554.509223214371
2018-03-20 04:00:00,6157.254203459421
2018-03-20 05:00:00,5803.297217020776
2018-03-20 06:00:00,5595.60405642452
2018-03-20 07:00:00,5472.744960574232
2018-03-20 08:00:00,5423.018401932451
2018-03-20 09:00:00,5431.215415642016
2018-03-20 10:00:00,5616.103229461076
2018-03-20 11:00:00,6057.829833845302
2018-03-20 12:00:00,6697.300724091788
2018-03-20 13:00:00,6918.528510488188
2018-03-20 14:00:00,7000.827412638992
2018-03-20 15:00:00,6982.586910972142
2018-03-20 16:00:00,6935.645250896477
2018-03-20 17:00:00,6884.519118399274
2018-03-20 18:00:00,6809.354507186361
2018-03-20 19:00:00,6782.900422009361
2018-03-20 20:00:00,6698.928251449556
2018-03-20 21:00:00,6632.366668563592
2018-03-20 22:00:00,6622.380445077501
2018-03-20 23:00:00,6664.094947374737
2018-03-21 00:00:00,6721.283246093674
2018-03-21 01:00:00,6990.410492117984
2018-03-21 02:00:00,6926.63344567738
2018-03-21 03:00:00,6675.052400351328
2018-03-21 04:00:00,6313.485449936962
2018-03-21 05:00:00,5933.199965632952
2018-03-21 06:00:00,5707.9549705261
2018-03-21 07:00:00,5549.406556760603
2018-03-21 08:00:00,5486.808817257468
2018-03-21 09:00:00,5481.5473567475165
2018-03-21 10:00:00,5627.231959287255
2018-03-21 11:00:00,6054.921566569227
2018-03-21 12:00:00,6705.503858862324
2018-03-21 13:00:00,6932.561004146417
2018-03-21 14:00:00,6984.159153434181
2018-03-21 15:00:00,6938.741548664172
2018-03-21 16:00:00,6894.020050416056
2018-03-21 17:00:00,6818.4788776034875
2018-03-21 18:00:00,6733.638174094872
2018-03-21 19:00:00,6700.870340074952
2018-03-21 20:00:00,6581.575460532572
2018-03-21 21:00:00,6470.961093151031
2018-03-21 22:00:00,6419.59703833233
2018-03-21 23:00:00,6419.848748680511
2018-03-22 00:00:00,6417.06345090916
2018-03-22 01:00:00,6758.7168117734
2018-03-22 02:00:00,6776.853503398984
2018-03-22 03:00:00,6556.8689029456955
2018-03-22 04:00:00,6211.098028028415
2018-03-22 05:00:00,5851.290430086237
2018-03-22 06:00:00,5634.823651439179
2018-03-22 07:00:00,5520.153468789906
2018-03-22 08:00:00,5471.597050720656
2018-03-22 09:00:00,5487.985170250089
2018-03-22 10:00:00,5657.660486659385
2018-03-22 11:00:00,6071.891406550564
2018-03-22 12:00:00,6725.51247540072
2018-03-22 13:00:00,6936.938088309703
2018-03-22 14:00:00,6913.152653233065
2018-03-22 15:00:00,6834.855012230617
2018-03-22 16:00:00,6780.6119031660055
2018-03-22 17:00:00,6701.370173110608
2018-03-22 18:00:00,6600.681875063611
2018-03-22 19:00:00,6560.628446375211
2018-03-22 20:00:00,6459.374603305789
2018-03-22 21:00:00,6324.886845169502
2018-03-22 22:00:00,6252.852345045944
2018-03-22 23:00:00,6217.813286631364
2018-03-23 00:00:00,6239.783621618241
2018-03-23 01:00:00,6564.4710404902235
2018-03-23 02:00:00,6582.02546350919
2018-03-23 03:00:00,6386.030023820435
2018-03-23 04:00:00,6054.3018102707865
2018-03-23 05:00:00,5718.481698175962
2018-03-23 06:00:00,5484.461866896721
2018-03-23 07:00:00,5352.240215173329
2018-03-23 08:00:00,5308.363658974287
2018-03-23 09:00:00,5317.729442869596
2018-03-23 10:00:00,5505.54005006465
2018-03-23 11:00:00,5918.599489449554
2018-03-23 12:00:00,6521.902046984701
2018-03-23 13:00:00,6745.30839546081
2018-03-23 14:00:00,6765.6283767353
2018-03-23 15:00:00,6724.2674285263465
2018-03-23 16:00:00,6697.799364249642
2018-03-23 17:00:00,6617.787314121345
2018-03-23 18:00:00,6558.107190977461
2018-03-23 19:00:00,6496.670334322797
2018-03-23 20:00:00,6410.356678808277
2018-03-23 21:00:00,6290.649057521446
2018-03-23 22:00:00,6282.3132908086545
2018-03-23 23:00:00,6302.012795845768
2018-03-24 00:00:00,6369.044652788873
2018-03-24 01:00:00,6658.651368733077
2018-03-24 02:00:00,6644.612788072761
2018-03-24 03:00:00,6505.950460261066
2018-03-24 04:00:00,6173.051527531134
2018-03-24 05:00:00,5823.773854807982
2018-03-24 06:00:00,5584.488451858435
2018-03-24 07:00:00,5400.196671419918
2018-03-24 08:00:00,5314.776744608654
2018-03-24 09:00:00,5269.730291461398
2018-03-24 10:00:00,5357.4927529426595
2018-03-24 11:00:00,5478.021373526658
2018-03-24 12:00:00,5799.218535094814
2018-03-24 13:00:00,5928.863904770979
2018-03-24 14:00:00,6174.1321845440525
2018-03-24 15:00:00,6311.119281367905
2018-03-24 16:00:00,6367.222538811654
2018-03-24 17:00:00,6384.220327793121
2018-03-24 18:00:00,6284.629507648481
2018-03-24 19:00:00,6170.577965668135
2018-03-24 20:00:00,6096.8493297027835
2018-03-24 21:00:00,5999.89144326216
2018-03-24 22:00:00,5981.894644955286
2018-03-24 23:00:00,6007.194546662418
2018-03-25 00:00:00,6026.820103722944
2018-03-25 01:00:00,6235.098639135863
2018-03-25 02:00:00,6250.890055317879
2018-03-25 03:00:00,6119.245982432994
2018-03-25 04:00:00,5900.432283878229
2018-03-25 05:00:00,5611.99796203149
2018-03-25 06:00:00,5453.447629724494
2018-03-25 07:00:00,5323.566776847835
2018-03-25 08:00:00,5262.725344512923
2018-03-25 09:00:00,5294.31886589388
2018-03-25 10:00:00,5331.76643997185
2018-03-25 11:00:00,5430.64395786448
2018-03-25 12:00:00,5589.976879930507
2018-03-25 13:00:00,5576.266739368864
2018-03-25 14:00:00,5673.555491197437
2018-03-25 15:00:00,5703.081855048621
2018-03-25 16:00:00,5704.0446115247605
2018-03-25 17:00:00,5686.714262053705
2018-03-25 18:00:00,5644.106711684247
2018-03-25 19:00:00,5573.34841968925
2018-03-25 20:00:00,5495.184182203552
2018-03-25 21:00:00,5478.013294957192
2018-03-25 22:00:00,5495.906615328403
2018-03-25 23:00:00,5570.053250855751
2018-03-26 00:00:00,5654.197554735153
2018-03-26 01:00:00,6032.065789558352
2018-03-26 02:00:00,6133.2837104082
2018-03-26 03:00:00,6005.153865870863
2018-03-26 04:00:00,5798.041694853558
2018-03-26 05:00:00,5589.758774202928
2018-03-26 06:00:00,5434.134311028933
2018-03-26 07:00:00,5362.17331523278
2018-03-26 08:00:00,5341.698656893151
2018-03-26 09:00:00,5364.521514168151
2018-03-26 10:00:00,5537.707709090634
2018-03-26 11:00:00,5967.731659174931
2018-03-26 12:00:00,6532.510585003621
2018-03-26 13:00:00,6761.948885784612
2018-03-26 14:00:00,6801.339198998018
2018-03-26 15:00:00,6723.628676711558
2018-03-26 16:00:00,6688.566729250369
2018-03-26 17:00:00,6657.3122879398925
2018-03-26 18:00:00,6603.829192953464
2018-03-26 19:00:00,6568.225772746074
2018-03-26 20:00:00,6504.109269128006
2018-03-26 21:00:00,6452.592504583351
2018-03-26 22:00:00,6415.5308775450685
2018-03-26 23:00:00,6399.000408238005
2018-03-27 00:00:00,6402.989966563881
2018-03-27 01:00:00,6572.657821978461
2018-03-27 02:00:00,6471.4404492833255
2018-03-27 03:00:00,6242.093079785655
2018-03-27 04:00:00,5915.627057618911
2018-03-27 05:00:00,5593.258202373201
2018-03-27 06:00:00,5354.555433466746
2018-03-27 07:00:00,5201.27119053173
2018-03-27 08:00:00,5115.269421456406
2018-03-27 09:00:00,5060.8657417179875
2018-03-27 10:00:00,5194.266761284929
2018-03-27 11:00:00,5540.043574544943
2018-03-27 12:00:00,6085.901818149192
2018-03-27 13:00:00,6379.843457955609
2018-03-27 14:00:00,6514.168753723786
2018-03-27 15:00:00,6588.342905277263
2018-03-27 16:00:00,6644.884462778554
2018-03-27 17:00:00,6613.948410909165
2018-03-27 18:00:00,6552.992243967814
2018-03-27 19:00:00,6540.274800159695
2018-03-27 20:00:00,6495.920572413993
2018-03-27 21:00:00,6431.400715701388
2018-03-27 22:00:00,6382.99742230886
2018-03-27 23:00:00,6354.858946700648
2018-03-28 00:00:00,6319.325402876611
2018-03-28 01:00:00,6485.482410231045
2018-03-28 02:00:00,6419.9519496609855
2018-03-28 03:00:00,6204.060831310936
2018-03-28 04:00:00,5870.576066968746
2018-03-28 05:00:00,5549.377595919885
2018-03-28 06:00:00,5320.620260553945
2018-03-28 07:00:00,5203.608822262341
2018-03-28 08:00:00,5103.566858515597
2018-03-28 09:00:00,5089.526115689465
2018-03-28 10:00:00,5238.137318235156
2018-03-28 11:00:00,5606.731415863914
2018-03-28 12:00:00,6133.395430163714
2018-03-28 13:00:00,6382.897562370077
2018-03-28 14:00:00,6516.838305306944
2018-03-28 15:00:00,6523.03518667615
2018-03-28 16:00:00,6506.964889371839
2018-03-28 17:00:00,6435.19608376651
2018-03-28 18:00:00,6396.011707204501
2018-03-28 19:00:00,6359.0081495628565
2018-03-28 20:00:00,6278.0219868634795
2018-03-28 21:00:00,6191.575739079285
2018-03-28 22:00:00,6131.799172651899
2018-03-28 23:00:00,6138.061463038192
2018-03-29 00:00:00,6130.350349827444
2018-03-29 01:00:00,6371.392516740809
2018-03-29 02:00:00,6332.19094992563
2018-03-29 03:00:00,6105.183161153107
2018-03-29 04:00:00,5772.283223472865
2018-03-29 05:00:00,5440.554065878986
2018-03-29 06:00:00,5205.362814999549
2018-03-29 07:00:00,5069.044392244636
2018-03-29 08:00:00,4985.967213274644
2018-03-29 09:00:00,4980.702098399933
2018-03-29 10:00:00,5130.483411065114
2018-03-29 11:00:00,5451.103572402515
2018-03-29 12:00:00,5995.209467733697
2018-03-29 13:00:00,6261.643020552573
2018-03-29 14:00:00,6432.081734674467
2018-03-29 15:00:00,6478.414503086227
2018-03-29 16:00:00,6485.154825695315
2018-03-29 17:00:00,6456.879992636717
2018-03-29 18:00:00,6438.663754435593
2018-03-29 19:00:00,6437.471293914928
2018-03-29 20:00:00,6401.883263915643
2018-03-29 21:00:00,6359.328392723513
2018-03-29 22:00:00,6346.653090186506
2018-03-29 23:00:00,6322.176699226702
2018-03-30 00:00:00,6264.332237161177
2018-03-30 01:00:00,6463.837032711132
2018-03-30 02:00:00,6441.014571325647
2018-03-30 03:00:00,6245.016238598126
2018-03-30 04:00:00,5906.264410386685
2018-03-30 05:00:00,5565.173275527455
2018-03-30 06:00:00,5334.661703799989
2018-03-30 07:00:00,5169.092812035787
2018-03-30 08:00:00,5093.039004103269
2018-03-30 09:00:00,5086.018830634961
2018-03-30 10:00:00,5197.185900296163
2018-03-30 11:00:00,5490.305687372409
2018-03-30 12:00:00,5863.654818477784
2018-03-30 13:00:00,6026.757743794725
2018-03-30 14:00:00,6160.192092312524
2018-03-30 15:00:00,6167.706035303565
2018-03-30 16:00:00,6116.108986357559
2018-03-30 17:00:00,6037.360667341274
2018-03-30 18:00:00,5930.156076590955
2018-03-30 19:00:00,5866.323571639059
2018-03-30 20:00:00,5781.2641921613
2018-03-30 21:00:00,5699.624535028929
2018-03-30 22:00:00,5661.705266276138
2018-03-30 23:00:00,5697.102687481433
2018-03-31 00:00:00,5746.558924904181
2018-03-31 01:00:00,5940.777070778878
2018-03-31 02:00:00,5963.597491810705
2018-03-31 03:00:00,5834.886870865695
2018-03-31 04:00:00,5584.48077769244
2018-03-31 05:00:00,5321.789457082245
2018-03-31 06:00:00,5129.890788425012
2018-03-31 07:00:00,5002.9352869796785
2018-03-31 08:00:00,4953.791971441785
2018-03-31 09:00:00,4904.067544512781
2018-03-31 10:00:00,4954.970517053262
2018-03-31 11:00:00,5070.2295461657195
2018-03-31 12:00:00,5327.6561173376795
2018-03-31 13:00:00,5489.826581217161
2018-03-31 14:00:00,5803.759224281974
2018-03-31 15:00:00,5911.3857970209165
2018-03-31 16:00:00,5965.41963390068
2018-03-31 17:00:00,5911.331777909841
2018-03-31 18:00:00,5757.977627700541
2018-03-31 19:00:00,5608.937934729694
2018-03-31 20:00:00,5507.5237425438145
2018-03-31 21:00:00,5407.693586691566
2018-03-31 22:00:00,5363.876426238607
2018-03-31 23:00:00,5392.668100263371
2018-04-01 00:00:00,5455.8267474981385
2018-04-01 01:00:00,5762.922829765575
2018-04-01 02:00:00,5860.040568843462
2018-04-01 03:00:00,5767.009064045374
2018-04-01 04:00:00,5590.902755614389
2018-04-01 05:00:00,5339.911531248789
2018-04-01 06:00:00,5165.562687201535
2018-04-01 07:00:00,5050.309657337892
2018-04-01 08:00:00,5014.623750163124
2018-04-01 09:00:00,4998.243426611844
2018-04-01 10:00:00,5084.835564802335
2018-04-01 11:00:00,5196.000929093318
2018-04-01 12:00:00,5298.2706510275
2018-04-01 13:00:00,5300.256568282012
2018-04-01 14:00:00,5391.848290079371
2018-04-01 15:00:00,5480.944663691854
2018-04-01 16:00:00,5505.207523801596
2018-04-01 17:00:00,5478.823036170251
2018-04-01 18:00:00,5395.099107189939
2018-04-01 19:00:00,5338.113298858568
2018-04-01 20:00:00,5300.933675422878
2018-04-01 21:00:00,5286.411616922617
2018-04-01 22:00:00,5301.2982649033065
2018-04-01 23:00:00,5379.4983772980095
2018-04-02 00:00:00,5531.334225912351
2018-04-02 01:00:00,5847.770902909788
2018-04-02 02:00:00,5951.323166561964
2018-04-02 03:00:00,5840.743420711961
2018-04-02 04:00:00,5651.769433519182
2018-04-02 05:00:00,5417.16596324654
2018-04-02 06:00:00,5308.346757537274
2018-04-02 07:00:00,5242.236434150732
2018-04-02 08:00:00,5200.700829063624
2018-04-02 09:00:00,5298.4086327262785
2018-04-02 10:00:00,5489.733255097603
2018-04-02 11:00:00,5951.351061546295
2018-04-02 12:00:00,6501.892117649876
2018-04-02 13:00:00,6767.463387345927
2018-04-02 14:00:00,6832.0886221910505
2018-04-02 15:00:00,6743.935774447881
2018-04-02 16:00:00,6730.722679222128
2018-04-02 17:00:00,6702.979683640803
2018-04-02 18:00:00,6653.232710039373
2018-04-02 19:00:00,6618.628449582772
2018-04-02 20:00:00,6570.509321143805
2018-04-02 21:00:00,6464.669228799608
2018-04-02 22:00:00,6380.951886906426
2018-04-02 23:00:00,6382.4755375298955
2018-04-03 00:00:00,6368.584153440859
2018-04-03 01:00:00,6637.604339024722
2018-04-03 02:00:00,6611.273983523938
2018-04-03 03:00:00,6378.999739942961
2018-04-03 04:00:00,5982.327506496301
2018-04-03 05:00:00,5603.209300179093
2018-04-03 06:00:00,5365.674966474948
2018-04-03 07:00:00,5239.885859878265
2018-04-03 08:00:00,5172.606857665097
2018-04-03 09:00:00,5148.625005630082
2018-04-03 10:00:00,5290.2153951936325
2018-04-03 11:00:00,5701.517461553924
2018-04-03 12:00:00,6300.110613268882
2018-04-03 13:00:00,6643.464353595942
2018-04-03 14:00:00,6809.150698394467
2018-04-03 15:00:00,6858.753801437387
2018-04-03 16:00:00,6923.939993966324
2018-04-03 17:00:00,6939.401976053257
2018-04-03 18:00:00,6894.84967404863
2018-04-03 19:00:00,6909.249059936389
2018-04-03 20:00:00,6883.454252392087
2018-04-03 21:00:00,6827.231675485923
2018-04-03 22:00:00,6811.697246851907
2018-04-03 23:00:00,6823.600461168226
2018-04-04 00:00:00,6805.067913125381
2018-04-04 01:00:00,6915.47773445806
2018-04-04 02:00:00,6831.227217346373
2018-04-04 03:00:00,6543.959533972604
2018-04-04 04:00:00,6188.829209392264
2018-04-04 05:00:00,5858.862236403263
2018-04-04 06:00:00,5657.021544945957
2018-04-04 07:00:00,5536.505014218705
2018-04-04 08:00:00,5508.427213384239
2018-04-04 09:00:00,5541.198275426364
2018-04-04 10:00:00,5740.130212358959
2018-04-04 11:00:00,6159.6273434342775
2018-04-04 12:00:00,6706.575040688743
2018-04-04 13:00:00,6998.953421679823
2018-04-04 14:00:00,7094.994303990729
2018-04-04 15:00:00,7044.675886196067
2018-04-04 16:00:00,7050.06257737385
2018-04-04 17:00:00,7018.745933846015
2018-04-04 18:00:00,6973.21862992758
2018-04-04 19:00:00,6982.371855308873
2018-04-04 20:00:00,6929.653983741514
2018-04-04 21:00:00,6826.525816890715
2018-04-04 22:00:00,6773.662961160197
2018-04-04 23:00:00,6731.645461791207
2018-04-05 00:00:00,6686.42631766036
2018-04-05 01:00:00,6901.481788053271
2018-04-05 02:00:00,6973.441992070393
2018-04-05 03:00:00,6728.882429693355
2018-04-05 04:00:00,6333.967751989545
2018-04-05 05:00:00,5992.878505218773
2018-04-05 06:00:00,5771.730524767761
2018-04-05 07:00:00,5651.795897210648
2018-04-05 08:00:00,5582.177375178412
2018-04-05 09:00:00,5594.468754129363
2018-04-05 10:00:00,5720.266478936269
2018-04-05 11:00:00,6146.197281900766
2018-04-05 12:00:00,6725.083005280061
2018-04-05 13:00:00,6927.920974593252
2018-04-05 14:00:00,6949.412566293531
2018-04-05 15:00:00,6873.11344214443
2018-04-05 16:00:00,6832.87945783355
2018-04-05 17:00:00,6770.702575717797
2018-04-05 18:00:00,6672.348133588401
2018-04-05 19:00:00,6653.862388762139
2018-04-05 20:00:00,6618.372792885721
2018-04-05 21:00:00,6600.540213423856
2018-04-05 22:00:00,6619.926887935237
2018-04-05 23:00:00,6674.960815742324
2018-04-06 00:00:00,6658.671137257327
2018-04-06 01:00:00,6833.581780967036
2018-04-06 02:00:00,6798.482314465319
2018-04-06 03:00:00,6566.211877514297
2018-04-06 04:00:00,6175.977274851974
2018-04-06 05:00:00,5818.509775336619
2018-04-06 06:00:00,5597.357318288777
2018-04-06 07:00:00,5461.625214394753
2018-04-06 08:00:00,5371.529171437159
2018-04-06 09:00:00,5369.779503031583
2018-04-06 10:00:00,5506.686985420958
2018-04-06 11:00:00,5894.5910214578735
2018-04-06 12:00:00,6434.092466833852
2018-04-06 13:00:00,6732.409519202098
2018-04-06 14:00:00,6901.58492339861
2018-04-06 15:00:00,6979.398471616768
2018-04-06 16:00:00,6969.485540003412
2018-04-06 17:00:00,6906.016747339919
2018-04-06 18:00:00,6942.230536381238
2018-04-06 19:00:00,6971.712236119363
2018-04-06 20:00:00,6899.111669154186
2018-04-06 21:00:00,6749.645229529621
2018-04-06 22:00:00,6663.380515502308
2018-04-06 23:00:00,6625.895007433044
2018-04-07 00:00:00,6625.5035362534945
2018-04-07 01:00:00,6815.4583668667465
2018-04-07 02:00:00,6858.168619576255
2018-04-07 03:00:00,6698.442939226948
2018-04-07 04:00:00,6372.565580805146
2018-04-07 05:00:00,6073.601181474182
2018-04-07 06:00:00,5846.601127773734
2018-04-07 07:00:00,5719.058363423281
2018-04-07 08:00:00,5632.472681277198
2018-04-07 09:00:00,5619.603571222538
2018-04-07 10:00:00,5690.39555320863
2018-04-07 11:00:00,5877.035563035559
2018-04-07 12:00:00,6061.1868344631275
2018-04-07 13:00:00,6192.749493585077
2018-04-07 14:00:00,6299.674289621912
2018-04-07 15:00:00,6345.936092293747
2018-04-07 16:00:00,6335.052883779361
2018-04-07 17:00:00,6269.087494314059
2018-04-07 18:00:00,6167.867868093989
2018-04-07 19:00:00,5994.102449868857
2018-04-07 20:00:00,5884.3635466203905
2018-04-07 21:00:00,5759.014082614112
2018-04-07 22:00:00,5705.936458850696
2018-04-07 23:00:00,5684.987511850926
2018-04-08 00:00:00,5727.512323990515
2018-04-08 01:00:00,6023.866400511693
2018-04-08 02:00:00,6208.7453220431735
2018-04-08 03:00:00,6095.8298325510195
2018-04-08 04:00:00,5872.9219210200645
2018-04-08 05:00:00,5671.075748015621
2018-04-08 06:00:00,5498.488784042846
2018-04-08 07:00:00,5389.671679593317
2018-04-08 08:00:00,5335.264619567496
2018-04-08 09:00:00,5310.109916639421
2018-04-08 10:00:00,5353.994664706132
2018-04-08 11:00:00,5456.970445829227
2018-04-08 12:00:00,5544.076644528715
2018-04-08 13:00:00,5543.706829523982
2018-04-08 14:00:00,5612.690426149247
2018-04-08 15:00:00,5669.4824618862285
2018-04-08 16:00:00,5638.979610832456
2018-04-08 17:00:00,5643.619598540793
2018-04-08 18:00:00,5599.411294970151
2018-04-08 19:00:00,5563.6144488650025
2018-04-08 20:00:00,5513.732381416736
2018-04-08 21:00:00,5469.405427196054
2018-04-08 22:00:00,5555.823020083258
2018-04-08 23:00:00,5648.831578287073
2018-04-09 00:00:00,5813.967149263317
2018-04-09 01:00:00,6084.72372933331
2018-04-09 02:00:00,6154.34286042634
2018-04-09 03:00:00,5976.479879390657
2018-04-09 04:00:00,5720.222870183473
2018-04-09 05:00:00,5514.864448279059
2018-04-09 06:00:00,5372.7009260207915
2018-04-09 07:00:00,5292.549220294284
2018-04-09 08:00:00,5268.5652669995325
2018-04-09 09:00:00,5303.674082584426
2018-04-09 10:00:00,5471.010701406725
2018-04-09 11:00:00,5930.8764032066665
2018-04-09 12:00:00,6469.427336099553
2018-04-09 13:00:00,6794.207925510172
2018-04-09 14:00:00,6919.971098515577
2018-04-09 15:00:00,6941.805805801813
2018-04-09 16:00:00,6942.536514793993
2018-04-09 17:00:00,6917.749373345714
2018-04-09 18:00:00,6907.323137072404
2018-04-09 19:00:00,6889.840994782306
2018-04-09 20:00:00,6814.453635685603
2018-04-09 21:00:00,6779.467550303568
2018-04-09 22:00:00,6738.5952716588135
2018-04-09 23:00:00,6708.982839489968
2018-04-10 00:00:00,6667.522084578847
2018-04-10 01:00:00,6806.099069468884
2018-04-10 02:00:00,6807.266317002647
2018-04-10 03:00:00,6547.496328022541
2018-04-10 04:00:00,6148.485610160162
2018-04-10 05:00:00,5835.479523958837
2018-04-10 06:00:00,5610.2345288519855
2018-04-10 07:00:00,5517.211489998925
2018-04-10 08:00:00,5462.802328713366
2018-04-10 09:00:00,5469.242852536469
2018-04-10 10:00:00,5645.940870016366
2018-04-10 11:00:00,6077.726608816026
2018-04-10 12:00:00,6586.18328714945
2018-04-10 13:00:00,6826.896972835922
2018-04-10 14:00:00,6829.150446714303
2018-04-10 15:00:00,6776.494931790729
2018-04-10 16:00:00,6744.52272809355
2018-04-10 17:00:00,6663.139243915284
2018-04-10 18:00:00,6585.911306062039
2018-04-10 19:00:00,6581.2021471818925
2018-04-10 20:00:00,6492.6496565759635
2018-04-10 21:00:00,6428.396831437501
2018-04-10 22:00:00,6386.4711512503245
2018-04-10 23:00:00,6349.867216693579
2018-04-11 00:00:00,6336.991850181488
2018-04-11 01:00:00,6532.879102667328
2018-04-11 02:00:00,6586.11964603234
2018-04-11 03:00:00,6330.446854426311
2018-04-11 04:00:00,5970.049252805444
2018-04-11 05:00:00,5627.792058080997
2018-04-11 06:00:00,5408.982318421388
2018-04-11 07:00:00,5267.986926835033
2018-04-11 08:00:00,5179.643110338347
2018-04-11 09:00:00,5201.295979306015
2018-04-11 10:00:00,5341.133776972182
2018-04-11 11:00:00,5801.582112815216
2018-04-11 12:00:00,6296.579768774411
2018-04-11 13:00:00,6541.820487392092
2018-04-11 14:00:00,6570.832310117093
2018-04-11 15:00:00,6533.675577161225
2018-04-11 16:00:00,6504.730752476918
2018-04-11 17:00:00,6455.673284009341
2018-04-11 18:00:00,6389.544768735044
2018-04-11 19:00:00,6379.659054970149
2018-04-11 20:00:00,6315.192399928177
2018-04-11 21:00:00,6231.650210237848
2018-04-11 22:00:00,6160.273221470689
2018-04-11 23:00:00,6124.657380028962
2018-04-12 00:00:00,6111.724624355683
2018-04-12 01:00:00,6309.369249866135
2018-04-12 02:00:00,6306.446456490142
2018-04-12 03:00:00,6061.885523726319
2018-04-12 04:00:00,5718.454229534186
2018-04-12 05:00:00,5330.561339309787
2018-04-12 06:00:00,5118.76869736148
2018-04-12 07:00:00,4974.263310400091
2018-04-12 08:00:00,4894.696218164252
2018-04-12 09:00:00,4875.394410717684
2018-04-12 10:00:00,4994.167911802007
2018-04-12 11:00:00,5399.040173809157
2018-04-12 12:00:00,5882.934262260287
2018-04-12 13:00:00,6162.852350210348
2018-04-12 14:00:00,6335.5514914508385
2018-04-12 15:00:00,6324.481799572437
2018-04-12 16:00:00,6378.071060469373
2018-04-12 17:00:00,6388.710947960284
2018-04-12 18:00:00,6382.625082610956
2018-04-12 19:00:00,6401.586326302055
2018-04-12 20:00:00,6329.606644738066
2018-04-12 21:00:00,6199.062681906055
2018-04-12 22:00:00,6094.122040163154
2018-04-12 23:00:00,5980.685621328056
2018-04-13 00:00:00,5889.1621956717145
2018-04-13 01:00:00,6122.157447278234
2018-04-13 02:00:00,6204.068048681336
2018-04-13 03:00:00,5981.153955183328
2018-04-13 04:00:00,5642.983360175156
2018-04-13 05:00:00,5304.816389078705
2018-04-13 06:00:00,5091.851748922448
2018-04-13 07:00:00,4956.703862629579
2018-04-13 08:00:00,4892.929343791267
2018-04-13 09:00:00,4893.5162717129515
2018-04-13 10:00:00,5016.968842888451
2018-04-13 11:00:00,5417.7447297535955
2018-04-13 12:00:00,5909.946827428296
2018-04-13 13:00:00,6192.7658389703665
2018-04-13 14:00:00,6332.67092638262
2018-04-13 15:00:00,6394.445425900061
2018-04-13 16:00:00,6487.284397885712
2018-04-13 17:00:00,6520.395149775719
2018-04-13 18:00:00,6526.733713554799
2018-04-13 19:00:00,6559.789571271647
2018-04-13 20:00:00,6537.248117960889
2018-04-13 21:00:00,6410.1412526381855
2018-04-13 22:00:00,6395.762241019744
2018-04-13 23:00:00,6315.136670376534
2018-04-14 00:00:00,6307.017487925123
2018-04-14 01:00:00,6438.070765352285
2018-04-14 02:00:00,6412.915483816457
2018-04-14 03:00:00,6220.427968696042
2018-04-14 04:00:00,5869.974704306261
2018-04-14 05:00:00,5556.96456785066
2018-04-14 06:00:00,5359.795790020212
2018-04-14 07:00:00,5235.177402603814
2018-04-14 08:00:00,5171.406264052905
2018-04-14 09:00:00,5097.1047434873735
2018-04-14 10:00:00,5170.822746871662
2018-04-14 11:00:00,5322.937854184455
2018-04-14 12:00:00,5579.80274750612
2018-04-14 13:00:00,5781.136817788777
2018-04-14 14:00:00,6016.203257711491
2018-04-14 15:00:00,6210.475874732514
2018-04-14 16:00:00,6268.0277634898075
2018-04-14 17:00:00,6248.611077964273
2018-04-14 18:00:00,6163.874091983309
2018-04-14 19:00:00,6076.263694799333
2018-04-14 20:00:00,6060.068601245809
2018-04-14 21:00:00,6045.027971870958
2018-04-14 22:00:00,6114.2058915230355
2018-04-14 23:00:00,6140.582845861795
2018-04-15 00:00:00,6198.768674137004
2018-04-15 01:00:00,6302.326419336318
2018-04-15 02:00:00,6253.183560594019
2018-04-15 03:00:00,6127.389246527555
2018-04-15 04:00:00,5870.546557973313
2018-04-15 05:00:00,5618.9685274981875
2018-04-15 06:00:00,5378.509695047826
2018-04-15 07:00:00,5274.954477450804
2018-04-15 08:00:00,5162.039231582969
2018-04-15 09:00:00,5146.241998870375
2018-04-15 10:00:00,5159.700290371653
2018-04-15 11:00:00,5273.2039563601165
2018-04-15 12:00:00,5396.346980461217
2018-04-15 13:00:00,5507.932088930129
2018-04-15 14:00:00,5770.948480743384
2018-04-15 15:00:00,5931.12549436589
2018-04-15 16:00:00,6043.109867831277
2018-04-15 17:00:00,6031.952197169785
2018-04-15 18:00:00,5960.458963574006
2018-04-15 19:00:00,5925.344932411977
2018-04-15 20:00:00,5878.567382922177
2018-04-15 21:00:00,5896.958279446077
2018-04-15 22:00:00,5930.0476704611
2018-04-15 23:00:00,6021.824943655348
2018-04-16 00:00:00,6079.637222593734
2018-04-16 01:00:00,6269.586358488569
2018-04-16 02:00:00,6318.732445253074
2018-04-16 03:00:00,6168.953995173621
2018-04-16 04:00:00,5919.132667756234
2018-04-16 05:00:00,5669.898085542293
2018-04-16 06:00:00,5520.710400467523
2018-04-16 07:00:00,5437.049765222368
2018-04-16 08:00:00,5406.629947419581
2018-04-16 09:00:00,5476.2557781813375
2018-04-16 10:00:00,5680.4487492813305
2018-04-16 11:00:00,6132.713440299211
2018-04-16 12:00:00,6689.734911287794
2018-04-16 13:00:00,7068.343371190345
2018-04-16 14:00:00,7215.855681804749
2018-04-16 15:00:00,7236.284826224042
2018-04-16 16:00:00,7253.298830961408
2018-04-16 17:00:00,7210.088153783101
2018-04-16 18:00:00,7191.203709700421
2018-04-16 19:00:00,7188.623015278164
2018-04-16 20:00:00,7127.584076338181
2018-04-16 21:00:00,7067.7187400652765
2018-04-16 22:00:00,7039.544920845247
2018-04-16 23:00:00,7027.083993050736
2018-04-17 00:00:00,6946.698987949921
2018-04-17 01:00:00,7023.761264711394
2018-04-17 02:00:00,7031.94719351452
2018-04-17 03:00:00,6758.719034845296
2018-04-17 04:00:00,6362.047136382073
2018-04-17 05:00:00,6006.329213913175
2018-04-17 06:00:00,5758.851121585697
2018-04-17 07:00:00,5661.730154485606
2018-04-17 08:00:00,5579.82268974559
2018-04-17 09:00:00,5606.153532495008
2018-04-17 10:00:00,5767.054439074471
2018-04-17 11:00:00,6204.68652595211
2018-04-17 12:00:00,6663.345243292695
2018-04-17 13:00:00,6906.926437769432
2018-04-17 14:00:00,6968.323171877564
2018-04-17 15:00:00,6951.213831151311
2018-04-17 16:00:00,6945.331826855052
2018-04-17 17:00:00,6865.070912106585
2018-04-17 18:00:00,6779.371024732336
2018-04-17 19:00:00,6714.195880847225
2018-04-17 20:00:00,6610.2131051133865
2018-04-17 21:00:00,6473.192236127381
2018-04-17 22:00:00,6406.433612224611
2018-04-17 23:00:00,6352.010098733413
2018-04-18 00:00:00,6294.88012918756
2018-04-18 01:00:00,6501.275897219759
2018-04-18 02:00:00,6706.047086672092
2018-04-18 03:00:00,6531.108604382623
2018-04-18 04:00:00,6187.679746433663
2018-04-18 05:00:00,5812.659559722602
2018-04-18 06:00:00,5630.7072991031555
2018-04-18 07:00:00,5529.492119026875
2018-04-18 08:00:00,5449.931208758089
2018-04-18 09:00:00,5441.745614938399
2018-04-18 10:00:00,5614.344029254085
2018-04-18 11:00:00,6039.6915282086175
2018-04-18 12:00:00,6513.567014491872
2018-04-18 13:00:00,6837.285992147756
2018-04-18 14:00:00,6963.673091097975
2018-04-18 15:00:00,7055.970314377559
2018-04-18 16:00:00,7088.566590122483
2018-04-18 17:00:00,7115.2713847296845
2018-04-18 18:00:00,7102.976740672042
2018-04-18 19:00:00,7118.619576311695
2018-04-18 20:00:00,7047.004714299436
2018-04-18 21:00:00,6993.748433634487
2018-04-18 22:00:00,6967.898101195864
2018-04-18 23:00:00,6991.933205101123
2018-04-19 00:00:00,6945.471013739347
2018-04-19 01:00:00,7026.050993810613
2018-04-19 02:00:00,6975.741648860543
2018-04-19 03:00:00,6701.931282490782
2018-04-19 04:00:00,6321.639768484919
2018-04-19 05:00:00,5973.533789439321
2018-04-19 06:00:00,5759.990900477683
2018-04-19 07:00:00,5614.899864622274
2018-04-19 08:00:00,5527.14693494243
2018-04-19 09:00:00,5485.611786650916
2018-04-19 10:00:00,5624.282702219796
2018-04-19 11:00:00,6023.891432910296
2018-04-19 12:00:00,6471.612304740666
2018-04-19 13:00:00,6698.751765227795
2018-04-19 14:00:00,6760.7947980276
2018-04-19 15:00:00,6742.907698183835
2018-04-19 16:00:00,6720.006771503314
2018-04-19 17:00:00,6654.639250708287
2018-04-19 18:00:00,6572.143731284119
2018-04-19 19:00:00,6521.239449262934
2018-04-19 20:00:00,6413.3260662306175
2018-04-19 21:00:00,6292.305256366226
2018-04-19 22:00:00,6183.009791341912
2018-04-19 23:00:00,6119.430571503588
2018-04-20 00:00:00,6069.117218144071
2018-04-20 01:00:00,6206.987004974331
2018-04-20 02:00:00,6405.9116940834865
2018-04-20 03:00:00,6252.04027960247
2018-04-20 04:00:00,5915.6314124035825
2018-04-20 05:00:00,5607.305736227178
2018-04-20 06:00:00,5406.047709266005
2018-04-20 07:00:00,5296.643585535672
2018-04-20 08:00:00,5224.686792258992
2018-04-20 09:00:00,5241.658428969668
2018-04-20 10:00:00,5403.72856253047
2018-04-20 11:00:00,5810.940831605323
2018-04-20 12:00:00,6239.377228270202
2018-04-20 13:00:00,6492.839887793794
2018-04-20 14:00:00,6515.102385523163
2018-04-20 15:00:00,6463.282339154213
2018-04-20 16:00:00,6435.791342984656
2018-04-20 17:00:00,6371.328689035366
2018-04-20 18:00:00,6326.985417098655
2018-04-20 19:00:00,6308.117453660976
2018-04-20 20:00:00,6232.197808398762
2018-04-20 21:00:00,6112.9369754914715
2018-04-20 22:00:00,6023.282222904145
2018-04-20 23:00:00,5919.974418460988
2018-04-21 00:00:00,5842.119700153266
2018-04-21 01:00:00,5943.702818099718
2018-04-21 02:00:00,6127.995786206781
2018-04-21 03:00:00,5967.104533240893
2018-04-21 04:00:00,5672.229261228495
2018-04-21 05:00:00,5348.695381520919
2018-04-21 06:00:00,5149.191560468233
2018-04-21 07:00:00,4999.419596886228
2018-04-21 08:00:00,4929.7991563124915
2018-04-21 09:00:00,4889.434331311746
2018-04-21 10:00:00,4946.189803444217
2018-04-21 11:00:00,5099.479132036856
2018-04-21 12:00:00,5278.747048534046
2018-04-21 13:00:00,5476.300724447819
2018-04-21 14:00:00,5689.547062861425
2018-04-21 15:00:00,5773.5780770115525
2018-04-21 16:00:00,5835.890641850477
2018-04-21 17:00:00,5771.360180848622
2018-04-21 18:00:00,5702.023545268919
2018-04-21 19:00:00,5570.618393462288
2018-04-21 20:00:00,5487.0263405439
2018-04-21 21:00:00,5407.325479366049
2018-04-21 22:00:00,5385.090338476041
2018-04-21 23:00:00,5357.271451807142
2018-04-22 00:00:00,5422.957388569424
2018-04-22 01:00:00,5616.652608784857
2018-04-22 02:00:00,5745.3666100172695
2018-04-22 03:00:00,5645.314992656952
2018-04-22 04:00:00,5382.035008301812
2018-04-22 05:00:00,5149.181297793866
2018-04-22 06:00:00,4931.540998286874
2018-04-22 07:00:00,4790.5435663468625
2018-04-22 08:00:00,4694.5950237972775
2018-04-22 09:00:00,4664.759728126042
2018-04-22 10:00:00,4678.21533975983
2018-04-22 11:00:00,4767.146449614676
2018-04-22 12:00:00,4801.12345926819
2018-04-22 13:00:00,4936.296838102268
2018-04-22 14:00:00,5055.450044069755
2018-04-22 15:00:00,5120.517946624787
2018-04-22 16:00:00,5171.421279841401
2018-04-22 17:00:00,5179.438169426579
2018-04-22 18:00:00,5153.749018167175
2018-04-22 19:00:00,5144.461552414742
2018-04-22 20:00:00,5084.3424933791175
2018-04-22 21:00:00,5061.654353850701
2018-04-22 22:00:00,5093.832621926274
2018-04-22 23:00:00,5122.361153573304
2018-04-23 00:00:00,5144.960827829291
2018-04-23 01:00:00,5294.299040965059
2018-04-23 02:00:00,5557.569706690063
2018-04-23 03:00:00,5444.059493298072
2018-04-23 04:00:00,5201.84146064072
2018-04-23 05:00:00,4916.33115029156
2018-04-23 06:00:00,4772.993041316972
2018-04-23 07:00:00,4707.468031841014
2018-04-23 08:00:00,4676.46229106685
2018-04-23 09:00:00,4743.746561655881
2018-04-23 10:00:00,4912.839183116006
2018-04-23 11:00:00,5358.664903415807
2018-04-23 12:00:00,5803.043941427888
2018-04-23 13:00:00,6204.935364225166
2018-04-23 14:00:00,6275.310019931856
2018-04-23 15:00:00,6311.589139339663
2018-04-23 16:00:00,6313.54089257484
2018-04-23 17:00:00,6301.270702017924
2018-04-23 18:00:00,6280.751910851212
2018-04-23 19:00:00,6288.040564771872
2018-04-23 20:00:00,6226.677818627573
2018-04-23 21:00:00,6156.939871504182
2018-04-23 22:00:00,6075.6895336228345
2018-04-23 23:00:00,6019.813506574542
2018-04-24 00:00:00,5966.785571675729
2018-04-24 01:00:00,6085.889393309009
2018-04-24 02:00:00,6202.309914330734
2018-04-24 03:00:00,5964.18250119089
2018-04-24 04:00:00,5569.266514006376
2018-04-24 05:00:00,5222.910477443711
2018-04-24 06:00:00,4984.2081044267725
2018-04-24 07:00:00,4849.0619539571635
2018-04-24 08:00:00,4757.20838570976
2018-04-24 09:00:00,4741.416116842631
2018-04-24 10:00:00,4870.137457257602
2018-04-24 11:00:00,5269.157493750119
2018-04-24 12:00:00,5726.869296857922
2018-04-24 13:00:00,6087.816417490196
2018-04-24 14:00:00,6194.18248962158
2018-04-24 15:00:00,6226.983682328792
2018-04-24 16:00:00,6293.4261405789775
2018-04-24 17:00:00,6318.686466023186
2018-04-24 18:00:00,6345.341023173181
2018-04-24 19:00:00,6371.983531156761
2018-04-24 20:00:00,6324.084082920641
2018-04-24 21:00:00,6269.578102677815
2018-04-24 22:00:00,6188.146405650471
2018-04-24 23:00:00,6116.879032063364
2018-04-25 00:00:00,5972.715097193827
2018-04-25 01:00:00,6030.307929285105
2018-04-25 02:00:00,6203.480938041413
2018-04-25 03:00:00,5953.653611375214
2018-04-25 04:00:00,5557.565016921955
2018-04-25 05:00:00,5193.074664070801
2018-04-25 06:00:00,4957.88207325762
2018-04-25 07:00:00,4827.416545984212
2018-04-25 08:00:00,4771.837670468679
2018-04-25 09:00:00,4771.8426952202235
2018-04-25 10:00:00,4933.32410413
2018-04-25 11:00:00,5318.887371773221
2018-04-25 12:00:00,5778.069936471611
2018-04-25 13:00:00,6125.405180814566
2018-04-25 14:00:00,6232.758655193028
2018-04-25 15:00:00,6283.899791518098
2018-04-25 16:00:00,6319.6870361230785
2018-04-25 17:00:00,6290.724497248065
2018-04-25 18:00:00,6249.768785430478
2018-04-25 19:00:00,6263.224732047703
2018-04-25 20:00:00,6196.990836769401
2018-04-25 21:00:00,6123.294650339083
2018-04-25 22:00:00,6029.893310758405
2018-04-25 23:00:00,5964.004145504031
2018-04-26 00:00:00,5873.294291481012
2018-04-26 01:00:00,5981.158644951436
2018-04-26 02:00:00,6197.044525378665
2018-04-26 03:00:00,5997.534674624125
2018-04-26 04:00:00,5652.9316258483595
2018-04-26 05:00:00,5298.384940261421
2018-04-26 06:00:00,5101.806166109663
2018-04-26 07:00:00,4982.45529935811
2018-04-26 08:00:00,4908.157159079981
2018-04-26 09:00:00,4935.074016159894
2018-04-26 10:00:00,5085.442043575484
2018-04-26 11:00:00,5478.05709944369
2018-04-26 12:00:00,5908.613227465645
2018-04-26 13:00:00,6207.460304398405
2018-04-26 14:00:00,6289.710706069758
2018-04-26 15:00:00,6273.864640055505
2018-04-26 16:00:00,6319.756396644577
2018-04-26 17:00:00,6292.623166634745
2018-04-26 18:00:00,6292.113497994906
2018-04-26 19:00:00,6301.612813839357
2018-04-26 20:00:00,6252.874943103766
2018-04-26 21:00:00,6181.706227079384
2018-04-26 22:00:00,6097.751696615487
2018-04-26 23:00:00,6009.057914012251
2018-04-27 00:00:00,5896.806325537877
2018-04-27 01:00:00,5943.7137811939965
2018-04-27 02:00:00,6116.307079399019
2018-04-27 03:00:00,5898.658192134843
2018-04-27 04:00:00,5517.197633865878
2018-04-27 05:00:00,5167.332119629853
2018-04-27 06:00:00,4914.001253633025
2018-04-27 07:00:00,4765.983678677745
2018-04-27 08:00:00,4692.8534254472115
2018-04-27 09:00:00,4689.345988127508
2018-04-27 10:00:00,4838.54539762255
2018-04-27 11:00:00,5207.172084505255
2018-04-27 12:00:00,5629.006739083324
2018-04-27 13:00:00,5953.068916324824
2018-04-27 14:00:00,6096.097905284177
2018-04-27 15:00:00,6157.110499319249
2018-04-27 16:00:00,6217.9076729398985
2018-04-27 17:00:00,6214.083121880029
2018-04-27 18:00:00,6213.4966203009
2018-04-27 19:00:00,6226.2686842471285
2018-04-27 20:00:00,6140.79633327464
2018-04-27 21:00:00,6049.068441536765
2018-04-27 22:00:00,5975.643689941537
2018-04-27 23:00:00,5945.192644478916
2018-04-28 00:00:00,5986.597099585423
2018-04-28 01:00:00,6062.461579912843
2018-04-28 02:00:00,6153.735407155924
2018-04-28 03:00:00,5997.519539463412
2018-04-28 04:00:00,5666.374782188926
2018-04-28 05:00:00,5339.906262872928
2018-04-28 06:00:00,5088.915708474201
2018-04-28 07:00:00,4960.20517888831
2018-04-28 08:00:00,4849.630853679368
2018-04-28 09:00:00,4844.9534585053725
2018-04-28 10:00:00,4900.536719258617
2018-04-28 11:00:00,5045.690771456102
2018-04-28 12:00:00,5154.594746956222
2018-04-28 13:00:00,5309.961050659196
2018-04-28 14:00:00,5465.840812441822
2018-04-28 15:00:00,5557.805479992157
2018-04-28 16:00:00,5606.727950035825
2018-04-28 17:00:00,5554.7153653037
2018-04-28 18:00:00,5482.166314823396
2018-04-28 19:00:00,5384.45942475193
2018-04-28 20:00:00,5310.034724868432
2018-04-28 21:00:00,5225.43786887764
2018-04-28 22:00:00,5217.338980728215
2018-04-28 23:00:00,5188.698286520984
2018-04-29 00:00:00,5212.810183403213
2018-04-29 01:00:00,5329.978126658942
2018-04-29 02:00:00,5627.190360435077
2018-04-29 03:00:00,5552.8874999358
2018-04-29 04:00:00,5346.943002794813
2018-04-29 05:00:00,5120.524974076663
2018-04-29 06:00:00,4916.341595684165
2018-04-29 07:00:00,4822.7352223681
2018-04-29 08:00:00,4737.905603765923
2018-04-29 09:00:00,4731.472540937536
2018-04-29 10:00:00,4746.689789021489
2018-04-29 11:00:00,4829.26836738934
2018-04-29 12:00:00,4818.3448366788725
2018-04-29 13:00:00,4932.164968089975
2018-04-29 14:00:00,5022.96273519838
2018-04-29 15:00:00,5112.252449585749
2018-04-29 16:00:00,5139.876761934056
2018-04-29 17:00:00,5132.309175173277
2018-04-29 18:00:00,5120.60378009978
2018-04-29 19:00:00,5080.6826402313645
2018-04-29 20:00:00,5054.9671477466845
2018-04-29 21:00:00,5017.490917617226
2018-04-29 22:00:00,5032.721572824573
2018-04-29 23:00:00,5075.104195559084
2018-04-30 00:00:00,5088.797765165643
2018-04-30 01:00:00,5223.507668039762
2018-04-30 02:00:00,5494.391068967096
2018-04-30 03:00:00,5399.020805675932
2018-04-30 04:00:00,5153.288514217991
2018-04-30 05:00:00,4903.466212303336
2018-04-30 06:00:00,4737.896467854024
2018-04-30 07:00:00,4631.4241515994245
2018-04-30 08:00:00,4571.167089130865
2018-04-30 09:00:00,4665.952921649597
2018-04-30 10:00:00,4856.107829790947
2018-04-30 11:00:00,5271.594415894551
2018-04-30 12:00:00,5735.709308222481
2018-04-30 13:00:00,6074.485938533673
2018-04-30 14:00:00,6165.593991696784
2018-04-30 15:00:00,6264.793101069886
2018-04-30 16:00:00,6349.141818948701
2018-04-30 17:00:00,6375.560419629452
2018-04-30 18:00:00,6403.055708232983
2018-04-30 19:00:00,6444.663092103837
2018-04-30 20:00:00,6433.566545373509
2018-04-30 21:00:00,6371.599137659986
2018-04-30 22:00:00,6322.964253579093
2018-04-30 23:00:00,6269.849373139309
2018-05-01 00:00:00,6139.04644115049
2018-05-01 01:00:00,6120.400013347544
2018-05-01 02:00:00,6292.407693111588
2018-05-01 03:00:00,6060.132353221181
2018-05-01 04:00:00,5650.585010471051
2018-05-01 05:00:00,5228.756490538254
2018-05-01 06:00:00,4921.018686327764
2018-05-01 07:00:00,4744.918255333434
2018-05-01 08:00:00,4632.003527167272
2018-05-01 09:00:00,4589.2969592755635
2018-05-01 10:00:00,4692.275755249584
2018-05-01 11:00:00,4984.316408940335
2018-05-01 12:00:00,5439.570878549901
2018-05-01 13:00:00,5886.86648944182
2018-05-01 14:00:00,6178.4461041636805
2018-05-01 15:00:00,6392.754707430156
2018-05-01 16:00:00,6594.112853699958
2018-05-01 17:00:00,6738.538470645948
2018-05-01 18:00:00,6846.35758542789
2018-05-01 19:00:00,6986.34117190394
2018-05-01 20:00:00,7035.381140111003
2018-05-01 21:00:00,7040.402036523182
2018-05-01 22:00:00,7011.061503654482
2018-05-01 23:00:00,6937.800978104547
2018-05-02 00:00:00,6793.271861562526
2018-05-02 01:00:00,6782.092459112624
2018-05-02 02:00:00,6944.739440638982
2018-05-02 03:00:00,6697.837465404108
2018-05-02 04:00:00,6229.2015258407655
2018-05-02 05:00:00,5776.94810244756
2018-05-02 06:00:00,5448.731071941493
2018-05-02 07:00:00,5203.0073073346575
2018-05-02 08:00:00,5026.320466120317
2018-05-02 09:00:00,4949.0964567091905
2018-05-02 10:00:00,5018.1389530079405
2018-05-02 11:00:00,5361.634908006292
2018-05-02 12:00:00,5846.406122350245
2018-05-02 13:00:00,6348.564236225632
2018-05-02 14:00:00,6663.889003105047
2018-05-02 15:00:00,6887.333450674055
2018-05-02 16:00:00,7078.316808463394
2018-05-02 17:00:00,7283.182618777192
2018-05-02 18:00:00,7468.147501083794
2018-05-02 19:00:00,7721.6988526468
2018-05-02 20:00:00,7864.24775952042
2018-05-02 21:00:00,7934.619156035259
2018-05-02 22:00:00,7824.000159760402
2018-05-02 23:00:00,7670.963868903404
2018-05-03 00:00:00,7546.634919576771
2018-05-03 01:00:00,7555.548464715046
2018-05-03 02:00:00,7412.802338866725
2018-05-03 03:00:00,7052.989929344282
2018-05-03 04:00:00,6529.357870120657
2018-05-03 05:00:00,6030.299585152237
2018-05-03 06:00:00,5644.744357111488
2018-05-03 07:00:00,5359.236422099422
2018-05-03 08:00:00,5184.890471090935
2018-05-03 09:00:00,5134.575644593725
2018-05-03 10:00:00,5217.072564857719
2018-05-03 11:00:00,5503.180157162047
2018-05-03 12:00:00,5993.845001941842
2018-05-03 13:00:00,6428.91186572716
2018-05-03 14:00:00,6621.576291250664
2018-05-03 15:00:00,6803.601624378013
2018-05-03 16:00:00,6960.9018395572475
2018-05-03 17:00:00,6962.457645016043
2018-05-03 18:00:00,6999.7937924771095
2018-05-03 19:00:00,7046.190596203448
2018-05-03 20:00:00,6936.1797907346945
2018-05-03 21:00:00,6759.715375288399
2018-05-03 22:00:00,6697.616419105642
2018-05-03 23:00:00,6611.063902660033
2018-05-04 00:00:00,6482.564550247476
2018-05-04 01:00:00,6467.938706682039
2018-05-04 02:00:00,6539.313048633864
2018-05-04 03:00:00,6311.718849641332
2018-05-04 04:00:00,5899.244023747099
2018-05-04 05:00:00,5504.327275236593
2018-05-04 06:00:00,5214.722812817323
2018-05-04 07:00:00,5040.958612713779
2018-05-04 08:00:00,4937.986851391918
2018-05-04 09:00:00,4891.7708971859665
2018-05-04 10:00:00,4992.994604113352
2018-05-04 11:00:00,5311.962282593419
2018-05-04 12:00:00,5784.47485618984
2018-05-04 13:00:00,6213.81477392604
2018-05-04 14:00:00,6424.905847583174
2018-05-04 15:00:00,6520.9267783728765
2018-05-04 16:00:00,6586.59134574622
2018-05-04 17:00:00,6655.297861262968
2018-05-04 18:00:00,6727.069523977075
2018-05-04 19:00:00,6833.799980524964
2018-05-04 20:00:00,6872.96370657907
2018-05-04 21:00:00,6876.340966254215
2018-05-04 22:00:00,6899.699426229508
2018-05-04 23:00:00,6835.901441619343
2018-05-05 00:00:00,6662.672409766183
2018-05-05 01:00:00,6477.28451338333
2018-05-05 02:00:00,6511.219412218775
2018-05-05 03:00:00,6317.556762227324
2018-05-05 04:00:00,5888.704384008422
2018-05-05 05:00:00,5473.891225963667
2018-05-05 06:00:00,5131.046341991545
2018-05-05 07:00:00,4894.0980835239725
2018-05-05 08:00:00,4722.676478996503
2018-05-05 09:00:00,4622.633936642006
2018-05-05 10:00:00,4644.867033862633
2018-05-05 11:00:00,4701.760602584473
2018-05-05 12:00:00,4793.250961975526
2018-05-05 13:00:00,5098.3344690079
2018-05-05 14:00:00,5452.866240243579
2018-05-05 15:00:00,5718.374869271321
2018-05-05 16:00:00,5961.108349724481
2018-05-05 17:00:00,6091.519000410072
2018-05-05 18:00:00,6187.211724050238
2018-05-05 19:00:00,6255.23120520437
2018-05-05 20:00:00,6388.781914885994
2018-05-05 21:00:00,6501.132899155506
2018-05-05 22:00:00,6624.974319671312
2018-05-05 23:00:00,6621.088948214965
2018-05-06 00:00:00,6473.7285191796045
2018-05-06 01:00:00,6247.917562581157
2018-05-06 02:00:00,6229.785530270642
2018-05-06 03:00:00,5941.938745406381
2018-05-06 04:00:00,5526.544902313072
2018-05-06 05:00:00,5135.139215033989
2018-05-06 06:00:00,4832.08014593124
2018-05-06 07:00:00,4622.042197140054
2018-05-06 08:00:00,4484.555339182831
2018-05-06 09:00:00,4371.64234683993
2018-05-06 10:00:00,4340.050835359591
2018-05-06 11:00:00,4351.891860326245
2018-05-06 12:00:00,4346.237589419604
2018-05-06 13:00:00,4496.913306274173
2018-05-06 14:00:00,4735.854415052009
2018-05-06 15:00:00,4964.809967711512
2018-05-06 16:00:00,5160.738561613366
2018-05-06 17:00:00,5283.105374225026
2018-05-06 18:00:00,5404.914408451566
2018-05-06 19:00:00,5451.819912161142
2018-05-06 20:00:00,5515.814728370447
2018-05-06 21:00:00,5565.451350441923
2018-05-06 22:00:00,5581.809236993252
2018-05-06 23:00:00,5581.183864010046
2018-05-07 00:00:00,5490.3718301402805
2018-05-07 01:00:00,5434.723462022513
2018-05-07 02:00:00,5576.308126414606
2018-05-07 03:00:00,5453.436605724136
2018-05-07 04:00:00,5126.966959645671
2018-05-07 05:00:00,4823.902317636664
2018-05-07 06:00:00,4610.353459879252
2018-05-07 07:00:00,4462.331743310578
2018-05-07 08:00:00,4393.295977133591
2018-05-07 09:00:00,4406.75509086694
2018-05-07 10:00:00,4568.821813687299
2018-05-07 11:00:00,4881.950065036744
2018-05-07 12:00:00,5396.598168168326
2018-05-07 13:00:00,5890.701442315109
2018-05-07 14:00:00,6148.001379380294
2018-05-07 15:00:00,6337.9545270003
2018-05-07 16:00:00,6522.493875735714
2018-05-07 17:00:00,6624.554925753168
2018-05-07 18:00:00,6684.481028158939
2018-05-07 19:00:00,6779.515556891532
2018-05-07 20:00:00,6820.666985975596
2018-05-07 21:00:00,6840.271368195099
2018-05-07 22:00:00,6841.8737736150815
2018-05-07 23:00:00,6789.596185596578
2018-05-08 00:00:00,6618.322959831985
2018-05-08 01:00:00,6471.435180907464
2018-05-08 02:00:00,6559.193927117884
2018-05-08 03:00:00,6309.950543975483
2018-05-08 04:00:00,5841.89647712924
2018-05-08 05:00:00,5368.582563784149
2018-05-08 06:00:00,5070.201255291872
2018-05-08 07:00:00,4874.2076732385385
2018-05-08 08:00:00,4745.497448183044
2018-05-08 09:00:00,4708.642466292135
2018-05-08 10:00:00,4792.313425117735
2018-05-08 11:00:00,5080.895040371822
2018-05-08 12:00:00,5563.367962576624
2018-05-08 13:00:00,6075.512862800328
2018-05-08 14:00:00,6399.003258703932
2018-05-08 15:00:00,6650.425464450384
2018-05-08 16:00:00,6872.324303568542
2018-05-08 17:00:00,7043.31022223954
2018-05-08 18:00:00,7222.448181216302
2018-05-08 19:00:00,7408.443305299776
2018-05-08 20:00:00,7547.379841365683
2018-05-08 21:00:00,7630.521913812311
2018-05-08 22:00:00,7684.081019505959
2018-05-08 23:00:00,7557.191629658851
2018-05-09 00:00:00,7218.9469978828
2018-05-09 01:00:00,7005.000918798294
2018-05-09 02:00:00,7031.328289901191
2018-05-09 03:00:00,6731.768831686952
2018-05-09 04:00:00,6191.752764094248
2018-05-09 05:00:00,5672.8044038238295
2018-05-09 06:00:00,5301.293877504368
2018-05-09 07:00:00,5069.610947082785
2018-05-09 08:00:00,4917.497849670609
2018-05-09 09:00:00,4853.7267111197
2018-05-09 10:00:00,4943.247520122839
2018-05-09 11:00:00,5253.339552970554
2018-05-09 12:00:00,5793.456194506256
2018-05-09 13:00:00,6275.449000128552
2018-05-09 14:00:00,6394.341580366697
2018-05-09 15:00:00,6540.950826705373
2018-05-09 16:00:00,6730.815549015268
2018-05-09 17:00:00,6889.396397170397
2018-05-09 18:00:00,7076.001661054514
2018-05-09 19:00:00,7297.0446218566285
2018-05-09 20:00:00,7336.437365119651
2018-05-09 21:00:00,7440.867408448104
2018-05-09 22:00:00,7579.686592390776
2018-05-09 23:00:00,7467.72101292108
2018-05-10 00:00:00,7311.671669242743
2018-05-10 01:00:00,7138.406262696866
2018-05-10 02:00:00,7120.857838926713
2018-05-10 03:00:00,6816.03722473292
2018-05-10 04:00:00,6264.3211827077785
2018-05-10 05:00:00,5736.0127028074285
2018-05-10 06:00:00,5320.033972146092
2018-05-10 07:00:00,5073.138879298182
2018-05-10 08:00:00,4912.831478496971
2018-05-10 09:00:00,4836.776696067183
2018-05-10 10:00:00,4911.086225782145
2018-05-10 11:00:00,5193.846529858364
2018-05-10 12:00:00,5644.195258527799
2018-05-10 13:00:00,6157.050234425923
2018-05-10 14:00:00,6406.7818450757295
2018-05-10 15:00:00,6516.699651332298
2018-05-10 16:00:00,6686.790823439727
2018-05-10 17:00:00,6840.338972239698
2018-05-10 18:00:00,6964.096397405766
2018-05-10 19:00:00,7099.484273948997
2018-05-10 20:00:00,7156.466082384875
2018-05-10 21:00:00,7042.535287127478
2018-05-10 22:00:00,6927.664751718252
2018-05-10 23:00:00,6770.283749143504
2018-05-11 00:00:00,6570.551745981667
2018-05-11 01:00:00,6422.908606817084
2018-05-11 02:00:00,6508.907361041483
2018-05-11 03:00:00,6265.516690662348
2018-05-11 04:00:00,5790.43773012665
2018-05-11 05:00:00,5334.672179645633
2018-05-11 06:00:00,4997.675927729465
2018-05-11 07:00:00,4792.9040683102585
2018-05-11 08:00:00,4656.585158306709
2018-05-11 09:00:00,4619.141390858697
2018-05-11 10:00:00,4722.702759969731
2018-05-11 11:00:00,5028.112220626707
2018-05-11 12:00:00,5464.745086162159
2018-05-11 13:00:00,5853.559075524499
2018-05-11 14:00:00,6067.537347973439
2018-05-11 15:00:00,6213.15323682228
2018-05-11 16:00:00,6276.601574563803
2018-05-11 17:00:00,6308.382968725522
2018-05-11 18:00:00,6295.824058812111
2018-05-11 19:00:00,6292.528557392616
2018-05-11 20:00:00,6227.408312804917
2018-05-11 21:00:00,6102.216345845376
2018-05-11 22:00:00,6033.117900470975
2018-05-11 23:00:00,5926.795195839639
2018-05-12 00:00:00,5857.174204949962
2018-05-12 01:00:00,5873.54834653419
2018-05-12 02:00:00,6046.13655908159
2018-05-12 03:00:00,5897.525052005503
2018-05-12 04:00:00,5540.625325449884
2018-05-12 05:00:00,5190.750918926278
2018-05-12 06:00:00,4909.335704691459
2018-05-12 07:00:00,4765.404485828134
2018-05-12 08:00:00,4633.766259926864
2018-05-12 09:00:00,4599.2461994460355
2018-05-12 10:00:00,4633.765985849507
2018-05-12 11:00:00,4749.609841623912
2018-05-12 12:00:00,4909.99987502625
2018-05-12 13:00:00,5195.486336143846
2018-05-12 14:00:00,5431.047099220954
2018-05-12 15:00:00,5539.726687133489
2018-05-12 16:00:00,5630.976096046528
2018-05-12 17:00:00,5576.616916047576
2018-05-12 18:00:00,5477.969213743051
2018-05-12 19:00:00,5423.848156528352
2018-05-12 20:00:00,5447.564767087119
2018-05-12 21:00:00,5368.919283583544
2018-05-12 22:00:00,5303.292471089103
2018-05-12 23:00:00,5314.390693891109
2018-05-13 00:00:00,5312.483909299388
2018-05-13 01:00:00,5371.567085471538
2018-05-13 02:00:00,5541.81483415564
2018-05-13 03:00:00,5469.8406217402735
2018-05-13 04:00:00,5234.05004855201
2018-05-13 05:00:00,4960.233743839513
2018-05-13 06:00:00,4751.941839542184
2018-05-13 07:00:00,4612.6970299525965
2018-05-13 08:00:00,4486.32282261661
2018-05-13 09:00:00,4434.836576519204
2018-05-13 10:00:00,4412.603448845537
2018-05-13 11:00:00,4458.823483758803
2018-05-13 12:00:00,4482.815781186423
2018-05-13 13:00:00,4634.002415255456
2018-05-13 14:00:00,4854.003059700303
2018-05-13 15:00:00,5006.179513914943
2018-05-13 16:00:00,5052.522168172804
2018-05-13 17:00:00,5070.44236574163
2018-05-13 18:00:00,5097.770876728214
2018-05-13 19:00:00,5082.441498260434
2018-05-13 20:00:00,5081.961427845207
2018-05-13 21:00:00,5082.991679859371
2018-05-13 22:00:00,5071.568272118214
2018-05-13 23:00:00,5098.1504021889805
2018-05-14 00:00:00,5154.5515061084525
2018-05-14 01:00:00,5194.91526525281
2018-05-14 02:00:00,5383.882522323825
2018-05-14 03:00:00,5314.829489273349
2018-05-14 04:00:00,5076.6949805752665
2018-05-14 05:00:00,4798.195098721722
2018-05-14 06:00:00,4611.5527135576995
2018-05-14 07:00:00,4495.705477495892
2018-05-14 08:00:00,4458.260004677658
2018-05-14 09:00:00,4465.2809090189185
2018-05-14 10:00:00,4605.116574972308
2018-05-14 11:00:00,4975.467253846646
2018-05-14 12:00:00,5617.067555910976
2018-05-14 13:00:00,6118.484391718316
2018-05-14 14:00:00,6254.7817114921845
2018-05-14 15:00:00,6435.025816855123
2018-05-14 16:00:00,6561.35447650201
2018-05-14 17:00:00,6628.943810499271
2018-05-14 18:00:00,6776.047982859581
2018-05-14 19:00:00,6985.18770724712
2018-05-14 20:00:00,7093.132832367531
2018-05-14 21:00:00,7164.957966037999
2018-05-14 22:00:00,7170.566091586534
2018-05-14 23:00:00,7084.112627876559
2018-05-15 00:00:00,6900.830084224434
2018-05-15 01:00:00,6707.299359092593
2018-05-15 02:00:00,6739.469972063423
2018-05-15 03:00:00,6461.5531201424865
2018-05-15 04:00:00,6061.942227286171
2018-05-15 05:00:00,5588.035112693224
2018-05-15 06:00:00,5280.871781111197
2018-05-15 07:00:00,5057.961098353632
2018-05-15 08:00:00,4921.636889521182
2018-05-15 09:00:00,4880.096290135569
2018-05-15 10:00:00,4989.504281401939
2018-05-15 11:00:00,5315.472768822932
2018-05-15 12:00:00,5868.515689771754
2018-05-15 13:00:00,6303.703495823262
2018-05-15 14:00:00,6384.399295418606
2018-05-15 15:00:00,6607.879712528964
2018-05-15 16:00:00,6783.158489694778
2018-05-15 17:00:00,6851.8867601049205
2018-05-15 18:00:00,6904.988032765031
2018-05-15 19:00:00,7008.149276118411
2018-05-15 20:00:00,6955.500262399796
2018-05-15 21:00:00,6763.8784345112
2018-05-15 22:00:00,6630.5718937778165
2018-05-15 23:00:00,6516.658625628127
2018-05-16 00:00:00,6323.520010473061
2018-05-16 01:00:00,6182.4817500583695
2018-05-16 02:00:00,6264.3839159694835
2018-05-16 03:00:00,6094.116007373126
2018-05-16 04:00:00,5636.5890945193005
2018-05-16 05:00:00,5217.093638361165
2018-05-16 06:00:00,4953.813227663469
2018-05-16 07:00:00,4777.121361697584
2018-05-16 08:00:00,4671.2253148007885
2018-05-16 09:00:00,4641.973109968239
2018-05-16 10:00:00,4735.001965351876
2018-05-16 11:00:00,5022.578400705292
2018-05-16 12:00:00,5505.848252444963
2018-05-16 13:00:00,5966.446794981147
2018-05-16 14:00:00,6242.832591429633
2018-05-16 15:00:00,6447.998327818522
2018-05-16 16:00:00,6670.2057057450465
2018-05-16 17:00:00,6809.3515418497245
2018-05-16 18:00:00,6919.140981898586
2018-05-16 19:00:00,7064.445326640104
2018-05-16 20:00:00,7169.368838319308
2018-05-16 21:00:00,7239.250668547494
2018-05-16 22:00:00,7287.586335049273
2018-05-16 23:00:00,7248.234265117901
2018-05-17 00:00:00,7050.984266917936
2018-05-17 01:00:00,6865.212729133738
2018-05-17 02:00:00,6834.790140104343
2018-05-17 03:00:00,6584.373479726324
2018-05-17 04:00:00,6048.449432490955
2018-05-17 05:00:00,5545.291270280967
2018-05-17 06:00:00,5194.839680808367
2018-05-17 07:00:00,4976.610748009471
2018-05-17 08:00:00,4848.4802639583
2018-05-17 09:00:00,4775.350954771998
2018-05-17 10:00:00,4841.469561385328
2018-05-17 11:00:00,5121.0127174721
2018-05-17 12:00:00,5614.806171911744
2018-05-17 13:00:00,6146.159774741089
2018-05-17 14:00:00,6446.442194007735
2018-05-17 15:00:00,6625.317741479715
2018-05-17 16:00:00,6777.600677527044
2018-05-17 17:00:00,6897.118569125709
2018-05-17 18:00:00,6973.182057809117
2018-05-17 19:00:00,7088.165380991469
2018-05-17 20:00:00,7099.1272991418155
2018-05-17 21:00:00,7033.163615379166
2018-05-17 22:00:00,6924.716514129557
2018-05-17 23:00:00,6736.465004784287
2018-05-18 00:00:00,6426.656546142697
2018-05-18 01:00:00,6244.482359871533
2018-05-18 02:00:00,6328.726390485771
2018-05-18 03:00:00,6128.041465766275
2018-05-18 04:00:00,5689.822268248714
2018-05-18 05:00:00,5246.925858275394
2018-05-18 06:00:00,4962.583099990395
2018-05-18 07:00:00,4792.328012123734
2018-05-18 08:00:00,4682.921117166791
2018-05-18 09:00:00,4647.817448145602
2018-05-18 10:00:00,4765.4185855854985
2018-05-18 11:00:00,5023.322950116278
2018-05-18 12:00:00,5433.944129584229
2018-05-18 13:00:00,5876.955712646226
2018-05-18 14:00:00,6158.040696246588
2018-05-18 15:00:00,6312.14581146838
2018-05-18 16:00:00,6441.4659239075245
2018-05-18 17:00:00,6538.422116369716
2018-05-18 18:00:00,6556.500413883804
2018-05-18 19:00:00,6593.743453304699
2018-05-18 20:00:00,6525.262546096241
2018-05-18 21:00:00,6389.967669771926
2018-05-18 22:00:00,6276.474751545236
2018-05-18 23:00:00,6145.436867641902
2018-05-19 00:00:00,6058.987854108047
2018-05-19 01:00:00,6068.93164318442
2018-05-19 02:00:00,6144.403365228559
2018-05-19 03:00:00,5999.302949836935
2018-05-19 04:00:00,5631.293374339729
2018-05-19 05:00:00,5276.159974002383
2018-05-19 06:00:00,4993.572670200495
2018-05-19 07:00:00,4818.64100939191
2018-05-19 08:00:00,4684.077279794116
2018-05-19 09:00:00,4606.262505378307
2018-05-19 10:00:00,4651.897348193149
2018-05-19 11:00:00,4743.169652784245
2018-05-19 12:00:00,4881.886744164268
2018-05-19 13:00:00,5128.7431728645415
2018-05-19 14:00:00,5392.666877671564
2018-05-19 15:00:00,5601.861496232263
2018-05-19 16:00:00,5711.574402395282
2018-05-19 17:00:00,5779.963880117884
2018-05-19 18:00:00,5729.962711855428
2018-05-19 19:00:00,5698.908893628649
2018-05-19 20:00:00,5638.981799825585
2018-05-19 21:00:00,5628.389749040807
2018-05-19 22:00:00,5655.360120397816
2018-05-19 23:00:00,5647.8343259448275
2018-05-20 00:00:00,5631.706152668586
2018-05-20 01:00:00,5627.234365077389
2018-05-20 02:00:00,5748.923259449068
2018-05-20 03:00:00,5639.507868094059
2018-05-20 04:00:00,5381.488948359354
2018-05-20 05:00:00,5060.865924436225
2018-05-20 06:00:00,4816.8920109532055
2018-05-20 07:00:00,4609.191389362233
2018-05-20 08:00:00,4487.495978040067
2018-05-20 09:00:00,4415.53437318312
2018-05-20 10:00:00,4393.887290292987
2018-05-20 11:00:00,4381.016657586345
2018-05-20 12:00:00,4420.75323447187
2018-05-20 13:00:00,4549.744203762027
2018-05-20 14:00:00,4764.318485769916
2018-05-20 15:00:00,4981.645690911108
2018-05-20 16:00:00,5142.890885747441
2018-05-20 17:00:00,5226.816893363796
2018-05-20 18:00:00,5232.384378194948
2018-05-20 19:00:00,5164.431385029417
2018-05-20 20:00:00,5175.394746902432
2018-05-20 21:00:00,5136.85487158615
2018-05-20 22:00:00,5134.599152975504
2018-05-20 23:00:00,5206.092159130384
2018-05-21 00:00:00,5239.144606106789
2018-05-21 01:00:00,5313.675976060475
2018-05-21 02:00:00,5490.939787052531
2018-05-21 03:00:00,5421.306312577818
2018-05-21 04:00:00,5143.388729783931
2018-05-21 05:00:00,4866.058623066443
2018-05-21 06:00:00,4682.346005024496
2018-05-21 07:00:00,4570.010530614024
2018-05-21 08:00:00,4518.5211174004935
2018-05-21 09:00:00,4521.446438378779
2018-05-21 10:00:00,4657.186795046551
2018-05-21 11:00:00,5070.245990807137
2018-05-21 12:00:00,5635.074807717807
2018-05-21 13:00:00,6122.311988509021
2018-05-21 14:00:00,6292.21645936351
2018-05-21 15:00:00,6395.992458949755
2018-05-21 16:00:00,6559.940683676181
2018-05-21 17:00:00,6633.58633071801
2018-05-21 18:00:00,6599.368271879313
2018-05-21 19:00:00,6613.0151791427
2018-05-21 20:00:00,6539.150903015613
2018-05-21 21:00:00,6483.278635275502
2018-05-21 22:00:00,6458.254293864721
2018-05-21 23:00:00,6411.402585066871
2018-05-22 00:00:00,6294.827683155624
2018-05-22 01:00:00,6230.440307564695
2018-05-22 02:00:00,6323.458869820926
2018-05-22 03:00:00,6130.960543871431
2018-05-22 04:00:00,5712.050432076917
2018-05-22 05:00:00,5303.673382164514
2018-05-22 06:00:00,5042.148060513455
2018-05-22 07:00:00,4875.400714496895
2018-05-22 08:00:00,4765.411063684702
2018-05-22 09:00:00,4744.935339488684
2018-05-22 10:00:00,4843.228792045358
2018-05-22 11:00:00,5171.306070074839
2018-05-22 12:00:00,5658.4865316717405
2018-05-22 13:00:00,6070.404146075215
2018-05-22 14:00:00,6296.180245155982
2018-05-22 15:00:00,6426.446185755773
2018-05-22 16:00:00,6528.042332842857
2018-05-22 17:00:00,6613.187247512483
2018-05-22 18:00:00,6628.760923662233
2018-05-22 19:00:00,6667.93204389014
2018-05-22 20:00:00,6615.869254357575
2018-05-22 21:00:00,6560.124318545033
2018-05-22 22:00:00,6498.001455540354
2018-05-22 23:00:00,6415.500672500667
2018-05-23 00:00:00,6284.937717209196
2018-05-23 01:00:00,6211.202551863552
2018-05-23 02:00:00,6304.747279224325
2018-05-23 03:00:00,6153.204147390742
2018-05-23 04:00:00,5744.817474317806
2018-05-23 05:00:00,5311.866254260684
2018-05-23 06:00:00,5027.519110737972
2018-05-23 07:00:00,4867.209395505747
2018-05-23 08:00:00,4741.418309461487
2018-05-23 09:00:00,4726.7898164816
2018-05-23 10:00:00,4828.59411709842
2018-05-23 11:00:00,5083.7129017044235
2018-05-23 12:00:00,5571.840499498056
2018-05-23 13:00:00,6069.6772085308985
2018-05-23 14:00:00,6366.881109128065
2018-05-23 15:00:00,6592.724234114855
2018-05-23 16:00:00,6796.5727599324355
2018-05-23 17:00:00,6930.063707277008
2018-05-23 18:00:00,7044.787698027305
2018-05-23 19:00:00,7224.669303061155
2018-05-23 20:00:00,7319.762054900204
2018-05-23 21:00:00,7380.315867503773
2018-05-23 22:00:00,7426.337812412584
2018-05-23 23:00:00,7385.342616814405
2018-05-24 00:00:00,7165.312042767353
2018-05-24 01:00:00,6965.904180348647
2018-05-24 02:00:00,6917.283314644456
2018-05-24 03:00:00,6696.117336447003
2018-05-24 04:00:00,6182.424498343804
2018-05-24 05:00:00,5651.77040801645
2018-05-24 06:00:00,5276.743856620101
2018-05-24 07:00:00,5016.977308833478
2018-05-24 08:00:00,4881.241855105091
2018-05-24 09:00:00,4824.492686751831
2018-05-24 10:00:00,4894.704714562318
2018-05-24 11:00:00,5144.353822061331
2018-05-24 12:00:00,5670.285353016586
2018-05-24 13:00:00,6286.316381707219
2018-05-24 14:00:00,6704.875628104901
2018-05-24 15:00:00,7028.784042600467
2018-05-24 16:00:00,7352.593572809016
2018-05-24 17:00:00,7619.724700817253
2018-05-24 18:00:00,7850.685983699463
2018-05-24 19:00:00,8132.387051358039
2018-05-24 20:00:00,8336.244153978905
2018-05-24 21:00:00,8509.124487799285
2018-05-24 22:00:00,8655.867831869855
2018-05-24 23:00:00,8612.574929371727
2018-05-25 00:00:00,8399.677253498805
2018-05-25 01:00:00,8113.763387590298
2018-05-25 02:00:00,7946.961856613164
2018-05-25 03:00:00,7644.475463409538
2018-05-25 04:00:00,7045.952154019049
2018-05-25 05:00:00,6385.99893126694
2018-05-25 06:00:00,5886.944178851121
2018-05-25 07:00:00,5546.440489615249
2018-05-25 08:00:00,5317.6848596195305
2018-05-25 09:00:00,5184.877802626435
2018-05-25 10:00:00,5230.519192844806
2018-05-25 11:00:00,5446.798345941265
2018-05-25 12:00:00,6020.17259287875
2018-05-25 13:00:00,6698.908900654246
2018-05-25 14:00:00,7294.099067482434
2018-05-25 15:00:00,7791.653810812018
2018-05-25 16:00:00,8282.14770114809
2018-05-25 17:00:00,8691.95139740934
2018-05-25 18:00:00,9002.649548095234
2018-05-25 19:00:00,9295.561776432916
2018-05-25 20:00:00,9476.078207438552
2018-05-25 21:00:00,9466.174335844787
2018-05-25 22:00:00,9323.88419015493
2018-05-25 23:00:00,9020.63917157326
2018-05-26 00:00:00,8650.843076435594
2018-05-26 01:00:00,8391.019453965353
2018-05-26 02:00:00,8291.552906891302
2018-05-26 03:00:00,8067.461333638205
2018-05-26 04:00:00,7593.5540058739825
2018-05-26 05:00:00,7009.659402634658
2018-05-26 06:00:00,6501.243738809875
2018-05-26 07:00:00,6102.235639908908
2018-05-26 08:00:00,5803.271179671864
2018-05-26 09:00:00,5635.944579899615
2018-05-26 10:00:00,5544.676934623586
2018-05-26 11:00:00,5497.231383192945
2018-05-26 12:00:00,5629.256343152591
2018-05-26 13:00:00,6077.205918109509
2018-05-26 14:00:00,6653.292029634312
2018-05-26 15:00:00,7199.88673525612
2018-05-26 16:00:00,7750.610820662538
2018-05-26 17:00:00,8177.240900580773
2018-05-26 18:00:00,8482.690681957929
2018-05-26 19:00:00,8731.06374497415
2018-05-26 20:00:00,8938.298578335378
2018-05-26 21:00:00,9128.656188912364
2018-05-26 22:00:00,9236.431900264268
2018-05-26 23:00:00,9223.832340593372
2018-05-27 00:00:00,9017.45991069122
2018-05-27 01:00:00,8670.126249937615
2018-05-27 02:00:00,8320.206093945419
2018-05-27 03:00:00,8025.333867236988
2018-05-27 04:00:00,7487.659877518684
2018-05-27 05:00:00,6900.843485853676
2018-05-27 06:00:00,6407.052538831863
2018-05-27 07:00:00,6003.9469989325
2018-05-27 08:00:00,5722.534403659092
2018-05-27 09:00:00,5503.1411163652
2018-05-27 10:00:00,5407.774568344874
2018-05-27 11:00:00,5282.377820826236
2018-05-27 12:00:00,5473.6841430819495
2018-05-27 13:00:00,6020.8162759560255
2018-05-27 14:00:00,6793.644583469045
2018-05-27 15:00:00,7607.498059471895
2018-05-27 16:00:00,8304.421255929972
2018-05-27 17:00:00,8870.241808212022
2018-05-27 18:00:00,9246.03766373476
2018-05-27 19:00:00,9512.365179408142
2018-05-27 20:00:00,9730.259617430422
2018-05-27 21:00:00,9895.499035853829
2018-05-27 22:00:00,9957.70630912772
2018-05-27 23:00:00,9883.796926830782
2018-05-28 00:00:00,9669.862204568844
2018-05-28 01:00:00,9258.724838356067
2018-05-28 02:00:00,8963.184482417686
2018-05-28 03:00:00,8636.130405566788
2018-05-28 04:00:00,8080.317653416207
2018-05-28 05:00:00,7483.55171705033
2018-05-28 06:00:00,6896.738431595367
2018-05-28 07:00:00,6444.487079008856
2018-05-28 08:00:00,6161.90239416838
2018-05-28 09:00:00,5946.602741242925
2018-05-28 10:00:00,5806.192907191469
2018-05-28 11:00:00,5760.417497775322
2018-05-28 12:00:00,6006.050226903307
2018-05-28 13:00:00,6568.592836771232
2018-05-28 14:00:00,7331.924724794291
2018-05-28 15:00:00,8086.1857500348515
2018-05-28 16:00:00,8577.088337702342
2018-05-28 17:00:00,8661.30691747243
2018-05-28 18:00:00,8774.954862017314
2018-05-28 19:00:00,8945.250958915669
2018-05-28 20:00:00,9227.3052097491
2018-05-28 21:00:00,9605.367710040044
2018-05-28 22:00:00,9957.969071330186
2018-05-28 23:00:00,10100.724078512188
2018-05-29 00:00:00,9895.407721227277
2018-05-29 01:00:00,9447.117714157735
2018-05-29 02:00:00,9059.726987541118
2018-05-29 03:00:00,8640.23424170351
2018-05-29 04:00:00,7890.769498125361
2018-05-29 05:00:00,7118.494352565431
2018-05-29 06:00:00,6558.596005648883
2018-05-29 07:00:00,6150.810908409709
2018-05-29 08:00:00,5872.324456346657
2018-05-29 09:00:00,5736.591865203998
2018-05-29 10:00:00,5760.587147029505
2018-05-29 11:00:00,6025.540193575224
2018-05-29 12:00:00,6650.934498743335
2018-05-29 13:00:00,7373.2743399709825
2018-05-29 14:00:00,7993.409116754942
2018-05-29 15:00:00,8480.514510212945
2018-05-29 16:00:00,8929.481673479868
2018-05-29 17:00:00,9238.33539474192
2018-05-29 18:00:00,9594.643547645086
2018-05-29 19:00:00,9894.772226980664
2018-05-29 20:00:00,10002.143863231731
2018-05-29 21:00:00,9991.484778902755
2018-05-29 22:00:00,9891.50870882262
2018-05-29 23:00:00,9727.954294651558
2018-05-30 00:00:00,9236.238454119475
2018-05-30 01:00:00,8753.821358023668
2018-05-30 02:00:00,8582.344685397471
2018-05-30 03:00:00,8297.995806051498
2018-05-30 04:00:00,7646.23904885424
2018-05-30 05:00:00,6971.667534890531
2018-05-30 06:00:00,6450.380690204393
2018-05-30 07:00:00,6109.875295598299
2018-05-30 08:00:00,5881.115006287511
2018-05-30 09:00:00,5783.997145397469
2018-05-30 10:00:00,5862.399700420073
2018-05-30 11:00:00,6189.673623323317
2018-05-30 12:00:00,6744.150651615703
2018-05-30 13:00:00,7312.75788344768
2018-05-30 14:00:00,7728.9807716654705
2018-05-30 15:00:00,8111.89936907601
2018-05-30 16:00:00,8530.941756168973
2018-05-30 17:00:00,9009.14789809726
2018-05-30 18:00:00,9407.867397323953
2018-05-30 19:00:00,9718.488829961148
2018-05-30 20:00:00,9812.692541816012
2018-05-30 21:00:00,9565.472668711132
2018-05-30 22:00:00,9292.486795224144
2018-05-30 23:00:00,9050.201137837268
2018-05-31 00:00:00,8754.940698424532
2018-05-31 01:00:00,8457.147109632968
2018-05-31 02:00:00,8337.183790810988
2018-05-31 03:00:00,8085.604329042998
2018-05-31 04:00:00,7525.69699847975
2018-05-31 05:00:00,6883.303923918064
2018-05-31 06:00:00,6441.581826583709
2018-05-31 07:00:00,6104.004889618987
2018-05-31 08:00:00,5882.266570505849
2018-05-31 09:00:00,5783.395356392428
2018-05-31 10:00:00,5841.9065875384085
2018-05-31 11:00:00,6120.250668163462
2018-05-31 12:00:00,6777.792190550712
2018-05-31 13:00:00,7534.182583603063
2018-05-31 14:00:00,8134.156101628912
2018-05-31 15:00:00,8743.38730370523
2018-05-31 16:00:00,9363.035817838338
2018-05-31 17:00:00,9782.308853020057
2018-05-31 18:00:00,10143.092534915846
2018-05-31 19:00:00,10453.418610588396
2018-05-31 20:00:00,10570.48658798648
2018-05-31 21:00:00,10633.352943338426
2018-05-31 22:00:00,10774.430561367812
2018-05-31 23:00:00,10741.6477202043
2018-06-01 00:00:00,10404.774240335815
2018-06-01 01:00:00,9956.669563415828
2018-06-01 02:00:00,9577.473901514237
2018-06-01 03:00:00,9215.90110411625
2018-06-01 04:00:00,8434.850056527544
2018-06-01 05:00:00,7651.459793650164
2018-06-01 06:00:00,7011.992801392756
2018-06-01 07:00:00,6577.8799371611685
2018-06-01 08:00:00,6230.361708269326
2018-06-01 09:00:00,6061.282577505772
2018-06-01 10:00:00,6058.362798980705
2018-06-01 11:00:00,6313.305286276743
2018-06-01 12:00:00,6939.928459272499
2018-06-01 13:00:00,7684.769943870833
2018-06-01 14:00:00,7966.513110955692
2018-06-01 15:00:00,8058.358779288248
2018-06-01 16:00:00,8057.142617330999
2018-06-01 17:00:00,8051.898653765839
2018-06-01 18:00:00,8003.123666436893
2018-06-01 19:00:00,8007.088273349443
2018-06-01 20:00:00,7990.408264031663
2018-06-01 21:00:00,7936.296865938775
2018-06-01 22:00:00,7781.054297388966
2018-06-01 23:00:00,7516.451354914086
2018-06-02 00:00:00,7116.941533455404
2018-06-02 01:00:00,6721.416404789111
2018-06-02 02:00:00,6534.082223881814
2018-06-02 03:00:00,6349.19459278099
2018-06-02 04:00:00,5937.301974587295
2018-06-02 05:00:00,5474.5115913229
2018-06-02 06:00:00,5148.045295078798
2018-06-02 07:00:00,4907.584148197423
2018-06-02 08:00:00,4770.090773289712
2018-06-02 09:00:00,4688.766277576223
2018-06-02 10:00:00,4682.33117439418
2018-06-02 11:00:00,4698.6266389567145
2018-06-02 12:00:00,4844.822783195831
2018-06-02 13:00:00,5129.49732045997
2018-06-02 14:00:00,5418.785216866917
2018-06-02 15:00:00,5667.087375734614
2018-06-02 16:00:00,5798.797009463894
2018-06-02 17:00:00,5913.871480706693
2018-06-02 18:00:00,5931.933210581418
2018-06-02 19:00:00,5964.108158121173
2018-06-02 20:00:00,6031.980735811346
2018-06-02 21:00:00,6140.097710622024
2018-06-02 22:00:00,6250.755346475033
2018-06-02 23:00:00,6234.049079974331
2018-06-03 00:00:00,6142.605058896913
2018-06-03 01:00:00,6047.334594638452
2018-06-03 02:00:00,6118.116862104889
2018-06-03 03:00:00,6032.687647116529
2018-06-03 04:00:00,5738.39254245101
2018-06-03 05:00:00,5373.30469447341
2018-06-03 06:00:00,5082.523665890241
2018-06-03 07:00:00,4868.388671990176
2018-06-03 08:00:00,4741.426866765632
2018-06-03 09:00:00,4653.08180169432
2018-06-03 10:00:00,4637.867842538652
2018-06-03 11:00:00,4555.29172755129
2018-06-03 12:00:00,4643.255665955853
2018-06-03 13:00:00,4874.209190951123
2018-06-03 14:00:00,5204.202609318234
2018-06-03 15:00:00,5495.595503288014
2018-06-03 16:00:00,5747.161232896341
2018-06-03 17:00:00,5953.171100483001
2018-06-03 18:00:00,6116.400167897738
2018-06-03 19:00:00,6225.567436928604
2018-06-03 20:00:00,6319.310583769033
2018-06-03 21:00:00,6363.607467514099
2018-06-03 22:00:00,6407.646460067145
2018-06-03 23:00:00,6363.29118957004
2018-06-04 00:00:00,6250.59528676039
2018-06-04 01:00:00,6068.4978861067375
2018-06-04 02:00:00,6005.751726433788
2018-06-04 03:00:00,5953.086508382348
2018-06-04 04:00:00,5630.706050528529
2018-06-04 05:00:00,5256.263655827254
2018-06-04 06:00:00,4957.880398340438
2018-06-04 07:00:00,4770.658911685924
2018-06-04 08:00:00,4661.83678248485
2018-06-04 09:00:00,4638.4358591227065
2018-06-04 10:00:00,4754.283338808831
2018-06-04 11:00:00,5001.041367154999
2018-06-04 12:00:00,5523.8694797769385
2018-06-04 13:00:00,6077.875829329998
2018-06-04 14:00:00,6454.557121140948
2018-06-04 15:00:00,6693.1802946741755
2018-06-04 16:00:00,6909.664704186579
2018-06-04 17:00:00,7063.584164939546
2018-06-04 18:00:00,7198.149965344038
2018-06-04 19:00:00,7381.919553885099
2018-06-04 20:00:00,7549.860914681842
2018-06-04 21:00:00,7726.092351467642
2018-06-04 22:00:00,7850.806154123652
2018-06-04 23:00:00,7875.541946497657
2018-06-05 00:00:00,7750.5890202673
2018-06-05 01:00:00,7531.078340159845
2018-06-05 02:00:00,7364.809064895185
2018-06-05 03:00:00,7187.526860267173
2018-06-05 04:00:00,6673.838498760802
2018-06-05 05:00:00,6123.298657463085
2018-06-05 06:00:00,5734.233525406419
2018-06-05 07:00:00,5451.067424644436
2018-06-05 08:00:00,5256.828779372539
2018-06-05 09:00:00,5159.128223533325
2018-06-05 10:00:00,5222.905330880008
2018-06-05 11:00:00,5480.584763700816
2018-06-05 12:00:00,5956.928627698415
2018-06-05 13:00:00,6414.712645152058
2018-06-05 14:00:00,6736.884431805757
2018-06-05 15:00:00,6957.3763005857
2018-06-05 16:00:00,7108.9472662387
2018-06-05 17:00:00,7149.971665295186
2018-06-05 18:00:00,7150.992115753032
2018-06-05 19:00:00,7146.507588812799
2018-06-05 20:00:00,7061.635183917442
2018-06-05 21:00:00,6946.187490535314
2018-06-05 22:00:00,6798.853196870719
2018-06-05 23:00:00,6663.5746368919845
2018-06-06 00:00:00,6403.363840436506
2018-06-06 01:00:00,6206.004416727583
2018-06-06 02:00:00,6160.224534030328
2018-06-06 03:00:00,6074.205711252792
2018-06-06 04:00:00,5686.8837611042545
2018-06-06 05:00:00,5263.881720311525
2018-06-06 06:00:00,4977.782746217421
2018-06-06 07:00:00,4810.450055837238
2018-06-06 08:00:00,4692.267532928875
2018-06-06 09:00:00,4634.931436653929
2018-06-06 10:00:00,4716.845144267077
2018-06-06 11:00:00,4911.533652958914
2018-06-06 12:00:00,5380.433149850759
2018-06-06 13:00:00,5875.08770925396
2018-06-06 14:00:00,6233.3289781007425
2018-06-06 15:00:00,6484.605849671677
2018-06-06 16:00:00,6708.800710504022
2018-06-06 17:00:00,6812.977949057376
2018-06-06 18:00:00,6830.575545156361
2018-06-06 19:00:00,6854.274638833304
2018-06-06 20:00:00,6995.794070732993
2018-06-06 21:00:00,7106.69535783257
2018-06-06 22:00:00,7105.532775528715
2018-06-06 23:00:00,7138.332088940141
2018-06-07 00:00:00,7107.994493579345
2018-06-07 01:00:00,6974.756106668947
2018-06-07 02:00:00,7006.786917680188
2018-06-07 03:00:00,6886.254703637508
2018-06-07 04:00:00,6428.143238199093
2018-06-07 05:00:00,5908.604447907429
2018-06-07 06:00:00,5543.524883156617
2018-06-07 07:00:00,5285.51162768729
2018-06-07 08:00:00,5086.591628346241
2018-06-07 09:00:00,5044.470161193836
2018-06-07 10:00:00,5100.053147869723
2018-06-07 11:00:00,5356.330249161516
2018-06-07 12:00:00,5825.071336100754
2018-06-07 13:00:00,6357.628147212536
2018-06-07 14:00:00,6814.322774083268
2018-06-07 15:00:00,7246.45959219893
2018-06-07 16:00:00,7625.27273351552
2018-06-07 17:00:00,7916.615174664299
2018-06-07 18:00:00,8151.787780466233
2018-06-07 19:00:00,8420.78719589126
2018-06-07 20:00:00,8667.35445986252
2018-06-07 21:00:00,8792.327018504055
2018-06-07 22:00:00,8804.600277865122
2018-06-07 23:00:00,8591.956806890517
2018-06-08 00:00:00,8114.475535046861
2018-06-08 01:00:00,7573.323486109335
2018-06-08 02:00:00,7282.967043737403
2018-06-08 03:00:00,6964.0981039106
2018-06-08 04:00:00,6422.324389215929
2018-06-08 05:00:00,5862.415870984134
2018-06-08 06:00:00,5450.530683332116
2018-06-08 07:00:00,5203.046378584545
2018-06-08 08:00:00,5018.751156952546
2018-06-08 09:00:00,4948.542813959856
2018-06-08 10:00:00,5018.167274334827
2018-06-08 11:00:00,5251.083544389256
2018-06-08 12:00:00,5642.472254586448
2018-06-08 13:00:00,6064.635872879706
2018-06-08 14:00:00,6380.45148983378
2018-06-08 15:00:00,6549.75425854084
2018-06-08 16:00:00,6691.968755612944
2018-06-08 17:00:00,6752.674108180675
2018-06-08 18:00:00,6830.505965307116
2018-06-08 19:00:00,6970.161957300268
2018-06-08 20:00:00,7013.966515640471
2018-06-08 21:00:00,6973.583404077128
2018-06-08 22:00:00,6972.519900201604
2018-06-08 23:00:00,6937.2902696396295
2018-06-09 00:00:00,6810.551411200529
2018-06-09 01:00:00,6601.4467776864085
2018-06-09 02:00:00,6582.072422096349
2018-06-09 03:00:00,6448.083195580058
2018-06-09 04:00:00,6051.403166155245
2018-06-09 05:00:00,5588.612143377019
2018-06-09 06:00:00,5242.25193474792
2018-06-09 07:00:00,4995.350172684322
2018-06-09 08:00:00,4846.155331145231
2018-06-09 09:00:00,4740.84070016994
2018-06-09 10:00:00,4745.52044022799
2018-06-09 11:00:00,4902.31199867055
2018-06-09 12:00:00,5090.73085541656
2018-06-09 13:00:00,5352.453574728227
2018-06-09 14:00:00,5654.775430286827
2018-06-09 15:00:00,5877.148762412442
2018-06-09 16:00:00,6025.01831190164
2018-06-09 17:00:00,6143.121789036109
2018-06-09 18:00:00,6305.724616353733
2018-06-09 19:00:00,6445.944880330272
2018-06-09 20:00:00,6644.845609818781
2018-06-09 21:00:00,6873.1478100731965
2018-06-09 22:00:00,7058.932504039706
2018-06-09 23:00:00,7116.310067296437
2018-06-10 00:00:00,6917.965188173751
2018-06-10 01:00:00,6600.8136829565965
2018-06-10 02:00:00,6460.923710230472
2018-06-10 03:00:00,6285.399579046985
2018-06-10 04:00:00,5892.819305051581
2018-06-10 05:00:00,5527.149980246396
2018-06-10 06:00:00,5185.470973421251
2018-06-10 07:00:00,4960.219796347348
2018-06-10 08:00:00,4801.666692813744
2018-06-10 09:00:00,4777.088959663383
2018-06-10 10:00:00,4767.145048774852
2018-06-10 11:00:00,4779.456165797014
2018-06-10 12:00:00,4752.508014205058
2018-06-10 13:00:00,4933.337596012357
2018-06-10 14:00:00,5198.504320912993
2018-06-10 15:00:00,5447.833897500937
2018-06-10 16:00:00,5650.194974906815
2018-06-10 17:00:00,5796.835839317894
2018-06-10 18:00:00,5838.261143833957
2018-06-10 19:00:00,5835.075519242069
2018-06-10 20:00:00,5793.400291597886
2018-06-10 21:00:00,5754.5336572936685
2018-06-10 22:00:00,5700.138698547668
2018-06-10 23:00:00,5740.282882401313
2018-06-11 00:00:00,5703.930557998266
2018-06-11 01:00:00,5685.132752764932
2018-06-11 02:00:00,5823.200569848066
2018-06-11 03:00:00,5792.185601802887
2018-06-11 04:00:00,5554.645055678649
2018-06-11 05:00:00,5230.517792004981
2018-06-11 06:00:00,5025.74370951388
2018-06-11 07:00:00,4878.307824557462
2018-06-11 08:00:00,4816.291440069753
2018-06-11 09:00:00,4770.077252140101
2018-06-11 10:00:00,4916.931964799332
2018-06-11 11:00:00,5176.761985723627
2018-06-11 12:00:00,5664.213211750853
2018-06-11 13:00:00,6145.319321118523
2018-06-11 14:00:00,6424.10202799188
2018-06-11 15:00:00,6606.205953703373
2018-06-11 16:00:00,6771.582834679265
2018-06-11 17:00:00,6852.1861734177355
2018-06-11 18:00:00,6887.4348856370625
2018-06-11 19:00:00,6938.309075553552
2018-06-11 20:00:00,6939.898865629172
2018-06-11 21:00:00,6858.512073023482
2018-06-11 22:00:00,6806.563007670098
2018-06-11 23:00:00,6741.346728513417
2018-06-12 00:00:00,6660.769074264953
2018-06-12 01:00:00,6578.036418383478
2018-06-12 02:00:00,6646.984953550348
2018-06-12 03:00:00,6501.882771882423
2018-06-12 04:00:00,6103.448475643045
2018-06-12 05:00:00,5657.042131200769
2018-06-12 06:00:00,5334.086165315139
2018-06-12 07:00:00,5142.18435999482
2018-06-12 08:00:00,5021.658723808708
2018-06-12 09:00:00,5007.619655899758
2018-06-12 10:00:00,5107.670207403687
2018-06-12 11:00:00,5392.026023121133
2018-06-12 12:00:00,5922.329721030668
2018-06-12 13:00:00,6438.56694210977
2018-06-12 14:00:00,6777.696300930162
2018-06-12 15:00:00,7029.246523278568
2018-06-12 16:00:00,7293.839682220363
2018-06-12 17:00:00,7441.522733390607
2018-06-12 18:00:00,7582.328193788019
2018-06-12 19:00:00,7817.721776437096
2018-06-12 20:00:00,8012.699405135287
2018-06-12 21:00:00,8125.285344635038
2018-06-12 22:00:00,8108.231140989655
2018-06-12 23:00:00,8027.352735834911
2018-06-13 00:00:00,7833.982456217707
2018-06-13 01:00:00,7717.14765353523
2018-06-13 02:00:00,7719.372469200897
2018-06-13 03:00:00,7579.534793346891
2018-06-13 04:00:00,7031.916070507985
2018-06-13 05:00:00,6433.9855360227975
2018-06-13 06:00:00,5999.286322477279
2018-06-13 07:00:00,5714.362270082931
2018-06-13 08:00:00,5536.506232340291
2018-06-13 09:00:00,5475.077171663781
2018-06-13 10:00:00,5534.75963969172
2018-06-13 11:00:00,5802.66176508817
2018-06-13 12:00:00,6402.602216163407
2018-06-13 13:00:00,7014.535132412867
2018-06-13 14:00:00,7513.532369095
2018-06-13 15:00:00,7887.188347908144
2018-06-13 16:00:00,8201.10769755437
2018-06-13 17:00:00,8366.256647683602
2018-06-13 18:00:00,8485.219733550353
2018-06-13 19:00:00,8651.430431985282
2018-06-13 20:00:00,8778.33198661741
2018-06-13 21:00:00,8871.194813311573
2018-06-13 22:00:00,8926.675677409658
2018-06-13 23:00:00,8852.892765562505
2018-06-14 00:00:00,8557.04787155574
2018-06-14 01:00:00,8147.313476385814
2018-06-14 02:00:00,7739.275730669069
2018-06-14 03:00:00,7413.976895130007
2018-06-14 04:00:00,6781.517681953765
2018-06-14 05:00:00,6147.3060900514165
2018-06-14 06:00:00,5680.425483159028
2018-06-14 07:00:00,5370.929788222253
2018-06-14 08:00:00,5209.449506074942
2018-06-14 09:00:00,5128.714191808074
2018-06-14 10:00:00,5196.584294009361
2018-06-14 11:00:00,5418.296232972922
2018-06-14 12:00:00,5969.610998656349
2018-06-14 13:00:00,6491.710642258029
2018-06-14 14:00:00,7035.924143585253
2018-06-14 15:00:00,7471.819627597115
2018-06-14 16:00:00,7821.569060661509
2018-06-14 17:00:00,8104.927468634848
2018-06-14 18:00:00,8296.53578374002
2018-06-14 19:00:00,8431.684743965341
2018-06-14 20:00:00,8403.059432575468
2018-06-14 21:00:00,8284.423503716109
2018-06-14 22:00:00,8144.305313957576
2018-06-14 23:00:00,7970.430659541882
2018-06-15 00:00:00,7693.307354997308
2018-06-15 01:00:00,7465.619266016262
2018-06-15 02:00:00,7389.415576168026
2018-06-15 03:00:00,7284.676788207982
2018-06-15 04:00:00,6767.476482332038
2018-06-15 05:00:00,6192.9432777503125
2018-06-15 06:00:00,5762.922251157822
2018-06-15 07:00:00,5489.116665915288
2018-06-15 08:00:00,5255.092845287852
2018-06-15 09:00:00,5176.695193204632
2018-06-15 10:00:00,5238.717607394195
2018-06-15 11:00:00,5456.990451056225
2018-06-15 12:00:00,6018.901059446876
2018-06-15 13:00:00,6633.343685317413
2018-06-15 14:00:00,7072.462082890388
2018-06-15 15:00:00,7319.627047083305
2018-06-15 16:00:00,7507.604934858182
2018-06-15 17:00:00,7724.376054116587
2018-06-15 18:00:00,8125.006103405449
2018-06-15 19:00:00,8656.731361974918
2018-06-15 20:00:00,9155.202661431298
2018-06-15 21:00:00,9567.54302059401
2018-06-15 22:00:00,9860.168361259082
2018-06-15 23:00:00,9949.452099181217
2018-06-16 00:00:00,9763.486107412678
2018-06-16 01:00:00,9397.519259006807
2018-06-16 02:00:00,9193.132818688326
2018-06-16 03:00:00,9016.43556253442
2018-06-16 04:00:00,8515.6117735798
2018-06-16 05:00:00,7881.986439632263
2018-06-16 06:00:00,7382.926966995296
2018-06-16 07:00:00,6892.647050751865
2018-06-16 08:00:00,6419.9247550965665
2018-06-16 09:00:00,6117.453618865811
2018-06-16 10:00:00,6011.55976458787
2018-06-16 11:00:00,5974.615386205306
2018-06-16 12:00:00,6093.87042824343
2018-06-16 13:00:00,6639.372754852108
2018-06-16 14:00:00,7432.202918328719
2018-06-16 15:00:00,8211.651129363263
2018-06-16 16:00:00,8824.356002074082
2018-06-16 17:00:00,9283.453572387263
2018-06-16 18:00:00,9547.761087044248
2018-06-16 19:00:00,9750.590421215904
2018-06-16 20:00:00,9997.504260737727
2018-06-16 21:00:00,10251.461319072
2018-06-16 22:00:00,10426.122391215644
2018-06-16 23:00:00,10485.217219948088
2018-06-17 00:00:00,10219.823024312114
2018-06-17 01:00:00,9849.231960742514
2018-06-17 02:00:00,9585.70313453976
2018-06-17 03:00:00,9361.034500149832
2018-06-17 04:00:00,8851.437945829517
2018-06-17 05:00:00,8276.903370861006
2018-06-17 06:00:00,7768.483809047148
2018-06-17 07:00:00,7350.164157726919
2018-06-17 08:00:00,7000.881399346144
2018-06-17 09:00:00,6713.034888559239
2018-06-17 10:00:00,6567.94120328938
2018-06-17 11:00:00,6393.201181201183
2018-06-17 12:00:00,6567.035525529191
2018-06-17 13:00:00,7188.741122274997
2018-06-17 14:00:00,7994.581921480722
2018-06-17 15:00:00,8811.733542402679
2018-06-17 16:00:00,9494.341633353988
2018-06-17 17:00:00,10023.596262845404
2018-06-17 18:00:00,10409.135887506773
2018-06-17 19:00:00,10689.368881549604
2018-06-17 20:00:00,10808.58892451132
2018-06-17 21:00:00,10771.935385058345
2018-06-17 22:00:00,10668.291545848671
2018-06-17 23:00:00,10522.140703043937
2018-06-18 00:00:00,10298.923435232884
2018-06-18 01:00:00,10070.945852016335
2018-06-18 02:00:00,9916.262760621905
2018-06-18 03:00:00,9822.642043924156
2018-06-18 04:00:00,9257.465944121435
2018-06-18 05:00:00,8631.449569199312
2018-06-18 06:00:00,8080.908357514809
2018-06-18 07:00:00,7745.66685966184
2018-06-18 08:00:00,7471.273920155066
2018-06-18 09:00:00,7310.384768448915
2018-06-18 10:00:00,7358.949865634468
2018-06-18 11:00:00,7630.918791769904
2018-06-18 12:00:00,8275.497173957183
2018-06-18 13:00:00,9187.294224484836
2018-06-18 14:00:00,9949.043544594308
2018-06-18 15:00:00,10597.43905680944
2018-06-18 16:00:00,11188.30662085796
2018-06-18 17:00:00,11679.016682665871
2018-06-18 18:00:00,12014.086181879096
2018-06-18 19:00:00,12272.362545957394
2018-06-18 20:00:00,12427.19864684784
2018-06-18 21:00:00,12505.93733678875
2018-06-18 22:00:00,12498.279907020322
2018-06-18 23:00:00,12132.219151725916
2018-06-19 00:00:00,11228.234755032045
2018-06-19 01:00:00,10560.51630525198
2018-06-19 02:00:00,10017.502029052555
2018-06-19 03:00:00,9483.34220677572
2018-06-19 04:00:00,8670.103736138288
2018-06-19 05:00:00,7836.396027802289
2018-06-19 06:00:00,7180.546428015625
2018-06-19 07:00:00,6685.002767284268
2018-06-19 08:00:00,6342.745146217267
2018-06-19 09:00:00,6157.280971681284
2018-06-19 10:00:00,6148.509972591892
2018-06-19 11:00:00,6351.348950139828
2018-06-19 12:00:00,6744.626149573471
2018-06-19 13:00:00,7225.638988967318
2018-06-19 14:00:00,7627.742116876898
2018-06-19 15:00:00,7997.572107433489
2018-06-19 16:00:00,8380.789572700909
2018-06-19 17:00:00,8800.421828076103
2018-06-19 18:00:00,9164.200624767089
2018-06-19 19:00:00,9470.012540351532
2018-06-19 20:00:00,9594.855537040748
2018-06-19 21:00:00,9379.034209629775
2018-06-19 22:00:00,8964.545906301077
2018-06-19 23:00:00,8647.332749213792
2018-06-20 00:00:00,8271.391183810483
2018-06-20 01:00:00,7936.474261119269
2018-06-20 02:00:00,7782.01482240714
2018-06-20 03:00:00,7547.396034255547
2018-06-20 04:00:00,7034.290002261872
2018-06-20 05:00:00,6476.136542623674
2018-06-20 06:00:00,6046.116612340612
2018-06-20 07:00:00,5752.414739375989
2018-06-20 08:00:00,5564.023629850618
2018-06-20 09:00:00,5488.551207386565
2018-06-20 10:00:00,5540.041321020009
2018-06-20 11:00:00,5820.9845246578225
2018-06-20 12:00:00,6325.81735614792
2018-06-20 13:00:00,6812.293375882734
2018-06-20 14:00:00,7086.568838855002
2018-06-20 15:00:00,7388.634958787236
2018-06-20 16:00:00,7767.348925993922
2018-06-20 17:00:00,8034.2366544559745
2018-06-20 18:00:00,8243.492283811875
2018-06-20 19:00:00,8509.41339229408
2018-06-20 20:00:00,8664.669776724495
2018-06-20 21:00:00,8639.526148465566
2018-06-20 22:00:00,8594.473795504682
2018-06-20 23:00:00,8442.191725695477
2018-06-21 00:00:00,8086.586383743269
2018-06-21 01:00:00,7639.999476694371
2018-06-21 02:00:00,7437.428309631912
2018-06-21 03:00:00,7202.2240248515
2018-06-21 04:00:00,6723.631780012483
2018-06-21 05:00:00,6229.834864194895
2018-06-21 06:00:00,5860.074402170527
2018-06-21 07:00:00,5600.890792957392
2018-06-21 08:00:00,5400.801201198527
2018-06-21 09:00:00,5349.31510736632
2018-06-21 10:00:00,5434.73810993459
2018-06-21 11:00:00,5744.267185904344
2018-06-21 12:00:00,6235.672734904773
2018-06-21 13:00:00,6718.150714944564
2018-06-21 14:00:00,7001.4286084765345
2018-06-21 15:00:00,7169.483311832567
2018-06-21 16:00:00,7305.213728701014
2018-06-21 17:00:00,7314.238633635275
2018-06-21 18:00:00,7289.672046297432
2018-06-21 19:00:00,7272.792452177138
2018-06-21 20:00:00,7180.01242721804
2018-06-21 21:00:00,7059.554187134766
2018-06-21 22:00:00,6975.038356686855
2018-06-21 23:00:00,6894.845614791338
2018-06-22 00:00:00,6795.903446329781
2018-06-22 01:00:00,6744.692452682607
2018-06-22 02:00:00,6731.229410507141
2018-06-22 03:00:00,6586.711172363013
2018-06-22 04:00:00,6214.6059830497925
2018-06-22 05:00:00,5800.378991600732
2018-06-22 06:00:00,5486.784942074372
2018-06-22 07:00:00,5272.649308660476
2018-06-22 08:00:00,5161.486136988349
2018-06-22 09:00:00,5082.507403967062
2018-06-22 10:00:00,5173.7808962267045
2018-06-22 11:00:00,5413.705850846135
2018-06-22 12:00:00,5867.747356536793
2018-06-22 13:00:00,6260.628799704967
2018-06-22 14:00:00,6521.565061721564
2018-06-22 15:00:00,6654.257217104223
2018-06-22 16:00:00,6735.220170085868
2018-06-22 17:00:00,6748.138794362956
2018-06-22 18:00:00,6715.698220849229
2018-06-22 19:00:00,6724.247692337646
2018-06-22 20:00:00,6665.8212173982165
2018-06-22 21:00:00,6551.1730006523885
2018-06-22 22:00:00,6459.057301609003
2018-06-22 23:00:00,6361.377565442914
2018-06-23 00:00:00,6239.665548390172
2018-06-23 01:00:00,6167.265085083679
2018-06-23 02:00:00,6219.885745836582
2018-06-23 03:00:00,6168.393561396442
2018-06-23 04:00:00,5844.261760219864
2018-06-23 05:00:00,5494.39064262454
2018-06-23 06:00:00,5206.537888964505
2018-06-23 07:00:00,5015.221245289571
2018-06-23 08:00:00,4874.80559470754
2018-06-23 09:00:00,4803.4289383247005
2018-06-23 10:00:00,4801.675371930047
2018-06-23 11:00:00,4888.262268881994
2018-06-23 12:00:00,5021.26164335502
2018-06-23 13:00:00,5305.481360991928
2018-06-23 14:00:00,5649.255645352016
2018-06-23 15:00:00,5952.766914682694
2018-06-23 16:00:00,6186.115780845684
2018-06-23 17:00:00,6412.170111297622
2018-06-23 18:00:00,6595.940612702243
2018-06-23 19:00:00,6740.304213464836
2018-06-23 20:00:00,6866.218993255325
2018-06-23 21:00:00,6945.289401269293
2018-06-23 22:00:00,7008.592729581444
2018-06-23 23:00:00,6986.063629250892
2018-06-24 00:00:00,6795.026204997411
2018-06-24 01:00:00,6578.743837431762
2018-06-24 02:00:00,6565.042772345117
2018-06-24 03:00:00,6512.382761763461
2018-06-24 04:00:00,6185.329141708158
2018-06-24 05:00:00,5817.908382221094
2018-06-24 06:00:00,5487.34814707816
2018-06-24 07:00:00,5231.093300036792
2018-06-24 08:00:00,5026.90940394262
2018-06-24 09:00:00,4892.9322368300345
2018-06-24 10:00:00,4832.08465298111
2018-06-24 11:00:00,4744.188233208153
2018-06-24 12:00:00,4844.720112494605
2018-06-24 13:00:00,5215.56761098727
2018-06-24 14:00:00,5713.644911223917
2018-06-24 15:00:00,6214.184885663821
2018-06-24 16:00:00,6675.79157891426
2018-06-24 17:00:00,7044.95871124717
2018-06-24 18:00:00,7363.250004407816
2018-06-24 19:00:00,7585.215847055019
2018-06-24 20:00:00,7774.808919603926
2018-06-24 21:00:00,7823.812498848653
2018-06-24 22:00:00,7743.649065354865
2018-06-24 23:00:00,7673.615965207543
2018-06-25 00:00:00,7430.787227694809
2018-06-25 01:00:00,7022.328506094248
2018-06-25 02:00:00,6755.806686861905
2018-06-25 03:00:00,6611.872392241576
2018-06-25 04:00:00,6215.191449225574
2018-06-25 05:00:00,5771.1272435637775
2018-06-25 06:00:00,5429.450216186211
2018-06-25 07:00:00,5172.610116140341
2018-06-25 08:00:00,4998.261728888681
2018-06-25 09:00:00,4949.704671305598
2018-06-25 10:00:00,5069.061476399886
2018-06-25 11:00:00,5345.686171549648
2018-06-25 12:00:00,5902.487356590314
2018-06-25 13:00:00,6544.702450848786
2018-06-25 14:00:00,6984.319156923309
2018-06-25 15:00:00,7360.133385607418
2018-06-25 16:00:00,7709.996787191918
2018-06-25 17:00:00,7972.825382159411
2018-06-25 18:00:00,8181.203928621813
2018-06-25 19:00:00,8381.692959302722
2018-06-25 20:00:00,8526.347537707088
2018-06-25 21:00:00,8641.489566579774
2018-06-25 22:00:00,8697.374251521891
2018-06-25 23:00:00,8600.521669482705
2018-06-26 00:00:00,8279.607198982521
2018-06-26 01:00:00,7880.0474967104365
2018-06-26 02:00:00,7718.204673512423
2018-06-26 03:00:00,7567.835275710049
2018-06-26 04:00:00,7085.15353811599
2018-06-26 05:00:00,6524.663786680928
2018-06-26 06:00:00,6085.869720645388
2018-06-26 07:00:00,5772.863908521418
2018-06-26 08:00:00,5552.880191206282
2018-06-26 09:00:00,5423.003297224778
2018-06-26 10:00:00,5486.781165897454
2018-06-26 11:00:00,5715.822855856762
2018-06-26 12:00:00,6161.227969056231
2018-06-26 13:00:00,6650.213842601256
2018-06-26 14:00:00,6945.245166097906
2018-06-26 15:00:00,7171.029610028148
2018-06-26 16:00:00,7514.850758510896
2018-06-26 17:00:00,7739.578727772114
2018-06-26 18:00:00,8031.913462425446
2018-06-26 19:00:00,8370.14692269628
2018-06-26 20:00:00,8837.087704715264
2018-06-26 21:00:00,9048.67926346856
2018-06-26 22:00:00,9000.126283277064
2018-06-26 23:00:00,8882.244677093195
2018-06-27 00:00:00,8510.94174472568
2018-06-27 01:00:00,8213.86242573054
2018-06-27 02:00:00,8044.649622175723
2018-06-27 03:00:00,7824.078367878105
2018-06-27 04:00:00,7315.65749658354
2018-06-27 05:00:00,6740.5413229752885
2018-06-27 06:00:00,6288.292345725872
2018-06-27 07:00:00,5974.702133282511
2018-06-27 08:00:00,5762.915642848215
2018-06-27 09:00:00,5673.403147524904
2018-06-27 10:00:00,5727.819160744385
2018-06-27 11:00:00,6046.529771740406
2018-06-27 12:00:00,6524.218946858034
2018-06-27 13:00:00,7012.504021951832
2018-06-27 14:00:00,7337.9197744789
2018-06-27 15:00:00,7590.666054122374
2018-06-27 16:00:00,7882.334975421389
2018-06-27 17:00:00,8050.121544262406
2018-06-27 18:00:00,8256.868313804503
2018-06-27 19:00:00,8601.16367717362
2018-06-27 20:00:00,8834.729701573286
2018-06-27 21:00:00,8885.221293846562
2018-06-27 22:00:00,8824.792749723325
2018-06-27 23:00:00,8790.12635011667
2018-06-28 00:00:00,8574.768473368154
2018-06-28 01:00:00,8258.448870384262
2018-06-28 02:00:00,7993.779264840719
2018-06-28 03:00:00,7786.077455581199
2018-06-28 04:00:00,7248.399841951177
2018-06-28 05:00:00,6609.511920731219
2018-06-28 06:00:00,6135.027135940646
2018-06-28 07:00:00,5807.97829701257
2018-06-28 08:00:00,5582.731261552062
2018-06-28 09:00:00,5484.442255139179
2018-06-28 10:00:00,5542.954095345953
2018-06-28 11:00:00,5785.588184047712
2018-06-28 12:00:00,6413.148152759729
2018-06-28 13:00:00,7177.665744044369
2018-06-28 14:00:00,7846.80443029615
2018-06-28 15:00:00,8430.08925657219
2018-06-28 16:00:00,8964.999084831057
2018-06-28 17:00:00,9415.78322527961
2018-06-28 18:00:00,9800.022012867714
2018-06-28 19:00:00,10154.314329182742
2018-06-28 20:00:00,10394.865518701052
2018-06-28 21:00:00,10545.591303878897
2018-06-28 22:00:00,10585.167010030436
2018-06-28 23:00:00,10347.59081389288
2018-06-29 00:00:00,9947.903532753187
2018-06-29 01:00:00,9569.0456318894
2018-06-29 02:00:00,9280.899147705622
2018-06-29 03:00:00,9010.006519507271
2018-06-29 04:00:00,8369.942671637247
2018-06-29 05:00:00,7622.234357039478
2018-06-29 06:00:00,6990.371755851534
2018-06-29 07:00:00,6577.906674929993
2018-06-29 08:00:00,6297.662484405852
2018-06-29 09:00:00,6160.173403376735
2018-06-29 10:00:00,6201.1317341557315
2018-06-29 11:00:00,6456.88225210778
2018-06-29 12:00:00,7104.086682296384
2018-06-29 13:00:00,7967.70313304067
2018-06-29 14:00:00,8759.2612806284
2018-06-29 15:00:00,9447.519149706102
2018-06-29 16:00:00,10090.35624618106
2018-06-29 17:00:00,10656.53723825408
2018-06-29 18:00:00,11110.05838034185
2018-06-29 19:00:00,11579.06564617012
2018-06-29 20:00:00,11939.312222212777
2018-06-29 21:00:00,12152.889738620794
2018-06-29 22:00:00,12295.886206591733
2018-06-29 23:00:00,12243.624485792678
2018-06-30 00:00:00,12013.607719429185
2018-06-30 01:00:00,11680.964870893356
2018-06-30 02:00:00,11343.770307725386
2018-06-30 03:00:00,11027.247282855984
2018-06-30 04:00:00,10316.3941633204
2018-06-30 05:00:00,9602.0349768519
2018-06-30 06:00:00,8959.053512622624
2018-06-30 07:00:00,8470.528868144069
2018-06-30 08:00:00,8049.287550210314
2018-06-30 09:00:00,7759.683757757917
2018-06-30 10:00:00,7568.958914491013
2018-06-30 11:00:00,7476.3400164365
2018-06-30 12:00:00,7736.973444631726
2018-06-30 13:00:00,8385.017456696536
2018-06-30 14:00:00,9176.159788548452
2018-06-30 15:00:00,9967.91021621022
2018-06-30 16:00:00,10617.125094243564
2018-06-30 17:00:00,11038.63254111417
2018-06-30 18:00:00,11314.334567152231
2018-06-30 19:00:00,11490.982461348904
2018-06-30 20:00:00,11614.052720788222
2018-06-30 21:00:00,11680.184805699608
2018-06-30 22:00:00,11686.447918317972
2018-06-30 23:00:00,11585.547451378936
2018-07-01 00:00:00,11338.493264341922
2018-07-01 01:00:00,10946.152948667936
2018-07-01 02:00:00,10581.446747219985
2018-07-01 03:00:00,10303.538239431917
2018-07-01 04:00:00,9712.037935642424
2018-07-01 05:00:00,9048.576849228057
2018-07-01 06:00:00,8455.3277297181
2018-07-01 07:00:00,7948.665114586295
2018-07-01 08:00:00,7550.824293672128
2018-07-01 09:00:00,7264.148075722952
2018-07-01 10:00:00,7079.270859561694
2018-07-01 11:00:00,6933.033772673913
2018-07-01 12:00:00,7000.45358727393
2018-07-01 13:00:00,7514.829065709364
2018-07-01 14:00:00,8305.926075589747
2018-07-01 15:00:00,9014.274459618297
2018-07-01 16:00:00,9667.07989150538
2018-07-01 17:00:00,10243.35929832311
2018-07-01 18:00:00,10639.34806992207
2018-07-01 19:00:00,10922.76450473061
2018-07-01 20:00:00,11095.044496553051
2018-07-01 21:00:00,11076.896494710074
2018-07-01 22:00:00,10572.325821121987
2018-07-01 23:00:00,9780.456294775966
2018-07-02 00:00:00,9260.703388363754
2018-07-02 01:00:00,8963.322478644921
2018-07-02 02:00:00,8757.879779675237
2018-07-02 03:00:00,8666.01211167047
2018-07-02 04:00:00,8230.720031860534
2018-07-02 05:00:00,7684.269470146581
2018-07-02 06:00:00,7183.456644286239
2018-07-02 07:00:00,6796.146753541406
2018-07-02 08:00:00,6512.391623598002
2018-07-02 09:00:00,6311.131586736211
2018-07-02 10:00:00,6322.254530484855
2018-07-02 11:00:00,6474.455890994774
2018-07-02 12:00:00,6933.8316203812565
2018-07-02 13:00:00,7638.864476282003
2018-07-02 14:00:00,8173.291945387328
2018-07-02 15:00:00,8597.108673184059
2018-07-02 16:00:00,8984.138931717898
2018-07-02 17:00:00,9257.127766787908
2018-07-02 18:00:00,9516.758285476137
2018-07-02 19:00:00,9785.19593169175
2018-07-02 20:00:00,10007.573010010425
2018-07-02 21:00:00,10170.850131056184
2018-07-02 22:00:00,10243.063700154207
2018-07-02 23:00:00,10195.306092070108
2018-07-03 00:00:00,9873.64687041074
2018-07-03 01:00:00,9339.011308681758
2018-07-03 02:00:00,8754.941942497651
2018-07-03 03:00:00,8346.567602905776
2018-07-03 04:00:00,7615.826022079298
2018-07-03 05:00:00,6870.457227300598
2018-07-03 06:00:00,6276.039398510974
2018-07-03 07:00:00,5910.961569583422
2018-07-03 08:00:00,5647.685787747755
2018-07-03 09:00:00,5535.353175923012
2018-07-03 10:00:00,5591.521111073005
2018-07-03 11:00:00,5837.661175348565
2018-07-03 12:00:00,6407.833085896955
2018-07-03 13:00:00,7100.310337712598
2018-07-03 14:00:00,7785.86141906793
2018-07-03 15:00:00,8435.516228038654
2018-07-03 16:00:00,9072.618975060135
2018-07-03 17:00:00,9625.896676159136
2018-07-03 18:00:00,10146.751270705336
2018-07-03 19:00:00,10583.925058671046
2018-07-03 20:00:00,10837.928633276846
2018-07-03 21:00:00,10993.995256406246
2018-07-03 22:00:00,11130.544896774873
2018-07-03 23:00:00,11087.159461122004
2018-07-04 00:00:00,10726.06822230586
2018-07-04 01:00:00,10228.8915900328
2018-07-04 02:00:00,9827.890805516568
2018-07-04 03:00:00,9514.880120906251
2018-07-04 04:00:00,8905.2485156792
2018-07-04 05:00:00,8263.437344287655
2018-07-04 06:00:00,7657.319388800395
2018-07-04 07:00:00,7251.285695790059
2018-07-04 08:00:00,6912.537461037299
2018-07-04 09:00:00,6690.216629693227
2018-07-04 10:00:00,6543.953808801147
2018-07-04 11:00:00,6451.366220972912
2018-07-04 12:00:00,6636.998506428142
2018-07-04 13:00:00,7184.642467946648
2018-07-04 14:00:00,7893.035801557402
2018-07-04 15:00:00,8694.772238817377
2018-07-04 16:00:00,9431.638954885892
2018-07-04 17:00:00,9910.357519063997
2018-07-04 18:00:00,10182.71258854166
2018-07-04 19:00:00,10440.988660197958
2018-07-04 20:00:00,10537.61279628793
2018-07-04 21:00:00,10557.120495631949
2018-07-04 22:00:00,10442.244190297317
2018-07-04 23:00:00,10361.945631059032
2018-07-05 00:00:00,10025.883152660144
2018-07-05 01:00:00,9575.324857512756
2018-07-05 02:00:00,9331.207670423622
2018-07-05 03:00:00,8978.995753981564
2018-07-05 04:00:00,8438.98800006869
2018-07-05 05:00:00,7870.892548083457
2018-07-05 06:00:00,7350.186906147547
2018-07-05 07:00:00,6919.5815705947825
2018-07-05 08:00:00,6613.5954142374485
2018-07-05 09:00:00,6486.052253997478
2018-07-05 10:00:00,6518.2370276317515
2018-07-05 11:00:00,6748.052201891232
2018-07-05 12:00:00,7356.105526847043
2018-07-05 13:00:00,8199.172795266471
2018-07-05 14:00:00,9039.820377961918
2018-07-05 15:00:00,9848.335006883866
2018-07-05 16:00:00,10552.24057197917
2018-07-05 17:00:00,11107.13990582054
2018-07-05 18:00:00,11447.153512222583
2018-07-05 19:00:00,11407.83751173692
2018-07-05 20:00:00,10667.987490706471
2018-07-05 21:00:00,10178.525350091746
2018-07-05 22:00:00,9994.051413967858
2018-07-05 23:00:00,9841.1438515558
2018-07-06 00:00:00,9584.697183075808
2018-07-06 01:00:00,9426.046991984524
2018-07-06 02:00:00,9177.900922692295
2018-07-06 03:00:00,8984.238211794767
2018-07-06 04:00:00,8386.888727794607
2018-07-06 05:00:00,7709.976628155442
2018-07-06 06:00:00,7100.349316806981
2018-07-06 07:00:00,6613.585486546518
2018-07-06 08:00:00,6246.758263290746
2018-07-06 09:00:00,6036.140786666514
2018-07-06 10:00:00,6011.572646223647
2018-07-06 11:00:00,6117.238603423695
2018-07-06 12:00:00,6583.922066548372
2018-07-06 13:00:00,7199.2113020257075
2018-07-06 14:00:00,7636.974466586081
2018-07-06 15:00:00,7924.404566846001
2018-07-06 16:00:00,8139.369455239934
2018-07-06 17:00:00,8198.032252438355
2018-07-06 18:00:00,8228.462393821588
2018-07-06 19:00:00,8331.414588077278
2018-07-06 20:00:00,8379.330577147877
2018-07-06 21:00:00,8431.604469363392
2018-07-06 22:00:00,8423.826020239278
2018-07-06 23:00:00,8306.04358715858
2018-07-07 00:00:00,7954.16634201782
2018-07-07 01:00:00,7548.153287085581
2018-07-07 02:00:00,7132.564969823472
2018-07-07 03:00:00,6919.007402496716
2018-07-07 04:00:00,6483.715809935416
2018-07-07 05:00:00,5995.771271897661
2018-07-07 06:00:00,5616.647096784678
2018-07-07 07:00:00,5350.439385661119
2018-07-07 08:00:00,5152.103329843868
2018-07-07 09:00:00,5046.791652813425
2018-07-07 10:00:00,5030.996125471053
2018-07-07 11:00:00,4983.32649501555
2018-07-07 12:00:00,5185.6361234740825
2018-07-07 13:00:00,5565.160557142062
2018-07-07 14:00:00,5964.748617856808
2018-07-07 15:00:00,6296.428911695986
2018-07-07 16:00:00,6622.273622118986
2018-07-07 17:00:00,6849.75230351872
2018-07-07 18:00:00,7050.041088223104
2018-07-07 19:00:00,7160.568298336822
2018-07-07 20:00:00,7392.67501439794
2018-07-07 21:00:00,7584.373363347376
2018-07-07 22:00:00,7781.549637095802
2018-07-07 23:00:00,7790.365003127315
2018-07-08 00:00:00,7633.471919059353
2018-07-08 01:00:00,7307.066928310158
2018-07-08 02:00:00,6976.335185091835
2018-07-08 03:00:00,6788.525247863653
2018-07-08 04:00:00,6394.773980610608
2018-07-08 05:00:00,5966.504358246955
2018-07-08 06:00:00,5576.852450533803
2018-07-08 07:00:00,5307.722281017685
2018-07-08 08:00:00,5084.813943144175
2018-07-08 09:00:00,4953.176600381054
2018-07-08 10:00:00,4878.876693826626
2018-07-08 11:00:00,4814.240299146795
2018-07-08 12:00:00,4878.981441997284
2018-07-08 13:00:00,5223.8146035320915
2018-07-08 14:00:00,5669.299851028939
2018-07-08 15:00:00,6189.714616950774
2018-07-08 16:00:00,6630.05869426022
2018-07-08 17:00:00,7058.829697245296
2018-07-08 18:00:00,7408.612636470548
2018-07-08 19:00:00,7763.096434449137
2018-07-08 20:00:00,8125.7404609953155
2018-07-08 21:00:00,8455.05574723456
2018-07-08 22:00:00,8749.457045385792
2018-07-08 23:00:00,8851.431254774408
2018-07-09 00:00:00,8771.354594809825
2018-07-09 01:00:00,8510.54822393062
2018-07-09 02:00:00,8163.440755570008
2018-07-09 03:00:00,7977.967353763009
2018-07-09 04:00:00,7429.758231355897
2018-07-09 05:00:00,6821.877512656007
2018-07-09 06:00:00,6328.670935500545
2018-07-09 07:00:00,5975.295029999969
2018-07-09 08:00:00,5709.677596632457
2018-07-09 09:00:00,5609.633044377341
2018-07-09 10:00:00,5683.940442379528
2018-07-09 11:00:00,5932.916609068325
2018-07-09 12:00:00,6481.427005591627
2018-07-09 13:00:00,7294.773454293025
2018-07-09 14:00:00,7966.143500298278
2018-07-09 15:00:00,8607.715566738834
2018-07-09 16:00:00,9198.97099784445
2018-07-09 17:00:00,9680.476759990755
2018-07-09 18:00:00,10113.055565580878
2018-07-09 19:00:00,10523.52040374169
2018-07-09 20:00:00,10859.202136377116
2018-07-09 21:00:00,11154.60649482464
2018-07-09 22:00:00,11318.580850599375
2018-07-09 23:00:00,11174.178667217577
2018-07-10 00:00:00,10908.943565770704
2018-07-10 01:00:00,10591.589908903034
2018-07-10 02:00:00,10176.030161093637
2018-07-10 03:00:00,9815.041094048176
2018-07-10 04:00:00,9087.806371933646
2018-07-10 05:00:00,8326.641075315303
2018-07-10 06:00:00,7731.047837577289
2018-07-10 07:00:00,7305.123064314645
2018-07-10 08:00:00,6999.724140409391
2018-07-10 09:00:00,6834.15247741858
2018-07-10 10:00:00,6846.445104944158
2018-07-10 11:00:00,7078.519145869157
2018-07-10 12:00:00,7653.734223980176
2018-07-10 13:00:00,8477.707646212562
2018-07-10 14:00:00,9133.25667117974
2018-07-10 15:00:00,9667.21354739662
2018-07-10 16:00:00,10144.139537972927
2018-07-10 17:00:00,10431.275752128187
2018-07-10 18:00:00,10623.790402092727
2018-07-10 19:00:00,10798.585854400402
2018-07-10 20:00:00,10852.822942555837
2018-07-10 21:00:00,10848.56806062515
2018-07-10 22:00:00,10728.482207186244
2018-07-10 23:00:00,10448.558918397848
2018-07-11 00:00:00,9903.491758789469
2018-07-11 01:00:00,9343.111185923326
2018-07-11 02:00:00,8903.548851164749
2018-07-11 03:00:00,8602.81998325093
2018-07-11 04:00:00,7954.566004058309
2018-07-11 05:00:00,7249.565414567756
2018-07-11 06:00:00,6681.469718958208
2018-07-11 07:00:00,6273.095379366336
2018-07-11 08:00:00,5992.268828876461
2018-07-11 09:00:00,5839.565971409912
2018-07-11 10:00:00,5852.441720227218
2018-07-11 11:00:00,6096.691430999458
2018-07-11 12:00:00,6630.394600989733
2018-07-11 13:00:00,7351.292407136334
2018-07-11 14:00:00,7949.7658071314845
2018-07-11 15:00:00,8488.292417128474
2018-07-11 16:00:00,9011.016844120424
2018-07-11 17:00:00,9417.119207500924
2018-07-11 18:00:00,9797.11215442669
2018-07-11 19:00:00,10168.116705716782
2018-07-11 20:00:00,10421.833009158978
2018-07-11 21:00:00,10595.703982041308
2018-07-11 22:00:00,10621.942695601569
2018-07-11 23:00:00,10505.386929622306
2018-07-12 00:00:00,10139.725960341771
2018-07-12 01:00:00,9624.47949797556
2018-07-12 02:00:00,9139.307875003922
2018-07-12 03:00:00,8783.001623773514
2018-07-12 04:00:00,8130.063336566896
2018-07-12 05:00:00,7439.103459449433
2018-07-12 06:00:00,6874.522601248227
2018-07-12 07:00:00,6462.639788933302
2018-07-12 08:00:00,6150.801833403889
2018-07-12 09:00:00,5985.818194644191
2018-07-12 10:00:00,6025.606141226341
2018-07-12 11:00:00,6295.624590555149
2018-07-12 12:00:00,6814.7470492804305
2018-07-12 13:00:00,7499.653089311385
2018-07-12 14:00:00,8091.165151321198
2018-07-12 15:00:00,8536.227781785807
2018-07-12 16:00:00,9037.827839851514
2018-07-12 17:00:00,9516.417756706502
2018-07-12 18:00:00,9878.28547561249
2018-07-12 19:00:00,10173.565726838924
2018-07-12 20:00:00,10297.626868964517
2018-07-12 21:00:00,10374.410178004917
2018-07-12 22:00:00,10394.112077440375
2018-07-12 23:00:00,10315.562961327996
2018-07-13 00:00:00,10049.512259285932
2018-07-13 01:00:00,9708.78557854196
2018-07-13 02:00:00,9400.231133572584
2018-07-13 03:00:00,9101.841206870084
2018-07-13 04:00:00,8469.387048898425
2018-07-13 05:00:00,7814.699276004465
2018-07-13 06:00:00,7193.950482653263
2018-07-13 07:00:00,6796.694001152411
2018-07-13 08:00:00,6480.178345918605
2018-07-13 09:00:00,6264.877931667157
2018-07-13 10:00:00,6259.03599927993
2018-07-13 11:00:00,6482.224032431739
2018-07-13 12:00:00,6986.67469305907
2018-07-13 13:00:00,7752.122513916603
2018-07-13 14:00:00,8406.377215155158
2018-07-13 15:00:00,9023.920336552525
2018-07-13 16:00:00,9630.994748342557
2018-07-13 17:00:00,10116.885146320668
2018-07-13 18:00:00,10567.924926276122
2018-07-13 19:00:00,10993.750903295146
2018-07-13 20:00:00,11298.028799483836
2018-07-13 21:00:00,11482.356364584237
2018-07-13 22:00:00,11580.276439568426
2018-07-13 23:00:00,11522.21794913563
2018-07-14 00:00:00,11240.170320633992
2018-07-14 01:00:00,10725.51587995444
2018-07-14 02:00:00,10253.816005121767
2018-07-14 03:00:00,9791.031042498433
2018-07-14 04:00:00,9131.663103203868
2018-07-14 05:00:00,8402.675819644994
2018-07-14 06:00:00,7783.686957373736
2018-07-14 07:00:00,7266.496609641761
2018-07-14 08:00:00,6921.896606169963
2018-07-14 09:00:00,6728.239407272613
2018-07-14 10:00:00,6587.827258790143
2018-07-14 11:00:00,6642.239465379667
2018-07-14 12:00:00,6731.169296206847
2018-07-14 13:00:00,6935.238107972345
2018-07-14 14:00:00,7228.841538706748
2018-07-14 15:00:00,7578.052076826843
2018-07-14 16:00:00,7851.320910988944
2018-07-14 17:00:00,7910.944706036401
2018-07-14 18:00:00,7909.848436672369
2018-07-14 19:00:00,7991.51847137858
2018-07-14 20:00:00,8074.870033213669
2018-07-14 21:00:00,8302.916854454232
2018-07-14 22:00:00,8578.23862932552
2018-07-14 23:00:00,8725.551100559192
2018-07-15 00:00:00,8580.389778161292
2018-07-15 01:00:00,8375.962076394131
2018-07-15 02:00:00,8198.5461908675
2018-07-15 03:00:00,8097.903290800826
2018-07-15 04:00:00,7714.680791551301
2018-07-15 05:00:00,7243.703109096995
2018-07-15 06:00:00,6744.062220538522
2018-07-15 07:00:00,6360.264000085907
2018-07-15 08:00:00,6092.30674236893
2018-07-15 09:00:00,5957.741216041796
2018-07-15 10:00:00,5830.787480872764
2018-07-15 11:00:00,5777.827120034686
2018-07-15 12:00:00,5868.562454169109
2018-07-15 13:00:00,6407.955156111396
2018-07-15 14:00:00,7145.144341321586
2018-07-15 15:00:00,7878.419545939115
2018-07-15 16:00:00,8556.830616662053
2018-07-15 17:00:00,9086.878274383536
2018-07-15 18:00:00,9463.150751779962
2018-07-15 19:00:00,9707.086106058763
2018-07-15 20:00:00,9948.903391467866
2018-07-15 21:00:00,10088.716692750457
2018-07-15 22:00:00,10138.254779071369
2018-07-15 23:00:00,10129.913618854833
2018-07-16 00:00:00,10002.109872131232
2018-07-16 01:00:00,9749.05921363743
2018-07-16 02:00:00,9477.45352897261
2018-07-16 03:00:00,9247.519383818451
2018-07-16 04:00:00,8705.162547832057
2018-07-16 05:00:00,8048.726537825382
2018-07-16 06:00:00,7529.194294937247
2018-07-16 07:00:00,7129.59960309803
2018-07-16 08:00:00,6858.135395309983
2018-07-16 09:00:00,6746.975908455657
2018-07-16 10:00:00,6799.04963062946
2018-07-16 11:00:00,7111.674165266101
2018-07-16 12:00:00,7686.204642658559
2018-07-16 13:00:00,8492.927616040122
2018-07-16 14:00:00,9272.377486277604
2018-07-16 15:00:00,9952.972272275396
2018-07-16 16:00:00,10526.8679526732
2018-07-16 17:00:00,11052.940561299984
2018-07-16 18:00:00,11227.4115764102
2018-07-16 19:00:00,11280.87630155098
2018-07-16 20:00:00,11132.93908617275
2018-07-16 21:00:00,11111.254091668296
2018-07-16 22:00:00,11143.292092196012
2018-07-16 23:00:00,11117.38293930334
2018-07-17 00:00:00,10865.530432411484
2018-07-17 01:00:00,10361.600543384951
2018-07-17 02:00:00,9792.230174364722
2018-07-17 03:00:00,9317.160532459162
2018-07-17 04:00:00,8506.852772988035
2018-07-17 05:00:00,7707.075608702807
2018-07-17 06:00:00,7050.0554420010585
2018-07-17 07:00:00,6551.586917087011
2018-07-17 08:00:00,6221.029970872359
2018-07-17 09:00:00,6024.453419792496
2018-07-17 10:00:00,6049.613817438988
2018-07-17 11:00:00,6278.538976062516
2018-07-17 12:00:00,6824.4752593358535
2018-07-17 13:00:00,7497.862205624409
2018-07-17 14:00:00,8104.334825778996
2018-07-17 15:00:00,8603.74346942776
2018-07-17 16:00:00,9074.546543073584
2018-07-17 17:00:00,9424.52680070872
2018-07-17 18:00:00,9631.58009368162
2018-07-17 19:00:00,9758.928167376273
2018-07-17 20:00:00,9837.21164656078
2018-07-17 21:00:00,9892.132744718623
2018-07-17 22:00:00,9861.716079762344
2018-07-17 23:00:00,9681.51913606832
2018-07-18 00:00:00,9288.994626559224
2018-07-18 01:00:00,8739.868333456287
2018-07-18 02:00:00,8284.553411036924
2018-07-18 03:00:00,7938.778059522813
2018-07-18 04:00:00,7315.679544584256
2018-07-18 05:00:00,6665.673308477685
2018-07-18 06:00:00,6185.3373031227875
2018-07-18 07:00:00,5837.223589005116
2018-07-18 08:00:00,5590.914175504263
2018-07-18 09:00:00,5463.372355198037
2018-07-18 10:00:00,5487.948504790335
2018-07-18 11:00:00,5707.513696049129
2018-07-18 12:00:00,6213.690937176464
2018-07-18 13:00:00,6852.781049323938
2018-07-18 14:00:00,7345.35758019022
2018-07-18 15:00:00,7692.33586662602
2018-07-18 16:00:00,8026.430770768851
2018-07-18 17:00:00,8271.09886412491
2018-07-18 18:00:00,8513.247535865565
2018-07-18 19:00:00,8734.34255531845
2018-07-18 20:00:00,8906.185265617964
2018-07-18 21:00:00,9019.47401678528
2018-07-18 22:00:00,9073.241616469048
2018-07-18 23:00:00,8965.548012347133
2018-07-19 00:00:00,8613.552001375623
2018-07-19 01:00:00,8092.854759001711
2018-07-19 02:00:00,7849.271837525673
2018-07-19 03:00:00,7600.02480001851
2018-07-19 04:00:00,7085.746465286488
2018-07-19 05:00:00,6487.812885497333
2018-07-19 06:00:00,6044.33576002242
2018-07-19 07:00:00,5728.40069847805
2018-07-19 08:00:00,5513.097238922636
2018-07-19 09:00:00,5387.896034744908
2018-07-19 10:00:00,5433.534897360986
2018-07-19 11:00:00,5702.247149881554
2018-07-19 12:00:00,6180.873333886718
2018-07-19 13:00:00,6855.997101003957
2018-07-19 14:00:00,7347.075092605973
2018-07-19 15:00:00,7783.169700549733
2018-07-19 16:00:00,8286.67489658179
2018-07-19 17:00:00,8723.511705020148
2018-07-19 18:00:00,9041.660518514942
2018-07-19 19:00:00,9370.81806956008
2018-07-19 20:00:00,9566.236847317236
2018-07-19 21:00:00,9512.009244764651
2018-07-19 22:00:00,9325.644310874675
2018-07-19 23:00:00,9091.226856901876
2018-07-20 00:00:00,8877.628476814678
2018-07-20 01:00:00,8705.297194224928
2018-07-20 02:00:00,8617.444486882625
2018-07-20 03:00:00,8480.529939388047
2018-07-20 04:00:00,7983.2184602394755
2018-07-20 05:00:00,7420.387422709043
2018-07-20 06:00:00,6979.250426113992
2018-07-20 07:00:00,6627.044052125154
2018-07-20 08:00:00,6374.2994745361775
2018-07-20 09:00:00,6246.173710706155
2018-07-20 10:00:00,6309.365351877058
2018-07-20 11:00:00,6540.039957627533
2018-07-20 12:00:00,6982.2913094077385
2018-07-20 13:00:00,7633.237812908379
2018-07-20 14:00:00,8015.767071568751
2018-07-20 15:00:00,8291.171982004042
2018-07-20 16:00:00,8406.921352282156
2018-07-20 17:00:00,8442.438233354098
2018-07-20 18:00:00,8484.8009521679
2018-07-20 19:00:00,8469.8081866365
2018-07-20 20:00:00,8443.19810468777
2018-07-20 21:00:00,8337.088522149283
2018-07-20 22:00:00,8245.588635279268
2018-07-20 23:00:00,8060.940637068398
2018-07-21 00:00:00,7802.373080015819
2018-07-21 01:00:00,7584.861641034507
2018-07-21 02:00:00,7545.627271794102
2018-07-21 03:00:00,7422.7551115898
2018-07-21 04:00:00,7023.1508270430895
2018-07-21 05:00:00,6585.51697388915
2018-07-21 06:00:00,6190.595931500051
2018-07-21 07:00:00,5884.60940970624
2018-07-21 08:00:00,5680.424478208719
2018-07-21 09:00:00,5592.079017247892
2018-07-21 10:00:00,5560.4889675134555
2018-07-21 11:00:00,5655.323472992583
2018-07-21 12:00:00,5803.098432104645
2018-07-21 13:00:00,6065.044049404071
2018-07-21 14:00:00,6385.6045746867985
2018-07-21 15:00:00,6668.6889835761585
2018-07-21 16:00:00,6858.459775175924
2018-07-21 17:00:00,7041.410308332989
2018-07-21 18:00:00,7161.047913401073
2018-07-21 19:00:00,7258.67001721955
2018-07-21 20:00:00,7293.277787883066
2018-07-21 21:00:00,7360.34704681488
2018-07-21 22:00:00,7370.516623602057
2018-07-21 23:00:00,7292.735989383991
2018-07-22 00:00:00,7129.82640815766
2018-07-22 01:00:00,6924.906534695446
2018-07-22 02:00:00,6893.843198220267
2018-07-22 03:00:00,6813.101184284674
2018-07-22 04:00:00,6498.919536869757
2018-07-22 05:00:00,6154.900675242107
2018-07-22 06:00:00,5819.658355157068
2018-07-22 07:00:00,5558.724316212366
2018-07-22 08:00:00,5403.68169530243
2018-07-22 09:00:00,5285.499081034948
2018-07-22 10:00:00,5281.990090610222
2018-07-22 11:00:00,5267.532892534443
2018-07-22 12:00:00,5280.21250105844
2018-07-22 13:00:00,5433.259509545582
2018-07-22 14:00:00,5694.409424224398
2018-07-22 15:00:00,5925.523962388162
2018-07-22 16:00:00,6138.046778726947
2018-07-22 17:00:00,6292.550033627368
2018-07-22 18:00:00,6468.9164379776275
2018-07-22 19:00:00,6555.0115319867255
2018-07-22 20:00:00,6664.7194100824745
2018-07-22 21:00:00,6802.9595358127
2018-07-22 22:00:00,6894.09729586617
2018-07-22 23:00:00,6908.802610393559
2018-07-23 00:00:00,6860.320370372199
2018-07-23 01:00:00,6736.001037284531
2018-07-23 02:00:00,6699.623037943446
2018-07-23 03:00:00,6644.617264669591
2018-07-23 04:00:00,6332.771513162024
2018-07-23 05:00:00,5905.089458233889
2018-07-23 06:00:00,5605.537491467408
2018-07-23 07:00:00,5380.288354747163
2018-07-23 08:00:00,5243.386140733648
2018-07-23 09:00:00,5207.69852818866
2018-07-23 10:00:00,5315.353927557646
2018-07-23 11:00:00,5637.253573885999
2018-07-23 12:00:00,6083.065108546266
2018-07-23 13:00:00,6723.838255767087
2018-07-23 14:00:00,7214.384143921827
2018-07-23 15:00:00,7665.746782277023
2018-07-23 16:00:00,8094.030541513814
2018-07-23 17:00:00,8447.945057174862
2018-07-23 18:00:00,8796.266331185596
2018-07-23 19:00:00,9032.13547648342
2018-07-23 20:00:00,9110.395053637638
2018-07-23 21:00:00,9040.725544651876
2018-07-23 22:00:00,8910.082242898483
2018-07-23 23:00:00,8739.306264934587
2018-07-24 00:00:00,8480.402846324452
2018-07-24 01:00:00,8185.70556340794
2018-07-24 02:00:00,8030.025331715307
2018-07-24 03:00:00,7808.866905871691
2018-07-24 04:00:00,7243.698267063688
2018-07-24 05:00:00,6617.686246926234
2018-07-24 06:00:00,6172.457108161692
2018-07-24 07:00:00,5839.559819895901
2018-07-24 08:00:00,5602.611317804011
2018-07-24 09:00:00,5516.02362575731
2018-07-24 10:00:00,5580.385833843298
2018-07-24 11:00:00,5865.444289901863
2018-07-24 12:00:00,6320.021597441898
2018-07-24 13:00:00,6951.410916353225
2018-07-24 14:00:00,7502.758129293978
2018-07-24 15:00:00,8019.2591703558655
2018-07-24 16:00:00,8605.523597245612
2018-07-24 17:00:00,9073.12669225409
2018-07-24 18:00:00,9440.564082447816
2018-07-24 19:00:00,9772.203711469305
2018-07-24 20:00:00,10004.08263871167
2018-07-24 21:00:00,10147.820538460475
2018-07-24 22:00:00,10170.667969646433
2018-07-24 23:00:00,10066.421294605296
2018-07-25 00:00:00,9759.713322697864
2018-07-25 01:00:00,9345.32854870163
2018-07-25 02:00:00,9035.159577971204
2018-07-25 03:00:00,8701.66884483324
2018-07-25 04:00:00,8015.971128645644
2018-07-25 05:00:00,7269.434172741991
2018-07-25 06:00:00,6731.764750979637
2018-07-25 07:00:00,6297.652069466288
2018-07-25 08:00:00,5997.52161027011
2018-07-25 09:00:00,5796.265166866999
2018-07-25 10:00:00,5814.992136248628
2018-07-25 11:00:00,6033.339853908241
2018-07-25 12:00:00,6506.512882568616
2018-07-25 13:00:00,7140.136271553945
2018-07-25 14:00:00,7723.271571403576
2018-07-25 15:00:00,8255.325084037757
2018-07-25 16:00:00,8799.871986431288
2018-07-25 17:00:00,9192.924127551172
2018-07-25 18:00:00,9514.179246941098
2018-07-25 19:00:00,9933.535978419106
2018-07-25 20:00:00,10236.97661263956
2018-07-25 21:00:00,10457.278653450643
2018-07-25 22:00:00,10572.095798994049
2018-07-25 23:00:00,10495.102438826172
2018-07-26 00:00:00,10131.304197640478
2018-07-26 01:00:00,9672.370170259306
2018-07-26 02:00:00,9359.275939456673
2018-07-26 03:00:00,8964.35264354264
2018-07-26 04:00:00,8299.13171740745
2018-07-26 05:00:00,7637.427821299454
2018-07-26 06:00:00,7076.940140671089
2018-07-26 07:00:00,6688.461906083067
2018-07-26 08:00:00,6394.178038589183
2018-07-26 09:00:00,6201.699111225953
2018-07-26 10:00:00,6228.032055235108
2018-07-26 11:00:00,6485.563425215226
2018-07-26 12:00:00,6887.894215371051
2018-07-26 13:00:00,7426.625725899483
2018-07-26 14:00:00,7909.996676921999
2018-07-26 15:00:00,8359.443464762453
2018-07-26 16:00:00,8738.726481647545
2018-07-26 17:00:00,8981.603367756265
2018-07-26 18:00:00,9139.359415151215
2018-07-26 19:00:00,9266.192066026151
2018-07-26 20:00:00,9343.784950720235
2018-07-26 21:00:00,9329.044901641822
2018-07-26 22:00:00,9200.264555862048
2018-07-26 23:00:00,8922.641798030227
2018-07-27 00:00:00,8531.35175347182
2018-07-27 01:00:00,8158.853362632739
2018-07-27 02:00:00,7972.1312988124355
2018-07-27 03:00:00,7708.260153563097
2018-07-27 04:00:00,7141.32993921101
2018-07-27 05:00:00,6519.410731209922
2018-07-27 06:00:00,6030.29931107488
2018-07-27 07:00:00,5686.28501740318
2018-07-27 08:00:00,5455.771374869018
2018-07-27 09:00:00,5348.704882869294
2018-07-27 10:00:00,5363.337761086893
2018-07-27 11:00:00,5622.605312381861
2018-07-27 12:00:00,5984.029360103541
2018-07-27 13:00:00,6514.0772838263165
2018-07-27 14:00:00,6911.330218067057
2018-07-27 15:00:00,7240.189319769235
2018-07-27 16:00:00,7535.219596470751
2018-07-27 17:00:00,7754.784540789502
2018-07-27 18:00:00,7908.606950642412
2018-07-27 19:00:00,8015.184366203232
2018-07-27 20:00:00,8075.856100745114
2018-07-27 21:00:00,8103.923898243771
2018-07-27 22:00:00,8078.130701832737
2018-07-27 23:00:00,7954.217913493932
2018-07-28 00:00:00,7712.734100004387
2018-07-28 01:00:00,7414.035404422213
2018-07-28 02:00:00,7314.511992520097
2018-07-28 03:00:00,7111.488461572724
2018-07-28 04:00:00,6659.817093614855
2018-07-28 05:00:00,6143.790430411004
2018-07-28 06:00:00,5690.954525239904
2018-07-28 07:00:00,5412.4608253534125
2018-07-28 08:00:00,5186.629450479591
2018-07-28 09:00:00,5057.3323888615305
2018-07-28 10:00:00,5035.102824193504
2018-07-28 11:00:00,5073.800522030681
2018-07-28 12:00:00,5170.758856474228
2018-07-28 13:00:00,5492.274217812378
2018-07-28 14:00:00,5951.907816730517
2018-07-28 15:00:00,6376.9777744965
2018-07-28 16:00:00,6695.630899495268
2018-07-28 17:00:00,6918.956489874404
2018-07-28 18:00:00,7103.589097160562
2018-07-28 19:00:00,7259.026633042646
2018-07-28 20:00:00,7336.961590997769
2018-07-28 21:00:00,7418.989939697011
2018-07-28 22:00:00,7347.342045188227
2018-07-28 23:00:00,7240.734035973165
2018-07-29 00:00:00,7043.83714385856
2018-07-29 01:00:00,6853.547967418165
2018-07-29 02:00:00,6781.525082042403
2018-07-29 03:00:00,6660.41129981302
2018-07-29 04:00:00,6276.604004354586
2018-07-29 05:00:00,5868.810380264307
2018-07-29 06:00:00,5499.633161343822
2018-07-29 07:00:00,5235.771821973256
2018-07-29 08:00:00,5023.9798499918215
2018-07-29 09:00:00,4870.112546671158
2018-07-29 10:00:00,4829.744006399574
2018-07-29 11:00:00,4800.59328099386
2018-07-29 12:00:00,4783.467568930787
2018-07-29 13:00:00,5054.91729894742
2018-07-29 14:00:00,5484.015580814617
2018-07-29 15:00:00,5950.161341133762
2018-07-29 16:00:00,6368.114677387594
2018-07-29 17:00:00,6699.373524277738
2018-07-29 18:00:00,6943.126282665597
2018-07-29 19:00:00,7172.111288353851
2018-07-29 20:00:00,7252.373562097313
2018-07-29 21:00:00,7329.534781890656
2018-07-29 22:00:00,7289.782643791985
2018-07-29 23:00:00,7285.907241464793
2018-07-30 00:00:00,7131.7419475105635
2018-07-30 01:00:00,6930.142105620179
2018-07-30 02:00:00,6909.637872877529
2018-07-30 03:00:00,6768.634198064386
2018-07-30 04:00:00,6429.2950764947855
2018-07-30 05:00:00,5981.138850475655
2018-07-30 06:00:00,5635.369863646834
2018-07-30 07:00:00,5347.52341376601
2018-07-30 08:00:00,5190.728353223889
2018-07-30 09:00:00,5090.688094847365
2018-07-30 10:00:00,5219.405476367181
2018-07-30 11:00:00,5541.864729739131
2018-07-30 12:00:00,5970.543991348495
2018-07-30 13:00:00,6548.129943542204
2018-07-30 14:00:00,7082.578825635921
2018-07-30 15:00:00,7500.367309477036
2018-07-30 16:00:00,7868.903079087205
2018-07-30 17:00:00,8188.43316084486
2018-07-30 18:00:00,8438.941712733847
2018-07-30 19:00:00,8738.458535506774
2018-07-30 20:00:00,8936.647106405766
2018-07-30 21:00:00,9034.131559755288
2018-07-30 22:00:00,9099.0094347232
2018-07-30 23:00:00,9035.920243444069
2018-07-31 00:00:00,8736.303600415962
2018-07-31 01:00:00,8288.624484204476
2018-07-31 02:00:00,8035.8577932072
2018-07-31 03:00:00,7719.341772536917
2018-07-31 04:00:00,7150.663412431239
2018-07-31 05:00:00,6556.244456879146
2018-07-31 06:00:00,6109.261173112196
2018-07-31 07:00:00,5802.692017275293
2018-07-31 08:00:00,5586.22557361167
2018-07-31 09:00:00,5494.374228436162
2018-07-31 10:00:00,5564.588083429031
2018-07-31 11:00:00,5920.363449333747
2018-07-31 12:00:00,6376.580378965122
2018-07-31 13:00:00,6868.657141059858
2018-07-31 14:00:00,7186.197359782966
2018-07-31 15:00:00,7449.539959830326
2018-07-31 16:00:00,7832.583652543525
2018-07-31 17:00:00,8096.991238149345
2018-07-31 18:00:00,8264.212836896058
2018-07-31 19:00:00,8454.418395284156
2018-07-31 20:00:00,8483.300434383005
2018-07-31 21:00:00,8485.13056223871
2018-07-31 22:00:00,8332.473765692717
2018-07-31 23:00:00,8145.478520228875
2018-08-01 00:00:00,7917.18427964089
2018-08-01 01:00:00,7781.954190405172
2018-08-01 02:00:00,7808.28061746384
2018-08-01 03:00:00,7546.1696773718
2018-08-01 04:00:00,6988.603937434318
2018-08-01 05:00:00,6421.097271006191
2018-08-01 06:00:00,5986.987086642094
2018-08-01 07:00:00,5695.044901133096
2018-08-01 08:00:00,5484.4243792048965
2018-08-01 09:00:00,5356.883929285457
2018-08-01 10:00:00,5423.585900814831
2018-08-01 11:00:00,5706.261410124105
2018-08-01 12:00:00,6125.408739497754
2018-08-01 13:00:00,6690.622690040002
2018-08-01 14:00:00,7205.0121171533865
2018-08-01 15:00:00,7632.910576940388
2018-08-01 16:00:00,8101.287649691227
2018-08-01 17:00:00,8511.498008876364
2018-08-01 18:00:00,8911.559639207979
2018-08-01 19:00:00,9311.0411902674
2018-08-01 20:00:00,9441.82894014904
2018-08-01 21:00:00,9229.124996148892
2018-08-01 22:00:00,9118.968772814962
2018-08-01 23:00:00,9112.166568702332
2018-08-02 00:00:00,8849.163796029252
2018-08-02 01:00:00,8453.613021402054
2018-08-02 02:00:00,8334.841042969716
2018-08-02 03:00:00,8061.024951428497
2018-08-02 04:00:00,7542.651946924691
2018-08-02 05:00:00,6971.631996193245
2018-08-02 06:00:00,6491.300680606454
2018-08-02 07:00:00,6160.742546723256
2018-08-02 08:00:00,5947.195211617828
2018-08-02 09:00:00,5810.296499703875
2018-08-02 10:00:00,5848.331854388641
2018-08-02 11:00:00,6132.703212579392
2018-08-02 12:00:00,6554.674261692333
2018-08-02 13:00:00,7131.951575611205
2018-08-02 14:00:00,7642.387748923496
2018-08-02 15:00:00,8106.153029189564
2018-08-02 16:00:00,8667.529285368346
2018-08-02 17:00:00,9100.002081345488
2018-08-02 18:00:00,9425.62043092688
2018-08-02 19:00:00,9718.417445485553
2018-08-02 20:00:00,9884.122129645402
2018-08-02 21:00:00,9966.079063885189
2018-08-02 22:00:00,9993.948314583791
2018-08-02 23:00:00,9890.81405380934
2018-08-03 00:00:00,9618.45005971995
2018-08-03 01:00:00,9121.170726582746
2018-08-03 02:00:00,8826.298286703035
2018-08-03 03:00:00,8453.020825104508
2018-08-03 04:00:00,7801.844022082853
2018-08-03 05:00:00,7134.874919741028
2018-08-03 06:00:00,6611.832772836975
2018-08-03 07:00:00,6195.85766608736
2018-08-03 08:00:00,5913.275112959658
2018-08-03 09:00:00,5770.521800193979
2018-08-03 10:00:00,5799.778085733841
2018-08-03 11:00:00,6026.260074838297
2018-08-03 12:00:00,6426.0736774783045
2018-08-03 13:00:00,6997.504008596992
2018-08-03 14:00:00,7569.45845635921
2018-08-03 15:00:00,8003.10396930886
2018-08-03 16:00:00,8459.292436592168
2018-08-03 17:00:00,8891.934548025842
2018-08-03 18:00:00,9272.02158784282
2018-08-03 19:00:00,9664.56283156879
2018-08-03 20:00:00,9942.951429956544
2018-08-03 21:00:00,10188.635998444444
2018-08-03 22:00:00,10255.587927630002
2018-08-03 23:00:00,10051.321745309928
2018-08-04 00:00:00,9694.058438953243
2018-08-04 01:00:00,9190.212248384229
2018-08-04 02:00:00,8949.752502342677
2018-08-04 03:00:00,8579.9855842739
2018-08-04 04:00:00,7985.559076367972
2018-08-04 05:00:00,7375.922172312016
2018-08-04 06:00:00,6873.940089017294
2018-08-04 07:00:00,6467.3230615439525
2018-08-04 08:00:00,6193.513121516747
2018-08-04 09:00:00,6016.239778723277
2018-08-04 10:00:00,5955.978940077798
2018-08-04 11:00:00,6026.770069378778
2018-08-04 12:00:00,6171.553698665237
2018-08-04 13:00:00,6747.755389405526
2018-08-04 14:00:00,7547.753027865144
2018-08-04 15:00:00,8399.93867294086
2018-08-04 16:00:00,9237.113884213932
2018-08-04 17:00:00,9877.122894056532
2018-08-04 18:00:00,10330.113059459494
2018-08-04 19:00:00,10648.23274107724
2018-08-04 20:00:00,10876.01058982519
2018-08-04 21:00:00,10964.851610844533
2018-08-04 22:00:00,10954.885027439086
2018-08-04 23:00:00,10757.0236701624
2018-08-05 00:00:00,10409.630356454094
2018-08-05 01:00:00,9947.847907416954
2018-08-05 02:00:00,9710.893680153606
2018-08-05 03:00:00,9329.428036227018
2018-08-05 04:00:00,8709.843079669137
2018-08-05 05:00:00,8140.57617763067
2018-08-05 06:00:00,7601.149169672428
2018-08-05 07:00:00,7191.6050549445
2018-08-05 08:00:00,6848.172238100385
2018-08-05 09:00:00,6620.000399363265
2018-08-05 10:00:00,6487.776128678461
2018-08-05 11:00:00,6439.21611715053
2018-08-05 12:00:00,6440.996970654507
2018-08-05 13:00:00,6630.053731290536
2018-08-05 14:00:00,7123.314531497786
2018-08-05 15:00:00,7730.072754820371
2018-08-05 16:00:00,8389.277278472033
2018-08-05 17:00:00,9050.40121232836
2018-08-05 18:00:00,9512.3000430352
2018-08-05 19:00:00,9919.645954479563
2018-08-05 20:00:00,10214.81446429012
2018-08-05 21:00:00,10418.879976173434
2018-08-05 22:00:00,10521.064922839812
2018-08-05 23:00:00,10522.918414839673
2018-08-06 00:00:00,10219.530758850002
2018-08-06 01:00:00,9894.61461187538
2018-08-06 02:00:00,9784.616221040806
2018-08-06 03:00:00,9468.67339397132
2018-08-06 04:00:00,8826.860182226117
2018-08-06 05:00:00,8024.747822453454
2018-08-06 06:00:00,7452.559741050094
2018-08-06 07:00:00,7021.3718019072785
2018-08-06 08:00:00,6777.4034613305175
2018-08-06 09:00:00,6629.385734110037
2018-08-06 10:00:00,6743.477881125209
2018-08-06 11:00:00,7025.483281756957
2018-08-06 12:00:00,7382.441114793699
2018-08-06 13:00:00,7817.467898167433
2018-08-06 14:00:00,8160.160858684395
2018-08-06 15:00:00,8277.716483648574
2018-08-06 16:00:00,8412.11351080512
2018-08-06 17:00:00,8564.398450121622
2018-08-06 18:00:00,8780.977433142427
2018-08-06 19:00:00,9127.105546965788
2018-08-06 20:00:00,9373.298093430814
2018-08-06 21:00:00,9405.595406891449
2018-08-06 22:00:00,9370.663678919647
2018-08-06 23:00:00,9345.181646503232
2018-08-07 00:00:00,9208.289121026552
2018-08-07 01:00:00,8960.331121972124
2018-08-07 02:00:00,8905.909962188938
2018-08-07 03:00:00,8578.846414442707
2018-08-07 04:00:00,7992.023810357607
2018-08-07 05:00:00,7353.132935192803
2018-08-07 06:00:00,6833.597829718938
2018-08-07 07:00:00,6460.326489181383
2018-08-07 08:00:00,6203.484105157538
2018-08-07 09:00:00,6049.027620390257
2018-08-07 10:00:00,6118.068929020461
2018-08-07 11:00:00,6435.762733976228
2018-08-07 12:00:00,6887.618931281996
2018-08-07 13:00:00,7479.7496813138
2018-08-07 14:00:00,8091.312366922441
2018-08-07 15:00:00,8527.14648784904
2018-08-07 16:00:00,9028.21182682178
2018-08-07 17:00:00,9467.424756058328
2018-08-07 18:00:00,9745.33330829034
2018-08-07 19:00:00,9543.945034992585
2018-08-07 20:00:00,9299.8699161288
2018-08-07 21:00:00,8975.245684894058
2018-08-07 22:00:00,8739.530309263737
2018-08-07 23:00:00,8596.150582196662
2018-08-08 00:00:00,8415.507409262997
2018-08-08 01:00:00,8160.547227565131
2018-08-08 02:00:00,8089.748606816394
2018-08-08 03:00:00,7817.682183680751
2018-08-08 04:00:00,7332.654531129297
2018-08-08 05:00:00,6764.556856072169
2018-08-08 06:00:00,6333.9538654034595
2018-08-08 07:00:00,6032.063627392536
2018-08-08 08:00:00,5834.8997220484325
2018-08-08 09:00:00,5744.8040445273145
2018-08-08 10:00:00,5833.740057321547
2018-08-08 11:00:00,6183.6127280218925
2018-08-08 12:00:00,6640.635514720384
2018-08-08 13:00:00,7176.626134413192
2018-08-08 14:00:00,7612.13060259648
2018-08-08 15:00:00,7979.493824689489
2018-08-08 16:00:00,8364.488665299396
2018-08-08 17:00:00,8673.992826181198
2018-08-08 18:00:00,8958.318737989137
2018-08-08 19:00:00,9279.222861377402
2018-08-08 20:00:00,9541.334746668166
2018-08-08 21:00:00,9752.120829536349
2018-08-08 22:00:00,9883.378642058473
2018-08-08 23:00:00,9813.447794772375
2018-08-09 00:00:00,9506.99363666537
2018-08-09 01:00:00,9050.973955745128
2018-08-09 02:00:00,8797.054212832076
2018-08-09 03:00:00,8407.978056775053
2018-08-09 04:00:00,7783.712446567933
2018-08-09 05:00:00,7082.809876683527
2018-08-09 06:00:00,6543.970832050319
2018-08-09 07:00:00,6152.567367843129
2018-08-09 08:00:00,5903.330836634651
2018-08-09 09:00:00,5769.939470681283
2018-08-09 10:00:00,5841.32182178254
2018-08-09 11:00:00,6152.57997540155
2018-08-09 12:00:00,6618.904616062085
2018-08-09 13:00:00,7206.305951440857
2018-08-09 14:00:00,7752.277313041327
2018-08-09 15:00:00,8392.281303609332
2018-08-09 16:00:00,9047.956108553552
2018-08-09 17:00:00,9673.86586627781
2018-08-09 18:00:00,10258.61738482891
2018-08-09 19:00:00,10658.94142854782
2018-08-09 20:00:00,10842.64228464712
2018-08-09 21:00:00,11182.395401401602
2018-08-09 22:00:00,11303.250834958046
2018-08-09 23:00:00,11061.599111612137
2018-08-10 00:00:00,10464.633605441377
2018-08-10 01:00:00,9894.02567405308
2018-08-10 02:00:00,9438.269442202198
2018-08-10 03:00:00,8997.70971991526
2018-08-10 04:00:00,8288.028537681545
2018-08-10 05:00:00,7622.813915325564
2018-08-10 06:00:00,7093.9212787301385
2018-08-10 07:00:00,6684.381366521685
2018-08-10 08:00:00,6428.125879966485
2018-08-10 09:00:00,6221.019982275349
2018-08-10 10:00:00,6278.360859677523
2018-08-10 11:00:00,6583.769102212914
2018-08-10 12:00:00,7008.000723361595
2018-08-10 13:00:00,7626.975496829387
2018-08-10 14:00:00,8224.139350181931
2018-08-10 15:00:00,8802.792131547329
2018-08-10 16:00:00,9318.948579821948
2018-08-10 17:00:00,9740.969024660884
2018-08-10 18:00:00,10049.22203117176
2018-08-10 19:00:00,10321.80895846229
2018-08-10 20:00:00,10430.682426906946
2018-08-10 21:00:00,10430.69907708147
2018-08-10 22:00:00,10336.093155515842
2018-08-10 23:00:00,10091.341076040611
2018-08-11 00:00:00,9666.040407408687
2018-08-11 01:00:00,9076.123694827736
2018-08-11 02:00:00,8762.531411577678
2018-08-11 03:00:00,8319.634697073961
2018-08-11 04:00:00,7724.624245644238
2018-08-11 05:00:00,7100.363142486988
2018-08-11 06:00:00,6594.869784789563
2018-08-11 07:00:00,6215.165442329702
2018-08-11 08:00:00,5937.263146961725
2018-08-11 09:00:00,5752.38663122038
2018-08-11 10:00:00,5682.7638153095495
2018-08-11 11:00:00,5754.726090133368
2018-08-11 12:00:00,5844.77804498654
2018-08-11 13:00:00,6244.78457085155
2018-08-11 14:00:00,6833.818142107447
2018-08-11 15:00:00,7491.0807848170225
2018-08-11 16:00:00,8066.956523055917
2018-08-11 17:00:00,8602.376416998635
2018-08-11 18:00:00,9038.27147798367
2018-08-11 19:00:00,9308.036733279308
2018-08-11 20:00:00,9534.312099613366
2018-08-11 21:00:00,9618.233265196415
2018-08-11 22:00:00,9562.702874414805
2018-08-11 23:00:00,9312.389214244497
2018-08-12 00:00:00,8934.100573352564
2018-08-12 01:00:00,8500.41964925357
2018-08-12 02:00:00,8285.697483807504
2018-08-12 03:00:00,7929.390227626787
2018-08-12 04:00:00,7394.052712423587
2018-08-12 05:00:00,6877.442562491532
2018-08-12 06:00:00,6405.29793703386
2018-08-12 07:00:00,6082.929660395905
2018-08-12 08:00:00,5815.5568639043995
2018-08-12 09:00:00,5647.058996797153
2018-08-12 10:00:00,5537.655025332017
2018-08-12 11:00:00,5557.548085031903
2018-08-12 12:00:00,5499.043440535162
2018-08-12 13:00:00,5870.837457371092
2018-08-12 14:00:00,6486.980319522045
2018-08-12 15:00:00,7161.449576549509
2018-08-12 16:00:00,7799.991831049744
2018-08-12 17:00:00,8423.116282926587
2018-08-12 18:00:00,8827.869364183507
2018-08-12 19:00:00,9164.508651270951
2018-08-12 20:00:00,9364.130368569253
2018-08-12 21:00:00,9527.567310644738
2018-08-12 22:00:00,9526.9857505341
2018-08-12 23:00:00,9453.66734641312
2018-08-13 00:00:00,9106.1143132715
2018-08-13 01:00:00,8664.246364059953
2018-08-13 02:00:00,8457.717801583007
2018-08-13 03:00:00,8075.661423104776
2018-08-13 04:00:00,7507.558966920422
2018-08-13 05:00:00,6909.041778590906
2018-08-13 06:00:00,6429.29014310236
2018-08-13 07:00:00,6099.903672443675
2018-08-13 08:00:00,5874.65633245277
2018-08-13 09:00:00,5766.424267836465
2018-08-13 10:00:00,5868.81732355735
2018-08-13 11:00:00,6208.161226254177
2018-08-13 12:00:00,6717.697674171206
2018-08-13 13:00:00,7304.38694779653
2018-08-13 14:00:00,7907.133784885365
2018-08-13 15:00:00,8462.643349886497
2018-08-13 16:00:00,9095.977540374046
2018-08-13 17:00:00,9650.473598210378
2018-08-13 18:00:00,10041.637990518737
2018-08-13 19:00:00,10357.326142341297
2018-08-13 20:00:00,10620.71305653205
2018-08-13 21:00:00,10804.423540699992
2018-08-13 22:00:00,10816.787602184168
2018-08-13 23:00:00,10673.953556297609
2018-08-14 00:00:00,10269.704291188678
2018-08-14 01:00:00,9796.910249406208
2018-08-14 02:00:00,9514.323219681675
2018-08-14 03:00:00,8959.094258789693
2018-08-14 04:00:00,8222.497559409812
2018-08-14 05:00:00,7463.091523904541
2018-08-14 06:00:00,6878.032413905024
2018-08-14 07:00:00,6463.226168700273
2018-08-14 08:00:00,6164.260033546047
2018-08-14 09:00:00,5994.597629225568
2018-08-14 10:00:00,6030.295473991883
2018-08-14 11:00:00,6360.276607644328
2018-08-14 12:00:00,6815.961765496138
2018-08-14 13:00:00,7355.045563193581
2018-08-14 14:00:00,7963.519468143694
2018-08-14 15:00:00,8579.900983926986
2018-08-14 16:00:00,9255.721162065229
2018-08-14 17:00:00,9854.34532826874
2018-08-14 18:00:00,10290.648659557315
2018-08-14 19:00:00,10665.123945881707
2018-08-14 20:00:00,10802.89786327588
2018-08-14 21:00:00,10835.0891245621
2018-08-14 22:00:00,10720.564372207804
2018-08-14 23:00:00,10476.635312915538
2018-08-15 00:00:00,10116.898514895072
2018-08-15 01:00:00,9803.93541717302
2018-08-15 02:00:00,9657.664038976794
2018-08-15 03:00:00,9197.210769741336
2018-08-15 04:00:00,8450.084114689387
2018-08-15 05:00:00,7697.113060554002
2018-08-15 06:00:00,7134.87208760834
2018-08-15 07:00:00,6745.805828789205
2018-08-15 08:00:00,6443.335545243561
2018-08-15 09:00:00,6288.297857726051
2018-08-15 10:00:00,6323.993357608311
2018-08-15 11:00:00,6718.332923169826
2018-08-15 12:00:00,7225.336412502335
2018-08-15 13:00:00,7708.542212496581
2018-08-15 14:00:00,8209.269556754367
2018-08-15 15:00:00,8723.791341701364
2018-08-15 16:00:00,9204.08171986901
2018-08-15 17:00:00,9528.326908796716
2018-08-15 18:00:00,9915.636913994247
2018-08-15 19:00:00,10288.804699975815
2018-08-15 20:00:00,10476.1862058337
2018-08-15 21:00:00,10518.15495011374
2018-08-15 22:00:00,10371.342361825593
2018-08-15 23:00:00,10015.151873256922
2018-08-16 00:00:00,9552.704005310365
2018-08-16 01:00:00,9251.017228430665
2018-08-16 02:00:00,9087.204400210368
2018-08-16 03:00:00,8688.187591740058
2018-08-16 04:00:00,8029.41245780383
2018-08-16 05:00:00,7368.297621330297
2018-08-16 06:00:00,6873.926720132882
2018-08-16 07:00:00,6514.117934522157
2018-08-16 08:00:00,6294.723703184036
2018-08-16 09:00:00,6182.982130441333
2018-08-16 10:00:00,6257.878892608375
2018-08-16 11:00:00,6643.440881223931
2018-08-16 12:00:00,7169.865511018438
2018-08-16 13:00:00,7699.397245835162
2018-08-16 14:00:00,8134.722931989037
2018-08-16 15:00:00,8569.377922064961
2018-08-16 16:00:00,9053.048038712355
2018-08-16 17:00:00,9479.31178669546
2018-08-16 18:00:00,9865.137183690043
2018-08-16 19:00:00,10176.00927724988
2018-08-16 20:00:00,10338.896717213984
2018-08-16 21:00:00,10480.05767450066
2018-08-16 22:00:00,10541.348613611712
2018-08-16 23:00:00,10381.499003251316
2018-08-17 00:00:00,9944.874938644329
2018-08-17 01:00:00,9579.262458451458
2018-08-17 02:00:00,9434.75344757835
2018-08-17 03:00:00,8995.953138669678
2018-08-17 04:00:00,8340.681117721522
2018-08-17 05:00:00,7680.734503279021
2018-08-17 06:00:00,7104.456533231106
2018-08-17 07:00:00,6535.20312188921
2018-08-17 08:00:00,6260.812283642172
2018-08-17 09:00:00,6112.211435129966
2018-08-17 10:00:00,6167.214163099855
2018-08-17 11:00:00,6508.311784456533
2018-08-17 12:00:00,7032.984103062459
2018-08-17 13:00:00,7403.9271925914045
2018-08-17 14:00:00,7695.139270092954
2018-08-17 15:00:00,7966.561211044116
2018-08-17 16:00:00,8373.935692379084
2018-08-17 17:00:00,8668.618611698168
2018-08-17 18:00:00,8942.787599469193
2018-08-17 19:00:00,9285.222279888758
2018-08-17 20:00:00,9600.489936154563
2018-08-17 21:00:00,9857.85051178479
2018-08-17 22:00:00,9924.892017581124
2018-08-17 23:00:00,9714.900007898335
2018-08-18 00:00:00,9280.18830857527
2018-08-18 01:00:00,8830.381292960628
2018-08-18 02:00:00,8670.659053804804
2018-08-18 03:00:00,8334.828618129533
2018-08-18 04:00:00,7800.081593853657
2018-08-18 05:00:00,7206.246581825363
2018-08-18 06:00:00,6713.628181166214
2018-08-18 07:00:00,6319.887146134495
2018-08-18 08:00:00,6078.842634337076
2018-08-18 09:00:00,5936.088803869721
2018-08-18 10:00:00,5900.399211877156
2018-08-18 11:00:00,6001.618015865154
2018-08-18 12:00:00,6144.74278218487
2018-08-18 13:00:00,6453.371986687718
2018-08-18 14:00:00,6940.366675609096
2018-08-18 15:00:00,7430.009917037991
2018-08-18 16:00:00,7861.3048578764
2018-08-18 17:00:00,8186.658161246067
2018-08-18 18:00:00,8459.252980665498
2018-08-18 19:00:00,8653.418985248998
2018-08-18 20:00:00,8809.99589631632
2018-08-18 21:00:00,8939.72040457012
2018-08-18 22:00:00,8918.068548628826
2018-08-18 23:00:00,8771.003998013399
2018-08-19 00:00:00,8413.080153340998
2018-08-19 01:00:00,8021.850152835181
2018-08-19 02:00:00,7907.174671357006
2018-08-19 03:00:00,7603.520969713538
2018-08-19 04:00:00,7138.9775986622435
2018-08-19 05:00:00,6680.86960487035
2018-08-19 06:00:00,6257.868995370485
2018-08-19 07:00:00,5931.98837847344
2018-08-19 08:00:00,5660.521734442222
2018-08-19 09:00:00,5523.618545931438
2018-08-19 10:00:00,5397.250368297305
2018-08-19 11:00:00,5410.123163169762
2018-08-19 12:00:00,5406.959158106098
2018-08-19 13:00:00,5667.677938015653
2018-08-19 14:00:00,6250.055981429406
2018-08-19 15:00:00,6886.289825273971
2018-08-19 16:00:00,7471.92934840591
2018-08-19 17:00:00,7985.078241589748
2018-08-19 18:00:00,8388.105326869254
2018-08-19 19:00:00,8750.92309223218
2018-08-19 20:00:00,9016.873169372337
2018-08-19 21:00:00,9148.60579893146
2018-08-19 22:00:00,9213.142622457375
2018-08-19 23:00:00,9062.262914630228
2018-08-20 00:00:00,8705.72365828733
2018-08-20 01:00:00,8470.013383053432
2018-08-20 02:00:00,8475.852787838368
2018-08-20 03:00:00,8164.587873644554
2018-08-20 04:00:00,7695.943285417948
2018-08-20 05:00:00,7142.477514081151
2018-08-20 06:00:00,6693.736035057518
2018-08-20 07:00:00,6370.199780012848
2018-08-20 08:00:00,6130.912823958279
2018-08-20 09:00:00,6002.201715764635
2018-08-20 10:00:00,6133.262789169952
2018-08-20 11:00:00,6476.703067008785
2018-08-20 12:00:00,6989.142908529759
2018-08-20 13:00:00,7390.570172137312
2018-08-20 14:00:00,7739.544579904907
2018-08-20 15:00:00,7970.534258314262
2018-08-20 16:00:00,8284.2003225682
2018-08-20 17:00:00,8399.45935975672
2018-08-20 18:00:00,8355.073579167147
2018-08-20 19:00:00,8493.967440076853
2018-08-20 20:00:00,8588.014552292747
2018-08-20 21:00:00,8626.407968115665
2018-08-20 22:00:00,8702.698905874044
2018-08-20 23:00:00,8674.58192102904
2018-08-21 00:00:00,8512.47417343146
2018-08-21 01:00:00,8464.756094609915
2018-08-21 02:00:00,8204.405603299494
2018-08-21 03:00:00,7765.600452357516
2018-08-21 04:00:00,7226.167049260945
2018-08-21 05:00:00,6671.526904379105
2018-08-21 06:00:00,6269.590530555003
2018-08-21 07:00:00,5980.57107751592
2018-08-21 08:00:00,5795.107603399849
2018-08-21 09:00:00,5709.687158886911
2018-08-21 10:00:00,5792.775849105894
2018-08-21 11:00:00,6198.23037971966
2018-08-21 12:00:00,6774.131386374588
2018-08-21 13:00:00,7212.607256672464
2018-08-21 14:00:00,7534.470662697833
2018-08-21 15:00:00,7750.783028409942
2018-08-21 16:00:00,7937.202971375073
2018-08-21 17:00:00,8060.906619578476
2018-08-21 18:00:00,8056.628415231985
2018-08-21 19:00:00,8151.467223382379
2018-08-21 20:00:00,8314.387236448298
2018-08-21 21:00:00,8437.094279393094
2018-08-21 22:00:00,8467.66542182754
2018-08-21 23:00:00,8321.40432101319
2018-08-22 00:00:00,8060.798303215351
2018-08-22 01:00:00,7911.275918985358
2018-08-22 02:00:00,7882.602572018983
2018-08-22 03:00:00,7489.43403016815
2018-08-22 04:00:00,6881.553798716894
2018-08-22 05:00:00,6309.364864628424
2018-08-22 06:00:00,5875.250508197894
2018-08-22 07:00:00,5539.429269340601
2018-08-22 08:00:00,5325.884735914823
2018-08-22 09:00:00,5193.079841087544
2018-08-22 10:00:00,5231.117388391166
2018-08-22 11:00:00,5524.8259305714755
2018-08-22 12:00:00,5928.806579831596
2018-08-22 13:00:00,6375.66082370164
2018-08-22 14:00:00,6748.102615713948
2018-08-22 15:00:00,7086.017475095754
2018-08-22 16:00:00,7412.650618655556
2018-08-22 17:00:00,7602.231843817537
2018-08-22 18:00:00,7815.45171879851
2018-08-22 19:00:00,7968.056918892301
2018-08-22 20:00:00,7946.063432901258
2018-08-22 21:00:00,7958.458895970834
2018-08-22 22:00:00,8189.639544288201
2018-08-22 23:00:00,8160.01465351041
2018-08-23 00:00:00,7857.594089720299
2018-08-23 01:00:00,7530.395132173756
2018-08-23 02:00:00,7425.6644447222625
2018-08-23 03:00:00,7033.081612671526
2018-08-23 04:00:00,6480.193054736762
2018-08-23 05:00:00,5936.088712510602
2018-08-23 06:00:00,5556.385984061843
2018-08-23 07:00:00,5290.770712860148
2018-08-23 08:00:00,5108.235391855052
2018-08-23 09:00:00,5036.862968444724
2018-08-23 10:00:00,5127.551603589381
2018-08-23 11:00:00,5447.585598331089
2018-08-23 12:00:00,5872.515535489255
2018-08-23 13:00:00,6342.326043455562
2018-08-23 14:00:00,6751.01660816148
2018-08-23 15:00:00,7113.254481409378
2018-08-23 16:00:00,7429.373360719893
2018-08-23 17:00:00,7659.2487617501965
2018-08-23 18:00:00,7889.037285098464
2018-08-23 19:00:00,8184.358224642776
2018-08-23 20:00:00,8397.519769734057
2018-08-23 21:00:00,8567.289361067482
2018-08-23 22:00:00,8662.988729385132
2018-08-23 23:00:00,8559.115102847882
2018-08-24 00:00:00,8236.104442376065
2018-08-24 01:00:00,7896.059584492595
2018-08-24 02:00:00,7783.722526524061
2018-08-24 03:00:00,7340.239828142891
2018-08-24 04:00:00,6763.949067818316
2018-08-24 05:00:00,6195.268697812018
2018-08-24 06:00:00,5779.876468729811
2018-08-24 07:00:00,5498.46317303649
2018-08-24 08:00:00,5305.396800049901
2018-08-24 09:00:00,5218.224189982134
2018-08-24 10:00:00,5310.085036506017
2018-08-24 11:00:00,5658.787932070309
2018-08-24 12:00:00,6151.5440943353915
2018-08-24 13:00:00,6544.122713629362
2018-08-24 14:00:00,6793.353580572464
2018-08-24 15:00:00,6936.419939196381
2018-08-24 16:00:00,6988.006135437192
2018-08-24 17:00:00,6982.574299091269
2018-08-24 18:00:00,7029.866414683347
2018-08-24 19:00:00,7147.933076222802
2018-08-24 20:00:00,7160.876629172145
2018-08-24 21:00:00,7082.452328776831
2018-08-24 22:00:00,6985.537018742542
2018-08-24 23:00:00,6858.454547490393
2018-08-25 00:00:00,6757.574868295538
2018-08-25 01:00:00,6741.148745792665
2018-08-25 02:00:00,6706.045959909624
2018-08-25 03:00:00,6464.414032941886
2018-08-25 04:00:00,6146.7204411573975
2018-08-25 05:00:00,5763.507382350166
2018-08-25 06:00:00,5465.708677447942
2018-08-25 07:00:00,5256.843853627172
2018-08-25 08:00:00,5098.879992446267
2018-08-25 09:00:00,5056.170988311384
2018-08-25 10:00:00,5076.64945328097
2018-08-25 11:00:00,5215.313486462886
2018-08-25 12:00:00,5423.7716506754905
2018-08-25 13:00:00,5664.54714481974
2018-08-25 14:00:00,6056.292006406258
2018-08-25 15:00:00,6401.755095048489
2018-08-25 16:00:00,6695.70778714708
2018-08-25 17:00:00,6950.8830946761445
2018-08-25 18:00:00,7307.989963168339
2018-08-25 19:00:00,7695.020249993989
2018-08-25 20:00:00,8137.765916573808
2018-08-25 21:00:00,8523.047781407282
2018-08-25 22:00:00,8783.031963566145
2018-08-25 23:00:00,8837.144238603629
2018-08-26 00:00:00,8682.376144031316
2018-08-26 01:00:00,8507.420180511295
2018-08-26 02:00:00,8460.613065411146
2018-08-26 03:00:00,8169.835264850181
2018-08-26 04:00:00,7670.778258909427
2018-08-26 05:00:00,7178.741578702179
2018-08-26 06:00:00,6702.508404533694
2018-08-26 07:00:00,6337.433955893546
2018-08-26 08:00:00,6068.894338210834
2018-08-26 09:00:00,5839.555921906824
2018-08-26 10:00:00,5780.464980209558
2018-08-26 11:00:00,5761.7469640215895
2018-08-26 12:00:00,5745.9940347459205
2018-08-26 13:00:00,6049.28838151606
2018-08-26 14:00:00,6646.853580909071
2018-08-26 15:00:00,7441.5188045106
2018-08-26 16:00:00,8239.633338444839
2018-08-26 17:00:00,8998.571104316638
2018-08-26 18:00:00,9623.296951186208
2018-08-26 19:00:00,10089.91958248031
2018-08-26 20:00:00,10488.717704744182
2018-08-26 21:00:00,10742.20952848037
2018-08-26 22:00:00,10859.50617188923
2018-08-26 23:00:00,10845.609974058698
2018-08-27 00:00:00,10534.075723380412
2018-08-27 01:00:00,10313.5115984098
2018-08-27 02:00:00,10204.09830831453
2018-08-27 03:00:00,9848.36704741426
2018-08-27 04:00:00,9269.151148829636
2018-08-27 05:00:00,8688.773118821917
2018-08-27 06:00:00,8216.627762491293
2018-08-27 07:00:00,7862.667152140927
2018-08-27 08:00:00,7608.753134399334
2018-08-27 09:00:00,7505.199226283017
2018-08-27 10:00:00,7544.407310048684
2018-08-27 11:00:00,7872.052639152898
2018-08-27 12:00:00,8330.787517626082
2018-08-27 13:00:00,8838.428943172756
2018-08-27 14:00:00,9444.103994278646
2018-08-27 15:00:00,9944.606413748032
2018-08-27 16:00:00,10460.762029522002
2018-08-27 17:00:00,10792.79970094816
2018-08-27 18:00:00,11135.827776725606
2018-08-27 19:00:00,11490.627726482357
2018-08-27 20:00:00,11824.878020249922
2018-08-27 21:00:00,11930.784234139512
2018-08-27 22:00:00,11883.757233741304
2018-08-27 23:00:00,11829.055130073904
2018-08-28 00:00:00,11526.857462431735
2018-08-28 01:00:00,11239.065688075843
2018-08-28 02:00:00,11038.97171107927
2018-08-28 03:00:00,10453.317115853924
2018-08-28 04:00:00,9693.905233365038
2018-08-28 05:00:00,8963.164261599351
2018-08-28 06:00:00,8392.731939209501
2018-08-28 07:00:00,7973.246288930138
2018-08-28 08:00:00,7670.770950179908
2018-08-28 09:00:00,7527.433693890431
2018-08-28 10:00:00,7513.984964643606
2018-08-28 11:00:00,7913.586904306262
2018-08-28 12:00:00,8369.248368507433
2018-08-28 13:00:00,8711.143171130647
2018-08-28 14:00:00,8719.87936218536
2018-08-28 15:00:00,8786.721222563223
2018-08-28 16:00:00,9136.66219228242
2018-08-28 17:00:00,9754.353407411403
2018-08-28 18:00:00,10358.384431367693
2018-08-28 19:00:00,10851.893922311856
2018-08-28 20:00:00,11199.341083119469
2018-08-28 21:00:00,11384.400871071362
2018-08-28 22:00:00,11057.282430565298
2018-08-28 23:00:00,10619.51838718923
2018-08-29 00:00:00,10028.521776581068
2018-08-29 01:00:00,9801.62942615062
2018-08-29 02:00:00,9583.39440274379
2018-08-29 03:00:00,8908.229961609584
2018-08-29 04:00:00,7913.04763539165
2018-08-29 05:00:00,7192.837045640585
2018-08-29 06:00:00,7492.355087720882
2018-08-29 07:00:00,7056.485094089002
2018-08-29 08:00:00,6756.9361421734475
2018-08-29 09:00:00,6586.1003692582335
2018-08-29 10:00:00,6608.334989130844
2018-08-29 11:00:00,6931.882176816753
2018-08-29 12:00:00,7384.215035241922
2018-08-29 13:00:00,7754.212337300554
2018-08-29 14:00:00,8019.128579205158
2018-08-29 15:00:00,8246.286144981266
2018-08-29 16:00:00,8456.297298672105
2018-08-29 17:00:00,8557.074823681627
2018-08-29 18:00:00,8646.3756952733
2018-08-29 19:00:00,8762.801312906548
2018-08-29 20:00:00,8802.925406836806
2018-08-29 21:00:00,8778.754798882883
2018-08-29 22:00:00,8702.58838257975
2018-08-29 23:00:00,8493.131800195777
2018-08-30 00:00:00,8134.108982470263
2018-08-30 01:00:00,7904.278554843756
2018-08-30 02:00:00,7770.295662559715
2018-08-30 03:00:00,7390.577890309362
2018-08-30 04:00:00,6858.168680482335
2018-08-30 05:00:00,6094.670046011975
2018-08-30 06:00:00,5719.059520638788
2018-08-30 07:00:00,5456.367743232997
2018-08-30 08:00:00,5279.678435322444
2018-08-30 09:00:00,5214.154978951507
2018-08-30 10:00:00,5295.4832812949535
2018-08-30 11:00:00,5633.655003065593
2018-08-30 12:00:00,6104.060251115155
2018-08-30 13:00:00,6493.282465299079
2018-08-30 14:00:00,6851.429166114413
2018-08-30 15:00:00,7081.091553996331
2018-08-30 16:00:00,7297.23833019793
2018-08-30 17:00:00,7419.7418913578595
2018-08-30 18:00:00,7550.586469261801
2018-08-30 19:00:00,7749.364589205115
2018-08-30 20:00:00,7867.063597189047
2018-08-30 21:00:00,7985.079587259277
2018-08-30 22:00:00,7980.871774515181
2018-08-30 23:00:00,7830.938980920811
2018-08-31 00:00:00,7434.852434897275
2018-08-31 01:00:00,7222.11209025288
2018-08-31 02:00:00,7153.066426838002
2018-08-31 03:00:00,6790.316941463964
2018-08-31 04:00:00,6262.001091928015
2018-08-31 05:00:00,5797.45689864465
2018-08-31 06:00:00,5479.179241524204
2018-08-31 07:00:00,5246.907799622874
2018-08-31 08:00:00,5102.3988801088835
2018-08-31 09:00:00,5033.3636316335715
2018-08-31 10:00:00,5108.84269286027
2018-08-31 11:00:00,5428.288724276946
2018-08-31 12:00:00,5837.79359624948
2018-08-31 13:00:00,6284.89945650947
2018-08-31 14:00:00,6736.884735150368
2018-08-31 15:00:00,7120.23418402225
2018-08-31 16:00:00,7516.516031206997
2018-08-31 17:00:00,7867.172098869526
2018-08-31 18:00:00,8247.809995760552
2018-08-31 19:00:00,8687.318493409686
2018-08-31 20:00:00,9001.05514772978
2018-08-31 21:00:00,9216.839920798093
2018-08-31 22:00:00,9424.349400179164
2018-08-31 23:00:00,9341.309996741713
2018-09-01 00:00:00,9038.35508477206
2018-09-01 01:00:00,8924.581385226225
2018-09-01 02:00:00,8608.651317980359
2018-09-01 03:00:00,8148.790640931961
2018-09-01 04:00:00,7540.913576596829
2018-09-01 05:00:00,6934.204399309292
2018-09-01 06:00:00,6464.399476388928
2018-09-01 07:00:00,6137.351063803409
2018-09-01 08:00:00,5890.457919950035
2018-09-01 09:00:00,5733.661245396812
2018-09-01 10:00:00,5704.406208431575
2018-09-01 11:00:00,5798.602463614172
2018-09-01 12:00:00,5998.130072992343
2018-09-01 13:00:00,6235.724012298124
2018-09-01 14:00:00,6591.041612706828
2018-09-01 15:00:00,6854.801799526644
2018-09-01 16:00:00,7048.3927686194575
2018-09-01 17:00:00,7209.386872843584
2018-09-01 18:00:00,7327.107457035003
2018-09-01 19:00:00,7592.553077358841
2018-09-01 20:00:00,7959.843127946656
2018-09-01 21:00:00,8300.119680745307
2018-09-01 22:00:00,8616.281621987457
2018-09-01 23:00:00,8532.183719926885
2018-09-02 00:00:00,8347.347512797318
2018-09-02 01:00:00,8252.366383877717
2018-09-02 02:00:00,8165.770347698147
2018-09-02 03:00:00,7883.763393961377
2018-09-02 04:00:00,7480.062734272661
2018-09-02 05:00:00,7013.766619058784
2018-09-02 06:00:00,6630.55203759957
2018-09-02 07:00:00,6304.67105526605
2018-09-02 08:00:00,6013.898523080948
2018-09-02 09:00:00,5767.005440133654
2018-09-02 10:00:00,5593.2470565606845
2018-09-02 11:00:00,5630.691128539094
2018-09-02 12:00:00,5675.84917631398
2018-09-02 13:00:00,5805.927763995908
2018-09-02 14:00:00,6318.779060521897
2018-09-02 15:00:00,7013.344569094744
2018-09-02 16:00:00,7789.483765636246
2018-09-02 17:00:00,8405.219151861804
2018-09-02 18:00:00,8940.584531337458
2018-09-02 19:00:00,9345.960007094536
2018-09-02 20:00:00,9625.326712920823
2018-09-02 21:00:00,9761.081970386842
2018-09-02 22:00:00,9742.293955286752
2018-09-02 23:00:00,9477.973936112374
2018-09-03 00:00:00,9079.242233292844
2018-09-03 01:00:00,8881.302141435392
2018-09-03 02:00:00,8664.825648268681
2018-09-03 03:00:00,8269.318652455167
2018-09-03 04:00:00,7721.114280722241
2018-09-03 05:00:00,7199.82143678729
2018-09-03 06:00:00,6720.657703717698
2018-09-03 07:00:00,6352.656046010804
2018-09-03 08:00:00,6012.740167834767
2018-09-03 09:00:00,5878.174306524196
2018-09-03 10:00:00,5807.382842239781
2018-09-03 11:00:00,5909.768254247709
2018-09-03 12:00:00,5969.010197701591
2018-09-03 13:00:00,6160.627312290608
2018-09-03 14:00:00,6579.074735433976
2018-09-03 15:00:00,7221.110411755046
2018-09-03 16:00:00,8046.338787671552
2018-09-03 17:00:00,8673.268404816099
2018-09-03 18:00:00,8968.78877949684
2018-09-03 19:00:00,8856.218148045353
2018-09-03 20:00:00,8482.960169760765
2018-09-03 21:00:00,8148.889010912804
2018-09-03 22:00:00,7964.023638822749
2018-09-03 23:00:00,7850.882666150188
2018-09-04 00:00:00,7690.184946624594
2018-09-04 01:00:00,7735.223299263298
2018-09-04 02:00:00,7681.971061931056
2018-09-04 03:00:00,7402.883825813274
2018-09-04 04:00:00,6925.463670541326
2018-09-04 05:00:00,6459.166215393703
2018-09-04 06:00:00,6092.914195639346
2018-09-04 07:00:00,5850.698446959969
2018-09-04 08:00:00,5696.826332059041
2018-09-04 09:00:00,5655.286524452458
2018-09-04 10:00:00,5774.643238187627
2018-09-04 11:00:00,6227.489375580054
2018-09-04 12:00:00,6862.649729113312
2018-09-04 13:00:00,7577.551396625334
2018-09-04 14:00:00,8263.439906196263
2018-09-04 15:00:00,9008.293407636864
2018-09-04 16:00:00,9740.214446221396
2018-09-04 17:00:00,10312.871117534149
2018-09-04 18:00:00,10737.198293319943
2018-09-04 19:00:00,11125.41133969962
2018-09-04 20:00:00,11395.225952192151
2018-09-04 21:00:00,11543.252564062035
2018-09-04 22:00:00,11616.638143476406
2018-09-04 23:00:00,11476.827510390796
2018-09-05 00:00:00,11053.732175086046
2018-09-05 01:00:00,10739.44112234663
2018-09-05 02:00:00,10405.36836422637
2018-09-05 03:00:00,9791.045903581788
2018-09-05 04:00:00,8993.02169663042
2018-09-05 05:00:00,8228.932814857053
2018-09-05 06:00:00,7638.607706844677
2018-09-05 07:00:00,7199.814889383762
2018-09-05 08:00:00,6900.850733677115
2018-09-05 09:00:00,6735.281902818993
2018-09-05 10:00:00,6760.445254410332
2018-09-05 11:00:00,7135.4729325691505
2018-09-05 12:00:00,7681.659023394695
2018-09-05 13:00:00,8319.356411459448
2018-09-05 14:00:00,8977.756796998516
2018-09-05 15:00:00,9602.235781030156
2018-09-05 16:00:00,10286.248861717604
2018-09-05 17:00:00,10737.37135900186
2018-09-05 18:00:00,11043.546883654624
2018-09-05 19:00:00,11304.87309895913
2018-09-05 20:00:00,11356.8852834055
2018-09-05 21:00:00,11258.75719808538
2018-09-05 22:00:00,10946.82537159742
2018-09-05 23:00:00,10427.729272805973
2018-09-06 00:00:00,9864.895568961065
2018-09-06 01:00:00,9619.08566965354
2018-09-06 02:00:00,9243.474596125638
2018-09-06 03:00:00,8647.290167040384
2018-09-06 04:00:00,7908.355653211655
2018-09-06 05:00:00,7234.951173610432
2018-09-06 06:00:00,6743.499563689449
2018-09-06 07:00:00,6371.985778894743
2018-09-06 08:00:00,6147.906265045353
2018-09-06 09:00:00,6002.814102427477
2018-09-06 10:00:00,6048.4546704137765
2018-09-06 11:00:00,6425.824182822677
2018-09-06 12:00:00,6983.995461990587
2018-09-06 13:00:00,7289.7147368777505
2018-09-06 14:00:00,7424.263910212709
2018-09-06 15:00:00,7493.455173773105
2018-09-06 16:00:00,7580.633663438754
2018-09-06 17:00:00,7601.045669686997
2018-09-06 18:00:00,7557.09569604945
2018-09-06 19:00:00,7549.621103603768
2018-09-06 20:00:00,7452.344636489864
2018-09-06 21:00:00,7353.649546915341
2018-09-06 22:00:00,7239.776941422121
2018-09-06 23:00:00,7093.319552840895
2018-09-07 00:00:00,6933.723361108025
2018-09-07 01:00:00,7043.682067130411
2018-09-07 02:00:00,7007.3984516579185
2018-09-07 03:00:00,6714.270442260964
2018-09-07 04:00:00,6306.474290568393
2018-09-07 05:00:00,5879.3758441806185
2018-09-07 06:00:00,5565.200196014516
2018-09-07 07:00:00,5377.39424813453
2018-09-07 08:00:00,5253.947432583527
2018-09-07 09:00:00,5234.056443690339
2018-09-07 10:00:00,5348.150631059167
2018-09-07 11:00:00,5737.222493237599
2018-09-07 12:00:00,6315.872085109896
2018-09-07 13:00:00,6710.999361042612
2018-09-07 14:00:00,6956.232128069932
2018-09-07 15:00:00,7090.132570471083
2018-09-07 16:00:00,7196.476017407331
2018-09-07 17:00:00,7240.33399275067
2018-09-07 18:00:00,7231.870265550377
2018-09-07 19:00:00,7212.73125660985
2018-09-07 20:00:00,7104.841028583125
2018-09-07 21:00:00,6943.539299110534
2018-09-07 22:00:00,6829.6090912848495
2018-09-07 23:00:00,6682.188301953309
2018-09-08 00:00:00,6591.431206294044
2018-09-08 01:00:00,6686.176988564112
2018-09-08 02:00:00,6600.169707488609
2018-09-08 03:00:00,6364.967584874013
2018-09-08 04:00:00,5960.10281431462
2018-09-08 05:00:00,5604.384313237969
2018-09-08 06:00:00,5284.3544601096555
2018-09-08 07:00:00,5085.43242041495
2018-09-08 08:00:00,4937.412652840813
2018-09-08 09:00:00,4880.662479537244
2018-09-08 10:00:00,4863.113629424534
2018-09-08 11:00:00,5004.112858093888
2018-09-08 12:00:00,5189.5737099328235
2018-09-08 13:00:00,5385.7797569798295
2018-09-08 14:00:00,5656.715128588516
2018-09-08 15:00:00,5851.131998504549
2018-09-08 16:00:00,5992.194695551232
2018-09-08 17:00:00,6031.533592152839
2018-09-08 18:00:00,6016.42018672442
2018-09-08 19:00:00,5950.616556619222
2018-09-08 20:00:00,5921.4705419566635
2018-09-08 21:00:00,5848.872730472565
2018-09-08 22:00:00,5825.597945892496
2018-09-08 23:00:00,5766.11360971384
2018-09-09 00:00:00,5772.875023880895
2018-09-09 01:00:00,5905.681837249674
2018-09-09 02:00:00,5905.0940870959175
2018-09-09 03:00:00,5746.538882302575
2018-09-09 04:00:00,5462.19658081317
2018-09-09 05:00:00,5176.098703028494
2018-09-09 06:00:00,4901.12288585431
2018-09-09 07:00:00,4719.168249897768
2018-09-09 08:00:00,4583.435536942951
2018-09-09 09:00:00,4505.038676638763
2018-09-09 10:00:00,4465.256729305426
2018-09-09 11:00:00,4528.444259315976
2018-09-09 12:00:00,4578.844029529603
2018-09-09 13:00:00,4645.277258637666
2018-09-09 14:00:00,4903.209888807367
2018-09-09 15:00:00,5119.904674921403
2018-09-09 16:00:00,5317.5288098586125
2018-09-09 17:00:00,5460.812715527982
2018-09-09 18:00:00,5573.193509748765
2018-09-09 19:00:00,5595.979571934621
2018-09-09 20:00:00,5637.347715884897
2018-09-09 21:00:00,5699.9675518963095
2018-09-09 22:00:00,5760.2667277820565
2018-09-09 23:00:00,5769.4028285766
2018-09-10 00:00:00,5681.658853244912
2018-09-10 01:00:00,5834.305668115468
2018-09-10 02:00:00,5830.205060000949
2018-09-10 03:00:00,5672.818351315995
2018-09-10 04:00:00,5357.468420963969
2018-09-10 05:00:00,5069.618255812304
2018-09-10 06:00:00,4827.404303862268
2018-09-10 07:00:00,4684.066743042394
2018-09-10 08:00:00,4616.784147370544
2018-09-10 09:00:00,4613.8642165802785
2018-09-10 10:00:00,4758.3793789674
2018-09-10 11:00:00,5131.657266908483
2018-09-10 12:00:00,5695.305120994466
2018-09-10 13:00:00,6067.033593886028
2018-09-10 14:00:00,6363.071058944211
2018-09-10 15:00:00,6631.979635192933
2018-09-10 16:00:00,6835.76163925315
2018-09-10 17:00:00,6972.607627952432
2018-09-10 18:00:00,7102.443692304757
2018-09-10 19:00:00,7250.519993039245
2018-09-10 20:00:00,7321.77952589425
2018-09-10 21:00:00,7381.872188713358
2018-09-10 22:00:00,7386.801668464685
2018-09-10 23:00:00,7277.4758218342
2018-09-11 00:00:00,6999.788192154816
2018-09-11 01:00:00,7000.909111612236
2018-09-11 02:00:00,6873.3648246098
2018-09-11 03:00:00,6529.343953081531
2018-09-11 04:00:00,6039.061905125327
2018-09-11 05:00:00,5576.868621097863
2018-09-11 06:00:00,5272.638284660118
2018-09-11 07:00:00,5048.561755208615
2018-09-11 08:00:00,4918.097902852388
2018-09-11 09:00:00,4830.924257381273
2018-09-11 10:00:00,4942.674935582837
2018-09-11 11:00:00,5291.3770698211365
2018-09-11 12:00:00,5805.264253359411
2018-09-11 13:00:00,6171.8323492783375
2018-09-11 14:00:00,6507.0086810532175
2018-09-11 15:00:00,6851.154020478706
2018-09-11 16:00:00,7142.614148048836
2018-09-11 17:00:00,7341.515187544689
2018-09-11 18:00:00,7510.391793113899
2018-09-11 19:00:00,7728.209066529174
2018-09-11 20:00:00,7890.272281773025
2018-09-11 21:00:00,8045.247627675672
2018-09-11 22:00:00,8130.442786433953
2018-09-11 23:00:00,8038.614893883886
2018-09-12 00:00:00,7714.116860176069
2018-09-12 01:00:00,7634.527289095453
2018-09-12 02:00:00,7468.367449608332
2018-09-12 03:00:00,7037.756084353715
2018-09-12 04:00:00,6485.45850459491
2018-09-12 05:00:00,5953.640059772563
2018-09-12 06:00:00,5552.876323670244
2018-09-12 07:00:00,5287.262666479651
2018-09-12 08:00:00,5122.863245321106
2018-09-12 09:00:00,5038.614920828276
2018-09-12 10:00:00,5119.943162265642
2018-09-12 11:00:00,5476.836889572447
2018-09-12 12:00:00,6001.203315468733
2018-09-12 13:00:00,6397.611283122197
2018-09-12 14:00:00,6797.119384181737
2018-09-12 15:00:00,7152.752168824189
2018-09-12 16:00:00,7533.193632314583
2018-09-12 17:00:00,7812.969331241302
2018-09-12 18:00:00,8072.703164646097
2018-09-12 19:00:00,8368.409127401615
2018-09-12 20:00:00,8576.132252813459
2018-09-12 21:00:00,8709.395481475925
2018-09-12 22:00:00,8730.217015864187
2018-09-12 23:00:00,8533.497951787598
2018-09-13 00:00:00,8068.062152647485
2018-09-13 01:00:00,7868.537131777685
2018-09-13 02:00:00,7612.867781365138
2018-09-13 03:00:00,7156.517739205609
2018-09-13 04:00:00,6555.661975101253
2018-09-13 05:00:00,6006.880359513258
2018-09-13 06:00:00,5598.509095678391
2018-09-13 07:00:00,5324.704606745283
2018-09-13 08:00:00,5153.286199786977
2018-09-13 09:00:00,5058.510081787897
2018-09-13 10:00:00,5115.855862129457
2018-09-13 11:00:00,5452.270271781564
2018-09-13 12:00:00,5981.271701324973
2018-09-13 13:00:00,6361.175666388441
2018-09-13 14:00:00,6713.863457679106
2018-09-13 15:00:00,7019.436822660834
2018-09-13 16:00:00,7323.88548466017
2018-09-13 17:00:00,7546.109991933783
2018-09-13 18:00:00,7795.263399976776
2018-09-13 19:00:00,8083.242536043203
2018-09-13 20:00:00,8291.519443860714
2018-09-13 21:00:00,8445.302170346054
2018-09-13 22:00:00,8504.62826833644
2018-09-13 23:00:00,8352.55664814334
2018-09-14 00:00:00,7985.011920116087
2018-09-14 01:00:00,7856.884237744565
2018-09-14 02:00:00,7645.6678042479825
2018-09-14 03:00:00,7213.886389779954
2018-09-14 04:00:00,6628.23252542756
2018-09-14 05:00:00,6094.657347094436
2018-09-14 06:00:00,5712.612205787839
2018-09-14 07:00:00,5437.045501796815
2018-09-14 08:00:00,5276.1536093170935
2018-09-14 09:00:00,5188.982126011793
2018-09-14 10:00:00,5294.299345495456
2018-09-14 11:00:00,5647.6835951288995
2018-09-14 12:00:00,6175.430454769309
2018-09-14 13:00:00,6594.34511952214
2018-09-14 14:00:00,7074.218719127209
2018-09-14 15:00:00,7494.525603814102
2018-09-14 16:00:00,7942.509623499158
2018-09-14 17:00:00,8341.393864280306
2018-09-14 18:00:00,8731.545100152824
2018-09-14 19:00:00,9087.012509172651
2018-09-14 20:00:00,9338.23079148405
2018-09-14 21:00:00,9492.891831530756
2018-09-14 22:00:00,9496.91497310699
2018-09-14 23:00:00,9247.440585960045
2018-09-15 00:00:00,8724.513719655917
2018-09-15 01:00:00,8413.844686577448
2018-09-15 02:00:00,8096.155327765472
2018-09-15 03:00:00,7626.346537309069
2018-09-15 04:00:00,7067.6093168653115
2018-09-15 05:00:00,6497.171512928322
2018-09-15 06:00:00,6068.904113636565
2018-09-15 07:00:00,5703.242432544334
2018-09-15 08:00:00,5464.537318753825
2018-09-15 09:00:00,5308.914835027407
2018-09-15 10:00:00,5284.340847600926
2018-09-15 11:00:00,5408.375047869209
2018-09-15 12:00:00,5569.2658407237805
2018-09-15 13:00:00,5836.822768304498
2018-09-15 14:00:00,6397.158530985939
2018-09-15 15:00:00,6942.570393770669
2018-09-15 16:00:00,7478.683870238833
2018-09-15 17:00:00,7870.735277601838
2018-09-15 18:00:00,8185.323502058473
2018-09-15 19:00:00,8405.494090519785
2018-09-15 20:00:00,8634.841545899628
2018-09-15 21:00:00,8678.544580775653
2018-09-15 22:00:00,8701.06595339359
2018-09-15 23:00:00,8449.51630893633
2018-09-16 00:00:00,7971.560236924416
2018-09-16 01:00:00,7707.697648979221
2018-09-16 02:00:00,7611.736224793861
2018-09-16 03:00:00,7102.1471010152245
2018-09-16 04:00:00,6650.473175002025
2018-09-16 05:00:00,6206.407477141284
2018-09-16 06:00:00,5838.401677820997
2018-09-16 07:00:00,5564.005114402503
2018-09-16 08:00:00,5353.380999015624
2018-09-16 09:00:00,5251.5790737358975
2018-09-16 10:00:00,5167.9169462918
2018-09-16 11:00:00,5232.271175681397
2018-09-16 12:00:00,5266.707321217708
2018-09-16 13:00:00,5454.479594488219
2018-09-16 14:00:00,5961.4404933922
2018-09-16 15:00:00,6594.70446256579
2018-09-16 16:00:00,7287.964055039198
2018-09-16 17:00:00,7982.314420590699
2018-09-16 18:00:00,8489.56449752928
2018-09-16 19:00:00,8895.897297698359
2018-09-16 20:00:00,9179.943709813931
2018-09-16 21:00:00,9379.43281870145
2018-09-16 22:00:00,9439.481261335402
2018-09-16 23:00:00,9291.138903961932
2018-09-17 00:00:00,8916.402491075258
2018-09-17 01:00:00,8722.748855183549
2018-09-17 02:00:00,8401.548008797594
2018-09-17 03:00:00,7937.002384221365
2018-09-17 04:00:00,7351.353087824921
2018-09-17 05:00:00,6766.87728183537
2018-09-17 06:00:00,6329.255701256414
2018-09-17 07:00:00,6018.589226233275
2018-09-17 08:00:00,5805.045819569964
2018-09-17 09:00:00,5708.512480811471
2018-09-17 10:00:00,5779.31448184761
2018-09-17 11:00:00,6214.024749846526
2018-09-17 12:00:00,6820.576603253589
2018-09-17 13:00:00,7253.903364234795
2018-09-17 14:00:00,7800.554259240848
2018-09-17 15:00:00,8431.587533150885
2018-09-17 16:00:00,9096.264768976222
2018-09-17 17:00:00,9745.76221482076
2018-09-17 18:00:00,10264.374438011646
2018-09-17 19:00:00,10686.52427463095
2018-09-17 20:00:00,10883.581902520968
2018-09-17 21:00:00,11070.507276361792
2018-09-17 22:00:00,11036.154438153824
2018-09-17 23:00:00,10803.25710225189
2018-09-18 00:00:00,10307.664702177108
2018-09-18 01:00:00,10013.380956495384
2018-09-18 02:00:00,9531.286299088208
2018-09-18 03:00:00,8859.631609704718
2018-09-18 04:00:00,8081.498026210064
2018-09-18 05:00:00,7320.338180685821
2018-09-18 06:00:00,6758.096690038483
2018-09-18 07:00:00,6398.2876912564825
2018-09-18 08:00:00,6149.055788910033
2018-09-18 09:00:00,6002.794764747291
2018-09-18 10:00:00,6066.57047125415
2018-09-18 11:00:00,6452.13386070953
2018-09-18 12:00:00,7033.456609015452
2018-09-18 13:00:00,7423.864116987144
2018-09-18 14:00:00,7625.42474325945
2018-09-18 15:00:00,7750.656966248188
2018-09-18 16:00:00,8091.288748021015
2018-09-18 17:00:00,8348.828879683882
2018-09-18 18:00:00,8563.03793961908
2018-09-18 19:00:00,8637.29050651541
2018-09-18 20:00:00,8537.217733344036
2018-09-18 21:00:00,8364.26269062768
2018-09-18 22:00:00,8183.045691210833
2018-09-18 23:00:00,8042.707279726186
2018-09-19 00:00:00,7880.907384101363
2018-09-19 01:00:00,7958.715428395407
2018-09-19 02:00:00,7749.837905657099
2018-09-19 03:00:00,7355.492371299811
2018-09-19 04:00:00,6844.725006440094
2018-09-19 05:00:00,6275.457464887794
2018-09-19 06:00:00,5875.272434386451
2018-09-19 07:00:00,5606.1431175554435
2018-09-19 08:00:00,5417.753012980384
2018-09-19 09:00:00,5368.609332006013
2018-09-19 10:00:00,5467.490473810363
2018-09-19 11:00:00,5871.186717808327
2018-09-19 12:00:00,6464.2102932317985
2018-09-19 13:00:00,6807.651012868591
2018-09-19 14:00:00,7142.4812244125915
2018-09-19 15:00:00,7475.570314617868
2018-09-19 16:00:00,7851.75523697464
2018-09-19 17:00:00,8154.452320102964
2018-09-19 18:00:00,8416.022776215692
2018-09-19 19:00:00,8610.202255064916
2018-09-19 20:00:00,8475.467416887097
2018-09-19 21:00:00,8389.32597905613
2018-09-19 22:00:00,8185.10627923882
2018-09-19 23:00:00,7829.92712727166
2018-09-20 00:00:00,7567.9151844861235
2018-09-20 01:00:00,7629.338063195581
2018-09-20 02:00:00,7476.627227032641
2018-09-20 03:00:00,7155.9977166120625
2018-09-20 04:00:00,6667.462474475704
2018-09-20 05:00:00,6188.288448278707
2018-09-20 06:00:00,5824.375613359983
2018-09-20 07:00:00,5596.785951870359
2018-09-20 08:00:00,5435.3101158668405
2018-09-20 09:00:00,5376.803452676809
2018-09-20 10:00:00,5493.818880316609
2018-09-20 11:00:00,5923.260592247329
2018-09-20 12:00:00,6626.692435898457
2018-09-20 13:00:00,7069.315186958062
2018-09-20 14:00:00,7436.301451572923
2018-09-20 15:00:00,7802.861248371766
2018-09-20 16:00:00,8357.374642095017
2018-09-20 17:00:00,8956.067170822576
2018-09-20 18:00:00,9622.224775653498
2018-09-20 19:00:00,10252.84909023187
2018-09-20 20:00:00,10644.795377825472
2018-09-20 21:00:00,10879.794380923728
2018-09-20 22:00:00,11116.6434146439
2018-09-20 23:00:00,10893.51423715952
2018-09-21 00:00:00,10693.226264450108
2018-09-21 01:00:00,10627.69571252093
2018-09-21 02:00:00,10287.184227306903
2018-09-21 03:00:00,9774.660616185043
2018-09-21 04:00:00,9030.462357868388
2018-09-21 05:00:00,8317.855489219914
2018-09-21 06:00:00,7778.432013814271
2018-09-21 07:00:00,7377.668673601468
2018-09-21 08:00:00,7129.016847242779
2018-09-21 09:00:00,6985.680260920174
2018-09-21 10:00:00,6974.572421879203
2018-09-21 11:00:00,7316.841676007356
2018-09-21 12:00:00,7762.156401317874
2018-09-21 13:00:00,8019.924333939176
2018-09-21 14:00:00,8130.585109333101
2018-09-21 15:00:00,8231.994112641272
2018-09-21 16:00:00,8354.320655170255
2018-09-21 17:00:00,8387.397886877212
2018-09-21 18:00:00,8403.815201103569
2018-09-21 19:00:00,8299.389013160066
2018-09-21 20:00:00,8242.79389518311
2018-09-21 21:00:00,8111.057371678644
2018-09-21 22:00:00,7777.221706737646
2018-09-21 23:00:00,7378.107580638356
2018-09-22 00:00:00,6937.768570641887
2018-09-22 01:00:00,6846.496022426474
2018-09-22 02:00:00,6567.997602318835
2018-09-22 03:00:00,6266.098837456805
2018-09-22 04:00:00,5815.0109257741005
2018-09-22 05:00:00,5400.7816198940245
2018-09-22 06:00:00,5067.294084325225
2018-09-22 07:00:00,4869.541880672654
2018-09-22 08:00:00,4720.352246603345
2018-09-22 09:00:00,4651.313496028471
2018-09-22 10:00:00,4646.632994644428
2018-09-22 11:00:00,4799.334481724194
2018-09-22 12:00:00,4956.966773781516
2018-09-22 13:00:00,5062.131043230629
2018-09-22 14:00:00,5367.390954356209
2018-09-22 15:00:00,5550.539446912896
2018-09-22 16:00:00,5698.400644193161
2018-09-22 17:00:00,5723.5952010986475
2018-09-22 18:00:00,5727.964724115425
2018-09-22 19:00:00,5691.067814124684
2018-09-22 20:00:00,5705.352333325268
2018-09-22 21:00:00,5701.871167210679
2018-09-22 22:00:00,5708.644158003027
2018-09-22 23:00:00,5656.346873789432
2018-09-23 00:00:00,5582.134832282003
2018-09-23 01:00:00,5714.942437429811
2018-09-23 02:00:00,5647.075350079452
2018-09-23 03:00:00,5475.645980026867
2018-09-23 04:00:00,5181.942645316339
2018-09-23 05:00:00,4919.836486351528
2018-09-23 06:00:00,4675.869698879789
2018-09-23 07:00:00,4512.63722072461
2018-09-23 08:00:00,4396.796379801132
2018-09-23 09:00:00,4297.923125334055
2018-09-23 10:00:00,4324.832338701012
2018-09-23 11:00:00,4378.662824838634
2018-09-23 12:00:00,4433.96879278799
2018-09-23 13:00:00,4530.802763518435
2018-09-23 14:00:00,4730.517603564421
2018-09-23 15:00:00,4976.097374646089
2018-09-23 16:00:00,5213.341261994437
2018-09-23 17:00:00,5323.9283030209435
2018-09-23 18:00:00,5454.05192948297
2018-09-23 19:00:00,5520.738471558528
2018-09-23 20:00:00,5603.018159254635
2018-09-23 21:00:00,5719.666299929883
2018-09-23 22:00:00,5764.45506770834
2018-09-23 23:00:00,5797.204377456185
2018-09-24 00:00:00,5740.122507739925
2018-09-24 01:00:00,5943.1386690517
2018-09-24 02:00:00,5842.50201185816
2018-09-24 03:00:00,5619.586547973367
2018-09-24 04:00:00,5339.337515415922
2018-09-24 05:00:00,5043.881101559376
2018-09-24 06:00:00,4816.293145439974
2018-09-24 07:00:00,4690.504678357125
2018-09-24 08:00:00,4592.216341911115
2018-09-24 09:00:00,4605.676460594773
2018-09-24 10:00:00,4729.715381084203
2018-09-24 11:00:00,5117.6188994194445
2018-09-24 12:00:00,5704.116143195206
2018-09-24 13:00:00,6023.052995413191
2018-09-24 14:00:00,6299.129728720189
2018-09-24 15:00:00,6598.793803055634
2018-09-24 16:00:00,6812.15594524779
2018-09-24 17:00:00,6905.408290094635
2018-09-24 18:00:00,6964.1658718538165
2018-09-24 19:00:00,7004.71735482946
2018-09-24 20:00:00,6959.366477349916
2018-09-24 21:00:00,6891.774248721498
2018-09-24 22:00:00,6858.499166880792
2018-09-24 23:00:00,6832.958256388686
2018-09-25 00:00:00,6879.2248461025865
2018-09-25 01:00:00,7026.662923677862
2018-09-25 02:00:00,6909.062821641312
2018-09-25 03:00:00,6622.962568519542
2018-09-25 04:00:00,6203.473903389251
2018-09-25 05:00:00,5776.380299034783
2018-09-25 06:00:00,5479.755693600245
2018-09-25 07:00:00,5312.428241142885
2018-09-25 08:00:00,5176.696929027893
2018-09-25 09:00:00,5138.670984332383
2018-09-25 10:00:00,5250.425255992626
2018-09-25 11:00:00,5682.206731366735
2018-09-25 12:00:00,6347.026859616174
2018-09-25 13:00:00,6735.67379583959
2018-09-25 14:00:00,7023.499729454477
2018-09-25 15:00:00,7286.007160717269
2018-09-25 16:00:00,7596.788177391316
2018-09-25 17:00:00,7877.081918537053
2018-09-25 18:00:00,8133.533493988763
2018-09-25 19:00:00,8339.16318159433
2018-09-25 20:00:00,8506.617556536727
2018-09-25 21:00:00,8599.487930107778
2018-09-25 22:00:00,8491.12823379385
2018-09-25 23:00:00,8114.6945847388915
2018-09-26 00:00:00,7726.981824115826
2018-09-26 01:00:00,7558.489651726996
2018-09-26 02:00:00,7313.931825173219
2018-09-26 03:00:00,6939.487786007802
2018-09-26 04:00:00,6362.618685518728
2018-09-26 05:00:00,5808.566930304476
2018-09-26 06:00:00,5431.788944226249
2018-09-26 07:00:00,5141.600416471023
2018-09-26 08:00:00,4943.26816728373
2018-09-26 09:00:00,4837.375378862178
2018-09-26 10:00:00,4871.90232172997
2018-09-26 11:00:00,5187.843656600512
2018-09-26 12:00:00,5715.2041564116935
2018-09-26 13:00:00,5949.044356292134
2018-09-26 14:00:00,6146.119505375018
2018-09-26 15:00:00,6297.610173073654
2018-09-26 16:00:00,6475.792175426084
2018-09-26 17:00:00,6566.428804676006
2018-09-26 18:00:00,6654.50336912577
2018-09-26 19:00:00,6718.074030226738
2018-09-26 20:00:00,6701.0896574827475
2018-09-26 21:00:00,6637.341365374319
2018-09-26 22:00:00,6545.418498634707
2018-09-26 23:00:00,6431.204326596933
2018-09-27 00:00:00,6362.628065054944
2018-09-27 01:00:00,6472.033833249419
2018-09-27 02:00:00,6308.211503680747
2018-09-27 03:00:00,5985.250330325334
2018-09-27 04:00:00,5589.745557583715
2018-09-27 05:00:00,5165.575325212994
2018-09-27 06:00:00,4925.702080750573
2018-09-27 07:00:00,4747.260120036556
2018-09-27 08:00:00,4629.080033371367
2018-09-27 09:00:00,4575.845885144685
2018-09-27 10:00:00,4674.725808827448
2018-09-27 11:00:00,5031.6198711176885
2018-09-27 12:00:00,5577.616302670426
2018-09-27 13:00:00,5869.962404414905
2018-09-27 14:00:00,6072.287506364595
2018-09-27 15:00:00,6234.257233703004
2018-09-27 16:00:00,6401.718762948499
2018-09-27 17:00:00,6424.0855579364825
2018-09-27 18:00:00,6465.349883052818
2018-09-27 19:00:00,6512.768083152335
2018-09-27 20:00:00,6529.717325455782
2018-09-27 21:00:00,6519.354021556175
2018-09-27 22:00:00,6476.909081466286
2018-09-27 23:00:00,6369.274538107016
2018-09-28 00:00:00,6335.6947937866535
2018-09-28 01:00:00,6454.467259467626
2018-09-28 02:00:00,6282.458483394155
2018-09-28 03:00:00,5991.677119827549
2018-09-28 04:00:00,5580.965727112822
2018-09-28 05:00:00,5187.2199414069155
2018-09-28 06:00:00,4919.84894164475
2018-09-28 07:00:00,4748.427763459834
2018-09-28 08:00:00,4642.532660607269
2018-09-28 09:00:00,4588.711127663306
2018-09-28 10:00:00,4693.4410233357685
2018-09-28 11:00:00,5021.082758981303
2018-09-28 12:00:00,5568.168982483416
2018-09-28 13:00:00,5867.274997403336
2018-09-28 14:00:00,6077.865244508603
2018-09-28 15:00:00,6201.227816763098
2018-09-28 16:00:00,6300.513359890339
2018-09-28 17:00:00,6311.563061997145
2018-09-28 18:00:00,6295.944953935578
2018-09-28 19:00:00,6290.7206011525195
2018-09-28 20:00:00,6216.840502997821
2018-09-28 21:00:00,6123.778212596697
2018-09-28 22:00:00,6045.928130499057
2018-09-28 23:00:00,5997.924284821244
2018-09-29 00:00:00,6053.121163399573
2018-09-29 01:00:00,6057.804253291985
2018-09-29 02:00:00,5899.250205714151
2018-09-29 03:00:00,5709.684174489024
2018-09-29 04:00:00,5360.400715688337
2018-09-29 05:00:00,5046.805813476868
2018-09-29 06:00:00,4787.038199833855
2018-09-29 07:00:00,4621.4679072298295
2018-09-29 08:00:00,4505.625543654369
2018-09-29 09:00:00,4461.747190725986
2018-09-29 10:00:00,4489.247686799301
2018-09-29 11:00:00,4665.93458891972
2018-09-29 12:00:00,4878.479332632848
2018-09-29 13:00:00,5039.501293053367
2018-09-29 14:00:00,5239.690153596975
2018-09-29 15:00:00,5414.152658318216
2018-09-29 16:00:00,5456.02762850706
2018-09-29 17:00:00,5483.196666315052
2018-09-29 18:00:00,5432.568268150579
2018-09-29 19:00:00,5380.444017980074
2018-09-29 20:00:00,5331.5750651228145
2018-09-29 21:00:00,5289.380007760836
2018-09-29 22:00:00,5315.458354297882
2018-09-29 23:00:00,5347.079957882915
2018-09-30 00:00:00,5529.489743689782
2018-09-30 01:00:00,5531.832735155372
2018-09-30 02:00:00,5458.11049879857
2018-09-30 03:00:00,5301.8952097138135
2018-09-30 04:00:00,5063.185680232553
2018-09-30 05:00:00,4775.336093688642
2018-09-30 06:00:00,4609.175888765045
2018-09-30 07:00:00,4429.561594859642
2018-09-30 08:00:00,4366.374156208213
2018-09-30 09:00:00,4319.568898743483
2018-09-30 10:00:00,4338.2916656056395
2018-09-30 11:00:00,4397.970022473223
2018-09-30 12:00:00,4539.667685648497
2018-09-30 13:00:00,4607.504165353715
2018-09-30 14:00:00,4791.841558709862
2018-09-30 15:00:00,4961.147731235796
2018-09-30 16:00:00,5089.754541422933
2018-09-30 17:00:00,5213.889813120138
2018-09-30 18:00:00,5269.312806285354
2018-09-30 19:00:00,5312.086809525615
2018-09-30 20:00:00,5287.557910683643
2018-09-30 21:00:00,5297.713051544237
2018-09-30 22:00:00,5370.950131828188
2018-09-30 23:00:00,5447.985627073617
2018-10-01 00:00:00,5630.739487966079
2018-10-01 01:00:00,5727.274501641753
2018-10-01 02:00:00,5627.219747618351
2018-10-01 03:00:00,5407.810655196874
2018-10-01 04:00:00,5157.392441713834
2018-10-01 05:00:00,4859.011346392835
2018-10-01 06:00:00,4691.095382455728
2018-10-01 07:00:00,4565.890676178438
2018-10-01 08:00:00,4522.592307878698
2018-10-01 09:00:00,4512.0649711680435
2018-10-01 10:00:00,4639.6132170656365
2018-10-01 11:00:00,5044.482981923534
2018-10-01 12:00:00,5695.652933011267
2018-10-01 13:00:00,6083.326454194662
2018-10-01 14:00:00,6222.891364510399
2018-10-01 15:00:00,6317.090612883555
2018-10-01 16:00:00,6444.147032338116
2018-10-01 17:00:00,6516.067386700278
2018-10-01 18:00:00,6605.590692852669
2018-10-01 19:00:00,6705.575223400886
2018-10-01 20:00:00,6723.275042946068
2018-10-01 21:00:00,6691.867158844172
2018-10-01 22:00:00,6638.879206366376
2018-10-01 23:00:00,6592.0196758976745
2018-10-02 00:00:00,6665.716795418323
2018-10-02 01:00:00,6751.718929930124
2018-10-02 02:00:00,6594.91339354236
2018-10-02 03:00:00,6317.587276173066
2018-10-02 04:00:00,5944.310119104936
2018-10-02 05:00:00,5564.60078234657
2018-10-02 06:00:00,5262.123677320042
2018-10-02 07:00:00,5070.222450607478
2018-10-02 08:00:00,4952.039653621758
2018-10-02 09:00:00,4894.122324143544
2018-10-02 10:00:00,4969.017472299485
2018-10-02 11:00:00,5311.8725884929345
2018-10-02 12:00:00,5861.243446433628
2018-10-02 13:00:00,6148.691165919676
2018-10-02 14:00:00,6305.855025809752
2018-10-02 15:00:00,6403.214922780766
2018-10-02 16:00:00,6476.227064723302
2018-10-02 17:00:00,6515.588342864442
2018-10-02 18:00:00,6527.784640842611
2018-10-02 19:00:00,6568.376069154786
2018-10-02 20:00:00,6523.0105290243655
2018-10-02 21:00:00,6486.2673615638105
2018-10-02 22:00:00,6431.705127714939
2018-10-02 23:00:00,6377.682990748533
2018-10-03 00:00:00,6457.444685596775
2018-10-03 01:00:00,6552.219798645546
2018-10-03 02:00:00,6414.134531970685
2018-10-03 03:00:00,6125.103232699173
2018-10-03 04:00:00,5741.878266753434
2018-10-03 05:00:00,5386.156842184975
2018-10-03 06:00:00,5087.1880576163
2018-10-03 07:00:00,4912.8378736353
2018-10-03 08:00:00,4788.804708770366
2018-10-03 09:00:00,4768.913384893742
2018-10-03 10:00:00,4868.965032707098
2018-10-03 11:00:00,5240.485029921894
2018-10-03 12:00:00,5918.570132719319
2018-10-03 13:00:00,6273.616784534841
2018-10-03 14:00:00,6571.385294581462
2018-10-03 15:00:00,6892.297161834473
2018-10-03 16:00:00,7283.519415845141
2018-10-03 17:00:00,7585.806675564898
2018-10-03 18:00:00,7824.594058681285
2018-10-03 19:00:00,8074.312017107472
2018-10-03 20:00:00,8287.718502741567
2018-10-03 21:00:00,8418.893888880988
2018-10-03 22:00:00,8494.16379354144
2018-10-03 23:00:00,8424.660120289625
2018-10-04 00:00:00,8372.310055987607
2018-10-04 01:00:00,8496.336734355093
2018-10-04 02:00:00,8323.735031111124
2018-10-04 03:00:00,7993.167700409947
2018-10-04 04:00:00,7482.989182013414
2018-10-04 05:00:00,6966.379214799597
2018-10-04 06:00:00,6549.232140295071
2018-10-04 07:00:00,6168.363321528057
2018-10-04 08:00:00,5879.347096511177
2018-10-04 09:00:00,5690.379808987124
2018-10-04 10:00:00,5621.940198002839
2018-10-04 11:00:00,5805.080079239584
2018-10-04 12:00:00,6224.043888746039
2018-10-04 13:00:00,6337.106697338237
2018-10-04 14:00:00,6408.043437053318
2018-10-04 15:00:00,6455.614462776109
2018-10-04 16:00:00,6506.505310536583
2018-10-04 17:00:00,6525.292285441695
2018-10-04 18:00:00,6522.004441757348
2018-10-04 19:00:00,6529.869735232627
2018-10-04 20:00:00,6451.923414946698
2018-10-04 21:00:00,6350.571250773897
2018-10-04 22:00:00,6286.537394026578
2018-10-04 23:00:00,6170.511423695025
2018-10-05 00:00:00,6237.443000988237
2018-10-05 01:00:00,6355.0367078864565
2018-10-05 02:00:00,6188.8728485981
2018-10-05 03:00:00,5957.177645601533
2018-10-05 04:00:00,5552.895965880827
2018-10-05 05:00:00,5231.694419074959
2018-10-05 06:00:00,4978.356883862447
2018-10-05 07:00:00,4829.165757594194
2018-10-05 08:00:00,4722.684762223291
2018-10-05 09:00:00,4686.999250938039
2018-10-05 10:00:00,4789.976189276641
2018-10-05 11:00:00,5148.042067056594
2018-10-05 12:00:00,5696.242875783877
2018-10-05 13:00:00,6063.263476899021
2018-10-05 14:00:00,6199.91584079889
2018-10-05 15:00:00,6279.362668373586
2018-10-05 16:00:00,6385.988590607415
2018-10-05 17:00:00,6432.678880078678
2018-10-05 18:00:00,6427.198304389332
2018-10-05 19:00:00,6449.237353783715
2018-10-05 20:00:00,6417.586720634651
2018-10-05 21:00:00,6353.612530395048
2018-10-05 22:00:00,6321.086214754422
2018-10-05 23:00:00,6317.0506916274535
2018-10-06 00:00:00,6397.169534022656
2018-10-06 01:00:00,6349.193009222929
2018-10-06 02:00:00,6216.379952981019
2018-10-06 03:00:00,6003.995449718604
2018-10-06 04:00:00,5662.314037103325
2018-10-06 05:00:00,5326.486311748585
2018-10-06 06:00:00,5070.225952707039
2018-10-06 07:00:00,4939.168350948244
2018-10-06 08:00:00,4802.849014602139
2018-10-06 09:00:00,4727.960383396686
2018-10-06 10:00:00,4759.554026589801
2018-10-06 11:00:00,4925.712038894543
2018-10-06 12:00:00,5181.38403872154
2018-10-06 13:00:00,5309.49654621746
2018-10-06 14:00:00,5621.341738178523
2018-10-06 15:00:00,5858.72383510444
2018-10-06 16:00:00,6017.940784226693
2018-10-06 17:00:00,6005.734653491269
2018-10-06 18:00:00,5917.62039425086
2018-10-06 19:00:00,5767.061867275867
2018-10-06 20:00:00,5637.861331476468
2018-10-06 21:00:00,5557.5964071640565
2018-10-06 22:00:00,5489.256152001183
2018-10-06 23:00:00,5489.810214430338
2018-10-07 00:00:00,5648.903160984802
2018-10-07 01:00:00,5678.148879319901
2018-10-07 02:00:00,5582.187911930135
2018-10-07 03:00:00,5407.244678966478
2018-10-07 04:00:00,5155.66058833646
2018-10-07 05:00:00,4901.7360947492225
2018-10-07 06:00:00,4691.693638908167
2018-10-07 07:00:00,4516.172218045209
2018-10-07 08:00:00,4403.838905800553
2018-10-07 09:00:00,4350.012774447602
2018-10-07 10:00:00,4351.765153173709
2018-10-07 11:00:00,4455.320431676811
2018-10-07 12:00:00,4570.580374380458
2018-10-07 13:00:00,4650.932888508016
2018-10-07 14:00:00,4820.660955269299
2018-10-07 15:00:00,4989.301603942393
2018-10-07 16:00:00,5099.855544934848
2018-10-07 17:00:00,5185.63565980541
2018-10-07 18:00:00,5217.083715251521
2018-10-07 19:00:00,5219.0464374958165
2018-10-07 20:00:00,5206.6153548659595
2018-10-07 21:00:00,5238.709661360559
2018-10-07 22:00:00,5306.469505552236
2018-10-07 23:00:00,5392.676574364242
2018-10-08 00:00:00,5633.704976503679
2018-10-08 01:00:00,5674.653775481261
2018-10-08 02:00:00,5606.187913976787
2018-10-08 03:00:00,5472.77940296209
2018-10-08 04:00:00,5258.051512344567
2018-10-08 05:00:00,4969.027186819138
2018-10-08 06:00:00,4820.999653719887
2018-10-08 07:00:00,4685.2648090522935
2018-10-08 08:00:00,4630.853302882681
2018-10-08 09:00:00,4650.162540870928
2018-10-08 10:00:00,4768.937808231552
2018-10-08 11:00:00,5176.144748024463
2018-10-08 12:00:00,5748.920305504221
2018-10-08 13:00:00,6090.79109307766
2018-10-08 14:00:00,6403.9078082020205
2018-10-08 15:00:00,6639.196276089468
2018-10-08 16:00:00,6911.525689337648
2018-10-08 17:00:00,7221.894726204384
2018-10-08 18:00:00,7531.705727155778
2018-10-08 19:00:00,7800.231413060565
2018-10-08 20:00:00,7955.193070809604
2018-10-08 21:00:00,8025.637692097541
2018-10-08 22:00:00,8057.659568228478
2018-10-08 23:00:00,7950.318790637617
2018-10-09 00:00:00,7862.747365447398
2018-10-09 01:00:00,7815.937113684165
2018-10-09 02:00:00,7517.546791092146
2018-10-09 03:00:00,7139.588188595745
2018-10-09 04:00:00,6635.2565055258265
2018-10-09 05:00:00,6163.698442553364
2018-10-09 06:00:00,5810.322537052787
2018-10-09 07:00:00,5562.257669068822
2018-10-09 08:00:00,5394.930125252343
2018-10-09 09:00:00,5314.777566840725
2018-10-09 10:00:00,5422.4339711600205
2018-10-09 11:00:00,5802.728073674253
2018-10-09 12:00:00,6438.683426092485
2018-10-09 13:00:00,6810.874905718604
2018-10-09 14:00:00,7182.255157119548
2018-10-09 15:00:00,7556.24465073509
2018-10-09 16:00:00,7973.674423977052
2018-10-09 17:00:00,8372.62993026818
2018-10-09 18:00:00,8663.19270446442
2018-10-09 19:00:00,8881.456694367971
2018-10-09 20:00:00,9008.640959129323
2018-10-09 21:00:00,8973.362813786993
2018-10-09 22:00:00,8738.759008530913
2018-10-09 23:00:00,8460.269245162603
2018-10-10 00:00:00,8394.544432235902
2018-10-10 01:00:00,8365.28525365727
2018-10-10 02:00:00,8078.014585885613
2018-10-10 03:00:00,7680.162771424129
2018-10-10 04:00:00,7132.541855966368
2018-10-10 05:00:00,6567.956307997053
2018-10-10 06:00:00,6164.26521056279
2018-10-10 07:00:00,5881.681165236147
2018-10-10 08:00:00,5665.7951934498005
2018-10-10 09:00:00,5559.31840059837
2018-10-10 10:00:00,5640.6459111627855
2018-10-10 11:00:00,6003.97775650256
2018-10-10 12:00:00,6622.382401172664
2018-10-10 13:00:00,6930.921859930798
2018-10-10 14:00:00,7139.5027609777035
2018-10-10 15:00:00,7292.73472870097
2018-10-10 16:00:00,7398.626182665726
2018-10-10 17:00:00,7498.800805460752
2018-10-10 18:00:00,7502.036008496874
2018-10-10 19:00:00,7560.079777971835
2018-10-10 20:00:00,7439.94985401385
2018-10-10 21:00:00,7294.096868638734
2018-10-10 22:00:00,7295.1314930542
2018-10-10 23:00:00,7282.633991417892
2018-10-11 00:00:00,7282.329929206354
2018-10-11 01:00:00,7198.670481629747
2018-10-11 02:00:00,6773.334798454604
2018-10-11 03:00:00,6317.5697961282995
2018-10-11 04:00:00,5771.706740943785
2018-10-11 05:00:00,5328.8133458213915
2018-10-11 06:00:00,5014.0489120981865
2018-10-11 07:00:00,4802.255112934372
2018-10-11 08:00:00,4692.263695845878
2018-10-11 09:00:00,4658.33181186136
2018-10-11 10:00:00,4763.060733036553
2018-10-11 11:00:00,5122.292152980047
2018-10-11 12:00:00,5734.846307958776
2018-10-11 13:00:00,6049.288388147506
2018-10-11 14:00:00,6186.28932279105
2018-10-11 15:00:00,6253.457896706176
2018-10-11 16:00:00,6309.866974561695
2018-10-11 17:00:00,6288.705239255323
2018-10-11 18:00:00,6270.609218362274
2018-10-11 19:00:00,6272.057964535123
2018-10-11 20:00:00,6194.67426066677
2018-10-11 21:00:00,6135.079217758976
2018-10-11 22:00:00,6064.965912461026
2018-10-11 23:00:00,6039.403429077157
2018-10-12 00:00:00,6266.072861013973
2018-10-12 01:00:00,6356.75869447898
2018-10-12 02:00:00,6225.119189550045
2018-10-12 03:00:00,5967.68942080892
2018-10-12 04:00:00,5610.8009314249375
2018-10-12 05:00:00,5262.1058927448785
2018-10-12 06:00:00,5021.647486637073
2018-10-12 07:00:00,4873.628815372364
2018-10-12 08:00:00,4771.247636336949
2018-10-12 09:00:00,4765.98507951757
2018-10-12 10:00:00,4903.477967176646
2018-10-12 11:00:00,5279.67788716773
2018-10-12 12:00:00,5891.649194932091
2018-10-12 13:00:00,6201.832610381775
2018-10-12 14:00:00,6289.242052376451
2018-10-12 15:00:00,6334.411930669527
2018-10-12 16:00:00,6394.179939076161
2018-10-12 17:00:00,6403.138570637719
2018-10-12 18:00:00,6410.018524596554
2018-10-12 19:00:00,6435.268018995936
2018-10-12 20:00:00,6353.716248849649
2018-10-12 21:00:00,6252.064538307852
2018-10-12 22:00:00,6216.230720557592
2018-10-12 23:00:00,6257.885044122388
2018-10-13 00:00:00,6409.414076198606
2018-10-13 01:00:00,6383.085243349806
2018-10-13 02:00:00,6256.712284588446
2018-10-13 03:00:00,6063.055603392769
2018-10-13 04:00:00,5741.2725797593175
2018-10-13 05:00:00,5448.155350738403
2018-10-13 06:00:00,5175.519906068399
2018-10-13 07:00:00,5035.104620922843
2018-10-13 08:00:00,4917.5090563892045
2018-10-13 09:00:00,4899.959597215703
2018-10-13 10:00:00,4943.257417360729
2018-10-13 11:00:00,5114.679996385469
2018-10-13 12:00:00,5424.7631673986425
2018-10-13 13:00:00,5546.033884967035
2018-10-13 14:00:00,5704.092535020131
2018-10-13 15:00:00,5748.727850807892
2018-10-13 16:00:00,5738.454714235212
2018-10-13 17:00:00,5658.2489013542345
2018-10-13 18:00:00,5576.412793483318
2018-10-13 19:00:00,5440.41826713061
2018-10-13 20:00:00,5361.107353763719
2018-10-13 21:00:00,5292.7509192128255
2018-10-13 22:00:00,5278.094343312254
2018-10-13 23:00:00,5344.65928194742
2018-10-14 00:00:00,5623.092401735008
2018-10-14 01:00:00,5695.052910282527
2018-10-14 02:00:00,5601.4425171652265
2018-10-14 03:00:00,5503.149978199742
2018-10-14 04:00:00,5264.444590331876
2018-10-14 05:00:00,5033.3443853125045
2018-10-14 06:00:00,4839.1053746041325
2018-10-14 07:00:00,4706.880281687258
2018-10-14 08:00:00,4633.747927196988
2018-10-14 09:00:00,4575.8256034202695
2018-10-14 10:00:00,4593.965401255898
2018-10-14 11:00:00,4640.190004125113
2018-10-14 12:00:00,4805.76401199998
2018-10-14 13:00:00,4856.449475296101
2018-10-14 14:00:00,4963.310622398593
2018-10-14 15:00:00,5045.960911680234
2018-10-14 16:00:00,5109.419155483606
2018-10-14 17:00:00,5158.293968908783
2018-10-14 18:00:00,5139.001844522099
2018-10-14 19:00:00,5156.951296249305
2018-10-14 20:00:00,5114.3746161792715
2018-10-14 21:00:00,5101.077300761998
2018-10-14 22:00:00,5165.076303745249
2018-10-14 23:00:00,5266.8276015930915
2018-10-15 00:00:00,5564.00715475616
2018-10-15 01:00:00,5600.8642683598455
2018-10-15 02:00:00,5514.856104146191
2018-10-15 03:00:00,5346.938465291903
2018-10-15 04:00:00,5094.775394983551
2018-10-15 05:00:00,4823.309085935768
2018-10-15 06:00:00,4653.642540001895
2018-10-15 07:00:00,4568.224623091248
2018-10-15 08:00:00,4591.040719791445
2018-10-15 09:00:00,4619.711082359932
2018-10-15 10:00:00,4805.181834752481
2018-10-15 11:00:00,5272.064390639409
2018-10-15 12:00:00,5943.123320719711
2018-10-15 13:00:00,6321.115128193585
2018-10-15 14:00:00,6382.431926436817
2018-10-15 15:00:00,6436.169945802726
2018-10-15 16:00:00,6481.775786907464
2018-10-15 17:00:00,6431.964491805702
2018-10-15 18:00:00,6347.8017538588465
2018-10-15 19:00:00,6324.083044201569
2018-10-15 20:00:00,6267.087772613038
2018-10-15 21:00:00,6191.594291643173
2018-10-15 22:00:00,6168.1625479025
2018-10-15 23:00:00,6199.575443609528
2018-10-16 00:00:00,6439.843547614966
2018-10-16 01:00:00,6514.731326135309
2018-10-16 02:00:00,6387.187039132872
2018-10-16 03:00:00,6140.873758095982
2018-10-16 04:00:00,5743.031262264633
2018-10-16 05:00:00,5424.1746254658565
2018-10-16 06:00:00,5211.2127260831685
2018-10-16 07:00:00,5082.503505977985
2018-10-16 08:00:00,5019.3197521443535
2018-10-16 09:00:00,5021.078434649671
2018-10-16 10:00:00,5187.825750213191
2018-10-16 11:00:00,5603.225897085708
2018-10-16 12:00:00,6260.246216052656
2018-10-16 13:00:00,6535.752301415671
2018-10-16 14:00:00,6565.701659127358
2018-10-16 15:00:00,6523.897668979347
2018-10-16 16:00:00,6505.521853372814
2018-10-16 17:00:00,6476.189255911058
2018-10-16 18:00:00,6428.28786415735
2018-10-16 19:00:00,6421.9887170592265
2018-10-16 20:00:00,6339.889729934031
2018-10-16 21:00:00,6249.173267601404
2018-10-16 22:00:00,6202.014581935575
2018-10-16 23:00:00,6217.61881361706
2018-10-17 00:00:00,6400.052068480216
2018-10-17 01:00:00,6444.521247319358
2018-10-17 02:00:00,6304.689570714165
2018-10-17 03:00:00,6049.0146778484
2018-10-17 04:00:00,5671.063262269358
2018-10-17 05:00:00,5314.762766663449
2018-10-17 06:00:00,5073.721574247353
2018-10-17 07:00:00,4942.0877031307555
2018-10-17 08:00:00,4882.412482926256
2018-10-17 09:00:00,4866.621340821595
2018-10-17 10:00:00,5028.103785134721
2018-10-17 11:00:00,5439.9914699359915
2018-10-17 12:00:00,6082.381955989306
2018-10-17 13:00:00,6380.941143904993
2018-10-17 14:00:00,6451.595002164398
2018-10-17 15:00:00,6509.042341931408
2018-10-17 16:00:00,6481.888625349379
2018-10-17 17:00:00,6428.088118296965
2018-10-17 18:00:00,6355.01351177291
2018-10-17 19:00:00,6331.957236627164
2018-10-17 20:00:00,6265.026254125125
2018-10-17 21:00:00,6174.283262693442
2018-10-17 22:00:00,6129.232335548476
2018-10-17 23:00:00,6145.069610871557
2018-10-18 00:00:00,6380.155811211166
2018-10-18 01:00:00,6447.441117203544
2018-10-18 02:00:00,6307.026136588387
2018-10-18 03:00:00,6080.604118522042
2018-10-18 04:00:00,5722.548625228615
2018-10-18 05:00:00,5408.373768841543
2018-10-18 06:00:00,5186.639043187084
2018-10-18 07:00:00,5069.628975282265
2018-10-18 08:00:00,5008.2012240864615
2018-10-18 09:00:00,5014.642113346041
2018-10-18 10:00:00,5174.956944688928
2018-10-18 11:00:00,5589.770072280643
2018-10-18 12:00:00,6247.961140880914
2018-10-18 13:00:00,6498.003527711891
2018-10-18 14:00:00,6514.911262343224
2018-10-18 15:00:00,6467.089507400967
2018-10-18 16:00:00,6442.345846034335
2018-10-18 17:00:00,6404.867853660906
2018-10-18 18:00:00,6337.192865142252
2018-10-18 19:00:00,6324.029391681467
2018-10-18 20:00:00,6248.479146035326
2018-10-18 21:00:00,6171.843210807493
2018-10-18 22:00:00,6123.49335575706
2018-10-18 23:00:00,6127.489359173449
2018-10-19 00:00:00,6329.257924328309
2018-10-19 01:00:00,6362.609123264274
2018-10-19 02:00:00,6221.024154341783
2018-10-19 03:00:00,5978.805390811481
2018-10-19 04:00:00,5650.002650505315
2018-10-19 05:00:00,5337.584953971578
2018-10-19 06:00:00,5103.565214051456
2018-10-19 07:00:00,4957.303641734001
2018-10-19 08:00:00,4849.6568301222
2018-10-19 09:00:00,4832.692898030558
2018-10-19 10:00:00,4963.168383447935
2018-10-19 11:00:00,5334.6866752925125
2018-10-19 12:00:00,5962.4533581340465
2018-10-19 13:00:00,6285.673884137264
2018-10-19 14:00:00,6370.725693675843
2018-10-19 15:00:00,6443.153558982249
2018-10-19 16:00:00,6460.963912485501
2018-10-19 17:00:00,6437.59057860185
2018-10-19 18:00:00,6413.527115816042
2018-10-19 19:00:00,6404.067328912735
2018-10-19 20:00:00,6327.885275461458
2018-10-19 21:00:00,6232.732858559313
2018-10-19 22:00:00,6236.820069497606
2018-10-19 23:00:00,6280.710212222559
2018-10-20 00:00:00,6359.0941944968135
2018-10-20 01:00:00,6281.28237402585
2018-10-20 02:00:00,6135.60151720999
2018-10-20 03:00:00,5923.8055254273195
2018-10-20 04:00:00,5579.20838454125
2018-10-20 05:00:00,5284.33506152339
2018-10-20 06:00:00,5039.782077002918
2018-10-20 07:00:00,4882.986407400004
2018-10-20 08:00:00,4732.627729067593
2018-10-20 09:00:00,4682.899069166076
2018-10-20 10:00:00,4780.016930056119
2018-10-20 11:00:00,4950.2719874697395
2018-10-20 12:00:00,5228.1758054897
2018-10-20 13:00:00,5389.699886956563
2018-10-20 14:00:00,5525.451291872771
2018-10-20 15:00:00,5616.595135174715
2018-10-20 16:00:00,5629.735421732634
2018-10-20 17:00:00,5643.655465916893
2018-10-20 18:00:00,5614.001523914705
2018-10-20 19:00:00,5575.224202850377
2018-10-20 20:00:00,5561.205886755616
2018-10-20 21:00:00,5472.430982811447
2018-10-20 22:00:00,5480.752150378558
2018-10-20 23:00:00,5547.0211137577235
2018-10-21 00:00:00,5841.3072043235015
2018-10-21 01:00:00,5866.469581417572
2018-10-21 02:00:00,5806.210295877117
2018-10-21 03:00:00,5679.83703258536
2018-10-21 04:00:00,5465.70435311631
2018-10-21 05:00:00,5214.130281536341
2018-10-21 06:00:00,5053.240277145078
2018-10-21 07:00:00,4928.041631022681
2018-10-21 08:00:00,4862.517017436237
2018-10-21 09:00:00,4847.306469021012
2018-10-21 10:00:00,4874.809584055736
2018-10-21 11:00:00,4970.760045146821
2018-10-21 12:00:00,5155.057307132477
2018-10-21 13:00:00,5220.6910812646065
2018-10-21 14:00:00,5296.275799492809
2018-10-21 15:00:00,5362.9161900053
2018-10-21 16:00:00,5384.43559459264
2018-10-21 17:00:00,5379.724187664506
2018-10-21 18:00:00,5336.492711350233
2018-10-21 19:00:00,5294.575207316486
2018-10-21 20:00:00,5217.634609608992
2018-10-21 21:00:00,5185.325584564498
2018-10-21 22:00:00,5225.194582788829
2018-10-21 23:00:00,5345.189954101833
2018-10-22 00:00:00,5691.54851826679
2018-10-22 01:00:00,5765.268957894252
2018-10-22 02:00:00,5697.399677925036
2018-10-22 03:00:00,5572.778732453306
2018-10-22 04:00:00,5317.106032206396
2018-10-22 05:00:00,5093.027614666435
2018-10-22 06:00:00,4928.042666426029
2018-10-22 07:00:00,4850.232825402646
2018-10-22 08:00:00,4798.165163383735
2018-10-22 09:00:00,4865.453636492238
2018-10-22 10:00:00,5046.243308892992
2018-10-22 11:00:00,5510.203345481283
2018-10-22 12:00:00,6164.883931457883
2018-10-22 13:00:00,6524.316044653002
2018-10-22 14:00:00,6516.623871819591
2018-10-22 15:00:00,6441.76599460964
2018-10-22 16:00:00,6412.65519219477
2018-10-22 17:00:00,6350.863837407595
2018-10-22 18:00:00,6290.301821513283
2018-10-22 19:00:00,6306.856496695715
2018-10-22 20:00:00,6274.596914730279
2018-10-22 21:00:00,6189.985448202017
2018-10-22 22:00:00,6155.799118293981
2018-10-22 23:00:00,6162.513227726199
2018-10-23 00:00:00,6346.8121037229575
2018-10-23 01:00:00,6347.396108152835
2018-10-23 02:00:00,6200.542887692549
2018-10-23 03:00:00,5924.977158198793
2018-10-23 04:00:00,5569.842357021622
2018-10-23 05:00:00,5220.562765756973
2018-10-23 06:00:00,5019.305865558268
2018-10-23 07:00:00,4857.833592560389
2018-10-23 08:00:00,4788.799409941465
2018-10-23 09:00:00,4782.953214128684
2018-10-23 10:00:00,4949.117712930874
2018-10-23 11:00:00,5373.292848240981
2018-10-23 12:00:00,6025.633670774196
2018-10-23 13:00:00,6329.057198024529
2018-10-23 14:00:00,6351.324991267076
2018-10-23 15:00:00,6354.0412587087385
2018-10-23 16:00:00,6345.059644185028
2018-10-23 17:00:00,6282.3449557962285
2018-10-23 18:00:00,6235.037382458521
2018-10-23 19:00:00,6238.684463995667
2018-10-23 20:00:00,6155.524890571916
2018-10-23 21:00:00,6074.005292567584
2018-10-23 22:00:00,6044.528520744934
2018-10-23 23:00:00,6092.891904014313
2018-10-24 00:00:00,6346.223896773608
2018-10-24 01:00:00,6327.506032850837
2018-10-24 02:00:00,6208.73749561198
2018-10-24 03:00:00,5977.049601344932
2018-10-24 04:00:00,5631.279761831
2018-10-24 05:00:00,5310.667396471752
2018-10-24 06:00:00,5095.952905191682
2018-10-24 07:00:00,4980.11584044512
2018-10-24 08:00:00,4909.327238746433
2018-10-24 09:00:00,4910.502282258348
2018-10-24 10:00:00,5064.964035401492
2018-10-24 11:00:00,5475.100072349607
2018-10-24 12:00:00,6130.950585727461
2018-10-24 13:00:00,6413.462755038711
2018-10-24 14:00:00,6449.25118731224
2018-10-24 15:00:00,6409.424939857701
2018-10-24 16:00:00,6385.017579944195
2018-10-24 17:00:00,6328.048563377361
2018-10-24 18:00:00,6282.466535136308
2018-10-24 19:00:00,6276.713764440379
2018-10-24 20:00:00,6201.607684896648
2018-10-24 21:00:00,6126.5331563256805
2018-10-24 22:00:00,6121.44892474012
2018-10-24 23:00:00,6170.70244545761
2018-10-25 00:00:00,6443.9283810549405
2018-10-25 01:00:00,6437.49751084541
2018-10-25 02:00:00,6314.051091183922
2018-10-25 03:00:00,6068.324798974796
2018-10-25 04:00:00,5728.402312489152
2018-10-25 05:00:00,5382.051026600675
2018-10-25 06:00:00,5160.314747841193
2018-10-25 07:00:00,5008.203416705317
2018-10-25 08:00:00,4929.223343750285
2018-10-25 09:00:00,4930.398021825723
2018-10-25 10:00:00,5095.975105457595
2018-10-25 11:00:00,5497.918513933858
2018-10-25 12:00:00,6116.3260211896895
2018-10-25 13:00:00,6450.582808086148
2018-10-25 14:00:00,6485.816905007661
2018-10-25 15:00:00,6493.489174668257
2018-10-25 16:00:00,6493.774676239839
2018-10-25 17:00:00,6425.475058757343
2018-10-25 18:00:00,6306.18219022777
2018-10-25 19:00:00,6285.632164448368
2018-10-25 20:00:00,6232.551218704513
2018-10-25 21:00:00,6200.586764786918
2018-10-25 22:00:00,6212.7882328602645
2018-10-25 23:00:00,6326.921480266246
2018-10-26 00:00:00,6502.4381504550165
2018-10-26 01:00:00,6407.077236247029
2018-10-26 02:00:00,6270.17097197924
2018-10-26 03:00:00,6018.592576067638
2018-10-26 04:00:00,5649.419376948389
2018-10-26 05:00:00,5305.404748293253
2018-10-26 06:00:00,5073.1366562262865
2018-10-26 07:00:00,4922.778312877311
2018-10-26 08:00:00,4839.117251289601
2018-10-26 09:00:00,4812.205906209867
2018-10-26 10:00:00,4940.927094359639
2018-10-26 11:00:00,5317.712206449147
2018-10-26 12:00:00,5913.886159688756
2018-10-26 13:00:00,6257.000141281374
2018-10-26 14:00:00,6327.993588082374
2018-10-26 15:00:00,6357.992719824227
2018-10-26 16:00:00,6379.544006292745
2018-10-26 17:00:00,6336.100403969278
2018-10-26 18:00:00,6268.220165228236
2018-10-26 19:00:00,6223.634490266694
2018-10-26 20:00:00,6161.252862483815
2018-10-26 21:00:00,6096.606645025187
2018-10-26 22:00:00,6083.527140783553
2018-10-26 23:00:00,6180.07626895539
2018-10-27 00:00:00,6335.1143219093765
2018-10-27 01:00:00,6238.5796127641
2018-10-27 02:00:00,6074.763800145915
2018-10-27 03:00:00,5893.978025734238
2018-10-27 04:00:00,5557.565930513145
2018-10-27 05:00:00,5238.124192975061
2018-10-27 06:00:00,4997.666213209813
2018-10-27 07:00:00,4816.299083782708
2018-10-27 08:00:00,4696.3650957394275
2018-10-27 09:00:00,4632.59292178517
2018-10-27 10:00:00,4710.991822443016
2018-10-27 11:00:00,4877.153793642914
2018-10-27 12:00:00,5190.7446151470685
2018-10-27 13:00:00,5371.175292634021
2018-10-27 14:00:00,5503.255259786313
2018-10-27 15:00:00,5604.268841843738
2018-10-27 16:00:00,5625.125095754107
2018-10-27 17:00:00,5585.249793033957
2018-10-27 18:00:00,5527.229690072323
2018-10-27 19:00:00,5416.567113478835
2018-10-27 20:00:00,5375.001663227073
2018-10-27 21:00:00,5338.040258248327
2018-10-27 22:00:00,5420.519647798765
2018-10-27 23:00:00,5559.904262663667
2018-10-28 00:00:00,5744.199027500071
2018-10-28 01:00:00,5696.808760655155
2018-10-28 02:00:00,5603.783650995397
2018-10-28 03:00:00,5485.595463821656
2018-10-28 04:00:00,5274.973601959712
2018-10-28 05:00:00,5072.540683751822
2018-10-28 06:00:00,4853.732253572918
2018-10-28 07:00:00,4733.213195243373
2018-10-28 08:00:00,4629.660109359127
2018-10-28 09:00:00,4598.068049724074
2018-10-28 10:00:00,4594.556105354501
2018-10-28 11:00:00,4689.339197099664
2018-10-28 12:00:00,4843.79881853003
2018-10-28 13:00:00,4921.791543512621
2018-10-28 14:00:00,5028.06152824501
2018-10-28 15:00:00,5177.437565711002
2018-10-28 16:00:00,5311.383544409464
2018-10-28 17:00:00,5403.231052501975
2018-10-28 18:00:00,5446.323100400487
2018-10-28 19:00:00,5450.864134808374
2018-10-28 20:00:00,5413.727322610667
2018-10-28 21:00:00,5448.31980250126
2018-10-28 22:00:00,5562.407677298207
2018-10-28 23:00:00,5740.099332976742
2018-10-29 00:00:00,5871.742979519072
2018-10-29 01:00:00,5823.183424786736
2018-10-29 02:00:00,5690.957692356029
2018-10-29 03:00:00,5505.49044206304
2018-10-29 04:00:00,5231.682572842531
2018-10-29 05:00:00,4998.243548424003
2018-10-29 06:00:00,4793.472846220304
2018-10-29 07:00:00,4743.745343534295
2018-10-29 08:00:00,4712.737014251762
2018-10-29 09:00:00,4745.511974282963
2018-10-29 10:00:00,4905.241004466634
2018-10-29 11:00:00,5369.204269077129
2018-10-29 12:00:00,6044.946776298478
2018-10-29 13:00:00,6411.988582707683
2018-10-29 14:00:00,6437.304466814978
2018-10-29 15:00:00,6446.854008724849
2018-10-29 16:00:00,6421.850725381992
2018-10-29 17:00:00,6353.292985950849
2018-10-29 18:00:00,6305.76236899163
2018-10-29 19:00:00,6284.853320006612
2018-10-29 20:00:00,6216.307732492795
2018-10-29 21:00:00,6129.686731710984
2018-10-29 22:00:00,6102.13174543009
2018-10-29 23:00:00,6222.18655984224
2018-10-30 00:00:00,6454.461625655289
2018-10-30 01:00:00,6381.920310247059
2018-10-30 02:00:00,6224.535794180961
2018-10-30 03:00:00,5978.224279420371
2018-10-30 04:00:00,5629.52765718225
2018-10-30 05:00:00,5274.984230070555
2018-10-30 06:00:00,5063.194420254937
2018-10-30 07:00:00,4933.313750096515
2018-10-30 08:00:00,4856.089740685388
2018-10-30 09:00:00,4857.265850053692
2018-10-30 10:00:00,4992.419370158897
2018-10-30 11:00:00,5386.170972395379
2018-10-30 12:00:00,6020.370626706181
2018-10-30 13:00:00,6341.850582841113
2018-10-30 14:00:00,6332.927880130573
2018-10-30 15:00:00,6350.384960575756
2018-10-30 16:00:00,6365.671115016013
2018-10-30 17:00:00,6380.487473855094
2018-10-30 18:00:00,6352.597990198468
2018-10-30 19:00:00,6348.769804562719
2018-10-30 20:00:00,6290.441499937379
2018-10-30 21:00:00,6227.774724627603
2018-10-30 22:00:00,6231.471619440629
2018-10-30 23:00:00,6349.138528734972
2018-10-31 00:00:00,6504.183768606318
2018-10-31 01:00:00,6385.422722815219
2018-10-31 02:00:00,6206.394138709912
2018-10-31 03:00:00,5927.316312581386
2018-10-31 04:00:00,5569.841808866908
2018-10-31 05:00:00,5231.678553041295
2018-10-31 06:00:00,5005.263447814954
2018-10-31 07:00:00,4844.95726513533
2018-10-31 08:00:00,4741.986234686422
2018-10-31 09:00:00,4734.384493031411
2018-10-31 10:00:00,4863.690294671853
2018-10-31 11:00:00,5238.135521505816
2018-10-31 12:00:00,5857.125114650026
2018-10-31 13:00:00,6238.206888975071
2018-10-31 14:00:00,6285.253310805696
2018-10-31 15:00:00,6332.899019731766
2018-10-31 16:00:00,6353.826000111483
2018-10-31 17:00:00,6286.095553081537
2018-10-31 18:00:00,6240.201369758572
2018-10-31 19:00:00,6217.694470879717
2018-10-31 20:00:00,6158.7295887138025
2018-10-31 21:00:00,6075.773528534683
2018-10-31 22:00:00,6015.374781932912
2018-10-31 23:00:00,6121.560378494341
2018-11-01 00:00:00,6240.330377479104
2018-11-01 01:00:00,6161.938359208221
2018-11-01 02:00:00,6060.135215806909
2018-11-01 03:00:00,5812.651641932291
2018-11-01 04:00:00,5452.84072460879
2018-11-01 05:00:00,5145.100453702089
2018-11-01 06:00:00,4948.516746157905
2018-11-01 07:00:00,4796.404714602117
2018-11-01 08:00:00,4730.877268882985
2018-11-01 09:00:00,4719.180370207553
2018-11-01 10:00:00,4863.694984439961
2018-11-01 11:00:00,5239.899746464352
2018-11-01 12:00:00,5844.850728495206
2018-11-01 13:00:00,6269.095980207139
2018-11-01 14:00:00,6348.93216195612
2018-11-01 15:00:00,6386.460876436274
2018-11-01 16:00:00,6424.776034658484
2018-11-01 17:00:00,6361.845895723629
2018-11-01 18:00:00,6305.2701463490785
2018-11-01 19:00:00,6321.03333353877
2018-11-01 20:00:00,6285.782406323613
2018-11-01 21:00:00,6285.130349377038
2018-11-01 22:00:00,6318.684987098541
2018-11-01 23:00:00,6466.760922396554
2018-11-02 00:00:00,6562.713393388254
2018-11-02 01:00:00,6465.593339879356
2018-11-02 02:00:00,6324.592314480662
2018-11-02 03:00:00,6054.293100701443
2018-11-02 04:00:00,5685.120084300433
2018-11-02 05:00:00,5329.405085323344
2018-11-02 06:00:00,5097.722124448721
2018-11-02 07:00:00,4956.1381300235
2018-11-02 08:00:00,4888.856052053326
2018-11-02 09:00:00,4888.860589556235
2018-11-02 10:00:00,5043.9064080353355
2018-11-02 11:00:00,5430.055202760415
2018-11-02 12:00:00,6021.5484414447055
2018-11-02 13:00:00,6374.690223894283
2018-11-02 14:00:00,6429.446125425413
2018-11-02 15:00:00,6393.719688391523
2018-11-02 16:00:00,6386.702871389022
2018-11-02 17:00:00,6345.982293080981
2018-11-02 18:00:00,6282.212351429181
2018-11-02 19:00:00,6270.355415237024
2018-11-02 20:00:00,6188.65501103304
2018-11-02 21:00:00,6110.0969064823275
2018-11-02 22:00:00,6106.036160421286
2018-11-02 23:00:00,6219.8587948964805
2018-11-03 00:00:00,6418.7784288010525
2018-11-03 01:00:00,6353.250983081919
2018-11-03 02:00:00,6187.67995960494
2018-11-03 03:00:00,5996.949117089225
2018-11-03 04:00:00,5663.465144526066
2018-11-03 05:00:00,5372.690632893386
2018-11-03 06:00:00,5131.647521935791
2018-11-03 07:00:00,5001.764080550762
2018-11-03 08:00:00,4902.891282879278
2018-11-03 09:00:00,4864.865459995926
2018-11-03 10:00:00,4906.9946926734465
2018-11-03 11:00:00,5091.293264139807
2018-11-03 12:00:00,5394.941331970938
2018-11-03 13:00:00,5603.04109674623
2018-11-03 14:00:00,5700.183714544189
2018-11-03 15:00:00,5762.763115809211
2018-11-03 16:00:00,5803.525908755533
2018-11-03 17:00:00,5743.165762796207
2018-11-03 18:00:00,5615.296648215028
2018-11-03 19:00:00,5505.905454628033
2018-11-03 20:00:00,5444.415518114895
2018-11-03 21:00:00,5404.046897875982
2018-11-03 22:00:00,5441.004961096431
2018-11-03 23:00:00,5661.108723269984
2018-11-04 00:00:00,5865.298953596407
2018-11-04 01:00:00,5826.688730393664
2018-11-04 02:00:00,5732.491226636441
2018-11-04 03:00:00,5654.090925138771
2018-11-04 04:00:00,5413.045377938002
2018-11-04 05:00:00,5164.394982872177
2018-11-04 06:00:00,4944.998467556082
2018-11-04 07:00:00,4735.549426134158
2018-11-04 08:00:00,4755.439866872633
2018-11-04 09:00:00,4649.54613440685
2018-11-04 10:00:00,4622.051393958032
2018-11-04 11:00:00,4623.809619667753
2018-11-04 12:00:00,4726.198655587403
2018-11-04 13:00:00,4864.304117129069
2018-11-04 14:00:00,4978.22463094097
2018-11-04 15:00:00,5190.9319328515485
2018-11-04 16:00:00,5374.910481397866
2018-11-04 17:00:00,5438.941082985663
2018-11-04 18:00:00,5475.6444845122
2018-11-04 19:00:00,5462.162477699913
2018-11-04 20:00:00,5476.997336272867
2018-11-04 21:00:00,5514.582979802891
2018-11-04 22:00:00,5621.441114653574
2018-11-04 23:00:00,5819.083060296535
2018-11-05 00:00:00,5955.98871550353
2018-11-05 01:00:00,5886.367269979485
2018-11-05 02:00:00,5775.790295356092
2018-11-05 03:00:00,5611.9715592461025
2018-11-05 04:00:00,5424.747605895375
2018-11-05 05:00:00,5177.8535179977725
2018-11-05 06:00:00,4934.471465828864
2018-11-05 07:00:00,4797.568277318081
2018-11-05 08:00:00,4697.522598300498
2018-11-05 09:00:00,4666.516248465543
2018-11-05 10:00:00,4703.378965428526
2018-11-05 11:00:00,4916.348721695446
2018-11-05 12:00:00,5376.798823814781
2018-11-05 13:00:00,5963.777404925038
2018-11-05 14:00:00,6262.2695973877435
2018-11-05 15:00:00,6379.5711389756425
2018-11-05 16:00:00,6411.019205085531
2018-11-05 17:00:00,6424.7664338749255
2018-11-05 18:00:00,6414.247452720214
2018-11-05 19:00:00,6341.925651696617
2018-11-05 20:00:00,6340.653212780905
2018-11-05 21:00:00,6339.019532026614
2018-11-05 22:00:00,6376.785861420039
2018-11-05 23:00:00,6597.212380365639
2018-11-06 00:00:00,6734.705937991587
2018-11-06 01:00:00,6607.748274380437
2018-11-06 02:00:00,6492.490798373004
2018-11-06 03:00:00,6336.86067093363
2018-11-06 04:00:00,6051.930162494875
2018-11-06 05:00:00,5679.831794662538
2018-11-06 06:00:00,5334.065030905613
2018-11-06 07:00:00,5100.626798266115
2018-11-06 08:00:00,4971.91398470225
2018-11-06 09:00:00,4901.121819997921
2018-11-06 10:00:00,4900.543845269898
2018-11-06 11:00:00,5055.006024755596
2018-11-06 12:00:00,5500.2424417966195
2018-11-06 13:00:00,6091.81898304891
2018-11-06 14:00:00,6396.733202916567
2018-11-06 15:00:00,6541.520259126884
2018-11-06 16:00:00,6621.299146389522
2018-11-06 17:00:00,6646.636861720408
2018-11-06 18:00:00,6620.693532700002
2018-11-06 19:00:00,6605.340602609487
2018-11-06 20:00:00,6617.75394279913
2018-11-06 21:00:00,6611.667773636011
2018-11-06 22:00:00,6602.683947432193
2018-11-06 23:00:00,6810.161002223032
2018-11-07 00:00:00,6968.134486564471
2018-11-07 01:00:00,6849.37076090588
2018-11-07 02:00:00,6735.868861193717
2018-11-07 03:00:00,6565.614077857454
2018-11-07 04:00:00,6277.176893424987
2018-11-07 05:00:00,5914.441081465755
2018-11-07 06:00:00,5587.391633476886
2018-11-07 07:00:00,5373.849109951725
2018-11-07 08:00:00,5253.3292902961875
2018-11-07 09:00:00,5197.167384848049
2018-11-07 10:00:00,5197.754739112288
2018-11-07 11:00:00,5387.322384348517
2018-11-07 12:00:00,5843.092472332444
2018-11-07 13:00:00,6441.783838367547
2018-11-07 14:00:00,6698.974459306128
2018-11-07 15:00:00,6823.406975049709
2018-11-07 16:00:00,6844.170686574773
2018-11-07 17:00:00,6828.847690846805
2018-11-07 18:00:00,6764.244239903497
2018-11-07 19:00:00,6779.762416851625
2018-11-07 20:00:00,6789.471082687031
2018-11-07 21:00:00,6767.996629874409
2018-11-07 22:00:00,6763.521649474391
2018-11-07 23:00:00,6955.842194022329
2018-11-08 00:00:00,7124.935424543248
2018-11-08 01:00:00,7016.119172778828
2018-11-08 02:00:00,6877.463879619296
2018-11-08 03:00:00,6700.776825233677
2018-11-08 04:00:00,6399.4718402272565
2018-11-08 05:00:00,5993.443872388378
2018-11-08 06:00:00,5640.657422411778
2018-11-08 07:00:00,5437.644245497889
2018-11-08 08:00:00,5293.138554006101
2018-11-08 09:00:00,5220.594863260777
2018-11-08 10:00:00,5244.584480820906
2018-11-08 11:00:00,5399.048548395064
2018-11-08 12:00:00,5823.224840920678
2018-11-08 13:00:00,6406.912846365692
2018-11-08 14:00:00,6660.472717858235
2018-11-08 15:00:00,6773.559092811969
2018-11-08 16:00:00,6786.342189978096
2018-11-08 17:00:00,6790.2332518304065
2018-11-08 18:00:00,6717.648486386969
2018-11-08 19:00:00,6621.855862117689
2018-11-08 20:00:00,6593.160913967737
2018-11-08 21:00:00,6522.101510432829
2018-11-08 22:00:00,6506.679909255543
2018-11-08 23:00:00,6764.550308668641
2018-11-09 00:00:00,7018.4743150072445
2018-11-09 01:00:00,6900.878750473605
2018-11-09 02:00:00,6779.183004168002
2018-11-09 03:00:00,6618.289193146782
2018-11-09 04:00:00,6324.587015651761
2018-11-09 05:00:00,5935.519599617121
2018-11-09 06:00:00,5586.827149445433
2018-11-09 07:00:00,5355.732608691439
2018-11-09 08:00:00,5244.574400864777
2018-11-09 09:00:00,5207.130298433329
2018-11-09 10:00:00,5221.175213325895
2018-11-09 11:00:00,5379.147479545748
2018-11-09 12:00:00,5800.985896716435
2018-11-09 13:00:00,6339.366204672086
2018-11-09 14:00:00,6638.427760574158
2018-11-09 15:00:00,6815.374183321822
2018-11-09 16:00:00,6912.87791679246
2018-11-09 17:00:00,6965.772123470877
2018-11-09 18:00:00,6979.7317596635885
2018-11-09 19:00:00,6963.0770066107525
2018-11-09 20:00:00,6918.702240222138
2018-11-09 21:00:00,6842.9430621349275
2018-11-09 22:00:00,6850.4119565151805
2018-11-09 23:00:00,7087.514009626347
2018-11-10 00:00:00,7311.005773321981
2018-11-10 01:00:00,7208.617529181364
2018-11-10 02:00:00,7110.325172934117
2018-11-10 03:00:00,6979.2731440815805
2018-11-10 04:00:00,6806.67774461682
2018-11-10 05:00:00,6463.248734402663
2018-11-10 06:00:00,6155.5105038496185
2018-11-10 07:00:00,5926.170473534506
2018-11-10 08:00:00,5799.80077324839
2018-11-10 09:00:00,5727.84486310986
2018-11-10 10:00:00,5657.056383223332
2018-11-10 11:00:00,5706.206946584665
2018-11-10 12:00:00,5915.0791400410335
2018-11-10 13:00:00,6123.823002096472
2018-11-10 14:00:00,6224.036863893279
2018-11-10 15:00:00,6366.634086645601
2018-11-10 16:00:00,6401.719208611139
2018-11-10 17:00:00,6372.87807763289
2018-11-10 18:00:00,6291.539260883408
2018-11-10 19:00:00,6174.496594931969
2018-11-10 20:00:00,6017.488075837657
2018-11-10 21:00:00,5974.97476443105
2018-11-10 22:00:00,6022.839469323473
2018-11-10 23:00:00,6289.495893282912
2018-11-11 00:00:00,6546.9280069080905
2018-11-11 01:00:00,6461.516972384407
2018-11-11 02:00:00,6401.841478102552
2018-11-11 03:00:00,6279.563828626809
2018-11-11 04:00:00,6151.432400531409
2018-11-11 05:00:00,5903.952054678996
2018-11-11 06:00:00,5652.960312611722
2018-11-11 07:00:00,5467.499487910103
2018-11-11 08:00:00,5349.9066946030725
2018-11-11 09:00:00,5280.286071311099
2018-11-11 10:00:00,5230.559116779803
2018-11-11 11:00:00,5210.085037047928
2018-11-11 12:00:00,5332.95013214703
2018-11-11 13:00:00,5472.251806564683
2018-11-11 14:00:00,5539.119492015844
2018-11-11 15:00:00,5646.446909514965
2018-11-11 16:00:00,5691.0436367999655
2018-11-11 17:00:00,5685.927039400314
2018-11-11 18:00:00,5676.787381514969
2018-11-11 19:00:00,5622.625664552923
2018-11-11 20:00:00,5560.061265392434
2018-11-11 21:00:00,5548.023603374557
2018-11-11 22:00:00,5592.921593759274
2018-11-11 23:00:00,5921.492377940599
2018-11-12 00:00:00,6246.204985977889
2018-11-12 01:00:00,6241.526677212703
2018-11-12 02:00:00,6191.7962814879265
2018-11-12 03:00:00,6092.917362755471
2018-11-12 04:00:00,5903.939447120576
2018-11-12 05:00:00,5669.914712901949
2018-11-12 06:00:00,5411.319280185125
2018-11-12 07:00:00,5267.399268040397
2018-11-12 08:00:00,5194.268649373388
2018-11-12 09:00:00,5186.664867364718
2018-11-12 10:00:00,5247.5131820865945
2018-11-12 11:00:00,5468.670298449505
2018-11-12 12:00:00,5918.587277780649
2018-11-12 13:00:00,6518.327482162565
2018-11-12 14:00:00,6810.325888225453
2018-11-12 15:00:00,6905.142499715779
2018-11-12 16:00:00,6935.744921923465
2018-11-12 17:00:00,6980.645332399224
2018-11-12 18:00:00,6958.809446237115
2018-11-12 19:00:00,6976.387721803368
2018-11-12 20:00:00,6989.743188467116
2018-11-12 21:00:00,6975.108225858519
2018-11-12 22:00:00,6984.706264932117
2018-11-12 23:00:00,7234.947306074395
2018-11-13 00:00:00,7420.4135209640335
2018-11-13 01:00:00,7310.420977113073
2018-11-13 02:00:00,7185.803137851388
2018-11-13 03:00:00,7014.964136913972
2018-11-13 04:00:00,6718.91985109151
2018-11-13 05:00:00,6353.842692130831
2018-11-13 06:00:00,6011.585284235107
2018-11-13 07:00:00,5822.613093771669
2018-11-13 08:00:00,5700.920788659548
2018-11-13 09:00:00,5681.03153558962
2018-11-13 10:00:00,5702.098055243358
2018-11-13 11:00:00,5930.27516235634
2018-11-13 12:00:00,6328.126763646546
2018-11-13 13:00:00,6923.506266155896
2018-11-13 14:00:00,7132.896518293417
2018-11-13 15:00:00,7175.636742012069
2018-11-13 16:00:00,7176.326374435029
2018-11-13 17:00:00,7123.276202871135
2018-11-13 18:00:00,7061.927216740422
2018-11-13 19:00:00,7002.94692014961
2018-11-13 20:00:00,6963.292019712589
2018-11-13 21:00:00,6886.608206619111
2018-11-13 22:00:00,6898.477289251641
2018-11-13 23:00:00,7191.0818347817885
2018-11-14 00:00:00,7481.856620491828
2018-11-14 01:00:00,7394.099884182024
2018-11-14 02:00:00,7285.863038438493
2018-11-14 03:00:00,7157.149859438153
2018-11-14 04:00:00,6876.3193500531215
2018-11-14 05:00:00,6520.017544966507
2018-11-14 06:00:00,6205.8427799385545
2018-11-14 07:00:00,6012.189874919796
2018-11-14 08:00:00,5905.7119553059
2018-11-14 09:00:00,5837.263117050597
2018-11-14 10:00:00,5892.849788544284
2018-11-14 11:00:00,6060.185859211868
2018-11-14 12:00:00,6462.13124713571
2018-11-14 13:00:00,7014.772475637553
2018-11-14 14:00:00,7174.013839762713
2018-11-14 15:00:00,7171.686269674876
2018-11-14 16:00:00,7125.276610733469
2018-11-14 17:00:00,7120.469831886458
2018-11-14 18:00:00,7075.8795239878655
2018-11-14 19:00:00,6973.271787122982
2018-11-14 20:00:00,6934.470650595852
2018-11-14 21:00:00,6860.475338662148
2018-11-14 22:00:00,6846.025338210197
2018-11-14 23:00:00,7118.540610732678
2018-11-15 00:00:00,7415.164180763868
2018-11-15 01:00:00,7326.236694820742
2018-11-15 02:00:00,7219.757039383583
2018-11-15 03:00:00,7057.10695164718
2018-11-15 04:00:00,6773.93335943744
2018-11-15 05:00:00,6400.666038701121
2018-11-15 06:00:00,6058.409605302666
2018-11-15 07:00:00,5845.450020350993
2018-11-15 08:00:00,5724.3405624532425
2018-11-15 09:00:00,5614.350211221137
2018-11-15 10:00:00,5615.523427550673
2018-11-15 11:00:00,5784.030034680304
2018-11-15 12:00:00,6196.498983137881
2018-11-15 13:00:00,6761.661774962268
2018-11-15 14:00:00,7010.135721928834
2018-11-15 15:00:00,7111.594265621311
2018-11-15 16:00:00,7163.372685821711
2018-11-15 17:00:00,7194.581403794184
2018-11-15 18:00:00,7163.780633250216
2018-11-15 19:00:00,7089.5549476265205
2018-11-15 20:00:00,7091.2688394462775
2018-11-15 21:00:00,7075.924909902487
2018-11-15 22:00:00,7057.342020613513
2018-11-15 23:00:00,7274.74472355188
2018-11-16 00:00:00,7428.615224441706
2018-11-16 01:00:00,7302.244031956646
2018-11-16 02:00:00,7194.0103533292395
2018-11-16 03:00:00,7057.686266308949
2018-11-16 04:00:00,6797.916581859239
2018-11-16 05:00:00,6419.971500512448
2018-11-16 06:00:00,6056.650922797349
2018-11-16 07:00:00,5840.765773243073
2018-11-16 08:00:00,5689.822390060873
2018-11-16 09:00:00,5610.842378011918
2018-11-16 10:00:00,5595.633687232112
2018-11-16 11:00:00,5744.246351523707
2018-11-16 12:00:00,6097.045804948242
2018-11-16 13:00:00,6636.16092094803
2018-11-16 14:00:00,6865.094009501554
2018-11-16 15:00:00,6932.229591320362
2018-11-16 16:00:00,6927.585268326496
2018-11-16 17:00:00,6974.954164059136
2018-11-16 18:00:00,6965.64539725709
2018-11-16 19:00:00,6942.380591036737
2018-11-16 20:00:00,6951.574017487273
2018-11-16 21:00:00,6884.80668905422
2018-11-16 22:00:00,6867.366223570172
2018-11-16 23:00:00,7058.261987512036
2018-11-17 00:00:00,7175.860475537484
2018-11-17 01:00:00,7009.706269862699
2018-11-17 02:00:00,6845.891127211388
2018-11-17 03:00:00,6705.473009933146
2018-11-17 04:00:00,6473.7881000639845
2018-11-17 05:00:00,6110.46621286818
2018-11-17 06:00:00,5798.629627725551
2018-11-17 07:00:00,5557.586669033155
2018-11-17 08:00:00,5433.553199637824
2018-11-17 09:00:00,5358.081447140643
2018-11-17 10:00:00,5309.526034021702
2018-11-17 11:00:00,5386.756773554596
2018-11-17 12:00:00,5575.148035345164
2018-11-17 13:00:00,5845.443594759625
2018-11-17 14:00:00,6029.082888593288
2018-11-17 15:00:00,6226.344393719793
2018-11-17 16:00:00,6382.50387359558
2018-11-17 17:00:00,6440.626995536058
2018-11-17 18:00:00,6437.535174365192
2018-11-17 19:00:00,6362.703566884448
2018-11-17 20:00:00,6267.880496033992
2018-11-17 21:00:00,6198.796004097882
2018-11-17 22:00:00,6217.124628705672
2018-11-17 23:00:00,6460.902575820947
2018-11-18 00:00:00,6577.917120322597
2018-11-18 01:00:00,6512.391440879765
2018-11-18 02:00:00,6446.278254907494
2018-11-18 03:00:00,6324.0005140726325
2018-11-18 04:00:00,6146.7249482072675
2018-11-18 05:00:00,5896.9053566131415
2018-11-18 06:00:00,5604.9605216896925
2018-11-18 07:00:00,5445.238678423382
2018-11-18 08:00:00,5300.1476121149335
2018-11-18 09:00:00,5223.505688592184
2018-11-18 10:00:00,5164.416482718179
2018-11-18 11:00:00,5226.436704288886
2018-11-18 12:00:00,5351.053934489777
2018-11-18 13:00:00,5475.704119381091
2018-11-18 14:00:00,5565.888133014425
2018-11-18 15:00:00,5705.417222738288
2018-11-18 16:00:00,5807.419650444049
2018-11-18 17:00:00,5873.940910448611
2018-11-18 18:00:00,5875.410606182809
2018-11-18 19:00:00,5838.409645842206
2018-11-18 20:00:00,5760.653876759912
2018-11-18 21:00:00,5696.887322348369
2018-11-18 22:00:00,5751.468393513669
2018-11-18 23:00:00,6112.215302666003
2018-11-19 00:00:00,6486.651393588068
2018-11-19 01:00:00,6509.467886177779
2018-11-19 02:00:00,6506.538454039139
2018-11-19 03:00:00,6414.09527800256
2018-11-19 04:00:00,6261.390623806671
2018-11-19 05:00:00,6016.250102303722
2018-11-19 06:00:00,5771.1127783699385
2018-11-19 07:00:00,5620.168633861746
2018-11-19 08:00:00,5534.166621162103
2018-11-19 09:00:00,5526.560402910261
2018-11-19 10:00:00,5541.777102839498
2018-11-19 11:00:00,5755.91593382256
2018-11-19 12:00:00,6190.623674219183
2018-11-19 13:00:00,6795.629115287969
2018-11-19 14:00:00,7045.2860775412755
2018-11-19 15:00:00,7225.220406506404
2018-11-19 16:00:00,7204.283402606418
2018-11-19 17:00:00,7211.017901294185
2018-11-19 18:00:00,7119.049941499842
2018-11-19 19:00:00,7061.168763595897
2018-11-19 20:00:00,7013.269766240533
2018-11-19 21:00:00,6890.329057446937
2018-11-19 22:00:00,6940.327453766176
2018-11-19 23:00:00,7222.074785279294
2018-11-20 00:00:00,7389.988343426267
2018-11-20 01:00:00,7239.631827259671
2018-11-20 02:00:00,7111.504753948943
2018-11-20 03:00:00,6942.418801704504
2018-11-20 04:00:00,6693.76393004185
2018-11-20 05:00:00,6302.360557193781
2018-11-20 06:00:00,5957.178437380564
2018-11-20 07:00:00,5732.515223631695
2018-11-20 08:00:00,5597.368981802968
2018-11-20 09:00:00,5508.441404500722
2018-11-20 10:00:00,5546.470820842754
2018-11-20 11:00:00,5712.633705633841
2018-11-20 12:00:00,6102.290272662062
2018-11-20 13:00:00,6682.725319763046
2018-11-20 14:00:00,6915.646078553989
2018-11-20 15:00:00,7005.806129250956
2018-11-20 16:00:00,6991.725288385203
2018-11-20 17:00:00,6967.422812445418
2018-11-20 18:00:00,6940.611266398386
2018-11-20 19:00:00,6932.694938209918
2018-11-20 20:00:00,6898.721247937727
2018-11-20 21:00:00,6847.236356481577
2018-11-20 22:00:00,6862.280637343356
2018-11-20 23:00:00,7162.9904518916355
2018-11-21 00:00:00,7430.36154301292
2018-11-21 01:00:00,7330.320036061772
2018-11-21 02:00:00,7208.043909238012
2018-11-21 03:00:00,7043.05518482069
2018-11-21 04:00:00,6775.102190529265
2018-11-21 05:00:00,6415.877531160575
2018-11-21 06:00:00,6052.559389688649
2018-11-21 07:00:00,5805.667433503824
2018-11-21 08:00:00,5672.276189362615
2018-11-21 09:00:00,5559.946257405361
2018-11-21 10:00:00,5552.930347362606
2018-11-21 11:00:00,5683.990842160169
2018-11-21 12:00:00,6016.310277510096
2018-11-21 13:00:00,6478.174398204107
2018-11-21 14:00:00,6686.214606892056
2018-11-21 15:00:00,6856.174385147135
2018-11-21 16:00:00,6941.290604946047
2018-11-21 17:00:00,6991.453109968642
2018-11-21 18:00:00,6937.290806322777
2018-11-21 19:00:00,6842.391307215218
2018-11-21 20:00:00,6807.045640642164
2018-11-21 21:00:00,6756.066032588143
2018-11-21 22:00:00,6775.464671859674
2018-11-21 23:00:00,7029.581423175262
2018-11-22 00:00:00,7189.89186928044
2018-11-22 01:00:00,7023.154450954809
2018-11-22 02:00:00,6891.517869517682
2018-11-22 03:00:00,6727.117717486185
2018-11-22 04:00:00,6476.12433095477
2018-11-22 05:00:00,6125.668995758292
2018-11-22 06:00:00,5767.612527967595
2018-11-22 07:00:00,5518.381630571454
2018-11-22 08:00:00,5355.148421543323
2018-11-22 09:00:00,5255.694603839852
2018-11-22 10:00:00,5209.474447114426
2018-11-22 11:00:00,5243.997278821865
2018-11-22 12:00:00,5363.34979003756
2018-11-22 13:00:00,5491.699541533322
2018-11-22 14:00:00,5526.351828805042
2018-11-22 15:00:00,5657.928142749726
2018-11-22 16:00:00,5792.580250335853
2018-11-22 17:00:00,5856.733823589599
2018-11-22 18:00:00,5843.6197763391365
2018-11-22 19:00:00,5746.955163220054
2018-11-22 20:00:00,5598.575014599802
2018-11-22 21:00:00,5512.132628874695
2018-11-22 22:00:00,5479.411540449712
2018-11-22 23:00:00,5690.35404571557
2018-11-23 00:00:00,5855.9312816126385
2018-11-23 01:00:00,5812.6415315231225
2018-11-23 02:00:00,5767.00942948185
2018-11-23 03:00:00,5728.982510289072
2018-11-23 04:00:00,5659.944338321951
2018-11-23 05:00:00,5504.319692429717
2018-11-23 06:00:00,5315.348354651388
2018-11-23 07:00:00,5169.671517636762
2018-11-23 08:00:00,5052.663276914324
2018-11-23 09:00:00,4979.534119993218
2018-11-23 10:00:00,4982.46248627547
2018-11-23 11:00:00,5081.341222289686
2018-11-23 12:00:00,5313.612511925819
2018-11-23 13:00:00,5604.551649246921
2018-11-23 14:00:00,5658.270416345637
2018-11-23 15:00:00,5712.851276532174
2018-11-23 16:00:00,5792.367601179324
2018-11-23 17:00:00,5872.908989432105
2018-11-23 18:00:00,5854.7485535183805
2018-11-23 19:00:00,5781.342110424833
2018-11-23 20:00:00,5746.997149316844
2018-11-23 21:00:00,5745.90036672136
2018-11-23 22:00:00,5781.8952911604565
2018-11-23 23:00:00,6099.332245119178
2018-11-24 00:00:00,6290.058306507668
2018-11-24 01:00:00,6212.830520919621
2018-11-24 02:00:00,6112.19931482018
2018-11-24 03:00:00,5970.0283011141555
2018-11-24 04:00:00,5806.796919268405
2018-11-24 05:00:00,5520.119848634118
2018-11-24 06:00:00,5269.715856720599
2018-11-24 07:00:00,5081.3260566759345
2018-11-24 08:00:00,4927.45354588549
2018-11-24 09:00:00,4846.715277673774
2018-11-24 10:00:00,4795.232472769851
2018-11-24 11:00:00,4804.012577318102
2018-11-24 12:00:00,4915.75923571843
2018-11-24 13:00:00,5148.030190371125
2018-11-24 14:00:00,5339.187898315711
2018-11-24 15:00:00,5488.327239936573
2018-11-24 16:00:00,5636.385826084772
2018-11-24 17:00:00,5692.231777897108
2018-11-24 18:00:00,5756.259443884702
2018-11-24 19:00:00,5744.787713621991
2018-11-24 20:00:00,5666.1390215953525
2018-11-24 21:00:00,5658.383233596363
2018-11-24 22:00:00,5661.963092924948
2018-11-24 23:00:00,5940.187797973138
2018-11-25 00:00:00,6139.110812165113
2018-11-25 01:00:00,6119.219518741527
2018-11-25 02:00:00,6034.970463375746
2018-11-25 03:00:00,5950.722291148114
2018-11-25 04:00:00,5779.884538785322
2018-11-25 05:00:00,5570.43172118648
2018-11-25 06:00:00,5299.551639640468
2018-11-25 07:00:00,5102.972165068799
2018-11-25 08:00:00,4938.574662451753
2018-11-25 09:00:00,4901.13189995405
2018-11-25 10:00:00,4853.745744269489
2018-11-25 11:00:00,4871.884841685204
2018-11-25 12:00:00,4977.783355278214
2018-11-25 13:00:00,5115.277704683194
2018-11-25 14:00:00,5231.471303124293
2018-11-25 15:00:00,5406.701727315514
2018-11-25 16:00:00,5602.303772522876
2018-11-25 17:00:00,5762.879479165553
2018-11-25 18:00:00,5890.594676605659
2018-11-25 19:00:00,5981.214265706383
2018-11-25 20:00:00,6087.079032829939
2018-11-25 21:00:00,6170.2905288966585
2018-11-25 22:00:00,6294.16208623982
2018-11-25 23:00:00,6590.764913249492
2018-11-26 00:00:00,6762.776643267811
2018-11-26 01:00:00,6746.9786187761865
2018-11-26 02:00:00,6713.046734791667
2018-11-26 03:00:00,6589.011834103473
2018-11-26 04:00:00,6375.461301428881
2018-11-26 05:00:00,6039.051764263119
2018-11-26 06:00:00,5768.17055595464
2018-11-26 07:00:00,5537.664465774313
2018-11-26 08:00:00,5456.345482061003
2018-11-26 09:00:00,5439.380697284252
2018-11-26 10:00:00,5485.61041626413
2018-11-26 11:00:00,5694.485289587988
2018-11-26 12:00:00,6146.1617736565195
2018-11-26 13:00:00,6760.474702499687
2018-11-26 14:00:00,7050.782248502652
2018-11-26 15:00:00,7164.675901547789
2018-11-26 16:00:00,7196.42706344801
2018-11-26 17:00:00,7251.179614428169
2018-11-26 18:00:00,7251.740348234236
2018-11-26 19:00:00,7246.867260769854
2018-11-26 20:00:00,7259.406662652072
2018-11-26 21:00:00,7232.270412999684
2018-11-26 22:00:00,7262.017729887826
2018-11-26 23:00:00,7519.893528281616
2018-11-27 00:00:00,7742.801043923056
2018-11-27 01:00:00,7641.585894299816
2018-11-27 02:00:00,7508.779446367515
2018-11-27 03:00:00,7325.068777320107
2018-11-27 04:00:00,7034.8735803491945
2018-11-27 05:00:00,6641.127703284169
2018-11-27 06:00:00,6424.067236140622
2018-11-27 07:00:00,6209.353932529097
2018-11-27 08:00:00,6090.004040274813
2018-11-27 09:00:00,6035.5944526467
2018-11-27 10:00:00,6053.734524559684
2018-11-27 11:00:00,6241.545375379056
2018-11-27 12:00:00,6643.489910617787
2018-11-27 13:00:00,7209.826436473383
2018-11-27 14:00:00,7438.659104503607
2018-11-27 15:00:00,7507.462324556209
2018-11-27 16:00:00,7517.583607403767
2018-11-27 17:00:00,7502.925201721701
2018-11-27 18:00:00,7453.83188289453
2018-11-27 19:00:00,7395.321710973491
2018-11-27 20:00:00,7351.111158638255
2018-11-27 21:00:00,7286.205085568947
2018-11-27 22:00:00,7308.888470390845
2018-11-27 23:00:00,7640.425133263502
2018-11-28 00:00:00,7860.996204842879
2018-11-28 01:00:00,7786.108944024209
2018-11-28 02:00:00,7679.628923150577
2018-11-28 03:00:00,7526.339655464017
2018-11-28 04:00:00,7261.8879774313245
2018-11-28 05:00:00,6885.106824236971
2018-11-28 06:00:00,6443.392248803413
2018-11-28 07:00:00,6201.180885361747
2018-11-28 08:00:00,6070.129343757844
2018-11-28 09:00:00,6015.135721246815
2018-11-28 10:00:00,6026.841969005422
2018-11-28 11:00:00,6212.312112337179
2018-11-28 12:00:00,6611.913899734636
2018-11-28 13:00:00,7174.154781321179
2018-11-28 14:00:00,7414.128852143586
2018-11-28 15:00:00,7459.795442950342
2018-11-28 16:00:00,7463.443825892129
2018-11-28 17:00:00,7436.647174728503
2018-11-28 18:00:00,7380.3659336658175
2018-11-28 19:00:00,7327.401135476621
2018-11-28 20:00:00,7278.943834364806
2018-11-28 21:00:00,7245.89926161055
2018-11-28 22:00:00,7313.521551890624
2018-11-28 23:00:00,7639.819537628505
2018-11-29 00:00:00,7831.140657900268
2018-11-29 01:00:00,7713.545336990946
2018-11-29 02:00:00,7599.459219677628
2018-11-29 03:00:00,7443.829762205128
2018-11-29 04:00:00,7165.336184130795
2018-11-29 05:00:00,6721.861647164254
2018-11-29 06:00:00,6347.424855822277
2018-11-29 07:00:00,6069.524813979234
2018-11-29 08:00:00,5923.262297617551
2018-11-29 09:00:00,5834.919151087737
2018-11-29 10:00:00,5813.860244693915
2018-11-29 11:00:00,5969.493752420691
2018-11-29 12:00:00,6342.7705745053845
2018-11-29 13:00:00,6914.368591323974
2018-11-29 14:00:00,7150.906092607327
2018-11-29 15:00:00,7215.486539366006
2018-11-29 16:00:00,7228.285179005437
2018-11-29 17:00:00,7192.370633642535
2018-11-29 18:00:00,7132.554991025862
2018-11-29 19:00:00,7053.967759637164
2018-11-29 20:00:00,6976.859308219045
2018-11-29 21:00:00,6927.012410894919
2018-11-29 22:00:00,6981.73007837458
2018-11-29 23:00:00,7275.903231063257
2018-11-30 00:00:00,7508.173881185558
2018-11-30 01:00:00,7404.0344459873795
2018-11-30 02:00:00,7288.777914024175
2018-11-30 03:00:00,7119.691230906785
2018-11-30 04:00:00,6848.216273195737
2018-11-30 05:00:00,6417.611455344647
2018-11-30 06:00:00,6012.1672787643665
2018-11-30 07:00:00,5772.293120710755
2018-11-30 08:00:00,5602.627183837675
2018-11-30 09:00:00,5534.175148013209
2018-11-30 10:00:00,5516.627059226492
2018-11-30 11:00:00,5689.809721596373
2018-11-30 12:00:00,6075.371497040651
2018-11-30 13:00:00,6657.531114741022
2018-11-30 14:00:00,6859.390611179205
2018-11-30 15:00:00,6926.94874912417
2018-11-30 16:00:00,6888.070788450423
2018-11-30 17:00:00,6857.285525166376
2018-11-30 18:00:00,6789.06423542123
2018-11-30 19:00:00,6729.570225413252
2018-11-30 20:00:00,6722.460448196849
2018-11-30 21:00:00,6686.046949663025
2018-11-30 22:00:00,6690.943020089558
2018-11-30 23:00:00,7016.709480987915
2018-12-01 00:00:00,7234.936830228751
2018-12-01 01:00:00,7126.700441280814
2018-12-01 02:00:00,7005.594759559981
2018-12-01 03:00:00,6868.691479690079
2018-12-01 04:00:00,6614.187610534993
2018-12-01 05:00:00,6259.639706826468
2018-12-01 06:00:00,5969.448742828069
2018-12-01 07:00:00,5721.385641120404
2018-12-01 08:00:00,5507.2550324580525
2018-12-01 09:00:00,5457.524880357591
2018-12-01 10:00:00,5444.65421719791
2018-12-01 11:00:00,5505.502775544103
2018-12-01 12:00:00,5620.763296855504
2018-12-01 13:00:00,5951.3204257883945
2018-12-01 14:00:00,6203.589213287721
2018-12-01 15:00:00,6454.449700462259
2018-12-01 16:00:00,6627.054533447746
2018-12-01 17:00:00,6698.174575826412
2018-12-01 18:00:00,6666.794427553369
2018-12-01 19:00:00,6555.57788176095
2018-12-01 20:00:00,6475.8660622491625
2018-12-01 21:00:00,6405.662172031711
2018-12-01 22:00:00,6466.157214850015
2018-12-01 23:00:00,6693.7457495771705
2018-12-02 00:00:00,6778.580819273448
2018-12-02 01:00:00,6655.717642715845
2018-12-02 02:00:00,6565.616909990143
2018-12-02 03:00:00,6412.913473915839
2018-12-02 04:00:00,6244.414632311324
2018-12-02 05:00:00,5946.617967762756
2018-12-02 06:00:00,5626.5889673195525
2018-12-02 07:00:00,5325.284012766171
2018-12-02 08:00:00,5177.265219689304
2018-12-02 09:00:00,5053.820870834513
2018-12-02 10:00:00,4965.481500481618
2018-12-02 11:00:00,4979.525928125549
2018-12-02 12:00:00,5081.329467416376
2018-12-02 13:00:00,5209.461870009045
2018-12-02 14:00:00,5330.175094661271
2018-12-02 15:00:00,5498.489382866349
2018-12-02 16:00:00,5603.024674481787
2018-12-02 17:00:00,5691.214178633204
2018-12-02 18:00:00,5748.883671214113
2018-12-02 19:00:00,5832.574450677369
2018-12-02 20:00:00,5843.863296980874
2018-12-02 21:00:00,5914.181380281499
2018-12-02 22:00:00,5967.140655047441
2018-12-02 23:00:00,6303.525155313092
2018-12-03 00:00:00,6543.986119476229
2018-12-03 01:00:00,6541.063082475917
2018-12-03 02:00:00,6486.651698118464
2018-12-03 03:00:00,6398.89048521183
2018-12-03 04:00:00,6173.054938271575
2018-12-03 05:00:00,5847.178128004489
2018-12-03 06:00:00,5579.222088409098
2018-12-03 07:00:00,5382.05775672244
2018-12-03 08:00:00,5317.704593189232
2018-12-03 09:00:00,5272.6556733457655
2018-12-03 10:00:00,5321.219887393168
2018-12-03 11:00:00,5507.276958646609
2018-12-03 12:00:00,5932.624000805546
2018-12-03 13:00:00,6651.659151155179
2018-12-03 14:00:00,6967.273760121228
2018-12-03 15:00:00,7066.085870151269
2018-12-03 16:00:00,7125.890107469097
2018-12-03 17:00:00,7164.53229252035
2018-12-03 18:00:00,7163.455759066303
2018-12-03 19:00:00,7144.759023785987
2018-12-03 20:00:00,7155.092452827199
2018-12-03 21:00:00,7118.487772368581
2018-12-03 22:00:00,7168.307650467184
2018-12-03 23:00:00,7491.206934242988
2018-12-04 00:00:00,7669.066961333825
2018-12-04 01:00:00,7547.377610166552
2018-12-04 02:00:00,7449.0884819415105
2018-12-04 03:00:00,7275.322728732942
2018-12-04 04:00:00,6961.728983736981
2018-12-04 05:00:00,6529.36487431978
2018-12-04 06:00:00,6129.190045586724
2018-12-04 07:00:00,5891.655285540023
2018-12-04 08:00:00,5751.828694592454
2018-12-04 09:00:00,5669.338047654632
2018-12-04 10:00:00,5671.093989386378
2018-12-04 11:00:00,5820.8753325046
2018-12-04 12:00:00,6221.653229270361
2018-12-04 13:00:00,6854.100322136817
2018-12-04 14:00:00,7148.931033534959
2018-12-04 15:00:00,7212.878968752864
2018-12-04 16:00:00,7240.2502502871
2018-12-04 17:00:00,7274.833195060555
2018-12-04 18:00:00,7245.973751827011
2018-12-04 19:00:00,7224.537745958422
2018-12-04 20:00:00,7250.737181549906
2018-12-04 21:00:00,7220.789526609325
2018-12-04 22:00:00,7268.359054656224
2018-12-04 23:00:00,7580.141333026119
2018-12-05 00:00:00,7693.061481833339
2018-12-05 01:00:00,7574.294284528228
2018-12-05 02:00:00,7450.264621762854
2018-12-05 03:00:00,7295.806188001033
2018-12-05 04:00:00,6996.251328195784
2018-12-05 05:00:00,6561.55184057291
2018-12-05 06:00:00,6170.150051282903
2018-12-05 07:00:00,5946.659536161896
2018-12-05 08:00:00,5818.534168221388
2018-12-05 09:00:00,5768.804686087802
2018-12-05 10:00:00,5768.224488287882
2018-12-05 11:00:00,5958.9623959088
2018-12-05 12:00:00,6380.2119057102245
2018-12-05 13:00:00,6988.0834580451765
2018-12-05 14:00:00,7319.734604978388
2018-12-05 15:00:00,7411.9152591211
2018-12-05 16:00:00,7452.472919303452
2018-12-05 17:00:00,7469.183903864076
2018-12-05 18:00:00,7436.782055404064
2018-12-05 19:00:00,7377.86392578594
2018-12-05 20:00:00,7364.991222272602
2018-12-05 21:00:00,7284.515029427739
2018-12-05 22:00:00,7263.454736901604
2018-12-05 23:00:00,7596.531523362249
2018-12-06 00:00:00,7804.228033792867
2018-12-06 01:00:00,7677.858638037149
2018-12-06 02:00:00,7554.413984651961
2018-12-06 03:00:00,7383.5760191178915
2018-12-06 04:00:00,7106.257393196355
2018-12-06 05:00:00,6675.066317390454
2018-12-06 06:00:00,6254.412780063493
2018-12-06 07:00:00,5988.21444847615
2018-12-06 08:00:00,5825.566401093403
2018-12-06 09:00:00,5723.184826168472
2018-12-06 10:00:00,5690.4251840162215
2018-12-06 11:00:00,5863.607145966189
2018-12-06 12:00:00,6264.379652543931
2018-12-06 13:00:00,6885.708308711615
2018-12-06 14:00:00,7236.727941905584
2018-12-06 15:00:00,7319.951612266601
2018-12-06 16:00:00,7354.384118862272
2018-12-06 17:00:00,7395.778232365096
2018-12-06 18:00:00,7311.219538127907
2018-12-06 19:00:00,7184.8369359902645
2018-12-06 20:00:00,7120.110330662771
2018-12-06 21:00:00,7053.219259407088
2018-12-06 22:00:00,7083.337392934547
2018-12-06 23:00:00,7460.795156042673
2018-12-07 00:00:00,7766.193044544578
2018-12-07 01:00:00,7718.804604882043
2018-12-07 02:00:00,7636.898449622732
2018-12-07 03:00:00,7522.225099857333
2018-12-07 04:00:00,7222.672341311821
2018-12-07 05:00:00,6792.654816818891
2018-12-07 06:00:00,6411.200135986581
2018-12-07 07:00:00,6176.596087106185
2018-12-07 08:00:00,6061.928188434887
2018-12-07 09:00:00,5999.915366952817
2018-12-07 10:00:00,6016.303699653528
2018-12-07 11:00:00,6194.167259296966
2018-12-07 12:00:00,6611.325540520087
2018-12-07 13:00:00,7243.190760669443
2018-12-07 14:00:00,7471.411961395083
2018-12-07 15:00:00,7452.570346167016
2018-12-07 16:00:00,7422.862461383952
2018-12-07 17:00:00,7423.186685410135
2018-12-07 18:00:00,7379.548799743462
2018-12-07 19:00:00,7315.071386671138
2018-12-07 20:00:00,7317.574643563528
2018-12-07 21:00:00,7262.920264779968
2018-12-07 22:00:00,7284.225517316771
2018-12-07 23:00:00,7655.021620098703
2018-12-08 00:00:00,7884.370146811882
2018-12-08 01:00:00,7778.47815016936
2018-12-08 02:00:00,7648.596414154551
2018-12-08 03:00:00,7484.197327979442
2018-12-08 04:00:00,7232.038003394971
2018-12-08 05:00:00,6885.099271883135
2018-12-08 06:00:00,6518.269429665953
2018-12-08 07:00:00,6223.402379974264
2018-12-08 08:00:00,6048.471206414313
2018-12-08 09:00:00,5930.881153880854
2018-12-08 10:00:00,5878.813979110577
2018-12-08 11:00:00,5920.357167004561
2018-12-08 12:00:00,6092.953327795312
2018-12-08 13:00:00,6350.967588214949
2018-12-08 14:00:00,6514.083028286572
2018-12-08 15:00:00,6574.275038381849
2018-12-08 16:00:00,6624.912994040435
2018-12-08 17:00:00,6644.564169924549
2018-12-08 18:00:00,6584.341074882664
2018-12-08 19:00:00,6525.2370284311755
2018-12-08 20:00:00,6398.386674361736
2018-12-08 21:00:00,6334.977604320409
2018-12-08 22:00:00,6341.384871521808
2018-12-08 23:00:00,6764.006319532881
2018-12-09 00:00:00,7024.359368898634
2018-12-09 01:00:00,7043.076715119731
2018-12-09 02:00:00,6947.714065088481
2018-12-09 03:00:00,6896.226935852926
2018-12-09 04:00:00,6751.712961134351
2018-12-09 05:00:00,6507.742153861377
2018-12-09 06:00:00,6201.1701658917855
2018-12-09 07:00:00,6013.952364055071
2018-12-09 08:00:00,5860.084268955377
2018-12-09 09:00:00,5784.028298857043
2018-12-09 10:00:00,5749.510491901147
2018-12-09 11:00:00,5740.739949607351
2018-12-09 12:00:00,5837.8619521107885
2018-12-09 13:00:00,6044.3923417701135
2018-12-09 14:00:00,6071.83245141666
2018-12-09 15:00:00,6180.4626564282
2018-12-09 16:00:00,6198.559346602802
2018-12-09 17:00:00,6174.634167156931
2018-12-09 18:00:00,6104.807164718875
2018-12-09 19:00:00,6031.016075273671
2018-12-09 20:00:00,5991.653413161444
2018-12-09 21:00:00,5984.059277128172
2018-12-09 22:00:00,6086.918377249405
2018-12-09 23:00:00,6569.166707488016
2018-12-10 00:00:00,6939.515498273895
2018-12-10 01:00:00,6944.783262563056
2018-12-10 02:00:00,6984.567920216923
2018-12-10 03:00:00,6884.522454370619
2018-12-10 04:00:00,6741.762106952776
2018-12-10 05:00:00,6419.396266557994
2018-12-10 06:00:00,6160.800377045575
2018-12-10 07:00:00,5945.50702789933
2018-12-10 08:00:00,5878.811055618769
2018-12-10 09:00:00,5873.549960545292
2018-12-10 10:00:00,5887.5975553053495
2018-12-10 11:00:00,6098.813501553299
2018-12-10 12:00:00,6544.638978228782
2018-12-10 13:00:00,7175.917118191256
2018-12-10 14:00:00,7469.040483728549
2018-12-10 15:00:00,7489.048865466586
2018-12-10 16:00:00,7423.47030246782
2018-12-10 17:00:00,7353.536791059755
2018-12-10 18:00:00,7262.012900531752
2018-12-10 19:00:00,7173.821054812004
2018-12-10 20:00:00,7137.809038869605
2018-12-10 21:00:00,7082.205271080984
2018-12-10 22:00:00,7109.914675057169
2018-12-10 23:00:00,7528.666354553388
2018-12-11 00:00:00,7844.019573833697
2018-12-11 01:00:00,7782.006447821233
2018-12-11 02:00:00,7696.006780005644
2018-12-11 03:00:00,7531.604922603927
2018-12-11 04:00:00,7219.767484776187
2018-12-11 05:00:00,6793.257214884724
2018-12-11 06:00:00,6377.285853858987
2018-12-11 07:00:00,6122.790511555007
2018-12-11 08:00:00,5983.5476509599575
2018-12-11 09:00:00,5908.663557257414
2018-12-11 10:00:00,5915.69030858229
2018-12-11 11:00:00,6103.50033716959
2018-12-11 12:00:00,6482.625821763277
2018-12-11 13:00:00,7118.581417805826
2018-12-11 14:00:00,7356.081936058374
2018-12-11 15:00:00,7309.670389745114
2018-12-11 16:00:00,7233.82981147927
2018-12-11 17:00:00,7167.009182378288
2018-12-11 18:00:00,7073.985480189801
2018-12-11 19:00:00,7003.358331586462
2018-12-11 20:00:00,6947.801042984885
2018-12-11 21:00:00,6878.620242840326
2018-12-11 22:00:00,6939.098316652805
2018-12-11 23:00:00,7402.8597374589
2018-12-12 00:00:00,7645.665550723047
2018-12-12 01:00:00,7554.983767512316
2018-12-12 02:00:00,7466.0548807293635
2018-12-12 03:00:00,7321.544590828588
2018-12-12 04:00:00,7026.672181401919
2018-12-12 05:00:00,6591.971445204418
2018-12-12 06:00:00,6166.6348788911255
2018-12-12 07:00:00,5906.871498220627
2018-12-12 08:00:00,5751.830399962675
2018-12-12 09:00:00,5658.224331177005
2018-12-12 10:00:00,5664.078749310496
2018-12-12 11:00:00,5816.7874842137
2018-12-12 12:00:00,6185.38316540052
2018-12-12 13:00:00,6803.204292889381
2018-12-12 14:00:00,7114.540991480635
2018-12-12 15:00:00,7099.879595485841
2018-12-12 16:00:00,7049.021034641431
2018-12-12 17:00:00,7030.3915574996645
2018-12-12 18:00:00,6976.10955944563
2018-12-12 19:00:00,6978.791427319703
2018-12-12 20:00:00,6986.2234176663505
2018-12-12 21:00:00,7036.430980499007
2018-12-12 22:00:00,7146.742617964581
2018-12-12 23:00:00,7536.821556239495
2018-12-13 00:00:00,7683.093086700919
2018-12-13 01:00:00,7551.458241087052
2018-12-13 02:00:00,7448.492387654887
2018-12-13 03:00:00,7247.815106648348
2018-12-13 04:00:00,6956.456407867552
2018-12-13 05:00:00,6520.587997793734
2018-12-13 06:00:00,6138.5458408850245
2018-12-13 07:00:00,5895.166255412328
2018-12-13 08:00:00,5768.206795071838
2018-12-13 09:00:00,5700.338428693812
2018-12-13 10:00:00,5718.478622418957
2018-12-13 11:00:00,5903.362142359424
2018-12-13 12:00:00,6321.687183867673
2018-12-13 13:00:00,6941.8465521479375
2018-12-13 14:00:00,7196.03636241841
2018-12-13 15:00:00,7164.49506229598
2018-12-13 16:00:00,7132.730896916534
2018-12-13 17:00:00,7085.492165275439
2018-12-13 18:00:00,6971.531982365588
2018-12-13 19:00:00,6882.7200903454595
2018-12-13 20:00:00,6874.025715815708
2018-12-13 21:00:00,6853.266040991905
2018-12-13 22:00:00,6978.0964561055225
2018-12-13 23:00:00,7330.301429254538
2018-12-14 00:00:00,7461.94038602876
2018-12-14 01:00:00,7334.985615456378
2018-12-14 02:00:00,7214.465430364366
2018-12-14 03:00:00,7061.178020313226
2018-12-14 04:00:00,6783.857171319794
2018-12-14 05:00:00,6328.095031579218
2018-12-14 06:00:00,5926.160271766219
2018-12-14 07:00:00,5631.294805632593
2018-12-14 08:00:00,5466.894440429819
2018-12-14 09:00:00,5359.828313866572
2018-12-14 10:00:00,5351.05640118599
2018-12-14 11:00:00,5481.533287443192
2018-12-14 12:00:00,5875.282544795619
2018-12-14 13:00:00,6487.837917895936
2018-12-14 14:00:00,6804.041650718248
2018-12-14 15:00:00,6897.868661865692
2018-12-14 16:00:00,6940.233007546886
2018-12-14 17:00:00,6970.098550903736
2018-12-14 18:00:00,6912.525896779237
2018-12-14 19:00:00,6853.062410695459
2018-12-14 20:00:00,6828.348925839784
2018-12-14 21:00:00,6773.3531323702655
2018-12-14 22:00:00,6800.907664454679
2018-12-14 23:00:00,7124.942550554529
2018-12-15 00:00:00,7284.665094240751
2018-12-15 01:00:00,7160.632447077491
2018-12-15 02:00:00,7011.4440920358475
2018-12-15 03:00:00,6879.216288798441
2018-12-15 04:00:00,6665.081447163576
2018-12-15 05:00:00,6340.37118401034
2018-12-15 06:00:00,5977.638295542916
2018-12-15 07:00:00,5702.077499441587
2018-12-15 08:00:00,5522.46722533742
2018-12-15 09:00:00,5439.388493262405
2018-12-15 10:00:00,5413.64555293194
2018-12-15 11:00:00,5485.0266554585705
2018-12-15 12:00:00,5642.994079645117
2018-12-15 13:00:00,5940.79214503351
2018-12-15 14:00:00,6133.3398362872485
2018-12-15 15:00:00,6243.951441234853
2018-12-15 16:00:00,6221.03512795207
2018-12-15 17:00:00,6226.087353651779
2018-12-15 18:00:00,6137.573213432531
2018-12-15 19:00:00,6046.250689407462
2018-12-15 20:00:00,5916.99931779653
2018-12-15 21:00:00,5851.863667255199
2018-12-15 22:00:00,5874.623967582833
2018-12-15 23:00:00,6256.734149870924
2018-12-16 00:00:00,6601.913620269689
2018-12-16 01:00:00,6605.422671600495
2018-12-16 02:00:00,6520.589368180518
2018-12-16 03:00:00,6435.754694373758
2018-12-16 04:00:00,6297.677254130089
2018-12-16 05:00:00,6017.431571407007
2018-12-16 06:00:00,5747.717823803568
2018-12-16 07:00:00,5520.126700568042
2018-12-16 08:00:00,5373.278961654894
2018-12-16 09:00:00,5286.1076306147925
2018-12-16 10:00:00,5211.220796138678
2018-12-16 11:00:00,5290.206990154686
2018-12-16 12:00:00,5392.59465568755
2018-12-16 13:00:00,5596.199937539865
2018-12-16 14:00:00,5667.744748848005
2018-12-16 15:00:00,5797.28907163345
2018-12-16 16:00:00,5791.913842938261
2018-12-16 17:00:00,5743.096376829442
2018-12-16 18:00:00,5744.97721208436
2018-12-16 19:00:00,5717.669911152179
2018-12-16 20:00:00,5655.62769250838
2018-12-16 21:00:00,5606.537041878192
2018-12-16 22:00:00,5669.749955164077
2018-12-16 23:00:00,6105.773438909155
2018-12-17 00:00:00,6499.523213963256
2018-12-17 01:00:00,6560.371894121608
2018-12-17 02:00:00,6541.068594476096
2018-12-17 03:00:00,6463.839773484702
2018-12-17 04:00:00,6270.182391869113
2018-12-17 05:00:00,5968.292458388585
2018-12-17 06:00:00,5668.745181390213
2018-12-17 07:00:00,5472.1671990174855
2018-12-17 08:00:00,5394.943128700278
2018-12-17 09:00:00,5365.109599305343
2018-12-17 10:00:00,5425.961294314623
2018-12-17 11:00:00,5582.765368956484
2018-12-17 12:00:00,6099.37813784995
2018-12-17 13:00:00,6723.055297483403
2018-12-17 14:00:00,6980.992836538616
2018-12-17 15:00:00,6936.960479827693
2018-12-17 16:00:00,6929.862424463731
2018-12-17 17:00:00,6925.005304370589
2018-12-17 18:00:00,6846.936751399018
2018-12-17 19:00:00,6773.705999870366
2018-12-17 20:00:00,6729.326333858088
2018-12-17 21:00:00,6671.746744516612
2018-12-17 22:00:00,6680.764052343089
2018-12-17 23:00:00,7075.8073964312625
2018-12-18 00:00:00,7436.793783609235
2018-12-18 01:00:00,7361.911182105635
2018-12-18 02:00:00,7275.910265715419
2018-12-18 03:00:00,7136.081421242915
2018-12-18 04:00:00,6889.181060019142
2018-12-18 05:00:00,6486.65931137838
2018-12-18 06:00:00,6077.7076061192765
2018-12-18 07:00:00,5831.401755624064
2018-12-18 08:00:00,5685.140518290046
2018-12-18 09:00:00,5618.448809435038
2018-12-18 10:00:00,5627.231746115978
2018-12-18 11:00:00,5790.472385685786
2018-12-18 12:00:00,6245.069835947932
2018-12-18 13:00:00,6845.340133876507
2018-12-18 14:00:00,7125.246629455747
2018-12-18 15:00:00,7094.718998710485
2018-12-18 16:00:00,7015.853501175125
2018-12-18 17:00:00,6956.061193404066
2018-12-18 18:00:00,6871.452777688006
2018-12-18 19:00:00,6777.215751621084
2018-12-18 20:00:00,6754.959594786698
2018-12-18 21:00:00,6679.8832085803115
2018-12-18 22:00:00,6701.21065893168
2018-12-18 23:00:00,7100.959784928324
2018-12-19 00:00:00,7481.254740127669
2018-12-19 01:00:00,7421.58408787912
2018-12-19 02:00:00,7344.944752864741
2018-12-19 03:00:00,7177.621167943417
2018-12-19 04:00:00,6904.981063958345
2018-12-19 05:00:00,6504.216536076995
2018-12-19 06:00:00,6119.832057669569
2018-12-19 07:00:00,5831.988988076146
2018-12-19 08:00:00,5669.343255124414
2018-12-19 09:00:00,5581.0014485283455
2018-12-19 10:00:00,5582.174451686604
2018-12-19 11:00:00,5738.393973743874
2018-12-19 12:00:00,6105.820884744949
2018-12-19 13:00:00,6711.353374056427
2018-12-19 14:00:00,6999.552163219671
2018-12-19 15:00:00,7014.887231645527
2018-12-19 16:00:00,6963.98137965058
2018-12-19 17:00:00,6905.565993681205
2018-12-19 18:00:00,6780.566257634107
2018-12-19 19:00:00,6685.691803502725
2018-12-19 20:00:00,6670.853946262261
2018-12-19 21:00:00,6626.2680511765875
2018-12-19 22:00:00,6640.303743558477
2018-12-19 23:00:00,7025.482459524886
2018-12-20 00:00:00,7312.165498954946
2018-12-20 01:00:00,7220.315737337502
2018-12-20 02:00:00,7088.682201204339
2018-12-20 03:00:00,6943.5851965531565
2018-12-20 04:00:00,6673.282785204772
2018-12-20 05:00:00,6199.38794318681
2018-12-20 06:00:00,5817.930003879254
2018-12-20 07:00:00,5516.041288520314
2018-12-20 08:00:00,5330.5801288352595
2018-12-20 09:00:00,5224.100899740656
2018-12-20 10:00:00,5178.471416660794
2018-12-20 11:00:00,5351.654444467151
2018-12-20 12:00:00,5723.760242841165
2018-12-20 13:00:00,6316.424413877016
2018-12-20 14:00:00,6673.494373981863
2018-12-20 15:00:00,6748.173079904331
2018-12-20 16:00:00,6781.89000390715
2018-12-20 17:00:00,6789.98179909745
2018-12-20 18:00:00,6765.658484016682
2018-12-20 19:00:00,6728.002077649432
2018-12-20 20:00:00,6737.687990562705
2018-12-20 21:00:00,6700.326855715819
2018-12-20 22:00:00,6751.686314724646
2018-12-20 23:00:00,7074.636859969217
2018-12-21 00:00:00,7222.072714472596
2018-12-21 01:00:00,7131.9732912276
2018-12-21 02:00:00,7027.834373731097
2018-12-21 03:00:00,6927.784857630517
2018-12-21 04:00:00,6674.44945413078
2018-12-21 05:00:00,6269.588551107425
2018-12-21 06:00:00,5892.811539526468
2018-12-21 07:00:00,5614.907843318666
2018-12-21 08:00:00,5439.981176808586
2018-12-21 09:00:00,5373.28480863851
2018-12-21 10:00:00,5362.173102061502
2018-12-21 11:00:00,5535.941809214917
2018-12-21 12:00:00,5902.781487763909
2018-12-21 13:00:00,6490.763147515103
2018-12-21 14:00:00,6886.503176732923
2018-12-21 15:00:00,7001.897548793484
2018-12-21 16:00:00,7056.39815979205
2018-12-21 17:00:00,7099.885246636095
2018-12-21 18:00:00,7078.680752205146
2018-12-21 19:00:00,7021.905359283228
2018-12-21 20:00:00,7019.874929742963
2018-12-21 21:00:00,7005.118601403455
2018-12-21 22:00:00,7005.613183648977
2018-12-21 23:00:00,7267.719129442511
2018-12-22 00:00:00,7406.960162855181
2018-12-22 01:00:00,7270.640308807402
2018-12-22 02:00:00,7095.708708904896
2018-12-22 03:00:00,6897.960768677878
2018-12-22 04:00:00,6710.154059471901
2018-12-22 05:00:00,6374.9100949227195
2018-12-22 06:00:00,6036.746900003185
2018-12-22 07:00:00,5730.178109602759
2018-12-22 08:00:00,5540.620879306094
2018-12-22 09:00:00,5441.749939270031
2018-12-22 10:00:00,5398.455438506328
2018-12-22 11:00:00,5438.241436093939
2018-12-22 12:00:00,5581.582346748177
2018-12-22 13:00:00,5820.2909930912865
2018-12-22 14:00:00,6042.885492173031
2018-12-22 15:00:00,6196.528367901095
2018-12-22 16:00:00,6359.66861743193
2018-12-22 17:00:00,6395.475217771618
2018-12-22 18:00:00,6387.152126186061
2018-12-22 19:00:00,6254.173948931029
2018-12-22 20:00:00,6112.090362537662
2018-12-22 21:00:00,5981.79887209643
2018-12-22 22:00:00,6034.885961716122
2018-12-22 23:00:00,6416.440248915728
2018-12-23 00:00:00,6637.598857477583
2018-12-23 01:00:00,6604.254815005939
2018-12-23 02:00:00,6532.877854092702
2018-12-23 03:00:00,6465.594223017506
2018-12-23 04:00:00,6313.47744078753
2018-12-23 05:00:00,6074.772753339576
2018-12-23 06:00:00,5771.710669385901
2018-12-23 07:00:00,5530.081544097812
2018-12-23 08:00:00,5331.750634844265
2018-12-23 09:00:00,5242.237865443596
2018-12-23 10:00:00,5190.171147468915
2018-12-23 11:00:00,5220.597147238752
2018-12-23 12:00:00,5306.605920513199
2018-12-23 13:00:00,5487.978226957046
2018-12-23 14:00:00,5579.432331306315
2018-12-23 15:00:00,5732.192410961342
2018-12-23 16:00:00,5802.921558606986
2018-12-23 17:00:00,5857.180936974119
2018-12-23 18:00:00,5794.7088071595945
2018-12-23 19:00:00,5779.703403616733
2018-12-23 20:00:00,5711.357961168537
2018-12-23 21:00:00,5741.069737457001
2018-12-23 22:00:00,5833.977471171935
2018-12-23 23:00:00,6239.181919470813
2018-12-24 00:00:00,6530.542993588702
2018-12-24 01:00:00,6525.276051531611
2018-12-24 02:00:00,6502.457975383837
2018-12-24 03:00:00,6450.970145728368
2018-12-24 04:00:00,6337.467393331095
2018-12-24 05:00:00,6088.23144073037
2018-12-24 06:00:00,5795.703484515195
2018-12-24 07:00:00,5562.851479377469
2018-12-24 08:00:00,5406.643773099588
2018-12-24 09:00:00,5336.4388408473405
2018-12-24 10:00:00,5333.514677084562
2018-12-24 11:00:00,5448.190006297539
2018-12-24 12:00:00,5637.747723842838
2018-12-24 13:00:00,5915.067537432922
2018-12-24 14:00:00,6030.453881604209
2018-12-24 15:00:00,6073.99844305372
2018-12-24 16:00:00,6095.937086225711
2018-12-24 17:00:00,6099.821131770505
2018-12-24 18:00:00,6049.985005301734
2018-12-24 19:00:00,5975.599610191897
2018-12-24 20:00:00,5921.034766612176
2018-12-24 21:00:00,5859.361348792238
2018-12-24 22:00:00,5860.2508188725915
2018-12-24 23:00:00,6251.43498849787
2018-12-25 00:00:00,6498.331634450804
2018-12-25 01:00:00,6335.689982206387
2018-12-25 02:00:00,6201.129663349035
2018-12-25 03:00:00,6127.413334881929
2018-12-25 04:00:00,6010.985505130685
2018-12-25 05:00:00,5836.050189957341
2018-12-25 06:00:00,5597.929933281819
2018-12-25 07:00:00,5374.437895508829
2018-12-25 08:00:00,5212.962699019142
2018-12-25 09:00:00,5090.102841842862
2018-12-25 10:00:00,5040.960409443119
2018-12-25 11:00:00,5066.120045763618
2018-12-25 12:00:00,5153.8819286371245
2018-12-25 13:00:00,5299.564490823206
2018-12-25 14:00:00,5356.837985675554
2018-12-25 15:00:00,5409.640034872998
2018-12-25 16:00:00,5493.794979002925
2018-12-25 17:00:00,5495.084454461989
2018-12-25 18:00:00,5441.274398022815
2018-12-25 19:00:00,5371.337771612032
2018-12-25 20:00:00,5287.99678145193
2018-12-25 21:00:00,5215.548254245833
2018-12-25 22:00:00,5195.970369955735
2018-12-25 23:00:00,5519.524393861328
2018-12-26 00:00:00,5824.931052838655
2018-12-26 01:00:00,5817.914564188146
2018-12-26 02:00:00,5815.577328347053
2018-12-26 03:00:00,5793.930580440356
2018-12-26 04:00:00,5722.553284543683
2018-12-26 05:00:00,5514.857779063373
2018-12-26 06:00:00,5296.632074286679
2018-12-26 07:00:00,5122.872746669481
2018-12-26 08:00:00,5014.055215877396
2018-12-26 09:00:00,4988.901335181392
2018-12-26 10:00:00,5022.839675210319
2018-12-26 11:00:00,5197.194122616872
2018-12-26 12:00:00,5572.807297404509
2018-12-26 13:00:00,6109.892257941391
2018-12-26 14:00:00,6369.5647249452
2018-12-26 15:00:00,6456.323119735241
2018-12-26 16:00:00,6506.2936869840005
2018-12-26 17:00:00,6544.282302705275
2018-12-26 18:00:00,6407.606894937176
2018-12-26 19:00:00,6350.330892666997
2018-12-26 20:00:00,6323.919622803001
2018-12-26 21:00:00,6332.256256908416
2018-12-26 22:00:00,6386.979801824729
2018-12-26 23:00:00,6792.035517316045
2018-12-27 00:00:00,7052.976895443307
2018-12-27 01:00:00,6920.172548770743
2018-12-27 02:00:00,6797.311656191115
2018-12-27 03:00:00,6655.726961345981
2018-12-27 04:00:00,6412.34235112174
2018-12-27 05:00:00,6033.810067775908
2018-12-27 06:00:00,5690.96838137295
2018-12-27 07:00:00,5456.358942304534
2018-12-27 08:00:00,5289.622376664015
2018-12-27 09:00:00,5192.504515773971
2018-12-27 10:00:00,5205.375453011009
2018-12-27 11:00:00,5329.409592373214
2018-12-27 12:00:00,5672.258008897937
2018-12-27 13:00:00,6120.995864009848
2018-12-27 14:00:00,6447.510863667387
2018-12-27 15:00:00,6614.248982412928
2018-12-27 16:00:00,6789.851848208469
2018-12-27 17:00:00,6930.793359364645
2018-12-27 18:00:00,6969.420568441952
2018-12-27 19:00:00,6892.065322482732
2018-12-27 20:00:00,6841.247939803949
2018-12-27 21:00:00,6759.391614720543
2018-12-27 22:00:00,6733.54003039157
2018-12-27 23:00:00,6950.0102502321115
2018-12-28 00:00:00,7014.36606317977
2018-12-28 01:00:00,6817.7846091605215
2018-12-28 02:00:00,6650.457978935233
2018-12-28 03:00:00,6489.563315228902
2018-12-28 04:00:00,6231.546588113053
2018-12-28 05:00:00,5854.183501295522
2018-12-28 06:00:00,5491.44680619814
2018-12-28 07:00:00,5217.055724326786
2018-12-28 08:00:00,5031.595325967721
2018-12-28 09:00:00,4936.817624410578
2018-12-28 10:00:00,4934.478805011422
2018-12-28 11:00:00,5075.479525879718
2018-12-28 12:00:00,5450.499286248223
2018-12-28 13:00:00,5941.361927893864
2018-12-28 14:00:00,6317.98896836121
2018-12-28 15:00:00,6525.979889551019
2018-12-28 16:00:00,6659.6562980878625
2018-12-28 17:00:00,6791.452778360819
2018-12-28 18:00:00,6804.24196613488
2018-12-28 19:00:00,6825.88721852691
2018-12-28 20:00:00,6833.870004282225
2018-12-28 21:00:00,6829.266394144436
2018-12-28 22:00:00,6882.715047001841
2018-12-28 23:00:00,7148.919956445752
2018-12-29 00:00:00,7274.714849119971
2018-12-29 01:00:00,7147.762057995166
2018-12-29 02:00:00,6995.067453302367
2018-12-29 03:00:00,6847.63318235705
2018-12-29 04:00:00,6607.755430844758
2018-12-29 05:00:00,6288.900529869241
2018-12-29 06:00:00,5951.908054129991
2018-12-29 07:00:00,5715.546327694588
2018-12-29 08:00:00,5523.64814628599
2018-12-29 09:00:00,5417.755022881001
2018-12-29 10:00:00,5325.320434601607
2018-12-29 11:00:00,5383.826975979479
2018-12-29 12:00:00,5536.529528915633
2018-12-29 13:00:00,5744.811566428111
2018-12-29 14:00:00,5902.2765833825615
2018-12-29 15:00:00,6047.592913068693
2018-12-29 16:00:00,6179.649969556704
2018-12-29 17:00:00,6265.158643108499
2018-12-29 18:00:00,6275.686680239066
2018-12-29 19:00:00,6252.2824103582825
2018-12-29 20:00:00,6210.863439389148
2018-12-29 21:00:00,6179.411364431924
2018-12-29 22:00:00,6270.211265852222
2018-12-29 23:00:00,6587.867974504172
2018-12-30 00:00:00,6793.228284497045
2018-12-30 01:00:00,6789.1311175760075
2018-12-30 02:00:00,6738.22692691394
2018-12-30 03:00:00,6668.603562848397
2018-12-30 04:00:00,6508.878034764288
2018-12-30 05:00:00,6283.045868111434
2018-12-30 06:00:00,5993.442410642474
2018-12-30 07:00:00,5750.645794196305
2018-12-30 08:00:00,5617.252753325755
2018-12-30 09:00:00,5513.116546149782
2018-12-30 10:00:00,5480.355564063786
2018-12-30 11:00:00,5502.002860125197
2018-12-30 12:00:00,5615.51011957234
2018-12-30 13:00:00,5754.759253493561
2018-12-30 14:00:00,5800.352575051986
2018-12-30 15:00:00,5842.210918887906
2018-12-30 16:00:00,5866.718155202329
2018-12-30 17:00:00,5898.981189784321
2018-12-30 18:00:00,5889.207957817537
2018-12-30 19:00:00,5869.912164358581
2018-12-30 20:00:00,5795.477478434881
2018-12-30 21:00:00,5754.197589944174
2018-12-30 22:00:00,5797.295913767973
2018-12-30 23:00:00,6191.784861598053
2018-12-31 00:00:00,6598.401889071393
2018-12-31 01:00:00,6597.229951769524
2018-12-31 02:00:00,6577.333755406554
2018-12-31 03:00:00,6460.905164329318
2018-12-31 04:00:00,6287.138923872118
2018-12-31 05:00:00,6022.691478811936
2018-12-31 06:00:00,5737.181259821896
2018-12-31 07:00:00,5473.906482936538
2018-12-31 08:00:00,5315.3548411488355
2018-12-31 09:00:00,5208.290907204444
2018-12-31 10:00:00,5203.024482849028
2018-12-31 11:00:00,5291.957054449778
2018-12-31 12:00:00,5500.824954027554
2018-12-31 13:00:00,5804.469276134804
2018-12-31 14:00:00,6008.983702633489
2018-12-31 15:00:00,6098.097763985067
2018-12-31 16:00:00,6240.651967088473
2018-12-31 17:00:00,6329.092874458556
2018-12-31 18:00:00,6394.0457188155015
2018-12-31 19:00:00,6387.637296997709
2018-12-31 20:00:00,6355.694532307089
2018-12-31 21:00:00,6303.031433860032
2018-12-31 22:00:00,6292.808218105768
2018-12-31 23:00:00,6605.976679786304
2019-01-01 00:00:00,6766.29589236654
2019-01-01 01:00:00,6570.772947339897
2019-01-01 02:00:00,6380.504133019216
2019-01-01 03:00:00,6173.310035355908
2019-01-01 04:00:00,5978.3736090033535
2019-01-01 05:00:00,5741.997188937681
2019-01-01 06:00:00,5540.05436179717
2019-01-01 07:00:00,5354.459662661665
2019-01-01 08:00:00,5202.710020595422
2019-01-01 09:00:00,5089.484518470168
2019-01-01 10:00:00,5035.790496416433
2019-01-01 11:00:00,5081.317755461534
2019-01-01 12:00:00,5196.879667874765
2019-01-01 13:00:00,5339.875305685696
2019-01-01 14:00:00,5384.046035626778
2019-01-01 15:00:00,5410.83120407529
2019-01-01 16:00:00,5556.984777732354
2019-01-01 17:00:00,5702.651241859323
2019-01-01 18:00:00,5802.635557767134
2019-01-01 19:00:00,5877.160468155652
2019-01-01 20:00:00,5920.651385782283
2019-01-01 21:00:00,5956.187586740642
2019-01-01 22:00:00,6020.117883846823
2019-01-01 23:00:00,6322.161075070584
2019-01-02 00:00:00,6546.2834667956395
2019-01-02 01:00:00,6488.5019084452
2019-01-02 02:00:00,6420.213503720822
2019-01-02 03:00:00,6320.9905667264675
2019-01-02 04:00:00,6138.305037566645
2019-01-02 05:00:00,5868.66020394708
2019-01-02 06:00:00,5613.608608924891
2019-01-02 07:00:00,5414.586964529357
2019-01-02 08:00:00,5296.105826338579
2019-01-02 09:00:00,5252.919011945076
2019-01-02 10:00:00,5275.102460357288
2019-01-02 11:00:00,5456.623020896178
2019-01-02 12:00:00,5880.356917589083
2019-01-02 13:00:00,6442.991810499088
2019-01-02 14:00:00,6818.698684439374
2019-01-02 15:00:00,6975.887572983751
2019-01-02 16:00:00,7089.050976619523
2019-01-02 17:00:00,7225.293231497588
2019-01-02 18:00:00,7278.543384794518
2019-01-02 19:00:00,7312.65537710978
2019-01-02 20:00:00,7358.194139847847
2019-01-02 21:00:00,7345.352689617405
2019-01-02 22:00:00,7337.643357566766
2019-01-02 23:00:00,7569.419399428524
2019-01-03 00:00:00,7689.073033038037
2019-01-03 01:00:00,7540.244423180815
2019-01-03 02:00:00,7406.005469165214
2019-01-03 03:00:00,7225.656862115617
2019-01-03 04:00:00,6972.352117881005
2019-01-03 05:00:00,6598.814778267783
2019-01-03 06:00:00,6256.8002960301
2019-01-03 07:00:00,6024.511081082029
2019-01-03 08:00:00,5892.023975647743
2019-01-03 09:00:00,5810.898546450031
2019-01-03 10:00:00,5782.88594960481
2019-01-03 11:00:00,5922.38391169135
2019-01-03 12:00:00,6289.505614304665
2019-01-03 13:00:00,6810.115951794892
2019-01-03 14:00:00,7051.7122651982745
2019-01-03 15:00:00,7073.757869207445
2019-01-03 16:00:00,7053.592320875541
2019-01-03 17:00:00,7033.560946996217
2019-01-03 18:00:00,6972.173555575968
2019-01-03 19:00:00,6885.2645527094
2019-01-03 20:00:00,6845.145109256669
2019-01-03 21:00:00,6758.277684790361
2019-01-03 22:00:00,6723.858838885305
2019-01-03 23:00:00,7018.453672080563
2019-01-04 00:00:00,7380.3221773108435
2019-01-04 01:00:00,7293.946772199555
2019-01-04 02:00:00,7186.555506622625
2019-01-04 03:00:00,7037.723765617516
2019-01-04 04:00:00,6779.75168031575
2019-01-04 05:00:00,6408.552768172317
2019-01-04 06:00:00,6056.616151803311
2019-01-04 07:00:00,5810.322595400057
2019-01-04 08:00:00,5652.740101716287
2019-01-04 09:00:00,5577.451257427813
2019-01-04 10:00:00,5562.280532313711
2019-01-04 11:00:00,5708.783660793368
2019-01-04 12:00:00,6050.224299484462
2019-01-04 13:00:00,6531.732287944386
2019-01-04 14:00:00,6793.055763558527
2019-01-04 15:00:00,6810.786092213333
2019-01-04 16:00:00,6777.903089127013
2019-01-04 17:00:00,6735.4609793856835
2019-01-04 18:00:00,6681.21703873311
2019-01-04 19:00:00,6583.837134104291
2019-01-04 20:00:00,6524.689998374387
2019-01-04 21:00:00,6429.118140804781
2019-01-04 22:00:00,6348.352153200766
2019-01-04 23:00:00,6564.388079889408
2019-01-05 00:00:00,6903.483667528648
2019-01-05 01:00:00,6862.047045820945
2019-01-05 02:00:00,6769.826083857439
2019-01-05 03:00:00,6626.249587524367
2019-01-05 04:00:00,6477.416792767564
2019-01-05 05:00:00,6172.167255734898
2019-01-05 06:00:00,5841.239545070365
2019-01-05 07:00:00,5544.167398884831
2019-01-05 08:00:00,5432.107708381863
2019-01-05 09:00:00,5348.6505656180025
2019-01-05 10:00:00,5330.561066334222
2019-01-05 11:00:00,5380.756208375919
2019-01-05 12:00:00,5569.85939171746
2019-01-05 13:00:00,5806.239906361137
2019-01-05 14:00:00,5929.015776187381
2019-01-05 15:00:00,6001.6076847353
2019-01-05 16:00:00,6028.071460554359
2019-01-05 17:00:00,5993.336455929412
2019-01-05 18:00:00,5885.571879207992
2019-01-05 19:00:00,5770.226104362477
2019-01-05 20:00:00,5670.766005757507
2019-01-05 21:00:00,5553.7454932891715
2019-01-05 22:00:00,5483.4863520590925
2019-01-05 23:00:00,5732.677169005495
2019-01-06 00:00:00,6098.626556843221
2019-01-06 01:00:00,6103.882524087848
2019-01-06 02:00:00,6070.613809462045
2019-01-06 03:00:00,5979.562934341977
2019-01-06 04:00:00,5852.327039216108
2019-01-06 05:00:00,5616.530694885603
2019-01-06 06:00:00,5381.909374977898
2019-01-06 07:00:00,5184.635936193543
2019-01-06 08:00:00,5059.7382878943135
2019-01-06 09:00:00,4979.781379966097
2019-01-06 10:00:00,4945.3487203638615
2019-01-06 11:00:00,4974.53706420447
2019-01-06 12:00:00,5090.686007114041
2019-01-06 13:00:00,5275.122933247311
2019-01-06 14:00:00,5360.171526800333
2019-01-06 15:00:00,5461.535446887883
2019-01-06 16:00:00,5610.815805693473
2019-01-06 17:00:00,5684.283386863685
2019-01-06 18:00:00,5759.264257082585
2019-01-06 19:00:00,5743.388023480681
2019-01-06 20:00:00,5798.656607187203
2019-01-06 21:00:00,5811.873436710923
2019-01-06 22:00:00,5918.443778873522
2019-01-06 23:00:00,6246.866209343867
2019-01-07 00:00:00,6449.396639017351
2019-01-07 01:00:00,6412.628652986022
2019-01-07 02:00:00,6374.692747829021
2019-01-07 03:00:00,6264.963837569275
2019-01-07 04:00:00,6060.101242721776
2019-01-07 05:00:00,5763.0232557411455
2019-01-07 06:00:00,5513.223322635239
2019-01-07 07:00:00,5314.201587918131
2019-01-07 08:00:00,5226.071022434494
2019-01-07 09:00:00,5173.544768970474
2019-01-07 10:00:00,5172.381907852925
2019-01-07 11:00:00,5373.748814050653
2019-01-07 12:00:00,5775.890598156028
2019-01-07 13:00:00,6371.792730439468
2019-01-07 14:00:00,6773.447910716458
2019-01-07 15:00:00,6854.798790825299
2019-01-07 16:00:00,6916.60748085424
2019-01-07 17:00:00,6966.444686280862
2019-01-07 18:00:00,6971.9258635790875
2019-01-07 19:00:00,6946.310257160545
2019-01-07 20:00:00,6906.828251263054
2019-01-07 21:00:00,6783.490770633288
2019-01-07 22:00:00,6629.601999128487
2019-01-07 23:00:00,6726.637011424595
2019-01-08 00:00:00,6950.755368786029
2019-01-08 01:00:00,6843.366692427541
2019-01-08 02:00:00,6711.45951219247
2019-01-08 03:00:00,6530.527005794421
2019-01-08 04:00:00,6265.543883197253
2019-01-08 05:00:00,5906.016364548013
2019-01-08 06:00:00,5560.497402360726
2019-01-08 07:00:00,5337.543471690783
2019-01-08 08:00:00,5210.892349021912
2019-01-08 09:00:00,5142.606262551258
2019-01-08 10:00:00,5158.949242226566
2019-01-08 11:00:00,5360.313529098657
2019-01-08 12:00:00,5796.890200738419
2019-01-08 13:00:00,6396.293230215708
2019-01-08 14:00:00,6688.477408444233
2019-01-08 15:00:00,6695.710995721948
2019-01-08 16:00:00,6669.053142409064
2019-01-08 17:00:00,6740.615400861891
2019-01-08 18:00:00,6698.777875464242
2019-01-08 19:00:00,6633.701356271955
2019-01-08 20:00:00,6640.755280922923
2019-01-08 21:00:00,6576.997670858721
2019-01-08 22:00:00,6594.058565549593
2019-01-08 23:00:00,6871.363181925464
2019-01-09 00:00:00,7180.120631127534
2019-01-09 01:00:00,7115.3425170406645
2019-01-09 02:00:00,7044.722970786772
2019-01-09 03:00:00,6949.002466453019
2019-01-09 04:00:00,6738.300546941883
2019-01-09 05:00:00,6403.284276336147
2019-01-09 06:00:00,6074.697823217376
2019-01-09 07:00:00,5936.959959082545
2019-01-09 08:00:00,5848.248384540811
2019-01-09 09:00:00,5807.398973972594
2019-01-09 10:00:00,5838.923999065899
2019-01-09 11:00:00,6021.612749695182
2019-01-09 12:00:00,6456.439017898804
2019-01-09 13:00:00,7058.764886016585
2019-01-09 14:00:00,7437.123869845271
2019-01-09 15:00:00,7482.251989924548
2019-01-09 16:00:00,7524.775531072904
2019-01-09 17:00:00,7581.173076602468
2019-01-09 18:00:00,7584.4285549467395
2019-01-09 19:00:00,7563.504311366154
2019-01-09 20:00:00,7548.184411940739
2019-01-09 21:00:00,7465.467029379017
2019-01-09 22:00:00,7407.987695622523
2019-01-09 23:00:00,7576.457262231297
2019-01-10 00:00:00,7903.885009024905
2019-01-10 01:00:00,7792.9949537575085
2019-01-10 02:00:00,7657.0065898430785
2019-01-10 03:00:00,7499.4166897902705
2019-01-10 04:00:00,7218.678611551444
2019-01-10 05:00:00,6831.137231554953
2019-01-10 06:00:00,6497.876542822242
2019-01-10 07:00:00,6302.355795620558
2019-01-10 08:00:00,6185.039385193183
2019-01-10 09:00:00,6106.834807561344
2019-01-10 10:00:00,6118.512162279398
2019-01-10 11:00:00,6282.527032561388
2019-01-10 12:00:00,6657.236295556711
2019-01-10 13:00:00,7289.908069766995
2019-01-10 14:00:00,7584.656969377792
2019-01-10 15:00:00,7611.836140455757
2019-01-10 16:00:00,7659.520630232015
2019-01-10 17:00:00,7687.051867022769
2019-01-10 18:00:00,7614.643219975431
2019-01-10 19:00:00,7528.927234388818
2019-01-10 20:00:00,7444.287076803165
2019-01-10 21:00:00,7360.594048924045
2019-01-10 22:00:00,7330.285028634727
2019-01-10 23:00:00,7519.249547427446
2019-01-11 00:00:00,7793.5654252986815
2019-01-11 01:00:00,7691.430849538966
2019-01-11 02:00:00,7564.19853716885
2019-01-11 03:00:00,7412.447600493386
2019-01-11 04:00:00,7119.455102520456
2019-01-11 05:00:00,6719.074319582525
2019-01-11 06:00:00,6387.561595603466
2019-01-11 07:00:00,6148.851836183319
2019-01-11 08:00:00,6009.3627858253785
2019-01-11 09:00:00,5948.665223166852
2019-01-11 10:00:00,5943.417083791939
2019-01-11 11:00:00,6094.00552063615
2019-01-11 12:00:00,6452.956877485078
2019-01-11 13:00:00,7040.106450658383
2019-01-11 14:00:00,7322.021993750525
2019-01-11 15:00:00,7342.071730603571
2019-01-11 16:00:00,7279.545183039751
2019-01-11 17:00:00,7293.487838258727
2019-01-11 18:00:00,7286.135941996342
2019-01-11 19:00:00,7204.8672931974725
2019-01-11 20:00:00,7163.532213121693
2019-01-11 21:00:00,7108.421358305766
2019-01-11 22:00:00,7107.70596778857
2019-01-11 23:00:00,7312.6306180271395
2019-01-12 00:00:00,7435.784275721959
2019-01-12 01:00:00,7312.050451970396
2019-01-12 02:00:00,7168.473473922265
2019-01-12 03:00:00,7003.300409137364
2019-01-12 04:00:00,6760.499982272628
2019-01-12 05:00:00,6382.295843521696
2019-01-12 06:00:00,6069.462690149068
2019-01-12 07:00:00,5806.239785932373
2019-01-12 08:00:00,5656.826975654784
2019-01-12 09:00:00,5541.264822384023
2019-01-12 10:00:00,5520.83951495609
2019-01-12 11:00:00,5556.446265658196
2019-01-12 12:00:00,5736.793277026658
2019-01-12 13:00:00,5969.668438612187
2019-01-12 14:00:00,6191.650839783462
2019-01-12 15:00:00,6376.884872794789
2019-01-12 16:00:00,6524.853236524004
2019-01-12 17:00:00,6634.043151972674
2019-01-12 18:00:00,6635.157977404961
2019-01-12 19:00:00,6617.60565960614
2019-01-12 20:00:00,6531.5940688828905
2019-01-12 21:00:00,6495.367149936185
2019-01-12 22:00:00,6469.6046949354595
2019-01-12 23:00:00,6692.801468227755
2019-01-13 00:00:00,6930.9315433062175
2019-01-13 01:00:00,6912.83144629113
2019-01-13 02:00:00,6796.100651322109
2019-01-13 03:00:00,6684.624408559726
2019-01-13 04:00:00,6485.596682511567
2019-01-13 05:00:00,6228.207111627459
2019-01-13 06:00:00,5929.960723806096
2019-01-13 07:00:00,5729.184882468331
2019-01-13 08:00:00,5603.7027025696325
2019-01-13 09:00:00,5503.323076431929
2019-01-13 10:00:00,5467.723280490993
2019-01-13 11:00:00,5456.637442240768
2019-01-13 12:00:00,5554.107747866835
2019-01-13 13:00:00,5690.684587422782
2019-01-13 14:00:00,5768.5776485817805
2019-01-13 15:00:00,5871.079716929509
2019-01-13 16:00:00,5977.726117453954
2019-01-13 17:00:00,6013.676530218685
2019-01-13 18:00:00,6005.054187136803
2019-01-13 19:00:00,5957.352236568477
2019-01-13 20:00:00,5924.272669725708
2019-01-13 21:00:00,5901.894317577319
2019-01-13 22:00:00,5963.7779786014235
2019-01-13 23:00:00,6225.31790271955
2019-01-14 00:00:00,6696.318984591154
2019-01-14 01:00:00,6712.6599470846495
2019-01-14 02:00:00,6672.968520269006
2019-01-14 03:00:00,6534.057739214762
2019-01-14 04:00:00,6334.446143925339
2019-01-14 05:00:00,6050.793355987648
2019-01-14 06:00:00,5807.414599604833
2019-01-14 07:00:00,5675.512989200134
2019-01-14 08:00:00,5601.392545752392
2019-01-14 09:00:00,5604.896543986938
2019-01-14 10:00:00,5656.846575436262
2019-01-14 11:00:00,5877.47306776121
2019-01-14 12:00:00,6300.044073229375
2019-01-14 13:00:00,6940.3056959682
2019-01-14 14:00:00,7270.740942147357
2019-01-14 15:00:00,7320.334925551465
2019-01-14 16:00:00,7336.6845226883
2019-01-14 17:00:00,7358.58538523773
2019-01-14 18:00:00,7306.348280980208
2019-01-14 19:00:00,7265.190981541342
2019-01-14 20:00:00,7275.416568540909
2019-01-14 21:00:00,7217.164647129365
2019-01-14 22:00:00,7218.684718164645
2019-01-14 23:00:00,7386.165024515853
2019-01-15 00:00:00,7672.745377923057
2019-01-15 01:00:00,7583.452101857827
2019-01-15 02:00:00,7428.206620605857
2019-01-15 03:00:00,7260.115985938927
2019-01-15 04:00:00,6973.541172254907
2019-01-15 05:00:00,6589.502104490253
2019-01-15 06:00:00,6250.405041598644
2019-01-15 07:00:00,6028.037087673349
2019-01-15 08:00:00,5883.880334961959
2019-01-15 09:00:00,5815.01055989319
2019-01-15 10:00:00,5825.519423448939
2019-01-15 11:00:00,5990.112713570583
2019-01-15 12:00:00,6373.578600146853
2019-01-15 13:00:00,6942.630424665987
2019-01-15 14:00:00,7275.168380851601
2019-01-15 15:00:00,7313.157813195987
2019-01-15 16:00:00,7358.79704707925
2019-01-15 17:00:00,7402.54513558136
2019-01-15 18:00:00,7415.277229301383
2019-01-15 19:00:00,7448.486201667191
2019-01-15 20:00:00,7461.793645291256
2019-01-15 21:00:00,7404.5838428698835
2019-01-15 22:00:00,7401.278727262464
2019-01-15 23:00:00,7577.030955241929
2019-01-16 00:00:00,7760.298366568395
2019-01-16 01:00:00,7620.225206111661
2019-01-16 02:00:00,7453.888647958197
2019-01-16 03:00:00,7274.705099851108
2019-01-16 04:00:00,6955.443393493544
2019-01-16 05:00:00,6496.697092642338
2019-01-16 06:00:00,6111.490286395159
2019-01-16 07:00:00,5900.793485106529
2019-01-16 08:00:00,5733.289609971216
2019-01-16 09:00:00,5646.328107686517
2019-01-16 10:00:00,5621.816709107058
2019-01-16 11:00:00,5764.232843219452
2019-01-16 12:00:00,6153.532785700901
2019-01-16 13:00:00,6753.51790809517
2019-01-16 14:00:00,7055.179538804052
2019-01-16 15:00:00,7107.367449313933
2019-01-16 16:00:00,7114.602586821614
2019-01-16 17:00:00,7077.493604278569
2019-01-16 18:00:00,7019.180162891689
2019-01-16 19:00:00,6967.448536296824
2019-01-16 20:00:00,6945.7355460089975
2019-01-16 21:00:00,6946.655121762788
2019-01-16 22:00:00,7000.2004433517
2019-01-16 23:00:00,7212.826551545923
2019-01-17 00:00:00,7471.382114695465
2019-01-17 01:00:00,7353.4919510430755
2019-01-17 02:00:00,7226.84070794544
2019-01-17 03:00:00,7068.670732157463
2019-01-17 04:00:00,6805.442529075114
2019-01-17 05:00:00,6435.989624717902
2019-01-17 06:00:00,6092.224046578683
2019-01-17 07:00:00,5865.769610108376
2019-01-17 08:00:00,5719.858720669138
2019-01-17 09:00:00,5645.739270758705
2019-01-17 10:00:00,5642.240149889136
2019-01-17 11:00:00,5792.243212132524
2019-01-17 12:00:00,6174.540908618403
2019-01-17 13:00:00,6770.444034439152
2019-01-17 14:00:00,7090.900956875553
2019-01-17 15:00:00,7126.2759030512925
2019-01-17 16:00:00,7160.854997210439
2019-01-17 17:00:00,7171.95896686045
2019-01-17 18:00:00,7093.8471919065105
2019-01-17 19:00:00,7022.953495700128
2019-01-17 20:00:00,7007.7738547326735
2019-01-17 21:00:00,6946.973502675227
2019-01-17 22:00:00,6959.070345445746
2019-01-17 23:00:00,7117.105384853964
2019-01-18 00:00:00,7335.38965620303
2019-01-18 01:00:00,7268.855809707178
2019-01-18 02:00:00,7159.71564605367
2019-01-18 03:00:00,6992.789287542274
2019-01-18 04:00:00,6735.981418181662
2019-01-18 05:00:00,6334.432234403
2019-01-18 06:00:00,6030.3513089614025
2019-01-18 07:00:00,5807.984047501504
2019-01-18 08:00:00,5673.16393389185
2019-01-18 09:00:00,5593.793303780193
2019-01-18 10:00:00,5589.126414320908
2019-01-18 11:00:00,5753.721239909303
2019-01-18 12:00:00,6126.098578588141
2019-01-18 13:00:00,6716.164005533577
2019-01-18 14:00:00,7020.51754446302
2019-01-18 15:00:00,7059.570597430786
2019-01-18 16:00:00,7121.385936026337
2019-01-18 17:00:00,7160.748504627001
2019-01-18 18:00:00,7162.675712278718
2019-01-18 19:00:00,7056.58346147796
2019-01-18 20:00:00,7165.531978451565
2019-01-18 21:00:00,7121.5149723705445
2019-01-18 22:00:00,7105.992129197843
2019-01-18 23:00:00,7291.608374836959
2019-01-19 00:00:00,7513.397637957881
2019-01-19 01:00:00,7436.356884873708
2019-01-19 02:00:00,7278.773548188584
2019-01-19 03:00:00,7109.515265360702
2019-01-19 04:00:00,6902.900731610313
2019-01-19 05:00:00,6570.220208934346
2019-01-19 06:00:00,6272.560189251118
2019-01-19 07:00:00,6034.429451814449
2019-01-19 08:00:00,5899.606839307923
2019-01-19 09:00:00,5802.725280288095
2019-01-19 10:00:00,5786.967223605742
2019-01-19 11:00:00,5833.6600534156005
2019-01-19 12:00:00,5968.486820714514
2019-01-19 13:00:00,6217.121574449147
2019-01-19 14:00:00,6362.379710046294
2019-01-19 15:00:00,6528.102842968096
2019-01-19 16:00:00,6674.989244304747
2019-01-19 17:00:00,6767.721947200609
2019-01-19 18:00:00,6746.292636855776
2019-01-19 19:00:00,6770.837481150052
2019-01-19 20:00:00,6694.489171030587
2019-01-19 21:00:00,6673.536153865635
2019-01-19 22:00:00,6688.238327472754
2019-01-19 23:00:00,6868.489357792264
2019-01-20 00:00:00,7133.468596561766
2019-01-20 01:00:00,7108.375105065327
2019-01-20 02:00:00,7031.3308595469725
2019-01-20 03:00:00,6936.780622699807
2019-01-20 04:00:00,6786.781353962512
2019-01-20 05:00:00,6582.502778892232
2019-01-20 06:00:00,6346.711040961984
2019-01-20 07:00:00,6175.706148204056
2019-01-20 08:00:00,6089.323908760363
2019-01-20 09:00:00,6014.618331569328
2019-01-20 10:00:00,5997.699129879325
2019-01-20 11:00:00,6015.2132501497645
2019-01-20 12:00:00,6101.597296024929
2019-01-20 13:00:00,6281.363780050354
2019-01-20 14:00:00,6381.769382573531
2019-01-20 15:00:00,6425.356972323453
2019-01-20 16:00:00,6489.478595532707
2019-01-20 17:00:00,6500.260889595218
2019-01-20 18:00:00,6493.900748743455
2019-01-20 19:00:00,6497.180055617329
2019-01-20 20:00:00,6476.014572583156
2019-01-20 21:00:00,6449.329821579162
2019-01-20 22:00:00,6496.3116876783515
2019-01-20 23:00:00,6755.857840924519
2019-01-21 00:00:00,7278.223097929565
2019-01-21 01:00:00,7366.35631284603
2019-01-21 02:00:00,7361.685027736828
2019-01-21 03:00:00,7285.224199851869
2019-01-21 04:00:00,7148.65055165819
2019-01-21 05:00:00,6873.755410945947
2019-01-21 06:00:00,6687.574735065794
2019-01-21 07:00:00,6544.002544061065
2019-01-21 08:00:00,6422.607478958394
2019-01-21 09:00:00,6386.425409457332
2019-01-21 10:00:00,6385.846327259471
2019-01-21 11:00:00,6521.26129923518
2019-01-21 12:00:00,6845.77746747781
2019-01-21 13:00:00,7327.869987537203
2019-01-21 14:00:00,7590.847326493118
2019-01-21 15:00:00,7701.02464792776
2019-01-21 16:00:00,7757.903791599432
2019-01-21 17:00:00,7787.283072895547
2019-01-21 18:00:00,7724.531690910506
2019-01-21 19:00:00,7653.873238320964
2019-01-21 20:00:00,7621.279251638113
2019-01-21 21:00:00,7567.431613397876
2019-01-21 22:00:00,7596.401773772824
2019-01-21 23:00:00,7834.43576036479
2019-01-22 00:00:00,8200.389122351755
2019-01-22 01:00:00,8154.284166039589
2019-01-22 02:00:00,8044.560735288642
2019-01-22 03:00:00,7862.46226673235
2019-01-22 04:00:00,7588.1395846359
2019-01-22 05:00:00,7208.185192984784
2019-01-22 06:00:00,6870.836456133121
2019-01-22 07:00:00,6661.308326649942
2019-01-22 08:00:00,6506.061942182236
2019-01-22 09:00:00,6448.283003157432
2019-01-22 10:00:00,6436.032708108525
2019-01-22 11:00:00,6561.523588985484
2019-01-22 12:00:00,6923.97509034848
2019-01-22 13:00:00,7482.524494250783
2019-01-22 14:00:00,7767.349844692271
2019-01-22 15:00:00,7799.121287271146
2019-01-22 16:00:00,7831.332332252136
2019-01-22 17:00:00,7846.73874784924
2019-01-22 18:00:00,7797.222548757266
2019-01-22 19:00:00,7733.82505737199
2019-01-22 20:00:00,7683.8657179925485
2019-01-22 21:00:00,7601.338295110131
2019-01-22 22:00:00,7550.47740868085
2019-01-22 23:00:00,7628.38263589102
2019-01-23 00:00:00,7808.732025727588
2019-01-23 01:00:00,7692.001200651374
2019-01-23 02:00:00,7518.075155255663
2019-01-23 03:00:00,7289.864655197269
2019-01-23 04:00:00,6972.939238698918
2019-01-23 05:00:00,6571.972358587576
2019-01-23 06:00:00,6207.192244699126
2019-01-23 07:00:00,5978.986381148178
2019-01-23 08:00:00,5837.743796206212
2019-01-23 09:00:00,5714.596701879079
2019-01-23 10:00:00,5712.845033940908
2019-01-23 11:00:00,5911.288679997468
2019-01-23 12:00:00,6280.16102690445
2019-01-23 13:00:00,6833.454915169997
2019-01-23 14:00:00,7173.170610839454
2019-01-23 15:00:00,7231.4164074999635
2019-01-23 16:00:00,7301.040775370842
2019-01-23 17:00:00,7351.763815661277
2019-01-23 18:00:00,7306.775671856018
2019-01-23 19:00:00,7320.497396367302
2019-01-23 20:00:00,7359.833204821594
2019-01-23 21:00:00,7335.757635604784
2019-01-23 22:00:00,7310.313958032631
2019-01-23 23:00:00,7427.021299523665
2019-01-24 00:00:00,7755.618410588126
2019-01-24 01:00:00,7715.348533825636
2019-01-24 02:00:00,7656.984581486303
2019-01-24 03:00:00,7482.476834567096
2019-01-24 04:00:00,7193.569464315576
2019-01-24 05:00:00,6815.367162103306
2019-01-24 06:00:00,6485.026271184775
2019-01-24 07:00:00,6298.261966920892
2019-01-24 08:00:00,6200.794099977313
2019-01-24 09:00:00,6170.445725095131
2019-01-24 10:00:00,6176.868346963398
2019-01-24 11:00:00,6355.472722551054
2019-01-24 12:00:00,6771.623845905352
2019-01-24 13:00:00,7366.363899858215
2019-01-24 14:00:00,7652.70597569294
2019-01-24 15:00:00,7667.41817122695
2019-01-24 16:00:00,7730.121300655849
2019-01-24 17:00:00,7819.27634566626
2019-01-24 18:00:00,7804.093921845995
2019-01-24 19:00:00,7766.509587695506
2019-01-24 20:00:00,7732.373617088789
2019-01-24 21:00:00,7691.037398062391
2019-01-24 22:00:00,7647.843300498504
2019-01-24 23:00:00,7784.231254986627
2019-01-25 00:00:00,8095.8984763082035
2019-01-25 01:00:00,8180.525886558649
2019-01-25 02:00:00,8171.186899096
2019-01-25 03:00:00,8053.873228423026
2019-01-25 04:00:00,7778.391689465459
2019-01-25 05:00:00,7469.644687458738
2019-01-25 06:00:00,7160.899883276978
2019-01-25 07:00:00,7011.490595540761
2019-01-25 08:00:00,6898.2697600301435
2019-01-25 09:00:00,6818.900996564342
2019-01-25 10:00:00,6842.254200640889
2019-01-25 11:00:00,6981.172508492937
2019-01-25 12:00:00,7365.222444953618
2019-01-25 13:00:00,7941.865382503323
2019-01-25 14:00:00,8161.717136571426
2019-01-25 15:00:00,8181.906328628835
2019-01-25 16:00:00,8183.699025526224
2019-01-25 17:00:00,8175.919766118496
2019-01-25 18:00:00,8123.745031315176
2019-01-25 19:00:00,8102.08396366714
2019-01-25 20:00:00,8111.905367681869
2019-01-25 21:00:00,8091.066879960638
2019-01-25 22:00:00,8093.99282338564
2019-01-25 23:00:00,8169.430112935324
2019-01-26 00:00:00,8412.816245579988
2019-01-26 01:00:00,8381.298717177293
2019-01-26 02:00:00,8240.057878452419
2019-01-26 03:00:00,8090.641515526266
2019-01-26 04:00:00,7855.428498507583
2019-01-26 05:00:00,7509.906013778923
2019-01-26 06:00:00,7240.259132870357
2019-01-26 07:00:00,7040.65090958635
2019-01-26 08:00:00,6921.003598486991
2019-01-26 09:00:00,6815.9483216973595
2019-01-26 10:00:00,6813.612694196355
2019-01-26 11:00:00,6867.309245254152
2019-01-26 12:00:00,7037.7362601018685
2019-01-26 13:00:00,7291.04076347895
2019-01-26 14:00:00,7393.769178084974
2019-01-26 15:00:00,7485.247530265445
2019-01-26 16:00:00,7528.104351618105
2019-01-26 17:00:00,7483.282677393268
2019-01-26 18:00:00,7383.465971014391
2019-01-26 19:00:00,7257.879018766907
2019-01-26 20:00:00,7192.145904622335
2019-01-26 21:00:00,7174.814435876275
2019-01-26 22:00:00,7249.792232034809
2019-01-26 23:00:00,7401.917962975701
2019-01-27 00:00:00,7713.585274618851
2019-01-27 01:00:00,7715.919697832207
2019-01-27 02:00:00,7613.196676538166
2019-01-27 03:00:00,7476.037322564561
2019-01-27 04:00:00,7326.621260710321
2019-01-27 05:00:00,7115.9198530214335
2019-01-27 06:00:00,6892.380367107522
2019-01-27 07:00:00,6730.127280779948
2019-01-27 08:00:00,6604.064001501579
2019-01-27 09:00:00,6536.951253451013
2019-01-27 10:00:00,6515.942979997555
2019-01-27 11:00:00,6549.213892448317
2019-01-27 12:00:00,6625.095788671373
2019-01-27 13:00:00,6801.363874399817
2019-01-27 14:00:00,6857.286809008396
2019-01-27 15:00:00,6940.747537261707
2019-01-27 16:00:00,6974.8088037132275
2019-01-27 17:00:00,6982.750278340013
2019-01-27 18:00:00,6952.73540327894
2019-01-27 19:00:00,6922.341955209559
2019-01-27 20:00:00,6874.42911910917
2019-01-27 21:00:00,6841.697381731694
2019-01-27 22:00:00,6866.231289863943
2019-01-27 23:00:00,7148.621257361142
2019-01-28 00:00:00,7614.382629871373
2019-01-28 01:00:00,7663.996913390928
2019-01-28 02:00:00,7584.039433426078
2019-01-28 03:00:00,7494.156236574154
2019-01-28 04:00:00,7291.0407333717585
2019-01-28 05:00:00,6997.463432834641
2019-01-28 06:00:00,6713.231351948752
2019-01-28 07:00:00,6591.249135920976
2019-01-28 08:00:00,6520.041114025566
2019-01-28 09:00:00,6501.95022981099
2019-01-28 10:00:00,6475.103354266482
2019-01-28 11:00:00,6568.496781541534
2019-01-28 12:00:00,6814.805963577026
2019-01-28 13:00:00,7239.704076211083
2019-01-28 14:00:00,7478.940563824267
2019-01-28 15:00:00,7571.600183230608
2019-01-28 16:00:00,7611.137238791021
2019-01-28 17:00:00,7646.3957973627075
2019-01-28 18:00:00,7629.9172661726
2019-01-28 19:00:00,7599.893107875303
2019-01-28 20:00:00,7639.682781647809
2019-01-28 21:00:00,7631.056875315097
2019-01-28 22:00:00,7699.664441966888
2019-01-28 23:00:00,7845.488119418387
2019-01-29 00:00:00,8175.837861851134
2019-01-29 01:00:00,8206.777572558
2019-01-29 02:00:00,8167.09400371926
2019-01-29 03:00:00,8059.705086503243
2019-01-29 04:00:00,7826.8320324211
2019-01-29 05:00:00,7465.558807057552
2019-01-29 06:00:00,7140.4725285600425
2019-01-29 07:00:00,6932.112017130625
2019-01-29 08:00:00,6783.872635594698
2019-01-29 09:00:00,6723.759453999685
2019-01-29 10:00:00,6730.187525269561
2019-01-29 11:00:00,6895.366671707086
2019-01-29 12:00:00,7285.837273068606
2019-01-29 13:00:00,7873.569752053055
2019-01-29 14:00:00,8114.835781982144
2019-01-29 15:00:00,8168.086743431529
2019-01-29 16:00:00,8222.325687645225
2019-01-29 17:00:00,8223.795244341207
2019-01-29 18:00:00,8194.438107924745
2019-01-29 19:00:00,8189.873452562781
2019-01-29 20:00:00,8220.103392551911
2019-01-29 21:00:00,8216.839025334617
2019-01-29 22:00:00,8237.95605080191
2019-01-29 23:00:00,8384.814457216413
2019-01-30 00:00:00,8807.962015878375
2019-01-30 01:00:00,8916.520116722093
2019-01-30 02:00:00,8847.651847012885
2019-01-30 03:00:00,8718.082672746923
2019-01-30 04:00:00,8502.717235781918
2019-01-30 05:00:00,8132.104992848529
2019-01-30 06:00:00,7814.0209904537805
2019-01-30 07:00:00,7678.619717250073
2019-01-30 08:00:00,7571.815120883188
2019-01-30 09:00:00,7542.051608779577
2019-01-30 10:00:00,7534.47103326593
2019-01-30 11:00:00,7617.9427780175265
2019-01-30 12:00:00,7818.731475125939
2019-01-30 13:00:00,8108.810979509904
2019-01-30 14:00:00,8286.340435411015
2019-01-30 15:00:00,8449.908687317444
2019-01-30 16:00:00,8556.441062944832
2019-01-30 17:00:00,8650.326735064493
2019-01-30 18:00:00,8671.754673469748
2019-01-30 19:00:00,8652.07703006519
2019-01-30 20:00:00,8626.050931142874
2019-01-30 21:00:00,8540.216338886523
2019-01-30 22:00:00,8506.042670973513
2019-01-30 23:00:00,8620.628173396242
2019-01-31 00:00:00,9095.14093083615
2019-01-31 01:00:00,9164.595659005066
2019-01-31 02:00:00,9009.932511527608
2019-01-31 03:00:00,8868.687788975065
2019-01-31 04:00:00,8633.47293541772
2019-01-31 05:00:00,8350.401939325096
2019-01-31 06:00:00,8028.2325382442195
2019-01-31 07:00:00,7847.303975888219
2019-01-31 08:00:00,7744.58378467015
2019-01-31 09:00:00,7671.044681459608
2019-01-31 10:00:00,7652.954218745709
2019-01-31 11:00:00,7742.259567794615
2019-01-31 12:00:00,7971.639793410152
2019-01-31 13:00:00,8338.7586358403
2019-01-31 14:00:00,8547.512574118724
2019-01-31 15:00:00,8687.502815281818
2019-01-31 16:00:00,8760.462325827113
2019-01-31 17:00:00,8796.271539916313
2019-01-31 18:00:00,8770.88801998429
2019-01-31 19:00:00,8741.184872146394
2019-01-31 20:00:00,8717.55127867716
2019-01-31 21:00:00,8703.885180607142
2019-01-31 22:00:00,8673.134259166909
2019-01-31 23:00:00,8769.438086687725
2019-02-01 00:00:00,9063.014514116298
2019-02-01 01:00:00,9060.682680121388
2019-02-01 02:00:00,8928.77661385239
2019-02-01 03:00:00,8742.00622793588
2019-02-01 04:00:00,8447.25929216319
2019-02-01 05:00:00,8059.132417137111
2019-02-01 06:00:00,7711.279874737821
2019-02-01 07:00:00,7469.64971535967
2019-02-01 08:00:00,7320.820623787388
2019-02-01 09:00:00,7228.60556283336
2019-02-01 10:00:00,7170.2442599268525
2019-02-01 11:00:00,7251.378058923722
2019-02-01 12:00:00,7502.933814760184
2019-02-01 13:00:00,7943.002261114857
2019-02-01 14:00:00,8135.786397442477
2019-02-01 15:00:00,8192.060685412584
2019-02-01 16:00:00,8176.023036851537
2019-02-01 17:00:00,8121.262451919195
2019-02-01 18:00:00,8010.533158857109
2019-02-01 19:00:00,7891.797072600353
2019-02-01 20:00:00,7787.936139778906
2019-02-01 21:00:00,7682.945025502793
2019-02-01 22:00:00,7581.66591534139
2019-02-01 23:00:00,7645.884201462724
2019-02-02 00:00:00,7977.401652270803
2019-02-02 01:00:00,8070.2066039043375
2019-02-02 02:00:00,7966.902995052875
2019-02-02 03:00:00,7861.846032260536
2019-02-02 04:00:00,7693.752386874484
2019-02-02 05:00:00,7388.50191651889
2019-02-02 06:00:00,7056.408093160159
2019-02-02 07:00:00,6813.028042168121
2019-02-02 08:00:00,6644.941773043916
2019-02-02 09:00:00,6560.89820192754
2019-02-02 10:00:00,6486.195304276523
2019-02-02 11:00:00,6501.373405652471
2019-02-02 12:00:00,6599.428212770815
2019-02-02 13:00:00,6813.630668189508
2019-02-02 14:00:00,6871.5040921511045
2019-02-02 15:00:00,6948.017732900372
2019-02-02 16:00:00,6964.60232454701
2019-02-02 17:00:00,6958.722797166505
2019-02-02 18:00:00,6808.250610381606
2019-02-02 19:00:00,6682.112751120623
2019-02-02 20:00:00,6535.07165424428
2019-02-02 21:00:00,6465.292007777679
2019-02-02 22:00:00,6393.346083459523
2019-02-02 23:00:00,6457.737691226611
2019-02-03 00:00:00,6781.4905526976545
2019-02-03 01:00:00,6853.279643865544
2019-02-03 02:00:00,6771.57082714163
2019-02-03 03:00:00,6664.180735745155
2019-02-03 04:00:00,6514.180383148977
2019-02-03 05:00:00,6247.4508312649095
2019-02-03 06:00:00,5978.977108133286
2019-02-03 07:00:00,5772.3668797112405
2019-02-03 08:00:00,5614.200336143061
2019-02-03 09:00:00,5501.557619400185
2019-02-03 10:00:00,5458.3672824653095
2019-02-03 11:00:00,5426.269588005873
2019-02-03 12:00:00,5504.480458040676
2019-02-03 13:00:00,5580.360126331582
2019-02-03 14:00:00,5639.341632712527
2019-02-03 15:00:00,5764.727143221632
2019-02-03 16:00:00,5865.235925158383
2019-02-03 17:00:00,5946.6600967371905
2019-02-03 18:00:00,5976.654229322352
2019-02-03 19:00:00,5971.995200585897
2019-02-03 20:00:00,5935.7977856647185
2019-02-03 21:00:00,5926.0020593285335
2019-02-03 22:00:00,5944.634260732664
2019-02-03 23:00:00,6074.794245628899
2019-02-04 00:00:00,6337.906968447688
2019-02-04 01:00:00,6308.727867514782
2019-02-04 02:00:00,6212.426835837991
2019-02-04 03:00:00,6105.034576723751
2019-02-04 04:00:00,5946.280159657878
2019-02-04 05:00:00,5697.645887638304
2019-02-04 06:00:00,5450.765932989725
2019-02-04 07:00:00,5291.432012225316
2019-02-04 08:00:00,5190.463007230358
2019-02-04 09:00:00,5171.788494632049
2019-02-04 10:00:00,5172.962977125405
2019-02-04 11:00:00,5341.64425515162
2019-02-04 12:00:00,5740.868890875642
2019-02-04 13:00:00,6318.679024978432
2019-02-04 14:00:00,6659.485597895911
2019-02-04 15:00:00,6775.340601785692
2019-02-04 16:00:00,6813.661235583327
2019-02-04 17:00:00,6847.719518296057
2019-02-04 18:00:00,6854.088147379956
2019-02-04 19:00:00,6826.082754022005
2019-02-04 20:00:00,6828.983577435045
2019-02-04 21:00:00,6788.496506002497
2019-02-04 22:00:00,6737.699148825597
2019-02-04 23:00:00,6826.31193410009
2019-02-05 00:00:00,7097.827222589767
2019-02-05 01:00:00,7100.745454830004
2019-02-05 02:00:00,7029.53758347055
2019-02-05 03:00:00,6891.206848044284
2019-02-05 04:00:00,6650.156824615686
2019-02-05 05:00:00,6292.378655650893
2019-02-05 06:00:00,5970.791558237336
2019-02-05 07:00:00,5784.612086644832
2019-02-05 08:00:00,5690.063264835653
2019-02-05 09:00:00,5627.03477139795
2019-02-05 10:00:00,5641.63430239829
2019-02-05 11:00:00,5799.226791669541
2019-02-05 12:00:00,6198.451517715138
2019-02-05 13:00:00,6810.700302751214
2019-02-05 14:00:00,7133.448532181203
2019-02-05 15:00:00,7241.864824336994
2019-02-05 16:00:00,7253.670732710272
2019-02-05 17:00:00,7234.6809180016
2019-02-05 18:00:00,7244.969064345916
2019-02-05 19:00:00,7214.375498480467
2019-02-05 20:00:00,7225.640691808013
2019-02-05 21:00:00,7204.233262272758
2019-02-05 22:00:00,7208.449468528695
2019-02-05 23:00:00,7329.544310101152
2019-02-06 00:00:00,7519.815502889938
2019-02-06 01:00:00,7522.152154035444
2019-02-06 02:00:00,7425.848382604254
2019-02-06 03:00:00,7256.586607342191
2019-02-06 04:00:00,7001.527666165348
2019-02-06 05:00:00,6584.215819304077
2019-02-06 06:00:00,6210.680737730197
2019-02-06 07:00:00,5989.4761567447
2019-02-06 08:00:00,5868.661317913155
2019-02-06 09:00:00,5771.7762664591455
2019-02-06 10:00:00,5772.35992495007
2019-02-06 11:00:00,5907.771133526879
2019-02-06 12:00:00,6278.975555286303
2019-02-06 13:00:00,6813.011422998572
2019-02-06 14:00:00,7091.816335488684
2019-02-06 15:00:00,7168.056536483788
2019-02-06 16:00:00,7227.786455824073
2019-02-06 17:00:00,7274.753477686938
2019-02-06 18:00:00,7239.799576271145
2019-02-06 19:00:00,7237.628725096238
2019-02-06 20:00:00,7255.867120251203
2019-02-06 21:00:00,7207.201063288283
2019-02-06 22:00:00,7179.5672200945155
2019-02-06 23:00:00,7278.74759578976
2019-02-07 00:00:00,7464.935226431083
2019-02-07 01:00:00,7444.508293214823
2019-02-07 02:00:00,7364.549488533562
2019-02-07 03:00:00,7218.051839562706
2019-02-07 04:00:00,6941.398678294948
2019-02-07 05:00:00,6559.691384310824
2019-02-07 06:00:00,6209.501709050968
2019-02-07 07:00:00,6008.728125752543
2019-02-07 08:00:00,5861.0646651594
2019-02-07 09:00:00,5785.1915301289855
2019-02-07 10:00:00,5806.788911474977
2019-02-07 11:00:00,6003.483840098106
2019-02-07 12:00:00,6388.115417867899
2019-02-07 13:00:00,6897.6406396804905
2019-02-07 14:00:00,7153.913904757295
2019-02-07 15:00:00,7200.570206699613
2019-02-07 16:00:00,7273.254867575405
2019-02-07 17:00:00,7298.113549946897
2019-02-07 18:00:00,7287.671287968093
2019-02-07 19:00:00,7298.061978729045
2019-02-07 20:00:00,7302.143583909082
2019-02-07 21:00:00,7282.337403965274
2019-02-07 22:00:00,7320.03588067169
2019-02-07 23:00:00,7415.369580740612
2019-02-08 00:00:00,7724.072069603442
2019-02-08 01:00:00,7839.6387389528845
2019-02-08 02:00:00,7857.737149965264
2019-02-08 03:00:00,7820.382856010185
2019-02-08 04:00:00,7711.241819248131
2019-02-08 05:00:00,7393.741746309027
2019-02-08 06:00:00,7153.282757633198
2019-02-08 07:00:00,6970.608488562889
2019-02-08 08:00:00,6872.561689957407
2019-02-08 09:00:00,6815.368396498146
2019-02-08 10:00:00,6878.990363371108
2019-02-08 11:00:00,7025.498429430123
2019-02-08 12:00:00,7432.310565321772
2019-02-08 13:00:00,7968.683294929886
2019-02-08 14:00:00,8230.679178261438
2019-02-08 15:00:00,8267.893327673619
2019-02-08 16:00:00,8280.500546295365
2019-02-08 17:00:00,8255.668675418163
2019-02-08 18:00:00,8201.852536527582
2019-02-08 19:00:00,8130.977335976992
2019-02-08 20:00:00,8086.358597249934
2019-02-08 21:00:00,7993.68795348896
2019-02-08 22:00:00,7913.935576739657
2019-02-08 23:00:00,7959.387858929039
2019-02-09 00:00:00,8251.143505952305
2019-02-09 01:00:00,8324.688600493897
2019-02-09 02:00:00,8223.71935464141
2019-02-09 03:00:00,8070.220423105104
2019-02-09 04:00:00,7885.202216949014
2019-02-09 05:00:00,7577.621508279641
2019-02-09 06:00:00,7264.787331262511
2019-02-09 07:00:00,7045.922261605685
2019-02-09 08:00:00,6916.35368948355
2019-02-09 09:00:00,6841.648895079485
2019-02-09 10:00:00,6824.141217747965
2019-02-09 11:00:00,6871.419964088088
2019-02-09 12:00:00,7055.2721177643625
2019-02-09 13:00:00,7264.623494379882
2019-02-09 14:00:00,7358.700344836542
2019-02-09 15:00:00,7420.677777829224
2019-02-09 16:00:00,7402.870193159587
2019-02-09 17:00:00,7291.694791415221
2019-02-09 18:00:00,7203.738256160815
2019-02-09 19:00:00,7065.144742052935
2019-02-09 20:00:00,6896.585588732134
2019-02-09 21:00:00,6755.304777545654
2019-02-09 22:00:00,6724.230701140798
2019-02-09 23:00:00,6823.92899860906
2019-02-10 00:00:00,7199.983565848729
2019-02-10 01:00:00,7296.874066704347
2019-02-10 02:00:00,7265.359639342348
2019-02-10 03:00:00,7184.8160320968955
2019-02-10 04:00:00,7040.067853239251
2019-02-10 05:00:00,6780.345575251686
2019-02-10 06:00:00,6538.717282519391
2019-02-10 07:00:00,6301.7600641459585
2019-02-10 08:00:00,6171.025198686476
2019-02-10 09:00:00,6117.330694917681
2019-02-10 10:00:00,6053.132265172495
2019-02-10 11:00:00,5990.687671083246
2019-02-10 12:00:00,5971.430553745706
2019-02-10 13:00:00,6098.666569300341
2019-02-10 14:00:00,6148.1632390705145
2019-02-10 15:00:00,6284.66407573729
2019-02-10 16:00:00,6406.078369089849
2019-02-10 17:00:00,6476.954690700982
2019-02-10 18:00:00,6499.573861812398
2019-02-10 19:00:00,6525.41228270046
2019-02-10 20:00:00,6558.4030066445175
2019-02-10 21:00:00,6558.206195516834
2019-02-10 22:00:00,6551.411338494392
2019-02-10 23:00:00,6657.872261579431
2019-02-11 00:00:00,6957.1999086894975
2019-02-11 01:00:00,7051.751108966783
2019-02-11 02:00:00,6965.366189983072
2019-02-11 03:00:00,6845.713730554016
2019-02-11 04:00:00,6643.182518093561
2019-02-11 05:00:00,6367.696703914842
2019-02-11 06:00:00,6049.612671412903
2019-02-11 07:00:00,5866.349113806913
2019-02-11 08:00:00,5771.796799563552
2019-02-11 09:00:00,5715.769438155344
2019-02-11 10:00:00,5771.802911323368
2019-02-11 11:00:00,5932.898284863091
2019-02-11 12:00:00,6372.3927672424115
2019-02-11 13:00:00,6958.956694850173
2019-02-11 14:00:00,7250.43290504862
2019-02-11 15:00:00,7362.285763851879
2019-02-11 16:00:00,7427.167708098141
2019-02-11 17:00:00,7445.958032139113
2019-02-11 18:00:00,7440.183429415346
2019-02-11 19:00:00,7387.083658461191
2019-02-11 20:00:00,7409.57218140522
2019-02-11 21:00:00,7345.826309377808
2019-02-11 22:00:00,7315.297203353972
2019-02-11 23:00:00,7408.456275857867
2019-02-12 00:00:00,7660.480149707309
2019-02-12 01:00:00,7645.8890186133185
2019-02-12 02:00:00,7552.50338910079
2019-02-12 03:00:00,7406.590301836595
2019-02-12 04:00:00,7158.534389442291
2019-02-12 05:00:00,6773.907448179944
2019-02-12 06:00:00,6473.327871540066
2019-02-12 07:00:00,6311.0709917064
2019-02-12 08:00:00,6168.660909139438
2019-02-12 09:00:00,5991.819341150699
2019-02-12 10:00:00,5959.137355949323
2019-02-12 11:00:00,6075.288587005425
2019-02-12 12:00:00,6439.491485341871
2019-02-12 13:00:00,6965.530935204086
2019-02-12 14:00:00,7221.619928864937
2019-02-12 15:00:00,7295.792075952624
2019-02-12 16:00:00,7341.163687247138
2019-02-12 17:00:00,7351.097953578625
2019-02-12 18:00:00,7370.526332662638
2019-02-12 19:00:00,7389.832751185363
2019-02-12 20:00:00,7419.611492024139
2019-02-12 21:00:00,7405.95139118192
2019-02-12 22:00:00,7363.280296992658
2019-02-12 23:00:00,7455.748028504593
2019-02-13 00:00:00,7734.618988648882
2019-02-13 01:00:00,7740.459818672081
2019-02-13 02:00:00,7630.150381069297
2019-02-13 03:00:00,7480.736998755074
2019-02-13 04:00:00,7230.930682924632
2019-02-13 05:00:00,6890.078971482923
2019-02-13 06:00:00,6601.176328060421
2019-02-13 07:00:00,6441.841203008364
2019-02-13 08:00:00,6346.708511957922
2019-02-13 09:00:00,6294.768927703946
2019-02-13 10:00:00,6315.781687128895
2019-02-13 11:00:00,6471.623893392773
2019-02-13 12:00:00,6888.354911839095
2019-02-13 13:00:00,7454.023095752221
2019-02-13 14:00:00,7648.6107996450755
2019-02-13 15:00:00,7673.05294659781
2019-02-13 16:00:00,7678.950371972009
2019-02-13 17:00:00,7686.769437937443
2019-02-13 18:00:00,7627.241673043765
2019-02-13 19:00:00,7571.6681468465795
2019-02-13 20:00:00,7505.667956941558
2019-02-13 21:00:00,7380.154113168137
2019-02-13 22:00:00,7257.587834881688
2019-02-13 23:00:00,7375.177570767229
2019-02-14 00:00:00,7694.9156995999
2019-02-14 01:00:00,7700.759720985368
2019-02-14 02:00:00,7607.378095729271
2019-02-14 03:00:00,7452.124485535675
2019-02-14 04:00:00,7178.975021430551
2019-02-14 05:00:00,6775.673266497984
2019-02-14 06:00:00,6410.308771546021
2019-02-14 07:00:00,6215.3693645815365
2019-02-14 08:00:00,6058.954669594673
2019-02-14 09:00:00,5929.975265579452
2019-02-14 10:00:00,5904.882767620323
2019-02-14 11:00:00,6009.36233421751
2019-02-14 12:00:00,6359.560800777201
2019-02-14 13:00:00,6909.994242095076
2019-02-14 14:00:00,7113.624964674892
2019-02-14 15:00:00,7146.784389482172
2019-02-14 16:00:00,7110.653825861929
2019-02-14 17:00:00,7055.3163004670605
2019-02-14 18:00:00,6982.936949083862
2019-02-14 19:00:00,6951.058597900493
2019-02-14 20:00:00,6915.480858906586
2019-02-14 21:00:00,6854.99699336129
2019-02-14 22:00:00,6771.574250494964
2019-02-14 23:00:00,6712.1473107811635
2019-02-15 00:00:00,6960.681175994679
2019-02-15 01:00:00,7102.50621513992
2019-02-15 02:00:00,7030.134218160886
2019-02-15 03:00:00,6882.468469421211
2019-02-15 04:00:00,6682.272131781982
2019-02-15 05:00:00,6379.355994318171
2019-02-15 06:00:00,6112.629152081313
2019-02-15 07:00:00,5967.884947372907
2019-02-15 08:00:00,5935.201547133544
2019-02-15 09:00:00,5942.7920279131
2019-02-15 10:00:00,6023.923297905908
2019-02-15 11:00:00,6250.389897681464
2019-02-15 12:00:00,6674.128310453051
2019-02-15 13:00:00,7267.987053489353
2019-02-15 14:00:00,7489.807347236089
2019-02-15 15:00:00,7534.024800520283
2019-02-15 16:00:00,7554.591862899271
2019-02-15 17:00:00,7543.840010309968
2019-02-15 18:00:00,7489.916791062176
2019-02-15 19:00:00,7407.057967612529
2019-02-15 20:00:00,7362.188890570397
2019-02-15 21:00:00,7257.631392868938
2019-02-15 22:00:00,7215.321270617476
2019-02-15 23:00:00,7308.192586714237
2019-02-16 00:00:00,7558.354877069678
2019-02-16 01:00:00,7620.804318416712
2019-02-16 02:00:00,7511.661655866332
2019-02-16 03:00:00,7375.087495850403
2019-02-16 04:00:00,7174.3094265804875
2019-02-16 05:00:00,6854.469661669565
2019-02-16 06:00:00,6562.064073764211
2019-02-16 07:00:00,6338.528802857068
2019-02-16 08:00:00,6216.548062081662
2019-02-16 09:00:00,6103.907603378127
2019-02-16 10:00:00,6086.398872294913
2019-02-16 11:00:00,6106.831435555928
2019-02-16 12:00:00,6250.996377423326
2019-02-16 13:00:00,6506.572526050105
2019-02-16 14:00:00,6599.8406451260435
2019-02-16 15:00:00,6773.488278339331
2019-02-16 16:00:00,6854.125625710366
2019-02-16 17:00:00,6798.54361853266
2019-02-16 18:00:00,6731.4009500545735
2019-02-16 19:00:00,6639.770278032626
2019-02-16 20:00:00,6527.880059579694
2019-02-16 21:00:00,6474.947967235321
2019-02-16 22:00:00,6487.697241916228
2019-02-16 23:00:00,6580.901464937677
2019-02-17 00:00:00,6833.453590453583
2019-02-17 01:00:00,6949.604400009008
2019-02-17 02:00:00,6871.396239621414
2019-02-17 03:00:00,6806.611833131581
2019-02-17 04:00:00,6639.687190730086
2019-02-17 05:00:00,6417.317430373317
2019-02-17 06:00:00,6157.596717959695
2019-02-17 07:00:00,5998.260418727179
2019-02-17 08:00:00,5833.091267877136
2019-02-17 09:00:00,5735.039712335443
2019-02-17 10:00:00,5683.680565102932
2019-02-17 11:00:00,5728.035298622107
2019-02-17 12:00:00,5847.68646344194
2019-02-17 13:00:00,5994.768854762604
2019-02-17 14:00:00,6010.376534224829
2019-02-17 15:00:00,6163.934967163601
2019-02-17 16:00:00,6290.981198559429
2019-02-17 17:00:00,6349.254238079263
2019-02-17 18:00:00,6384.575338879728
2019-02-17 19:00:00,6412.530150432382
2019-02-17 20:00:00,6418.14191155886
2019-02-17 21:00:00,6396.218100459048
2019-02-17 22:00:00,6422.984810453425
2019-02-17 23:00:00,6525.995171395631
2019-02-18 00:00:00,6759.347688779195
2019-02-18 01:00:00,6859.149918721748
2019-02-18 02:00:00,6789.694076586758
2019-02-18 03:00:00,6657.201612072437
2019-02-18 04:00:00,6480.937139206938
2019-02-18 05:00:00,6248.645124290083
2019-02-18 06:00:00,5998.261984301122
2019-02-18 07:00:00,5853.517147341701
2019-02-18 08:00:00,5783.480777863673
2019-02-18 09:00:00,5764.807589981778
2019-02-18 10:00:00,5785.823902055289
2019-02-18 11:00:00,5939.912784485483
2019-02-18 12:00:00,6301.199527977885
2019-02-18 13:00:00,6777.689434374281
2019-02-18 14:00:00,7011.779440929423
2019-02-18 15:00:00,7216.367711658797
2019-02-18 16:00:00,7214.0280419256
2019-02-18 17:00:00,7172.128866912642
2019-02-18 18:00:00,7095.712436865454
2019-02-18 19:00:00,7072.913167637502
2019-02-18 20:00:00,7071.891187981527
2019-02-18 21:00:00,7020.962900072356
2019-02-18 22:00:00,6985.919511513511
2019-02-18 23:00:00,7054.05683730496
2019-02-19 00:00:00,7324.909996622757
2019-02-19 01:00:00,7476.6585548301155
2019-02-19 02:00:00,7383.276297323005
2019-02-19 03:00:00,7241.448036708303
2019-02-19 04:00:00,6996.893141936615
2019-02-19 05:00:00,6658.960054128628
2019-02-19 06:00:00,6340.875148518144
2019-02-19 07:00:00,6146.520273153128
2019-02-19 08:00:00,6066.5664060512245
2019-02-19 09:00:00,6056.061456430332
2019-02-19 10:00:00,6058.403045155197
2019-02-19 11:00:00,6229.418355001284
2019-02-19 12:00:00,6644.402733410368
2019-02-19 13:00:00,7223.02354248915
2019-02-19 14:00:00,7407.257351102664
2019-02-19 15:00:00,7456.5436998658115
2019-02-19 16:00:00,7371.794179256033
2019-02-19 17:00:00,7263.724718286512
2019-02-19 18:00:00,7176.6435248562375
2019-02-19 19:00:00,7089.630114277833
2019-02-19 20:00:00,7038.546902962659
2019-02-19 21:00:00,6955.08468094995
2019-02-19 22:00:00,6915.7831358463445
2019-02-19 23:00:00,7022.723696979201
2019-02-20 00:00:00,7323.145533128323
2019-02-20 01:00:00,7414.777056020192
2019-02-20 02:00:00,7334.820479271079
2019-02-20 03:00:00,7180.1511899266125
2019-02-20 04:00:00,6916.923197594605
2019-02-20 05:00:00,6566.146461731218
2019-02-20 06:00:00,6244.558220244394
2019-02-20 07:00:00,6037.367554800884
2019-02-20 08:00:00,5929.396574775077
2019-02-20 09:00:00,5855.860030675789
2019-02-20 10:00:00,5858.198638788724
2019-02-20 11:00:00,6048.474437977766
2019-02-20 12:00:00,6453.5284027779435
2019-02-20 13:00:00,7018.36872563154
2019-02-20 14:00:00,7262.288946969976
2019-02-20 15:00:00,7383.598072455511
2019-02-20 16:00:00,7416.106736011132
2019-02-20 17:00:00,7445.572475260341
2019-02-20 18:00:00,7446.534366714002
2019-02-20 19:00:00,7402.29275623101
2019-02-20 20:00:00,7303.434894999864
2019-02-20 21:00:00,7280.3319098075135
2019-02-20 22:00:00,7209.311633648371
2019-02-20 23:00:00,7290.66161153937
2019-02-21 00:00:00,7462.623263182369
2019-02-21 01:00:00,7492.390629006454
2019-02-21 02:00:00,7377.41249551291
2019-02-21 03:00:00,7212.82248707511
2019-02-21 04:00:00,6930.335209687793
2019-02-21 05:00:00,6532.287073638938
2019-02-21 06:00:00,6209.532358171621
2019-02-21 07:00:00,6018.094721509532
2019-02-21 08:00:00,5892.616816831986
2019-02-21 09:00:00,5841.258181421726
2019-02-21 10:00:00,5847.100004982234
2019-02-21 11:00:00,6004.695113579121
2019-02-21 12:00:00,6427.848753893711
2019-02-21 13:00:00,6950.906681729777
2019-02-21 14:00:00,7192.338187701978
2019-02-21 15:00:00,7210.364716742598
2019-02-21 16:00:00,7140.782207841074
2019-02-21 17:00:00,7089.728442689803
2019-02-21 18:00:00,7027.538517228512
2019-02-21 19:00:00,6950.354458963317
2019-02-21 20:00:00,6926.116777235511
2019-02-21 21:00:00,6853.235434527262
2019-02-21 22:00:00,6864.214933499896
2019-02-21 23:00:00,6972.198248226696
2019-02-22 00:00:00,7220.990665121732
2019-02-22 01:00:00,7324.299693267611
2019-02-22 02:00:00,7244.928340583366
2019-02-22 03:00:00,7075.085345512867
2019-02-22 04:00:00,6804.271117515262
2019-02-22 05:00:00,6490.265739688619
2019-02-22 06:00:00,6169.844935612407
2019-02-22 07:00:00,5953.895990692435
2019-02-22 08:00:00,5845.3399672449095
2019-02-22 09:00:00,5826.6645213236725
2019-02-22 10:00:00,5866.357724463599
2019-02-22 11:00:00,6032.120860571151
2019-02-22 12:00:00,6442.434405478902
2019-02-22 13:00:00,6969.772194767866
2019-02-22 14:00:00,7167.683066565573
2019-02-22 15:00:00,7117.180011049624
2019-02-22 16:00:00,7050.209976257588
2019-02-22 17:00:00,6990.273323788676
2019-02-22 18:00:00,6915.284929124731
2019-02-22 19:00:00,6812.058328693077
2019-02-22 20:00:00,6742.109658433657
2019-02-22 21:00:00,6647.310218097285
2019-02-22 22:00:00,6549.821895022683
2019-02-22 23:00:00,6609.959814102639
2019-02-23 00:00:00,6874.308329994644
2019-02-23 01:00:00,7079.7499769328115
2019-02-23 02:00:00,7024.884392783268
2019-02-23 03:00:00,6869.050767068883
2019-02-23 04:00:00,6687.53610753947
2019-02-23 05:00:00,6331.511202193981
2019-02-23 06:00:00,6015.172996835116
2019-02-23 07:00:00,5729.772274250964
2019-02-23 08:00:00,5582.110379231764
2019-02-23 09:00:00,5452.540241535686
2019-02-23 10:00:00,5444.95403597728
2019-02-23 11:00:00,5496.314899319691
2019-02-23 12:00:00,5629.972332454944
2019-02-23 13:00:00,5876.273445763192
2019-02-23 14:00:00,6027.695137952839
2019-02-23 15:00:00,6229.266436169895
2019-02-23 16:00:00,6398.538719815616
2019-02-23 17:00:00,6523.321381940609
2019-02-23 18:00:00,6553.179657814301
2019-02-23 19:00:00,6470.249222002751
2019-02-23 20:00:00,6342.766118711803
2019-02-23 21:00:00,6272.6662370973645
2019-02-23 22:00:00,6259.588769329572
2019-02-23 23:00:00,6344.454975845423
2019-02-24 00:00:00,6525.266673007069
2019-02-24 01:00:00,6598.223111263997
2019-02-24 02:00:00,6494.330183769664
2019-02-24 03:00:00,6386.351014587849
2019-02-24 04:00:00,6205.418718940136
2019-02-24 05:00:00,5934.020742130034
2019-02-24 06:00:00,5573.910709063137
2019-02-24 07:00:00,5366.714865182739
2019-02-24 08:00:00,5185.785971647635
2019-02-24 09:00:00,5132.09246141615
2019-02-24 10:00:00,5128.592226580506
2019-02-24 11:00:00,5202.130005074635
2019-02-24 12:00:00,5402.326011534761
2019-02-24 13:00:00,5554.6721678625745
2019-02-24 14:00:00,5686.808176136837
2019-02-24 15:00:00,5895.889811441002
2019-02-24 16:00:00,6104.5176306219355
2019-02-24 17:00:00,6249.27748494923
2019-02-24 18:00:00,6377.086131894235
2019-02-24 19:00:00,6342.698271127632
2019-02-24 20:00:00,6280.632360611096
2019-02-24 21:00:00,6257.615342409379
2019-02-24 22:00:00,6309.707938970228
2019-02-24 23:00:00,6433.852926069293
2019-02-25 00:00:00,6831.699152653822
2019-02-25 01:00:00,7145.709347631059
2019-02-25 02:00:00,7165.554549216632
2019-02-25 03:00:00,7085.595985392898
2019-02-25 04:00:00,6946.683668871902
2019-02-25 05:00:00,6724.895790681776
2019-02-25 06:00:00,6500.193865150992
2019-02-25 07:00:00,6396.887847724232
2019-02-25 08:00:00,6332.692880306036
2019-02-25 09:00:00,6318.688057135795
2019-02-25 10:00:00,6355.4648946813395
2019-02-25 11:00:00,6552.163646917752
2019-02-25 12:00:00,6922.7919971984375
2019-02-25 13:00:00,7502.114611580505
2019-02-25 14:00:00,7687.837285820895
2019-02-25 15:00:00,7731.579405623739
2019-02-25 16:00:00,7789.724660286208
2019-02-25 17:00:00,7797.13218099407
2019-02-25 18:00:00,7728.824057438281
2019-02-25 19:00:00,7584.8749294349
2019-02-25 20:00:00,7519.761671243793
2019-02-25 21:00:00,7483.589694141524
2019-02-25 22:00:00,7469.148942039657
2019-02-25 23:00:00,7519.492746189477
2019-02-26 00:00:00,7729.918740421736
2019-02-26 01:00:00,7799.38614371815
2019-02-26 02:00:00,7682.659292791179
2019-02-26 03:00:00,7511.066917929043
2019-02-26 04:00:00,7254.258627067754
2019-02-26 05:00:00,6877.80838418714
2019-02-26 06:00:00,6553.301248101873
2019-02-26 07:00:00,6374.707259495185
2019-02-26 08:00:00,6276.656306097317
2019-02-26 09:00:00,6224.712536943763
2019-02-26 10:00:00,6252.730643404975
2019-02-26 11:00:00,6407.406315473979
2019-02-26 12:00:00,6779.785039083612
2019-02-26 13:00:00,7333.953288627196
2019-02-26 14:00:00,7596.893655976272
2019-02-26 15:00:00,7716.365376371136
2019-02-26 16:00:00,7747.849098546822
2019-02-26 17:00:00,7713.956337945326
2019-02-26 18:00:00,7671.205056741417
2019-02-26 19:00:00,7643.313121342569
2019-02-26 20:00:00,7641.964605850088
2019-02-26 21:00:00,7568.043299652324
2019-02-26 22:00:00,7553.022844320804
2019-02-26 23:00:00,7646.889527693239
2019-02-27 00:00:00,7824.447631270334
2019-02-27 01:00:00,7824.462624651557
2019-02-27 02:00:00,7716.493571485987
2019-02-27 03:00:00,7531.4816878400525
2019-02-27 04:00:00,7233.236263448809
2019-02-27 05:00:00,6827.603577737065
2019-02-27 06:00:00,6478.586066716841
2019-02-27 07:00:00,6290.652127217386
2019-02-27 08:00:00,6169.258838438996
2019-02-27 09:00:00,6126.068531611312
2019-02-27 10:00:00,6121.402214188661
2019-02-27 11:00:00,6274.908100486136
2019-02-27 12:00:00,6652.537853761038
2019-02-27 13:00:00,7118.419650984865
2019-02-27 14:00:00,7384.77418760787
2019-02-27 15:00:00,7495.864191247409
2019-02-27 16:00:00,7514.6932246390115
2019-02-27 17:00:00,7595.505363785523
2019-02-27 18:00:00,7604.582907504299
2019-02-27 19:00:00,7552.924928923984
2019-02-27 20:00:00,7391.049159352195
2019-02-27 21:00:00,7224.264291957795
2019-02-27 22:00:00,7306.073366723809
2019-02-27 23:00:00,7389.212400537844
2019-02-28 00:00:00,7566.4980360404015
2019-02-28 01:00:00,7712.416030776765
2019-02-28 02:00:00,7638.295888400934
2019-02-28 03:00:00,7528.568423286365
2019-02-28 04:00:00,7268.844128116989
2019-02-28 05:00:00,6913.9864494317735
2019-02-28 06:00:00,6613.994926932735
2019-02-28 07:00:00,6418.475745304992
2019-02-28 08:00:00,6300.579981715037
2019-02-28 09:00:00,6250.3876998565065
2019-02-28 10:00:00,6272.570817089615
2019-02-28 11:00:00,6438.3350671632425
2019-02-28 12:00:00,6834.6406878600565
2019-02-28 13:00:00,7304.462781404919
2019-02-28 14:00:00,7533.074061337647
2019-02-28 15:00:00,7631.524397685735
2019-02-28 16:00:00,7580.795920984907
2019-02-28 17:00:00,7539.912966904894
2019-02-28 18:00:00,7447.277376140033
2019-02-28 19:00:00,7282.432415118335
2019-02-28 20:00:00,7243.382251443034
2019-02-28 21:00:00,7236.90310878423
2019-02-28 22:00:00,7244.760107052925
2019-02-28 23:00:00,7291.99540186942
2019-03-01 00:00:00,7429.950430567121
2019-03-01 01:00:00,7553.6859102142
2019-03-01 02:00:00,7472.559216514456
2019-03-01 03:00:00,7302.131840380446
2019-03-01 04:00:00,7017.8935574131665
2019-03-01 05:00:00,6629.771860823977
2019-03-01 06:00:00,6318.682848591716
2019-03-01 07:00:00,6117.325215408881
2019-03-01 08:00:00,6004.0988702822715
2019-03-01 09:00:00,5949.817817732196
2019-03-01 10:00:00,5947.48986756495
2019-03-01 11:00:00,6079.404935884119
2019-03-01 12:00:00,6406.8410825840765
2019-03-01 13:00:00,6914.956079455437
2019-03-01 14:00:00,7158.709361491717
2019-03-01 15:00:00,7279.120936672242
2019-03-01 16:00:00,7282.3798934615825
2019-03-01 17:00:00,7229.561384627723
2019-03-01 18:00:00,7157.630639432617
2019-03-01 19:00:00,7077.114323043756
2019-03-01 20:00:00,7013.806435105542
2019-03-01 21:00:00,6915.419688617386
2019-03-01 22:00:00,6817.399630689543
2019-03-01 23:00:00,6810.215974078142
2019-03-02 00:00:00,6971.188684726823
2019-03-02 01:00:00,7188.304284270437
2019-03-02 02:00:00,7091.420376889695
2019-03-02 03:00:00,6949.009601857336
2019-03-02 04:00:00,6773.910308363109
2019-03-02 05:00:00,6497.259796528178
2019-03-02 06:00:00,6167.5013598129235
2019-03-02 07:00:00,5964.393323193949
2019-03-02 08:00:00,5789.301074782466
2019-03-02 09:00:00,5688.333304182347
2019-03-02 10:00:00,5619.463438792004
2019-03-02 11:00:00,5663.823772248744
2019-03-02 12:00:00,5832.5010460185285
2019-03-02 13:00:00,6078.035154493318
2019-03-02 14:00:00,6261.301770041593
2019-03-02 15:00:00,6454.770677122813
2019-03-02 16:00:00,6553.005854096515
2019-03-02 17:00:00,6528.6558078728685
2019-03-02 18:00:00,6440.679804508937
2019-03-02 19:00:00,6334.261057226273
2019-03-02 20:00:00,6201.04740726796
2019-03-02 21:00:00,6177.240135989325
2019-03-02 22:00:00,6220.437358223584
2019-03-02 23:00:00,6251.39762976532
2019-03-03 00:00:00,6485.602703949809
2019-03-03 01:00:00,6674.703569037627
2019-03-03 02:00:00,6651.358102509221
2019-03-03 03:00:00,6554.468866155634
2019-03-03 04:00:00,6433.649149959112
2019-03-03 05:00:00,6196.103094657868
2019-03-03 06:00:00,5984.821581126621
2019-03-03 07:00:00,5791.637575392016
2019-03-03 08:00:00,5700.005721321042
2019-03-03 09:00:00,5611.293845707397
2019-03-03 10:00:00,5624.135295937838
2019-03-03 11:00:00,5676.666577302791
2019-03-03 12:00:00,5838.918007734848
2019-03-03 13:00:00,5942.5972028861115
2019-03-03 14:00:00,6044.668554196947
2019-03-03 15:00:00,6219.814545668805
2019-03-03 16:00:00,6338.33941933915
2019-03-03 17:00:00,6423.116013541475
2019-03-03 18:00:00,6459.14931684752
2019-03-03 19:00:00,6464.841684874474
2019-03-03 20:00:00,6353.235816972249
2019-03-03 21:00:00,6284.828814825536
2019-03-03 22:00:00,6288.107903697457
2019-03-03 23:00:00,6410.2266661684025
2019-03-04 00:00:00,6689.900126121787
2019-03-04 01:00:00,7097.286466846321
2019-03-04 02:00:00,7218.68273623664
2019-03-04 03:00:00,7207.003755730261
2019-03-04 04:00:00,7067.509617257004
2019-03-04 05:00:00,6858.560569971685
2019-03-04 06:00:00,6690.472614844772
2019-03-04 07:00:00,6620.43763029754
2019-03-04 08:00:00,6584.2561328331085
2019-03-04 09:00:00,6581.344975782807
2019-03-04 10:00:00,6609.953665388922
2019-03-04 11:00:00,6810.1555126441435
2019-03-04 12:00:00,7173.783814754219
2019-03-04 13:00:00,7648.112838582861
2019-03-04 14:00:00,7915.7703576175745
2019-03-04 15:00:00,7984.988146302582
2019-03-04 16:00:00,7985.355472593532
2019-03-04 17:00:00,8018.576427634406
2019-03-04 18:00:00,7974.6145725203505
2019-03-04 19:00:00,7947.361270334678
2019-03-04 20:00:00,7889.738520952973
2019-03-04 21:00:00,7793.922061171768
2019-03-04 22:00:00,7760.6692458888465
2019-03-04 23:00:00,7798.474569606545
2019-03-05 00:00:00,7994.359120200836
2019-03-05 01:00:00,8237.16671257708
2019-03-05 02:00:00,8164.214790398834
2019-03-05 03:00:00,8044.565462117662
2019-03-05 04:00:00,7805.263192692377
2019-03-05 05:00:00,7481.920844584895
2019-03-05 06:00:00,7200.019694478183
2019-03-05 07:00:00,7024.345594007248
2019-03-05 08:00:00,6862.679026353762
2019-03-05 09:00:00,6794.393963527608
2019-03-05 10:00:00,6785.059913644319
2019-03-05 11:00:00,6927.478185367289
2019-03-05 12:00:00,7267.173177558456
2019-03-05 13:00:00,7715.621087751762
2019-03-05 14:00:00,7883.902455020613
2019-03-05 15:00:00,7950.889029238925
2019-03-05 16:00:00,7943.838312068306
2019-03-05 17:00:00,7940.183615655857
2019-03-05 18:00:00,7894.350825348423
2019-03-05 19:00:00,7832.049252103318
2019-03-05 20:00:00,7805.312657144755
2019-03-05 21:00:00,7733.677134559262
2019-03-05 22:00:00,7668.721068832897
2019-03-05 23:00:00,7703.633347014218
2019-03-06 00:00:00,7965.172101076641
2019-03-06 01:00:00,8186.380174496318
2019-03-06 02:00:00,8136.773207024228
2019-03-06 03:00:00,8001.946891333184
2019-03-06 04:00:00,7770.232362933053
2019-03-06 05:00:00,7398.448557903857
2019-03-06 06:00:00,7058.769823595943
2019-03-06 07:00:00,6850.996553413203
2019-03-06 08:00:00,6711.507292304922
2019-03-06 09:00:00,6626.880333662344
2019-03-06 10:00:00,6634.473704732259
2019-03-06 11:00:00,6770.470318017079
2019-03-06 12:00:00,7130.592574603607
2019-03-06 13:00:00,7555.707476525127
2019-03-06 14:00:00,7713.584436751887
2019-03-06 15:00:00,7710.996568443162
2019-03-06 16:00:00,7693.629617295549
2019-03-06 17:00:00,7650.969978197256
2019-03-06 18:00:00,7617.185999099834
2019-03-06 19:00:00,7550.85794963979
2019-03-06 20:00:00,7513.91253026873
2019-03-06 21:00:00,7390.65696515
2019-03-06 22:00:00,7375.087832509126
2019-03-06 23:00:00,7315.578522942725
2019-03-07 00:00:00,7494.15292478312
2019-03-07 01:00:00,7678.596444391267
2019-03-07 02:00:00,7599.806612587369
2019-03-07 03:00:00,7465.565852140296
2019-03-07 04:00:00,7197.082043099615
2019-03-07 05:00:00,6839.888164876761
2019-03-07 06:00:00,6520.633533709132
2019-03-07 07:00:00,6267.335172199056
2019-03-07 08:00:00,6181.538698749672
2019-03-07 09:00:00,6161.69671863356
2019-03-07 10:00:00,6200.220075787577
2019-03-07 11:00:00,6354.89029845497
2019-03-07 12:00:00,6747.110430144082
2019-03-07 13:00:00,7197.621276022298
2019-03-07 14:00:00,7459.183168501686
2019-03-07 15:00:00,7573.662631684647
2019-03-07 16:00:00,7537.87936010595
2019-03-07 17:00:00,7506.971177120128
2019-03-07 18:00:00,7486.175697564164
2019-03-07 19:00:00,7412.020638345901
2019-03-07 20:00:00,7379.906129727686
2019-03-07 21:00:00,7344.9899683356525
2019-03-07 22:00:00,7325.637587399103
2019-03-07 23:00:00,7336.476579768436
2019-03-08 00:00:00,7438.116832289461
2019-03-08 01:00:00,7636.55800955634
2019-03-08 02:00:00,7599.788337522305
2019-03-08 03:00:00,7460.293928084327
2019-03-08 04:00:00,7225.0791347413615
2019-03-08 05:00:00,6824.699074376021
2019-03-08 06:00:00,6526.455456416249
2019-03-08 07:00:00,6336.771775838863
2019-03-08 08:00:00,6180.356237850646
2019-03-08 09:00:00,6095.14703575513
2019-03-08 10:00:00,6058.964514646198
2019-03-08 11:00:00,6169.2787392923865
2019-03-08 12:00:00,6513.057895774841
2019-03-08 13:00:00,6961.579959327437
2019-03-08 14:00:00,7190.422526841637
2019-03-08 15:00:00,7247.106259079636
2019-03-08 16:00:00,7252.639119158014
2019-03-08 17:00:00,7196.632166276725
2019-03-08 18:00:00,7104.0598092081445
2019-03-08 19:00:00,6949.762000947016
2019-03-08 20:00:00,6844.788480266001
2019-03-08 21:00:00,6753.414826230821
2019-03-08 22:00:00,6692.828761437105
2019-03-08 23:00:00,6738.021547983579
2019-03-09 00:00:00,6884.229591017421
2019-03-09 01:00:00,7096.675802204881
2019-03-09 02:00:00,7019.049975591795
2019-03-09 03:00:00,6943.7593248718495
2019-03-09 04:00:00,6748.23174333776
2019-03-09 05:00:00,6456.992087483456
2019-03-09 06:00:00,6160.497698779367
2019-03-09 07:00:00,5914.782261143854
2019-03-09 08:00:00,5800.389863537429
2019-03-09 09:00:00,5707.008479138862
2019-03-09 10:00:00,5719.851284192909
2019-03-09 11:00:00,5743.783961860801
2019-03-09 12:00:00,5884.44403238511
2019-03-09 13:00:00,6025.215239868873
2019-03-09 14:00:00,6176.3263886563645
2019-03-09 15:00:00,6384.901634215673
2019-03-09 16:00:00,6453.294896487761
2019-03-09 17:00:00,6485.0974976328125
2019-03-09 18:00:00,6470.735761491997
2019-03-09 19:00:00,6449.634379166078
2019-03-09 20:00:00,6420.099251362362
2019-03-09 21:00:00,6429.318586653093
2019-03-09 22:00:00,6387.251164737537
2019-03-09 23:00:00,6443.4426572296115
2019-03-10 00:00:00,6598.816072877005
2019-03-10 01:00:00,6573.135641205801
2019-03-10 02:00:00,6447.062968483774
2019-03-10 03:00:00,6334.996202790871
2019-03-10 04:00:00,6138.888696057568
2019-03-10 05:00:00,5887.91608688978
2019-03-10 06:00:00,5687.723723399791
2019-03-10 07:00:00,5547.6503220855275
2019-03-10 08:00:00,5464.189867530634
2019-03-10 09:00:00,5409.911313877429
2019-03-10 10:00:00,5399.99643557919
2019-03-10 11:00:00,5429.770003484664
2019-03-10 12:00:00,5577.435661902766
2019-03-10 13:00:00,5652.035909078434
2019-03-10 14:00:00,5769.489504677506
2019-03-10 15:00:00,5885.325781918322
2019-03-10 16:00:00,6043.764617042646
2019-03-10 17:00:00,6086.952123901547
2019-03-10 18:00:00,6115.54612119835
2019-03-10 19:00:00,6128.324143100251
2019-03-10 20:00:00,6092.752242512489
2019-03-10 21:00:00,6043.943637554021
2019-03-10 22:00:00,5978.577929800641
2019-03-10 23:00:00,5997.405059187581
2019-03-11 00:00:00,6120.235890744123
2019-03-11 01:00:00,6497.271869511855
2019-03-11 02:00:00,6500.187542640838
2019-03-11 03:00:00,6359.52250442998
2019-03-11 04:00:00,6078.202905310805
2019-03-11 05:00:00,5855.832482595831
2019-03-11 06:00:00,5716.925103654192
2019-03-11 07:00:00,5621.208272397768
2019-03-11 08:00:00,5584.441370225324
2019-03-11 09:00:00,5623.551246053428
2019-03-11 10:00:00,5746.7117681878435
2019-03-11 11:00:00,6154.106629247489
2019-03-11 12:00:00,6795.536201219177
2019-03-11 13:00:00,7126.07092265346
2019-03-11 14:00:00,7193.751984772729
2019-03-11 15:00:00,7234.993738331066
2019-03-11 16:00:00,7221.747991164535
2019-03-11 17:00:00,7094.691390284651
2019-03-11 18:00:00,6934.500227216708
2019-03-11 19:00:00,6862.1856536269925
2019-03-11 20:00:00,6717.147400108493
2019-03-11 21:00:00,6576.214177910713
2019-03-11 22:00:00,6497.247442322262
2019-03-11 23:00:00,6480.4114507525155
2019-03-12 00:00:00,6532.860104291364
2019-03-12 01:00:00,6863.2105692967
2019-03-12 02:00:00,6838.699261038815
2019-03-12 03:00:00,6650.7645688595785
2019-03-12 04:00:00,6330.925797485967
2019-03-12 05:00:00,6017.510340446021
2019-03-12 06:00:00,5825.4922366552755
2019-03-12 07:00:00,5711.102639017633
2019-03-12 08:00:00,5655.076090503586
2019-03-12 09:00:00,5658.583731708268
2019-03-12 10:00:00,5822.013769318877
2019-03-12 11:00:00,6220.071449347346
2019-03-12 12:00:00,6858.582879400373
2019-03-12 13:00:00,7130.6445782936025
2019-03-12 14:00:00,7061.598750074188
2019-03-12 15:00:00,6961.083603883736
2019-03-12 16:00:00,6916.300078192118
2019-03-12 17:00:00,6823.313590772278
2019-03-12 18:00:00,6744.878094713834
2019-03-12 19:00:00,6680.7117448404615
2019-03-12 20:00:00,6553.8729640231995
2019-03-12 21:00:00,6449.035814845615
2019-03-12 22:00:00,6447.258336819036
2019-03-12 23:00:00,6498.585270378812
2019-03-13 00:00:00,6590.057672971777
2019-03-13 01:00:00,6786.753173631539
2019-03-13 02:00:00,6678.779273208185
2019-03-13 03:00:00,6412.0492396090585
2019-03-13 04:00:00,6061.858721347849
2019-03-13 05:00:00,5723.345316947162
2019-03-13 06:00:00,5492.80232053565
2019-03-13 07:00:00,5359.730924359426
2019-03-13 08:00:00,5294.9484146226405
2019-03-13 09:00:00,5329.386674162441
2019-03-13 10:00:00,5461.296503830338
2019-03-13 11:00:00,5859.351293568452
2019-03-13 12:00:00,6423.737282379993
2019-03-13 13:00:00,6771.484635054576
2019-03-13 14:00:00,6823.098630784089
2019-03-13 15:00:00,6842.059222653285
2019-03-13 16:00:00,6865.0175397486455
2019-03-13 17:00:00,6822.698965625962
2019-03-13 18:00:00,6781.168703718626
2019-03-13 19:00:00,6700.433170579036
2019-03-13 20:00:00,6618.786663094938
2019-03-13 21:00:00,6522.006916671755
2019-03-13 22:00:00,6496.4221325176395
2019-03-13 23:00:00,6483.057970343917
2019-03-14 00:00:00,6421.36715203786
2019-03-14 01:00:00,6587.714789637689
2019-03-14 02:00:00,6465.1514140158615
2019-03-14 03:00:00,6239.85655697926
2019-03-14 04:00:00,5912.42826825621
2019-03-14 05:00:00,5580.3317051430795
2019-03-14 06:00:00,5345.705959478265
2019-03-14 07:00:00,5242.401176446347
2019-03-14 08:00:00,5140.848151674169
2019-03-14 09:00:00,5094.746567367419
2019-03-14 10:00:00,5154.287922597655
2019-03-14 11:00:00,5512.654898383069
2019-03-14 12:00:00,6080.547324111643
2019-03-14 13:00:00,6373.463603322414
2019-03-14 14:00:00,6450.331482243947
2019-03-14 15:00:00,6537.64050917821
2019-03-14 16:00:00,6563.261542759741
2019-03-14 17:00:00,6545.627869886357
2019-03-14 18:00:00,6501.118391215377
2019-03-14 19:00:00,6510.234291864954
2019-03-14 20:00:00,6407.011254684128
2019-03-14 21:00:00,6270.945559039358
2019-03-14 22:00:00,6241.349447722357
2019-03-14 23:00:00,6377.706623818565
2019-03-15 00:00:00,6544.511265753065
2019-03-15 01:00:00,6673.503375002977
2019-03-15 02:00:00,6597.049863165482
2019-03-15 03:00:00,6392.185853279995
2019-03-15 04:00:00,6053.669799446483
2019-03-15 05:00:00,5749.5893858271365
2019-03-15 06:00:00,5516.715157564536
2019-03-15 07:00:00,5397.0724227582405
2019-03-15 08:00:00,5324.701328994944
2019-03-15 09:00:00,5325.28953367174
2019-03-15 10:00:00,5456.035448470397
2019-03-15 11:00:00,5831.915942382427
2019-03-15 12:00:00,6448.833995345893
2019-03-15 13:00:00,6807.467201894614
2019-03-15 14:00:00,6890.51651083493
2019-03-15 15:00:00,6961.476632099865
2019-03-15 16:00:00,7040.97535226555
2019-03-15 17:00:00,7055.752521235419
2019-03-15 18:00:00,7063.754478808657
2019-03-15 19:00:00,7041.877245257711
2019-03-15 20:00:00,6971.122642195294
2019-03-15 21:00:00,6882.585012683866
2019-03-15 22:00:00,6811.275535353352
2019-03-15 23:00:00,6689.1501910438865
2019-03-16 00:00:00,6616.9247805487785
2019-03-16 01:00:00,6811.860875722229
2019-03-16 02:00:00,6733.649885258661
2019-03-16 03:00:00,6563.806318151531
2019-03-16 04:00:00,6273.730185772983
2019-03-16 05:00:00,5955.059514168189
2019-03-16 06:00:00,5718.682311315544
2019-03-16 07:00:00,5569.269681681102
2019-03-16 08:00:00,5494.566693708512
2019-03-16 09:00:00,5459.552964833796
2019-03-16 10:00:00,5502.162051853044
2019-03-16 11:00:00,5614.811151320457
2019-03-16 12:00:00,5900.79971729511
2019-03-16 13:00:00,6031.936667483446
2019-03-16 14:00:00,6130.7000673712855
2019-03-16 15:00:00,6185.20406719391
2019-03-16 16:00:00,6163.26125806328
2019-03-16 17:00:00,6079.630994195638
2019-03-16 18:00:00,5969.342524165188
2019-03-16 19:00:00,5805.659840968253
2019-03-16 20:00:00,5687.654248019284
2019-03-16 21:00:00,5592.656553182045
2019-03-16 22:00:00,5569.415888728677
2019-03-16 23:00:00,5595.979937970004
2019-03-17 00:00:00,5678.9841404890685
2019-03-17 01:00:00,6006.998857564635
2019-03-17 02:00:00,6042.604102907179
2019-03-17 03:00:00,5981.321436612551
2019-03-17 04:00:00,5796.304976673551
2019-03-17 05:00:00,5589.112113405083
2019-03-17 06:00:00,5422.187169931674
2019-03-17 07:00:00,5312.465876791303
2019-03-17 08:00:00,5233.6757439154935
2019-03-17 09:00:00,5198.081879091226
2019-03-17 10:00:00,5213.259197680203
2019-03-17 11:00:00,5294.387095667595
2019-03-17 12:00:00,5462.479175479703
2019-03-17 13:00:00,5500.389479907574
2019-03-17 14:00:00,5578.55764635682
2019-03-17 15:00:00,5646.561311253747
2019-03-17 16:00:00,5600.078458637566
2019-03-17 17:00:00,5560.194451819088
2019-03-17 18:00:00,5549.707995895133
2019-03-17 19:00:00,5511.569854182527
2019-03-17 20:00:00,5425.196035504972
2019-03-17 21:00:00,5438.754200588085
2019-03-17 22:00:00,5422.3569327960995
2019-03-17 23:00:00,5510.1961697553115
2019-03-18 00:00:00,5631.718370348358
2019-03-18 01:00:00,6004.674700903481
2019-03-18 02:00:00,6013.43063201903
2019-03-18 03:00:00,5892.0298766572205
2019-03-18 04:00:00,5648.649042878211
2019-03-18 05:00:00,5435.035303958565
2019-03-18 06:00:00,5296.13021316346
2019-03-18 07:00:00,5228.42877872104
2019-03-18 08:00:00,5238.938244420613
2019-03-18 09:00:00,5282.134060864288
2019-03-18 10:00:00,5499.843043521587
2019-03-18 11:00:00,5930.583581859977
2019-03-18 12:00:00,6583.687437616217
2019-03-18 13:00:00,6864.866749525105
2019-03-18 14:00:00,6856.201324074462
2019-03-18 15:00:00,6803.056627699177
2019-03-18 16:00:00,6749.251952136848
2019-03-18 17:00:00,6665.700870109453
2019-03-18 18:00:00,6612.622584065697
2019-03-18 19:00:00,6630.752678814694
2019-03-18 20:00:00,6557.970985110077
2019-03-18 21:00:00,6477.93790664076
2019-03-18 22:00:00,6416.632853611056
2019-03-18 23:00:00,6375.039433601986
2019-03-19 00:00:00,6367.694475982692
2019-03-19 01:00:00,6643.767832480002
2019-03-19 02:00:00,6618.669885119263
2019-03-19 03:00:00,6405.054279553763
2019-03-19 04:00:00,6067.7070480616585
2019-03-19 05:00:00,5735.6143988833865
2019-03-19 06:00:00,5529.006759679784
2019-03-19 07:00:00,5418.700001617017
2019-03-19 08:00:00,5374.931335164062
2019-03-19 09:00:00,5381.942372459464
2019-03-19 10:00:00,5566.966660268179
2019-03-19 11:00:00,5986.033998680902
2019-03-19 12:00:00,6579.078664628603
2019-03-19 13:00:00,6826.843677831535
2019-03-19 14:00:00,6804.36725085994
2019-03-19 15:00:00,6728.459516177086
2019-03-19 16:00:00,6655.572012096907
2019-03-19 17:00:00,6569.769972941905
2019-03-19 18:00:00,6462.976703749592
2019-03-19 19:00:00,6435.823186720491
2019-03-19 20:00:00,6342.755830682857
2019-03-19 21:00:00,6229.010958131607
2019-03-19 22:00:00,6147.125164417537
2019-03-19 23:00:00,6128.236051109324
2019-03-20 00:00:00,6148.822873065375
2019-03-20 01:00:00,6400.382362193547
2019-03-20 02:00:00,6363.612389087598
2019-03-20 03:00:00,6143.5764196931705
2019-03-20 04:00:00,5806.812395084122
2019-03-20 05:00:00,5476.470360092326
2019-03-20 06:00:00,5273.365213763709
2019-03-20 07:00:00,5134.461688542546
2019-03-20 08:00:00,5066.759110026859
2019-03-20 09:00:00,5081.349548655453
2019-03-20 10:00:00,5232.521884848117
2019-03-20 11:00:00,5611.318352961042
2019-03-20 12:00:00,6222.395274829397
2019-03-20 13:00:00,6629.808611435183
2019-03-20 14:00:00,6754.308879976896
2019-03-20 15:00:00,6785.964621320543
2019-03-20 16:00:00,6828.08119663125
2019-03-20 17:00:00,6822.428013156282
2019-03-20 18:00:00,6805.435766950417
2019-03-20 19:00:00,6783.174738081763
2019-03-20 20:00:00,6676.322522407645
2019-03-20 21:00:00,6586.088765202492
2019-03-20 22:00:00,6534.32777035484
2019-03-20 23:00:00,6501.474024956898
2019-03-21 00:00:00,6462.248897729438
2019-03-21 01:00:00,6606.411792307833
2019-03-21 02:00:00,6506.021448010057
2019-03-21 03:00:00,6272.557058103232
2019-03-21 04:00:00,5928.2024322858615
2019-03-21 05:00:00,5602.525962036936
2019-03-21 06:00:00,5390.079359455992
2019-03-21 07:00:00,5273.934089623748
2019-03-21 08:00:00,5216.738869304249
2019-03-21 09:00:00,5228.998949190301
2019-03-21 10:00:00,5366.746086340025
2019-03-21 11:00:00,5758.964110525753
2019-03-21 12:00:00,6396.8909788721185
2019-03-21 13:00:00,6745.435300880019
2019-03-21 14:00:00,6835.702785983933
2019-03-21 15:00:00,6868.344274291174
2019-03-21 16:00:00,6893.144225055953
2019-03-21 17:00:00,6836.775776814453
2019-03-21 18:00:00,6775.718643883954
2019-03-21 19:00:00,6721.158354263968
2019-03-21 20:00:00,6639.207261831685
2019-03-21 21:00:00,6538.352894098934
2019-03-21 22:00:00,6474.6301211578575
2019-03-21 23:00:00,6412.306884331027
2019-03-22 00:00:00,6340.915230782279
2019-03-22 01:00:00,6582.488748941128
2019-03-22 02:00:00,6568.476850580952
2019-03-22 03:00:00,6340.847480009421
2019-03-22 04:00:00,6012.836225260844
2019-03-22 05:00:00,5673.157490952931
2019-03-22 06:00:00,5444.369082877135
2019-03-22 07:00:00,5311.301299563857
2019-03-22 08:00:00,5240.680458700742
2019-03-22 09:00:00,5236.016519746196
2019-03-22 10:00:00,5383.686332956684
2019-03-22 11:00:00,5742.057373212912
2019-03-22 12:00:00,6165.379702790561
2019-03-22 13:00:00,6584.4595517817515
2019-03-22 14:00:00,6581.093458902542
2019-03-22 15:00:00,6551.148827390654
2019-03-22 16:00:00,6552.40912295184
2019-03-22 17:00:00,6524.564452051442
2019-03-22 18:00:00,6449.100621011225
2019-03-22 19:00:00,6415.243009243225
2019-03-22 20:00:00,6310.733448999951
2019-03-22 21:00:00,6193.11713874606
2019-03-22 22:00:00,6117.242533204985
2019-03-22 23:00:00,6058.096281222088
2019-03-23 00:00:00,6080.586111766556
2019-03-23 01:00:00,6351.3480339803955
2019-03-23 02:00:00,6365.357192586172
2019-03-23 03:00:00,6219.445460145579
2019-03-23 04:00:00,5952.13498952499
2019-03-23 05:00:00,5674.320472499245
2019-03-23 06:00:00,5475.883570453516
2019-03-23 07:00:00,5342.230954468857
2019-03-23 08:00:00,5294.372433465475
2019-03-23 09:00:00,5264.027400481517
2019-03-23 10:00:00,5339.322085565086
2019-03-23 11:00:00,5481.736172388479
2019-03-23 12:00:00,5755.118463666578
2019-03-23 13:00:00,5841.091040997572
2019-03-23 14:00:00,5903.005816455358
2019-03-23 15:00:00,5879.99190103014
2019-03-23 16:00:00,5866.731257698604
2019-03-23 17:00:00,5760.4115962494
2019-03-23 18:00:00,5657.969127300939
2019-03-23 19:00:00,5520.523350079467
2019-03-23 20:00:00,5408.286957675819
2019-03-23 21:00:00,5323.933556482474
2019-03-23 22:00:00,5285.435616287578
2019-03-23 23:00:00,5287.001849884752
2019-03-24 00:00:00,5358.553340825376
2019-03-24 01:00:00,5643.375011318858
2019-03-24 02:00:00,5670.224114795515
2019-03-24 03:00:00,5584.427069309499
2019-03-24 04:00:00,5369.061150629433
2019-03-24 05:00:00,5168.871286036313
2019-03-24 06:00:00,4980.353898796273
2019-03-24 07:00:00,4854.287879763503
2019-03-24 08:00:00,4760.90706740157
2019-03-24 09:00:00,4720.636769138405
2019-03-24 10:00:00,4720.053953648835
2019-03-24 11:00:00,4783.676914059106
2019-03-24 12:00:00,4928.425424095854
2019-03-24 13:00:00,4986.117605093548
2019-03-24 14:00:00,5142.2655393809855
2019-03-24 15:00:00,5269.366979842155
2019-03-24 16:00:00,5361.077261495677
2019-03-24 17:00:00,5392.961417246409
2019-03-24 18:00:00,5392.302986136398
2019-03-24 19:00:00,5370.7416981660535
2019-03-24 20:00:00,5377.178808463972
2019-03-24 21:00:00,5333.011674269862
2019-03-24 22:00:00,5402.499769051243
2019-03-24 23:00:00,5453.352000370564
2019-03-25 00:00:00,5587.940912595569
2019-03-25 01:00:00,5831.319578656812
2019-03-25 02:00:00,5831.899473748835
2019-03-25 03:00:00,5755.435725466327
2019-03-25 04:00:00,5562.244313362684
2019-03-25 05:00:00,5363.805333920763
2019-03-25 06:00:00,5220.224743009686
2019-03-25 07:00:00,5147.272218687614
2019-03-25 08:00:00,5095.32917210665
2019-03-25 09:00:00,5186.965753006643
2019-03-25 10:00:00,5346.307983355828
2019-03-25 11:00:00,5805.060666931571
2019-03-25 12:00:00,6349.368180499347
2019-03-25 13:00:00,6640.482855589824
2019-03-25 14:00:00,6690.170038568905
2019-03-25 15:00:00,6693.758926793648
2019-03-25 16:00:00,6670.629549218736
2019-03-25 17:00:00,6624.783603103566
2019-03-25 18:00:00,6546.57589432384
2019-03-25 19:00:00,6515.056047667423
2019-03-25 20:00:00,6423.8040027346615
2019-03-25 21:00:00,6294.86509935739
2019-03-25 22:00:00,6229.501839927067
2019-03-25 23:00:00,6199.5423008738035
2019-03-26 00:00:00,6202.16579283644
2019-03-26 01:00:00,6504.850277307734
2019-03-26 02:00:00,6523.530359736417
2019-03-26 03:00:00,6330.92561684282
2019-03-26 04:00:00,5994.161230947477
2019-03-26 05:00:00,5697.668889532389
2019-03-26 06:00:00,5552.925859004441
2019-03-26 07:00:00,5455.458564097496
2019-03-26 08:00:00,5418.693016748656
2019-03-26 09:00:00,5420.449833016522
2019-03-26 10:00:00,5588.548897696991
2019-03-26 11:00:00,5942.246485126251
2019-03-26 12:00:00,6529.212019491624
2019-03-26 13:00:00,6719.873783071004
2019-03-26 14:00:00,6727.24366055419
2019-03-26 15:00:00,6624.210209773049
2019-03-26 16:00:00,6589.613115245148
2019-03-26 17:00:00,6544.060917835606
2019-03-26 18:00:00,6475.366788569547
2019-03-26 19:00:00,6451.727011476796
2019-03-26 20:00:00,6338.7081812678925
2019-03-26 21:00:00,6217.609206760731
2019-03-26 22:00:00,6132.203031401417
2019-03-26 23:00:00,6093.658092156978
2019-03-27 00:00:00,6079.484739126094
2019-03-27 01:00:00,6321.590723958176
2019-03-27 02:00:00,6366.53272883122
2019-03-27 03:00:00,6196.689763867913
2019-03-27 04:00:00,5917.70669546548
2019-03-27 05:00:00,5645.145977966594
2019-03-27 06:00:00,5452.54334257638
2019-03-27 07:00:00,5326.480153619585
2019-03-27 08:00:00,5305.4743188486145
2019-03-27 09:00:00,5341.0801362277925
2019-03-27 10:00:00,5515.595951874244
2019-03-27 11:00:00,5900.812181672271
2019-03-27 12:00:00,6400.178804333077
2019-03-27 13:00:00,6583.867774594495
2019-03-27 14:00:00,6589.84219952204
2019-03-27 15:00:00,6536.889248397743
2019-03-27 16:00:00,6470.648945760412
2019-03-27 17:00:00,6397.326490167839
2019-03-27 18:00:00,6351.593031674043
2019-03-27 19:00:00,6313.190568955357
2019-03-27 20:00:00,6212.468418707753
2019-03-27 21:00:00,6110.400357947223
2019-03-27 22:00:00,6039.977735000269
2019-03-27 23:00:00,6012.526340449111
2019-03-28 00:00:00,6011.1290051295355
2019-03-28 01:00:00,6214.188258506114
2019-03-28 02:00:00,6124.893537295707
2019-03-28 03:00:00,5901.936776549789
2019-03-28 04:00:00,5659.136981936069
2019-03-28 05:00:00,5376.070351386171
2019-03-28 06:00:00,5174.12996292815
2019-03-28 07:00:00,5044.561240270056
2019-03-28 08:00:00,4945.927110096324
2019-03-28 09:00:00,4933.675580652577
2019-03-28 10:00:00,5034.069477598916
2019-03-28 11:00:00,5372.006961056819
2019-03-28 12:00:00,5882.986680097001
2019-03-28 13:00:00,6127.982008635807
2019-03-28 14:00:00,6217.048306572666
2019-03-28 15:00:00,6217.609784917905
2019-03-28 16:00:00,6225.321055822107
2019-03-28 17:00:00,6194.275589093505
2019-03-28 18:00:00,6177.641114977646
2019-03-28 19:00:00,6158.1337718974555
2019-03-28 20:00:00,6120.935665233455
2019-03-28 21:00:00,6025.099096225246
2019-03-28 22:00:00,5969.365851710085
2019-03-28 23:00:00,5920.547830712366
2019-03-29 00:00:00,5952.705551387737
2019-03-29 01:00:00,6131.8898220674155
2019-03-29 02:00:00,6061.852519266458
2019-03-29 03:00:00,5858.156247863498
2019-03-29 04:00:00,5519.636551059849
2019-03-29 05:00:00,5244.153627171486
2019-03-29 06:00:00,5021.784950673602
2019-03-29 07:00:00,4893.381588029928
2019-03-29 08:00:00,4820.426685239751
2019-03-29 09:00:00,4830.934344507853
2019-03-29 10:00:00,4965.180193070241
2019-03-29 11:00:00,5324.710632117028
2019-03-29 12:00:00,5811.992216772192
2019-03-29 13:00:00,6048.41883137443
2019-03-29 14:00:00,6150.31246951435
2019-03-29 15:00:00,6170.436039186042
2019-03-29 16:00:00,6188.980901279026
2019-03-29 17:00:00,6130.149007445103
2019-03-29 18:00:00,6069.66646699716
2019-03-29 19:00:00,6029.922935900685
2019-03-29 20:00:00,5966.802360978839
2019-03-29 21:00:00,5892.750376506493
2019-03-29 22:00:00,5856.442965572263
2019-03-29 23:00:00,5860.683272320417
2019-03-30 00:00:00,5910.6876195500245
2019-03-30 01:00:00,6056.6026637816485
2019-03-30 02:00:00,6016.325470971696
2019-03-30 03:00:00,5918.851010553242
2019-03-30 04:00:00,5667.881984141209
2019-03-30 05:00:00,5397.651535063292
2019-03-30 06:00:00,5187.537338513893
2019-03-30 07:00:00,5041.0395088998885
2019-03-30 08:00:00,4961.078747251198
2019-03-30 09:00:00,4905.635977656841
2019-03-30 10:00:00,4955.830336911566
2019-03-30 11:00:00,5128.007875624184
2019-03-30 12:00:00,5360.941695610824
2019-03-30 13:00:00,5481.701716770515
2019-03-30 14:00:00,5719.634791211683
2019-03-30 15:00:00,5805.69565378703
2019-03-30 16:00:00,5859.903843462284
2019-03-30 17:00:00,5881.489234277602
2019-03-30 18:00:00,5819.217230395056
2019-03-30 19:00:00,5716.697934244215
2019-03-30 20:00:00,5653.4895794227505
2019-03-30 21:00:00,5676.835669952664
2019-03-30 22:00:00,5784.16158133871
2019-03-30 23:00:00,5835.328842031678
2019-03-31 00:00:00,5823.799347546983
2019-03-31 01:00:00,5969.073700674897
2019-03-31 02:00:00,6000.006938335651
2019-03-31 03:00:00,5898.448102875571
2019-03-31 04:00:00,5696.50503487753
2019-03-31 05:00:00,5476.4698783772665
2019-03-31 06:00:00,5312.464371431743
2019-03-31 07:00:00,5216.1646644713655
2019-03-31 08:00:00,5192.237074918788
2019-03-31 09:00:00,5167.725856982476
2019-03-31 10:00:00,5208.582824455687
2019-03-31 11:00:00,5287.3795809135645
2019-03-31 12:00:00,5442.213349636971
2019-03-31 13:00:00,5461.07039606459
2019-03-31 14:00:00,5571.570621965758
2019-03-31 15:00:00,5624.3056103600475
2019-03-31 16:00:00,5685.922128895613
2019-03-31 17:00:00,5682.205277560047
2019-03-31 18:00:00,5622.44344419095
2019-03-31 19:00:00,5571.422984857002
2019-03-31 20:00:00,5498.984636025018
2019-03-31 21:00:00,5450.26772629208
2019-03-31 22:00:00,5440.821300929741
2019-03-31 23:00:00,5501.199508643443
2019-04-01 00:00:00,5560.932277564626
2019-04-01 01:00:00,5906.049994280596
2019-04-01 02:00:00,6018.693463703253
2019-04-01 03:00:00,5901.376180167333
2019-04-01 04:00:00,5672.584400086122
2019-04-01 05:00:00,5442.631294354114
2019-04-01 06:00:00,5314.814932099589
2019-04-01 07:00:00,5229.605278396206
2019-04-01 08:00:00,5224.9398340821
2019-04-01 09:00:00,5282.14158766209
2019-04-01 10:00:00,5475.921535621634
2019-04-01 11:00:00,5940.515440614061
2019-04-01 12:00:00,6505.7633916635095
2019-04-01 13:00:00,6725.249179743888
2019-04-01 14:00:00,6785.327060971553
2019-04-01 15:00:00,6807.27571125425
2019-04-01 16:00:00,6808.738688464469
2019-04-01 17:00:00,6742.16478566295
2019-04-01 18:00:00,6685.504359874782
2019-04-01 19:00:00,6584.41470030413
2019-04-01 20:00:00,6458.209936041531
2019-04-01 21:00:00,6307.082174205034
2019-04-01 22:00:00,6227.572403345307
2019-04-01 23:00:00,6190.179165695774
2019-04-02 00:00:00,6160.259758506535
2019-04-02 01:00:00,6415.559500139375
2019-04-02 02:00:00,6444.159007052172
2019-04-02 03:00:00,6236.965090032011
2019-04-02 04:00:00,5886.772885768093
2019-04-02 05:00:00,5551.179158752821
2019-04-02 06:00:00,5342.822832222981
2019-04-02 07:00:00,5206.253128071351
2019-04-02 08:00:00,5133.879384875227
2019-04-02 09:00:00,5142.642060001608
2019-04-02 10:00:00,5303.736138932108
2019-04-02 11:00:00,5716.963881716471
2019-04-02 12:00:00,6287.464668862662
2019-04-02 13:00:00,6521.255263783859
2019-04-02 14:00:00,6562.727969002853
2019-04-02 15:00:00,6486.6272940287645
2019-04-02 16:00:00,6441.318376853848
2019-04-02 17:00:00,6377.249751893759
2019-04-02 18:00:00,6389.411200917094
2019-04-02 19:00:00,6382.9039104112335
2019-04-02 20:00:00,6338.1743405383395
2019-04-02 21:00:00,6323.062152398692
2019-04-02 22:00:00,6264.048133625857
2019-04-02 23:00:00,6232.486380159967
2019-04-03 00:00:00,6119.369539726976
2019-04-03 01:00:00,6308.153873432237
2019-04-03 02:00:00,6356.5986722521775
2019-04-03 03:00:00,6138.309674074091
2019-04-03 04:00:00,5800.961087758383
2019-04-03 05:00:00,5482.872087569893
2019-04-03 06:00:00,5284.4368414196815
2019-04-03 07:00:00,5149.6174202754255
2019-04-03 08:00:00,5066.160939869772
2019-04-03 09:00:00,5075.505557377177
2019-04-03 10:00:00,5200.998154364035
2019-04-03 11:00:00,5596.137361294737
2019-04-03 12:00:00,6138.442325681936
2019-04-03 13:00:00,6388.681316871566
2019-04-03 14:00:00,6430.61272167534
2019-04-03 15:00:00,6384.435361347836
2019-04-03 16:00:00,6350.423761849521
2019-04-03 17:00:00,6286.812030423678
2019-04-03 18:00:00,6252.027553834756
2019-04-03 19:00:00,6214.197448414857
2019-04-03 20:00:00,6148.761620667918
2019-04-03 21:00:00,6039.129973111318
2019-04-03 22:00:00,5987.358183771131
2019-04-03 23:00:00,5980.422023405501
2019-04-04 00:00:00,5969.112127043515
2019-04-04 01:00:00,6174.501980020166
2019-04-04 02:00:00,6137.73203702141
2019-04-04 03:00:00,5906.604960618296
2019-04-04 04:00:00,5556.415435894396
2019-04-04 05:00:00,5233.07492432558
2019-04-04 06:00:00,5028.800955655554
2019-04-04 07:00:00,4926.6634293911
2019-04-04 08:00:00,4861.2961170901235
2019-04-04 09:00:00,4872.974375023913
2019-04-04 10:00:00,5012.472638182366
2019-04-04 11:00:00,5423.365777110226
2019-04-04 12:00:00,6002.629294474531
2019-04-04 13:00:00,6329.169437948616
2019-04-04 14:00:00,6492.887204605089
2019-04-04 15:00:00,6568.749252320566
2019-04-04 16:00:00,6603.014993861371
2019-04-04 17:00:00,6637.013719082008
2019-04-04 18:00:00,6588.727865040474
2019-04-04 19:00:00,6609.1820076582135
2019-04-04 20:00:00,6535.106572060638
2019-04-04 21:00:00,6484.737201032696
2019-04-04 22:00:00,6441.912623459963
2019-04-04 23:00:00,6400.756275457892
2019-04-05 00:00:00,6357.761683905682
2019-04-05 01:00:00,6503.67257334492
2019-04-05 02:00:00,6448.226793031441
2019-04-05 03:00:00,6216.515817279875
2019-04-05 04:00:00,5869.826467177236
2019-04-05 05:00:00,5512.63653299643
2019-04-05 06:00:00,5279.763027306418
2019-04-05 07:00:00,5147.27610251528
2019-04-05 08:00:00,5042.803731536794
2019-04-05 09:00:00,5037.553876051982
2019-04-05 10:00:00,5147.870509273466
2019-04-05 11:00:00,5541.8396594679225
2019-04-05 12:00:00,6062.698817920334
2019-04-05 13:00:00,6368.201981048488
2019-04-05 14:00:00,6508.744794984955
2019-04-05 15:00:00,6552.315558582772
2019-04-05 16:00:00,6511.104544218904
2019-04-05 17:00:00,6421.953121294876
2019-04-05 18:00:00,6283.440593106692
2019-04-05 19:00:00,6252.021462577757
2019-04-05 20:00:00,6157.509773906806
2019-04-05 21:00:00,6026.678153096926
2019-04-05 22:00:00,5964.479295664201
2019-04-05 23:00:00,5934.356917747343
2019-04-06 00:00:00,5920.424028870706
2019-04-06 01:00:00,6083.447431822771
2019-04-06 02:00:00,6060.101874972791
2019-04-06 03:00:00,5885.003785766212
2019-04-06 04:00:00,5596.683596546985
2019-04-06 05:00:00,5252.3310481258095
2019-04-06 06:00:00,5046.299540615329
2019-04-06 07:00:00,4879.3780895761
2019-04-06 08:00:00,4804.087499070535
2019-04-06 09:00:00,4714.793349896761
2019-04-06 10:00:00,4791.834283624082
2019-04-06 11:00:00,4944.1687282545145
2019-04-06 12:00:00,5134.358306223239
2019-04-06 13:00:00,5253.136498820583
2019-04-06 14:00:00,5426.58332589716
2019-04-06 15:00:00,5485.122405696765
2019-04-06 16:00:00,5487.963306206661
2019-04-06 17:00:00,5435.952199912357
2019-04-06 18:00:00,5402.91200300643
2019-04-06 19:00:00,5274.125216352852
2019-04-06 20:00:00,5211.165683074334
2019-04-06 21:00:00,5161.451118300132
2019-04-06 22:00:00,5141.6876136066885
2019-04-06 23:00:00,5145.081670919917
2019-04-07 00:00:00,5137.263237979604
2019-04-07 01:00:00,5354.468664711837
2019-04-07 02:00:00,5438.513108936758
2019-04-07 03:00:00,5320.6131303400325
2019-04-07 04:00:00,5117.501571179688
2019-04-07 05:00:00,4862.445791257921
2019-04-07 06:00:00,4697.270016825812
2019-04-07 07:00:00,4545.522632798909
2019-04-07 08:00:00,4482.48850931645
2019-04-07 09:00:00,4433.464718620225
2019-04-07 10:00:00,4435.218734919307
2019-04-07 11:00:00,4511.677094014588
2019-04-07 12:00:00,4587.58106055683
2019-04-07 13:00:00,4617.312835186951
2019-04-07 14:00:00,4825.167544669256
2019-04-07 15:00:00,4986.836839085923
2019-04-07 16:00:00,5089.545504753343
2019-04-07 17:00:00,5104.392520980056
2019-04-07 18:00:00,5134.008764772802
2019-04-07 19:00:00,5123.969928974298
2019-04-07 20:00:00,5122.636636120414
2019-04-07 21:00:00,5161.036156583869
2019-04-07 22:00:00,5207.209520904455
2019-04-07 23:00:00,5274.350967597979
2019-04-08 00:00:00,5290.594082396671
2019-04-08 01:00:00,5407.006268586943
2019-04-08 02:00:00,5453.699188718377
2019-04-08 03:00:00,5292.0244319088815
2019-04-08 04:00:00,5014.787100327951
2019-04-08 05:00:00,4763.817652415239
2019-04-08 06:00:00,4546.7034076952295
2019-04-08 07:00:00,4473.7457952578425
2019-04-08 08:00:00,4470.243663669154
2019-04-08 09:00:00,4470.831476952464
2019-04-08 10:00:00,4636.00914813762
2019-04-08 11:00:00,5022.394411027394
2019-04-08 12:00:00,5596.210947716075
2019-04-08 13:00:00,5930.288516633032
2019-04-08 14:00:00,6076.413989666202
2019-04-08 15:00:00,6144.891595874293
2019-04-08 16:00:00,6231.350654228181
2019-04-08 17:00:00,6270.93459353202
2019-04-08 18:00:00,6273.022488054478
2019-04-08 19:00:00,6304.282002580338
2019-04-08 20:00:00,6272.813382971451
2019-04-08 21:00:00,6223.062660482466
2019-04-08 22:00:00,6154.140295293052
2019-04-08 23:00:00,6081.46162536737
2019-04-09 00:00:00,5986.503696983107
2019-04-09 01:00:00,6096.297191637987
2019-04-09 02:00:00,6168.085289268568
2019-04-09 03:00:00,5914.772295663563
2019-04-09 04:00:00,5499.213260813728
2019-04-09 05:00:00,5147.857021251804
2019-04-09 06:00:00,4870.042293475721
2019-04-09 07:00:00,4704.285871271807
2019-04-09 08:00:00,4595.729998360239
2019-04-09 09:00:00,4555.460543098427
2019-04-09 10:00:00,4679.202164612512
2019-04-09 11:00:00,4992.0470296825215
2019-04-09 12:00:00,5462.879048013549
2019-04-09 13:00:00,5778.246718765924
2019-04-09 14:00:00,5956.939212683916
2019-04-09 15:00:00,6036.50580540609
2019-04-09 16:00:00,6103.392340999283
2019-04-09 17:00:00,6131.941576432578
2019-04-09 18:00:00,6130.423506467511
2019-04-09 19:00:00,6144.115038575695
2019-04-09 20:00:00,6089.97182118126
2019-04-09 21:00:00,6030.74973396112
2019-04-09 22:00:00,5971.342356803171
2019-04-09 23:00:00,5921.249236753592
2019-04-10 00:00:00,5809.777669472312
2019-04-10 01:00:00,5929.9610549852
2019-04-10 02:00:00,5995.328999537192
2019-04-10 03:00:00,5772.952465062402
2019-04-10 04:00:00,5468.279150044429
2019-04-10 05:00:00,5161.2785472174155
2019-04-10 06:00:00,4987.351267426866
2019-04-10 07:00:00,4887.548405233298
2019-04-10 08:00:00,4842.021748332019
2019-04-10 09:00:00,4865.372844905183
2019-04-10 10:00:00,5049.224938367074
2019-04-10 11:00:00,5400.592227268171
2019-04-10 12:00:00,5925.100347003488
2019-04-10 13:00:00,6267.676339084658
2019-04-10 14:00:00,6467.40204170017
2019-04-10 15:00:00,6547.500762441067
2019-04-10 16:00:00,6604.190505097909
2019-04-10 17:00:00,6604.02529015516
2019-04-10 18:00:00,6643.537800129194
2019-04-10 19:00:00,6713.769027892233
2019-04-10 20:00:00,6632.07513644262
2019-04-10 21:00:00,6577.068971522476
2019-04-10 22:00:00,6578.000786913979
2019-04-10 23:00:00,6593.364698299493
2019-04-11 00:00:00,6489.711415194568
2019-04-11 01:00:00,6601.135141422844
2019-04-11 02:00:00,6558.529817802499
2019-04-11 03:00:00,6307.557419385049
2019-04-11 04:00:00,5970.788246446303
2019-04-11 05:00:00,5645.697963692363
2019-04-11 06:00:00,5430.914770180294
2019-04-11 07:00:00,5312.436160993578
2019-04-11 08:00:00,5217.885863932031
2019-04-11 09:00:00,5203.883660087424
2019-04-11 10:00:00,5359.1397992850825
2019-04-11 11:00:00,5728.014554767363
2019-04-11 12:00:00,6268.119653918697
2019-04-11 13:00:00,6567.146659124733
2019-04-11 14:00:00,6690.56262755143
2019-04-11 15:00:00,6685.656711571477
2019-04-11 16:00:00,6614.262686032134
2019-04-11 17:00:00,6521.207832347422
2019-04-11 18:00:00,6482.709339965564
2019-04-11 19:00:00,6430.668449814549
2019-04-11 20:00:00,6310.075432913105
2019-04-11 21:00:00,6217.356909125473
2019-04-11 22:00:00,6164.498630711777
2019-04-11 23:00:00,6136.1474418053795
2019-04-12 00:00:00,6096.089174538601
2019-04-12 01:00:00,6253.883930435719
2019-04-12 02:00:00,6241.628998879366
2019-04-12 03:00:00,5995.9058839100935
2019-04-12 04:00:00,5642.793942046378
2019-04-12 05:00:00,5325.869278227806
2019-04-12 06:00:00,5076.065431187044
2019-04-12 07:00:00,4935.403795088793
2019-04-12 08:00:00,4842.606791753739
2019-04-12 09:00:00,4811.676474490532
2019-04-12 10:00:00,4954.091765601573
2019-04-12 11:00:00,5344.556736918335
2019-04-12 12:00:00,5902.702835069103
2019-04-12 13:00:00,6250.444552183118
2019-04-12 14:00:00,6319.580563518783
2019-04-12 15:00:00,6365.091402532288
2019-04-12 16:00:00,6398.637207750963
2019-04-12 17:00:00,6366.7900814816585
2019-04-12 18:00:00,6301.837968626875
2019-04-12 19:00:00,6297.086160806005
2019-04-12 20:00:00,6208.947303851459
2019-04-12 21:00:00,6111.843178707272
2019-04-12 22:00:00,6078.620007383565
2019-04-12 23:00:00,6027.367188826381
2019-04-13 00:00:00,5981.6357581528555
2019-04-13 01:00:00,6072.349761446401
2019-04-13 02:00:00,6145.306320132095
2019-04-13 03:00:00,5994.137145194508
2019-04-13 04:00:00,5688.303467955858
2019-04-13 05:00:00,5392.978443522617
2019-04-13 06:00:00,5170.608020807643
2019-04-13 07:00:00,5042.206585024206
2019-04-13 08:00:00,4963.416271505249
2019-04-13 09:00:00,4939.488049701656
2019-04-13 10:00:00,4997.856728870008
2019-04-13 11:00:00,5158.364650412714
2019-04-13 12:00:00,5318.220913965539
2019-04-13 13:00:00,5476.3542530573695
2019-04-13 14:00:00,5591.37043215228
2019-04-13 15:00:00,5654.6890303580285
2019-04-13 16:00:00,5651.2929558629885
2019-04-13 17:00:00,5603.965022906622
2019-04-13 18:00:00,5501.421378891592
2019-04-13 19:00:00,5376.922712938621
2019-04-13 20:00:00,5273.790402417599
2019-04-13 21:00:00,5173.625806976002
2019-04-13 22:00:00,5138.342727802478
2019-04-13 23:00:00,5116.734730254342
2019-04-14 00:00:00,5131.557295341004
2019-04-14 01:00:00,5306.027930362709
2019-04-14 02:00:00,5495.1248815156705
2019-04-14 03:00:00,5423.917943479143
2019-04-14 04:00:00,5259.909546243264
2019-04-14 05:00:00,5031.699828971842
2019-04-14 06:00:00,4884.038927489953
2019-04-14 07:00:00,4780.15027521677
2019-04-14 08:00:00,4707.77885027437
2019-04-14 09:00:00,4713.616458828109
2019-04-14 10:00:00,4748.053935580938
2019-04-14 11:00:00,4846.113589957067
2019-04-14 12:00:00,4993.886905891661
2019-04-14 13:00:00,5103.100191391389
2019-04-14 14:00:00,5363.623520299057
2019-04-14 15:00:00,5579.711172866263
2019-04-14 16:00:00,5742.791349459719
2019-04-14 17:00:00,5841.0074575859535
2019-04-14 18:00:00,5907.934245090996
2019-04-14 19:00:00,5839.538681681157
2019-04-14 20:00:00,5809.848151109138
2019-04-14 21:00:00,5738.635301841806
2019-04-14 22:00:00,5795.714320323049
2019-04-14 23:00:00,5845.664692882155
2019-04-15 00:00:00,5905.6414998468745
2019-04-15 01:00:00,6048.441892104066
2019-04-15 02:00:00,6086.377345653198
2019-04-15 03:00:00,5920.621224521197
2019-04-15 04:00:00,5676.652246279774
2019-04-15 05:00:00,5410.5118625026225
2019-04-15 06:00:00,5226.083426597273
2019-04-15 07:00:00,5136.202909285365
2019-04-15 08:00:00,5102.93837955914
2019-04-15 09:00:00,5129.788867966593
2019-04-15 10:00:00,5307.225203999812
2019-04-15 11:00:00,5740.304380558329
2019-04-15 12:00:00,6166.70995069338
2019-04-15 13:00:00,6452.758849435499
2019-04-15 14:00:00,6507.154847571308
2019-04-15 15:00:00,6482.657053674495
2019-04-15 16:00:00,6472.206929974967
2019-04-15 17:00:00,6422.846646865342
2019-04-15 18:00:00,6367.978955212413
2019-04-15 19:00:00,6340.540894379179
2019-04-15 20:00:00,6229.232758584969
2019-04-15 21:00:00,6114.00647535391
2019-04-15 22:00:00,6037.486062258617
2019-04-15 23:00:00,6014.3701760682425
2019-04-16 00:00:00,6008.443123469861
2019-04-16 01:00:00,6201.354425395049
2019-04-16 02:00:00,6221.201915127152
2019-04-16 03:00:00,5997.65923785097
2019-04-16 04:00:00,5643.382508009469
2019-04-16 05:00:00,5318.2924962202505
2019-04-16 06:00:00,5116.93570603877
2019-04-16 07:00:00,4994.955085692129
2019-04-16 08:00:00,4900.988718086225
2019-04-16 09:00:00,4881.734400717468
2019-04-16 10:00:00,5007.226094488588
2019-04-16 11:00:00,5366.181214736417
2019-04-16 12:00:00,5830.994385674557
2019-04-16 13:00:00,6111.346258024592
2019-04-16 14:00:00,6413.384018317581
2019-04-16 15:00:00,6201.6970364396775
2019-04-16 16:00:00,6250.579327769399
2019-04-16 17:00:00,6276.314946648264
2019-04-16 18:00:00,6274.912670005513
2019-04-16 19:00:00,6315.288527148251
2019-04-16 20:00:00,6249.145283939133
2019-04-16 21:00:00,6228.534638969292
2019-04-16 22:00:00,6144.79890812157
2019-04-16 23:00:00,6029.394562069654
2019-04-17 00:00:00,5910.75555096603
2019-04-17 01:00:00,6014.590632953414
2019-04-17 02:00:00,6048.443788857113
2019-04-17 03:00:00,5791.633089420525
2019-04-17 04:00:00,5435.018925646546
2019-04-17 05:00:00,5128.015432529178
2019-04-17 06:00:00,4908.564566770853
2019-04-17 07:00:00,4767.904737104075
2019-04-17 08:00:00,4691.446317794413
2019-04-17 09:00:00,4681.5254180579295
2019-04-17 10:00:00,4810.518219773239
2019-04-17 11:00:00,5172.38898304286
2019-04-17 12:00:00,5659.731629551785
2019-04-17 13:00:00,6011.056770761912
2019-04-17 14:00:00,6157.679257212254
2019-04-17 15:00:00,6204.011041497774
2019-04-17 16:00:00,6244.999351956529
2019-04-17 17:00:00,6248.006594130452
2019-04-17 18:00:00,6259.046061457394
2019-04-17 19:00:00,6331.075608530021
2019-04-17 20:00:00,6330.755369221238
2019-04-17 21:00:00,6280.361039972702
2019-04-17 22:00:00,6225.67903654571
2019-04-17 23:00:00,6172.7784233081575
2019-04-18 00:00:00,6053.296776406658
2019-04-18 01:00:00,6155.832103929304
2019-04-18 02:00:00,6208.944364245163
2019-04-18 03:00:00,5974.311573497605
2019-04-18 04:00:00,5584.430200457385
2019-04-18 05:00:00,5248.246944048903
2019-04-18 06:00:00,4987.940465640972
2019-04-18 07:00:00,4818.099457645095
2019-04-18 08:00:00,4700.203031696933
2019-04-18 09:00:00,4680.361081688012
2019-04-18 10:00:00,4777.2554061569135
2019-04-18 11:00:00,5080.764204161821
2019-04-18 12:00:00,5500.6993404849
2019-04-18 13:00:00,5819.83862381106
2019-04-18 14:00:00,5980.209217514682
2019-04-18 15:00:00,6118.945077117282
2019-04-18 16:00:00,6197.315820130773
2019-04-18 17:00:00,6190.476066439524
2019-04-18 18:00:00,6213.135557926684
2019-04-18 19:00:00,6218.173952098983
2019-04-18 20:00:00,6143.675127505305
2019-04-18 21:00:00,6080.795524816139
2019-04-18 22:00:00,6067.750915963316
2019-04-18 23:00:00,6055.0831356737035
2019-04-19 00:00:00,6011.785442294249
2019-04-19 01:00:00,6090.463406697532
2019-04-19 02:00:00,6075.8676390960945
2019-04-19 03:00:00,5865.167676552386
2019-04-19 04:00:00,5481.124514209729
2019-04-19 05:00:00,5184.627114786517
2019-04-19 06:00:00,4966.343535902848
2019-04-19 07:00:00,4840.277426548506
2019-04-19 08:00:00,4750.399799526955
2019-04-19 09:00:00,4751.569404655334
2019-04-19 10:00:00,4875.306871377033
2019-04-19 11:00:00,5160.134232129654
2019-04-19 12:00:00,5496.547214670415
2019-04-19 13:00:00,5758.128353513556
2019-04-19 14:00:00,5923.358063642512
2019-04-19 15:00:00,5970.144401967827
2019-04-19 16:00:00,5977.383367213546
2019-04-19 17:00:00,5927.335009415635
2019-04-19 18:00:00,5877.1400781242755
2019-04-19 19:00:00,5818.189847968384
2019-04-19 20:00:00,5746.797330521562
2019-04-19 21:00:00,5638.964219883342
2019-04-19 22:00:00,5595.486427613249
2019-04-19 23:00:00,5561.368360159067
2019-04-20 00:00:00,5511.189939220879
2019-04-20 01:00:00,5587.9613854855925
2019-04-20 02:00:00,5751.961292493551
2019-04-20 03:00:00,5648.650819202493
2019-04-20 04:00:00,5397.097110655034
2019-04-20 05:00:00,5109.941558877636
2019-04-20 06:00:00,4892.241819128039
2019-04-20 07:00:00,4771.427492118744
2019-04-20 08:00:00,4679.795457404623
2019-04-20 09:00:00,4640.108606882043
2019-04-20 10:00:00,4700.809511438794
2019-04-20 11:00:00,4879.404463475601
2019-04-20 12:00:00,4979.132562297485
2019-04-20 13:00:00,5130.106172876492
2019-04-20 14:00:00,5235.2028672729075
2019-04-20 15:00:00,5333.7211692689425
2019-04-20 16:00:00,5335.987492253579
2019-04-20 17:00:00,5347.782299746421
2019-04-20 18:00:00,5277.742889442081
2019-04-20 19:00:00,5192.524926153924
2019-04-20 20:00:00,5223.543722639859
2019-04-20 21:00:00,5107.536266105574
2019-04-20 22:00:00,5020.770766796105
2019-04-20 23:00:00,5023.012309620267
2019-04-21 00:00:00,4983.623971259712
2019-04-21 01:00:00,5114.030449997945
2019-04-21 02:00:00,5290.8767749228955
2019-04-21 03:00:00,5215.000779709318
2019-04-21 04:00:00,5014.807121610106
2019-04-21 05:00:00,4785.433098075957
2019-04-21 06:00:00,4617.925790720847
2019-04-21 07:00:00,4482.52057347509
2019-04-21 08:00:00,4408.9834874463595
2019-04-21 09:00:00,4343.616385895722
2019-04-21 10:00:00,4375.718656648221
2019-04-21 11:00:00,4465.021386371492
2019-04-21 12:00:00,4478.723315718902
2019-04-21 13:00:00,4566.710610634402
2019-04-21 14:00:00,4698.626506967918
2019-04-21 15:00:00,4785.779992591248
2019-04-21 16:00:00,4817.735671737175
2019-04-21 17:00:00,4918.510002217133
2019-04-21 18:00:00,4890.855233551547
2019-04-21 19:00:00,4945.814187292976
2019-04-21 20:00:00,4914.354861558772
2019-04-21 21:00:00,4919.93555308578
2019-04-21 22:00:00,4947.37718330261
2019-04-21 23:00:00,4974.848147540281
2019-04-22 00:00:00,4996.478574958094
2019-04-22 01:00:00,5096.508351321835
2019-04-22 02:00:00,5262.266128349352
2019-04-22 03:00:00,5167.123923426489
2019-04-22 04:00:00,4944.168005681925
2019-04-22 05:00:00,4689.69531221445
2019-04-22 06:00:00,4498.25963251979
2019-04-22 07:00:00,4385.034040072962
2019-04-22 08:00:00,4322.586043871105
2019-04-22 09:00:00,4329.011224850625
2019-04-22 10:00:00,4465.010487568274
2019-04-22 11:00:00,4814.625596708951
2019-04-22 12:00:00,5235.540239938475
2019-04-22 13:00:00,5629.473224906546
2019-04-22 14:00:00,5912.80537701932
2019-04-22 15:00:00,6088.50532655232
2019-04-22 16:00:00,6231.753945252696
2019-04-22 17:00:00,6330.228642800197
2019-04-22 18:00:00,6407.064181106525
2019-04-22 19:00:00,6528.473653183735
2019-04-22 20:00:00,6543.220409015589
2019-04-22 21:00:00,6541.8628108159
2019-04-22 22:00:00,6524.12138185494
2019-04-22 23:00:00,6423.3073540028545
2019-04-23 00:00:00,6363.710924125154
2019-04-23 01:00:00,6330.342500281337
2019-04-23 02:00:00,6273.732925527383
2019-04-23 03:00:00,6004.663561242733
2019-04-23 04:00:00,5583.847324753432
2019-04-23 05:00:00,5257.58490786705
2019-04-23 06:00:00,4989.106789085509
2019-04-23 07:00:00,4802.9259927765925
2019-04-23 08:00:00,4683.277898890261
2019-04-23 09:00:00,4637.174116758553
2019-04-23 10:00:00,4705.468542921173
2019-04-23 11:00:00,5007.809722872321
2019-04-23 12:00:00,5458.97902996774
2019-04-23 13:00:00,5798.934455225531
2019-04-23 14:00:00,5990.827724663651
2019-04-23 15:00:00,6039.2736244584485
2019-04-23 16:00:00,6100.172903944829
2019-04-23 17:00:00,6126.241038354892
2019-04-23 18:00:00,6108.866972686717
2019-04-23 19:00:00,6161.942862148502
2019-04-23 20:00:00,6139.097060822853
2019-04-23 21:00:00,6070.671404234882
2019-04-23 22:00:00,5988.145848615274
2019-04-23 23:00:00,5897.088107700744
2019-04-24 00:00:00,5750.035322363535
2019-04-24 01:00:00,5795.1525326441615
2019-04-24 02:00:00,5931.722537867705
2019-04-24 03:00:00,5714.597364237286
2019-04-24 04:00:00,5362.06676261077
2019-04-24 05:00:00,5015.963208609632
2019-04-24 06:00:00,4797.095429305596
2019-04-24 07:00:00,4655.852182005424
2019-04-24 08:00:00,4565.3872234156215
2019-04-24 09:00:00,4558.3868741730985
2019-04-24 10:00:00,4685.04471074561
2019-04-24 11:00:00,5046.914811657024
2019-04-24 12:00:00,5445.285545977846
2019-04-24 13:00:00,5797.562258769694
2019-04-24 14:00:00,5931.158882902042
2019-04-24 15:00:00,6008.005748763879
2019-04-24 16:00:00,6069.011857147675
2019-04-24 17:00:00,6088.778884382491
2019-04-24 18:00:00,6064.163092473471
2019-04-24 19:00:00,6089.881332632329
2019-04-24 20:00:00,6033.479797609547
2019-04-24 21:00:00,5961.398279676072
2019-04-24 22:00:00,5900.131220518877
2019-04-24 23:00:00,5846.617994562886
2019-04-25 00:00:00,5785.888493321099
2019-04-25 01:00:00,5851.1775456914565
2019-04-25 02:00:00,5892.611397537568
2019-04-25 03:00:00,5675.488602375253
2019-04-25 04:00:00,5335.800625159639
2019-04-25 05:00:00,5014.7924293007945
2019-04-25 06:00:00,4783.0855180200415
2019-04-25 07:00:00,4647.096582068978
2019-04-25 08:00:00,4566.553065145099
2019-04-25 09:00:00,4555.468160217803
2019-04-25 10:00:00,4676.290435525577
2019-04-25 11:00:00,5022.404948544318
2019-04-25 12:00:00,5418.444119834947
2019-04-25 13:00:00,5753.953079024588
2019-04-25 14:00:00,5919.479378961026
2019-04-25 15:00:00,6061.781341765164
2019-04-25 16:00:00,6132.695727484693
2019-04-25 17:00:00,6167.880309596422
2019-04-25 18:00:00,6194.26884271769
2019-04-25 19:00:00,6242.162288432074
2019-04-25 20:00:00,6212.377823719168
2019-04-25 21:00:00,6127.198764413901
2019-04-25 22:00:00,6019.667279352664
2019-04-25 23:00:00,5937.647388516372
2019-04-26 00:00:00,5821.191846246693
2019-04-26 01:00:00,5886.7834834994
2019-04-26 02:00:00,5960.9005850489175
2019-04-26 03:00:00,5763.037225477868
2019-04-26 04:00:00,5409.926036293931
2019-04-26 05:00:00,5075.494989753061
2019-04-26 06:00:00,4833.865432518736
2019-04-26 07:00:00,4680.946636931982
2019-04-26 08:00:00,4581.144617739768
2019-04-26 09:00:00,4558.388831140527
2019-04-26 10:00:00,4670.455657047813
2019-04-26 11:00:00,5044.583369055596
2019-04-26 12:00:00,5486.876091457667
2019-04-26 13:00:00,5839.236752667278
2019-04-26 14:00:00,5986.4705271196435
2019-04-26 15:00:00,6086.175216916815
2019-04-26 16:00:00,6158.074902116826
2019-04-26 17:00:00,6155.522989295001
2019-04-26 18:00:00,6119.335952107388
2019-04-26 19:00:00,6124.585807592199
2019-04-26 20:00:00,6048.519445924922
2019-04-26 21:00:00,5954.454245953366
2019-04-26 22:00:00,5866.922072989542
2019-04-26 23:00:00,5765.73411473317
2019-04-27 00:00:00,5639.418924090381
2019-04-27 01:00:00,5639.881911887532
2019-04-27 02:00:00,5758.949538645207
2019-04-27 03:00:00,5608.365316807765
2019-04-27 04:00:00,5311.2866674689285
2019-04-27 05:00:00,5029.966646849077
2019-04-27 06:00:00,4761.489431283272
2019-04-27 07:00:00,4640.673388164078
2019-04-27 08:00:00,4522.197067123895
2019-04-27 09:00:00,4509.940419457641
2019-04-27 10:00:00,4566.557521009398
2019-04-27 11:00:00,4737.5662072734185
2019-04-27 12:00:00,4875.778017225109
2019-04-27 13:00:00,5132.400944562053
2019-04-27 14:00:00,5399.478467580903
2019-04-27 15:00:00,5609.181560616242
2019-04-27 16:00:00,5753.518829594192
2019-04-27 17:00:00,5900.379344866943
2019-04-27 18:00:00,5868.3694922935
2019-04-27 19:00:00,5814.34756346158
2019-04-27 20:00:00,5802.388370461845
2019-04-27 21:00:00,5799.421379963756
2019-04-27 22:00:00,5851.860348234438
2019-04-27 23:00:00,5884.1100508249765
2019-04-28 00:00:00,5914.820030276914
2019-04-28 01:00:00,5999.397959696918
2019-04-28 02:00:00,6027.993703210814
2019-04-28 03:00:00,5878.577611249382
2019-04-28 04:00:00,5608.34728260023
2019-04-28 05:00:00,5317.107295566824
2019-04-28 06:00:00,5110.4952607133055
2019-04-28 07:00:00,4938.9046019610705
2019-04-28 08:00:00,4849.609368928412
2019-04-28 09:00:00,4804.087017355476
2019-04-28 10:00:00,4844.945640724204
2019-04-28 11:00:00,4890.004751649133
2019-04-28 12:00:00,4900.337197641082
2019-04-28 13:00:00,4931.9888310223405
2019-04-28 14:00:00,5082.329001208072
2019-04-28 15:00:00,5142.6190393644765
2019-04-28 16:00:00,5212.5049686381035
2019-04-28 17:00:00,5231.615021557403
2019-04-28 18:00:00,5203.596463488323
2019-04-28 19:00:00,5137.641669083138
2019-04-28 20:00:00,5086.219694274115
2019-04-28 21:00:00,5091.3713667602615
2019-04-28 22:00:00,5087.3591497537955
2019-04-28 23:00:00,5146.321825792044
2019-04-29 00:00:00,5202.083063493553
2019-04-29 01:00:00,5389.49976543588
2019-04-29 02:00:00,5533.079272488074
2019-04-29 03:00:00,5415.176885316052
2019-04-29 04:00:00,5200.392005801275
2019-04-29 05:00:00,4958.176742787024
2019-04-29 06:00:00,4815.767804293329
2019-04-29 07:00:00,4721.218019054031
2019-04-29 08:00:00,4682.698064012621
2019-04-29 09:00:00,4732.894861949835
2019-04-29 10:00:00,4931.341518725515
2019-04-29 11:00:00,5359.748175779991
2019-04-29 12:00:00,5971.6690678032
2019-04-29 13:00:00,6399.441881053622
2019-04-29 14:00:00,6566.2391258664875
2019-04-29 15:00:00,6629.639954027342
2019-04-29 16:00:00,6685.480692531822
2019-04-29 17:00:00,6654.532024252026
2019-04-29 18:00:00,6574.2616678680815
2019-04-29 19:00:00,6482.088509979711
2019-04-29 20:00:00,6355.065321199651
2019-04-29 21:00:00,6233.032871661655
2019-04-29 22:00:00,6180.7345508896615
2019-04-29 23:00:00,6171.239358403007
2019-04-30 00:00:00,6106.03041471905
2019-04-30 01:00:00,6138.322228772827
2019-04-30 02:00:00,6159.334024767656
2019-04-30 03:00:00,5913.029900740286
2019-04-30 04:00:00,5549.996788175369
2019-04-30 05:00:00,5224.319715782619
2019-04-30 06:00:00,5000.780290083088
2019-04-30 07:00:00,4847.866040682207
2019-04-30 08:00:00,4764.406067842374
2019-04-30 09:00:00,4772.581531829267
2019-04-30 10:00:00,4921.418180306545
2019-04-30 11:00:00,5345.7354344184605
2019-04-30 12:00:00,5879.295421585064
2019-04-30 13:00:00,6259.025874555289
2019-04-30 14:00:00,6398.211226064806
2019-04-30 15:00:00,6487.074086165055
2019-04-30 16:00:00,6565.810093834408
2019-04-30 17:00:00,6566.107044928183
2019-04-30 18:00:00,6547.200681578238
2019-04-30 19:00:00,6586.568029746899
2019-04-30 20:00:00,6616.562244404125
2019-04-30 21:00:00,6601.142113299988
2019-04-30 22:00:00,6513.139371030413
2019-04-30 23:00:00,6419.636094534453
2019-05-01 00:00:00,6333.900038694488
2019-05-01 01:00:00,6345.519638227168
2019-05-01 02:00:00,6347.271848094778
2019-05-01 03:00:00,6105.6341920260165
2019-05-01 04:00:00,5776.448364462512
2019-05-01 05:00:00,5471.1959070322955
2019-05-01 06:00:00,5238.903440507573
2019-05-01 07:00:00,5085.405683151724
2019-05-01 08:00:00,4971.593692459572
2019-05-01 09:00:00,4963.424882161936
2019-05-01 10:00:00,5066.735566203332
2019-05-01 11:00:00,5386.582556840145
2019-05-01 12:00:00,5843.8912574687065
2019-05-01 13:00:00,6149.208464176094
2019-05-01 14:00:00,6211.701903100952
2019-05-01 15:00:00,6281.8799053654675
2019-05-01 16:00:00,6339.768308338238
2019-05-01 17:00:00,6332.759000524892
2019-05-01 18:00:00,6252.405431286995
2019-05-01 19:00:00,6218.310787584546
2019-05-01 20:00:00,6140.001966542147
2019-05-01 21:00:00,6074.970635843175
2019-05-01 22:00:00,6034.222487075695
2019-05-01 23:00:00,5976.974181929275
2019-05-02 00:00:00,5887.469633063252
2019-05-02 01:00:00,5959.725650947694
2019-05-02 02:00:00,6076.454097555801
2019-05-02 03:00:00,5870.420964256995
2019-05-02 04:00:00,5523.727941077029
2019-05-02 05:00:00,5189.294516068052
2019-05-02 06:00:00,4960.504813383035
2019-05-02 07:00:00,4827.432303240736
2019-05-02 08:00:00,4753.311137220405
2019-05-02 09:00:00,4745.1425075659145
2019-05-02 10:00:00,4886.393793486141
2019-05-02 11:00:00,5266.942501573868
2019-05-02 12:00:00,5770.684949620549
2019-05-02 13:00:00,6204.61401031065
2019-05-02 14:00:00,6437.129248206483
2019-05-02 15:00:00,6521.056471073402
2019-05-02 16:00:00,6559.289761816071
2019-05-02 17:00:00,6487.123962513736
2019-05-02 18:00:00,6458.500417095102
2019-05-02 19:00:00,6487.918916437238
2019-05-02 20:00:00,6432.035193360975
2019-05-02 21:00:00,6367.108799312065
2019-05-02 22:00:00,6318.478685188835
2019-05-02 23:00:00,6250.788836892383
2019-05-03 00:00:00,6146.080495599709
2019-05-03 01:00:00,6179.177991958389
2019-05-03 02:00:00,6246.880871545987
2019-05-03 03:00:00,6018.085117315536
2019-05-03 04:00:00,5646.29610374226
2019-05-03 05:00:00,5287.350105973369
2019-05-03 06:00:00,5071.9826217193595
2019-05-03 07:00:00,4914.399435570192
2019-05-03 08:00:00,4836.774301422506
2019-05-03 09:00:00,4815.184958696568
2019-05-03 10:00:00,4950.0092873129925
2019-05-03 11:00:00,5312.140964390369
2019-05-03 12:00:00,5758.708386150317
2019-05-03 13:00:00,6050.579460474375
2019-05-03 14:00:00,6133.18971306677
2019-05-03 15:00:00,6151.604464180098
2019-05-03 16:00:00,6182.457355647575
2019-05-03 17:00:00,6168.866580375593
2019-05-03 18:00:00,6134.088770467146
2019-05-03 19:00:00,6101.049266026617
2019-05-03 20:00:00,6018.57414992586
2019-05-03 21:00:00,5906.993210409243
2019-05-03 22:00:00,5850.321016096157
2019-05-03 23:00:00,5803.6763961371935
2019-05-04 00:00:00,5750.131371495439
2019-05-04 01:00:00,5814.395650137789
2019-05-04 02:00:00,5902.526155407043
2019-05-04 03:00:00,5723.926777613127
2019-05-04 04:00:00,5464.7841839672465
2019-05-04 05:00:00,5149.029275813011
2019-05-04 06:00:00,4939.49687110868
2019-05-04 07:00:00,4800.586571769494
2019-05-04 08:00:00,4714.790971428656
2019-05-04 09:00:00,4671.016403966225
2019-05-04 10:00:00,4724.128212674214
2019-05-04 11:00:00,4841.6167445844485
2019-05-04 12:00:00,4989.834667192415
2019-05-04 13:00:00,5163.582823896711
2019-05-04 14:00:00,5296.632378000997
2019-05-04 15:00:00,5356.859969372845
2019-05-04 16:00:00,5365.945977337105
2019-05-04 17:00:00,5353.016047883933
2019-05-04 18:00:00,5294.0676843738975
2019-05-04 19:00:00,5242.101743323431
2019-05-04 20:00:00,5169.268212558889
2019-05-04 21:00:00,5141.023279122216
2019-05-04 22:00:00,5116.080657199426
2019-05-04 23:00:00,5095.768932901069
2019-05-05 00:00:00,5048.819680770755
2019-05-05 01:00:00,5093.586536325844
2019-05-05 02:00:00,5287.359047809158
2019-05-05 03:00:00,5218.484515804177
2019-05-05 04:00:00,4993.775755940987
2019-05-05 05:00:00,4774.90490570345
2019-05-05 06:00:00,4555.454672196141
2019-05-05 07:00:00,4477.829839120367
2019-05-05 08:00:00,4378.028542500742
2019-05-05 09:00:00,4356.435556804667
2019-05-05 10:00:00,4366.3587145804895
2019-05-05 11:00:00,4437.268903407115
2019-05-05 12:00:00,4423.958441195358
2019-05-05 13:00:00,4527.473012909237
2019-05-05 14:00:00,4700.038207137552
2019-05-05 15:00:00,4832.953477972883
2019-05-05 16:00:00,4985.750341490694
2019-05-05 17:00:00,5037.033726691564
2019-05-05 18:00:00,5074.551115094787
2019-05-05 19:00:00,5094.77362695863
2019-05-05 20:00:00,5146.750687166289
2019-05-05 21:00:00,5153.092679502295
2019-05-05 22:00:00,5170.726040701498
2019-05-05 23:00:00,5199.20310059624
2019-05-06 00:00:00,5215.020198823681
2019-05-06 01:00:00,5266.35450764741
2019-05-06 02:00:00,5435.028288983013
2019-05-06 03:00:00,5304.867688570796
2019-05-06 04:00:00,5037.550895440052
2019-05-06 05:00:00,4787.747409685585
2019-05-06 06:00:00,4606.231365225376
2019-05-06 07:00:00,4462.65775918266
2019-05-06 08:00:00,4407.794493286839
2019-05-06 09:00:00,4398.461406833669
2019-05-06 10:00:00,4546.132695296526
2019-05-06 11:00:00,4891.891921133018
2019-05-06 12:00:00,5378.819908733396
2019-05-06 13:00:00,5815.005067750142
2019-05-06 14:00:00,6051.764485583335
2019-05-06 15:00:00,6171.511194607468
2019-05-06 16:00:00,6269.349235033943
2019-05-06 17:00:00,6259.047139455719
2019-05-06 18:00:00,6201.827201156204
2019-05-06 19:00:00,6160.239258266983
2019-05-06 20:00:00,6091.72934840933
2019-05-06 21:00:00,5996.210262220471
2019-05-06 22:00:00,5930.888480230373
2019-05-06 23:00:00,5871.201728457776
2019-05-07 00:00:00,5782.192974955954
2019-05-07 01:00:00,5838.930863505496
2019-05-07 02:00:00,5959.7462141592905
2019-05-07 03:00:00,5741.451766579595
2019-05-07 04:00:00,5387.753095291452
2019-05-07 05:00:00,5043.3941641457395
2019-05-07 06:00:00,4837.362325456155
2019-05-07 07:00:00,4713.043638926021
2019-05-07 08:00:00,4644.173592892531
2019-05-07 09:00:00,4630.169492294878
2019-05-07 10:00:00,4773.167237609194
2019-05-07 11:00:00,5107.604817410557
2019-05-07 12:00:00,5618.867170510611
2019-05-07 13:00:00,6021.214329153224
2019-05-07 14:00:00,6188.2517120638795
2019-05-07 15:00:00,6268.567657582028
2019-05-07 16:00:00,6313.288679401568
2019-05-07 17:00:00,6302.586612839371
2019-05-07 18:00:00,6250.242158257808
2019-05-07 19:00:00,6237.0525774901635
2019-05-07 20:00:00,6168.520564472434
2019-05-07 21:00:00,6074.86309501163
2019-05-07 22:00:00,6018.637172133894
2019-05-07 23:00:00,6009.328792060577
2019-05-08 00:00:00,5964.512270907147
2019-05-08 01:00:00,6056.035052423641
2019-05-08 02:00:00,6165.759627247854
2019-05-08 03:00:00,5957.390505161748
2019-05-08 04:00:00,5608.361041586613
2019-05-08 05:00:00,5265.754380522893
2019-05-08 06:00:00,5041.631958690646
2019-05-08 07:00:00,4893.38462885624
2019-05-08 08:00:00,4781.323824387199
2019-05-08 09:00:00,4781.909289309595
2019-05-08 10:00:00,4903.313476891202
2019-05-08 11:00:00,5297.865382360846
2019-05-08 12:00:00,5788.933207916939
2019-05-08 13:00:00,6154.989951201353
2019-05-08 14:00:00,6324.844527295171
2019-05-08 15:00:00,6339.466995209538
2019-05-08 16:00:00,6331.0401094296285
2019-05-08 17:00:00,6303.223317800516
2019-05-08 18:00:00,6296.909751751695
2019-05-08 19:00:00,6270.957368950851
2019-05-08 20:00:00,6215.155631228347
2019-05-08 21:00:00,6156.856469909731
2019-05-08 22:00:00,6106.321553757831
2019-05-08 23:00:00,6058.548054428827
2019-05-09 00:00:00,5986.0102964528505
2019-05-09 01:00:00,6025.703838640448
2019-05-09 02:00:00,6132.510873689823
2019-05-09 03:00:00,5913.63442351472
2019-05-09 04:00:00,5534.83982204765
2019-05-09 05:00:00,5178.226230310304
2019-05-09 06:00:00,4964.024738321731
2019-05-09 07:00:00,4828.034236796725
2019-05-09 08:00:00,4745.736522930615
2019-05-09 09:00:00,4729.980513537264
2019-05-09 10:00:00,4835.628420760801
2019-05-09 11:00:00,5153.198382083339
2019-05-09 12:00:00,5613.297036386389
2019-05-09 13:00:00,6047.516816979578
2019-05-09 14:00:00,6284.853485594615
2019-05-09 15:00:00,6436.4849808485
2019-05-09 16:00:00,6535.279543427272
2019-05-09 17:00:00,6543.165418593125
2019-05-09 18:00:00,6470.302824772464
2019-05-09 19:00:00,6421.367198274872
2019-05-09 20:00:00,6312.037435230459
2019-05-09 21:00:00,6185.170782653509
2019-05-09 22:00:00,6070.29103465946
2019-05-09 23:00:00,5967.372898878903
2019-05-10 00:00:00,5893.026840611918
2019-05-10 01:00:00,5911.300512123614
2019-05-10 02:00:00,6000.011936129393
2019-05-10 03:00:00,5785.806951706637
2019-05-10 04:00:00,5417.51880522002
2019-05-10 05:00:00,5083.666961305776
2019-05-10 06:00:00,4814.60319695869
2019-05-10 07:00:00,4703.707662182493
2019-05-10 08:00:00,4607.98688688402
2019-05-10 09:00:00,4619.078505714957
2019-05-10 10:00:00,4743.400865322419
2019-05-10 11:00:00,5098.027167102487
2019-05-10 12:00:00,5553.267220927209
2019-05-10 13:00:00,5925.892856728689
2019-05-10 14:00:00,6032.254509176173
2019-05-10 15:00:00,6078.2932556858195
2019-05-10 16:00:00,6107.212638232153
2019-05-10 17:00:00,6088.991280409725
2019-05-10 18:00:00,6085.399821424411
2019-05-10 19:00:00,6080.559805732216
2019-05-10 20:00:00,5994.19416006214
2019-05-10 21:00:00,5898.6305207578425
2019-05-10 22:00:00,5812.702358380596
2019-05-10 23:00:00,5727.938259055788
2019-05-11 00:00:00,5638.0621842360215
2019-05-11 01:00:00,5617.703611805016
2019-05-11 02:00:00,5792.213857621093
2019-05-11 03:00:00,5692.406298705696
2019-05-11 04:00:00,5409.917877245113
2019-05-11 05:00:00,5081.908218177671
2019-05-11 06:00:00,4858.956455225495
2019-05-11 07:00:00,4679.193222776723
2019-05-11 08:00:00,4620.8274941131085
2019-05-11 09:00:00,4558.38217745127
2019-05-11 10:00:00,4601.573477816264
2019-05-11 11:00:00,4704.940351469093
2019-05-11 12:00:00,4819.500768111804
2019-05-11 13:00:00,5066.510915195148
2019-05-11 14:00:00,5263.066137511088
2019-05-11 15:00:00,5395.4843101234865
2019-05-11 16:00:00,5433.131215612053
2019-05-11 17:00:00,5439.427011928321
2019-05-11 18:00:00,5402.082299928617
2019-05-11 19:00:00,5368.089728568314
2019-05-11 20:00:00,5323.33112848019
2019-05-11 21:00:00,5324.20404461305
2019-05-11 22:00:00,5306.680904202541
2019-05-11 23:00:00,5267.768277344666
2019-05-12 00:00:00,5272.945108199476
2019-05-12 01:00:00,5314.2081211786235
2019-05-12 02:00:00,5514.393620229018
2019-05-12 03:00:00,5418.087530544104
2019-05-12 04:00:00,5214.392072035305
2019-05-12 05:00:00,4948.248557110268
2019-05-12 06:00:00,4777.237341842187
2019-05-12 07:00:00,4607.980624588249
2019-05-12 08:00:00,4532.104870232199
2019-05-12 09:00:00,4487.1667792940125
2019-05-12 10:00:00,4492.423168039317
2019-05-12 11:00:00,4531.407543031836
2019-05-12 12:00:00,4581.870190584167
2019-05-12 13:00:00,4717.191997597789
2019-05-12 14:00:00,4895.199261902698
2019-05-12 15:00:00,5001.63898126339
2019-05-12 16:00:00,5036.98174660728
2019-05-12 17:00:00,5010.77952706832
2019-05-12 18:00:00,4952.331940374356
2019-05-12 19:00:00,4930.76096301109
2019-05-12 20:00:00,4892.025112650552
2019-05-12 21:00:00,4931.245690565279
2019-05-12 22:00:00,4963.776412446761
2019-05-12 23:00:00,5014.156246407195
2019-05-13 00:00:00,5119.788124611683
2019-05-13 01:00:00,5248.264406219805
2019-05-13 02:00:00,5387.7544200078655
2019-05-13 03:00:00,5275.68756399339
2019-05-13 04:00:00,5077.242894292331
2019-05-13 05:00:00,4823.940588740205
2019-05-13 06:00:00,4689.121197703139
2019-05-13 07:00:00,4576.47739710138
2019-05-13 08:00:00,4558.385007527243
2019-05-13 09:00:00,4591.07196041517
2019-05-13 10:00:00,4747.496831632662
2019-05-13 11:00:00,5124.945436389988
2019-05-13 12:00:00,5607.844455773199
2019-05-13 13:00:00,5971.8478535775885
2019-05-13 14:00:00,6090.823298272024
2019-05-13 15:00:00,6120.627350749116
2019-05-13 16:00:00,6171.492687920049
2019-05-13 17:00:00,6166.973785993568
2019-05-13 18:00:00,6160.200837771887
2019-05-13 19:00:00,6149.434699023492
2019-05-13 20:00:00,6081.079681696289
2019-05-13 21:00:00,5999.49209945327
2019-05-13 22:00:00,5943.733014742509
2019-05-13 23:00:00,5876.241241694832
2019-05-14 00:00:00,5751.474259295918
2019-05-14 01:00:00,5734.444071182416
2019-05-14 02:00:00,5907.786759159117
2019-05-14 03:00:00,5757.200821211775
2019-05-14 04:00:00,5404.087735274796
2019-05-14 05:00:00,5041.062390365209
2019-05-14 06:00:00,4840.873850488503
2019-05-14 07:00:00,4713.055982874418
2019-05-14 08:00:00,4647.106065834209
2019-05-14 09:00:00,4648.860473526779
2019-05-14 10:00:00,4797.114998979883
2019-05-14 11:00:00,5102.833291399196
2019-05-14 12:00:00,5578.42221114603
2019-05-14 13:00:00,5911.697720842358
2019-05-14 14:00:00,6064.761680363452
2019-05-14 15:00:00,6154.943990904273
2019-05-14 16:00:00,6244.386702998134
2019-05-14 17:00:00,6287.338037042019
2019-05-14 18:00:00,6297.268613180204
2019-05-14 19:00:00,6322.073367723422
2019-05-14 20:00:00,6276.325336375155
2019-05-14 21:00:00,6186.558893155284
2019-05-14 22:00:00,6143.160530871512
2019-05-14 23:00:00,6064.952856940686
2019-05-15 00:00:00,5914.389590101491
2019-05-15 01:00:00,5862.253629211728
2019-05-15 02:00:00,5987.156967770096
2019-05-15 03:00:00,5799.800544894557
2019-05-15 04:00:00,5418.672604073015
2019-05-15 05:00:00,5031.129267109094
2019-05-15 06:00:00,4783.078894437975
2019-05-15 07:00:00,4615.574176301309
2019-05-15 08:00:00,4536.781695064584
2019-05-15 09:00:00,4519.859934263329
2019-05-15 10:00:00,4623.757136978814
2019-05-15 11:00:00,4921.978979594736
2019-05-15 12:00:00,5364.81075012762
2019-05-15 13:00:00,5775.913512831434
2019-05-15 14:00:00,6029.060935687016
2019-05-15 15:00:00,6185.171772423036
2019-05-15 16:00:00,6305.086330061635
2019-05-15 17:00:00,6393.1159810417175
2019-05-15 18:00:00,6449.499881142987
2019-05-15 19:00:00,6516.889037185383
2019-05-15 20:00:00,6527.942438021316
2019-05-15 21:00:00,6512.749543019049
2019-05-15 22:00:00,6492.944681314144
2019-05-15 23:00:00,6427.471255829889
2019-05-16 00:00:00,6296.179129384696
2019-05-16 01:00:00,6198.433513614793
2019-05-16 02:00:00,6309.911653130222
2019-05-16 03:00:00,6095.124485468913
2019-05-16 04:00:00,5684.230654075655
2019-05-16 05:00:00,5273.925087573576
2019-05-16 06:00:00,4982.684889789831
2019-05-16 07:00:00,4780.158885873456
2019-05-16 08:00:00,4660.513953242203
2019-05-16 09:00:00,4638.923556764573
2019-05-16 10:00:00,4729.395741080266
2019-05-16 11:00:00,5017.982539489035
2019-05-16 12:00:00,5534.491565959033
2019-05-16 13:00:00,6034.973118719783
2019-05-16 14:00:00,6300.05006664146
2019-05-16 15:00:00,6440.736401250996
2019-05-16 16:00:00,6549.607813005706
2019-05-16 17:00:00,6597.294991188443
2019-05-16 18:00:00,6618.405250013122
2019-05-16 19:00:00,6556.635575529372
2019-05-16 20:00:00,6473.9842567399055
2019-05-16 21:00:00,6453.765039551124
2019-05-16 22:00:00,6505.6912747070055
2019-05-16 23:00:00,6564.901097698056
2019-05-17 00:00:00,6460.599485129315
2019-05-17 01:00:00,6374.700635913118
2019-05-17 02:00:00,6506.5993861346515
2019-05-17 03:00:00,6349.010359190388
2019-05-17 04:00:00,5928.196621597958
2019-05-17 05:00:00,5513.806770375825
2019-05-17 06:00:00,5225.484262902875
2019-05-17 07:00:00,5008.369536467806
2019-05-17 08:00:00,4852.53609139657
2019-05-17 09:00:00,4743.398185782401
2019-05-17 10:00:00,4774.924656020885
2019-05-17 11:00:00,4996.720904010166
2019-05-17 12:00:00,5400.1198141721425
2019-05-17 13:00:00,5770.946066310074
2019-05-17 14:00:00,5977.191577128345
2019-05-17 15:00:00,6095.4719392896
2019-05-17 16:00:00,6158.352765154384
2019-05-17 17:00:00,6154.182414872616
2019-05-17 18:00:00,6103.446105203396
2019-05-17 19:00:00,6082.856051556556
2019-05-17 20:00:00,6010.62917740924
2019-05-17 21:00:00,5893.80364465257
2019-05-17 22:00:00,5847.785248608397
2019-05-17 23:00:00,5801.711611619692
2019-05-18 00:00:00,5742.299894901456
2019-05-18 01:00:00,5743.232999779534
2019-05-18 02:00:00,5889.139794640765
2019-05-18 03:00:00,5737.382144061661
2019-05-18 04:00:00,5442.629066421964
2019-05-18 05:00:00,5078.424361654046
2019-05-18 06:00:00,4878.228686373024
2019-05-18 07:00:00,4687.373654450166
2019-05-18 08:00:00,4616.1640368736225
2019-05-18 09:00:00,4562.46661270728
2019-05-18 10:00:00,4604.489301481203
2019-05-18 11:00:00,4689.933287717121
2019-05-18 12:00:00,4812.575534660797
2019-05-18 13:00:00,4976.422745801738
2019-05-18 14:00:00,5232.994098177013
2019-05-18 15:00:00,5410.4480732565
2019-05-18 16:00:00,5600.601266025068
2019-05-18 17:00:00,5760.603664453951
2019-05-18 18:00:00,5812.387896549631
2019-05-18 19:00:00,5731.065959685097
2019-05-18 20:00:00,5697.548413875779
2019-05-18 21:00:00,5675.310978799742
2019-05-18 22:00:00,5595.291494791742
2019-05-18 23:00:00,5522.176692659503
2019-05-19 00:00:00,5444.609674983487
2019-05-19 01:00:00,5425.733950484931
2019-05-19 02:00:00,5540.704105572802
2019-05-19 03:00:00,5461.899912638696
2019-05-19 04:00:00,5215.006530182839
2019-05-19 05:00:00,4932.5106421388355
2019-05-19 06:00:00,4668.699683781299
2019-05-19 07:00:00,4518.111457687427
2019-05-19 08:00:00,4404.881379269109
2019-05-19 09:00:00,4365.191066419538
2019-05-19 10:00:00,4364.611291756282
2019-05-19 11:00:00,4386.965597149322
2019-05-19 12:00:00,4415.256640408915
2019-05-19 13:00:00,4655.271078881938
2019-05-19 14:00:00,4914.339729918868
2019-05-19 15:00:00,5115.3200203634815
2019-05-19 16:00:00,5304.1155779305245
2019-05-19 17:00:00,5428.557659528663
2019-05-19 18:00:00,5506.667144564074
2019-05-19 19:00:00,5518.347113485116
2019-05-19 20:00:00,5534.054594875878
2019-05-19 21:00:00,5538.231795214965
2019-05-19 22:00:00,5562.411298520914
2019-05-19 23:00:00,5590.861950308175
2019-05-20 00:00:00,5503.141046937237
2019-05-20 01:00:00,5475.311382802444
2019-05-20 02:00:00,5569.276004191257
2019-05-20 03:00:00,5394.175656945337
2019-05-20 04:00:00,5114.018256585504
2019-05-20 05:00:00,4841.449921967242
2019-05-20 06:00:00,4602.738416330006
2019-05-20 07:00:00,4462.075786694444
2019-05-20 08:00:00,4374.529180773643
2019-05-20 09:00:00,4388.53812862908
2019-05-20 10:00:00,4519.278955312422
2019-05-20 11:00:00,4851.40776497537
2019-05-20 12:00:00,5345.59664057441
2019-05-20 13:00:00,5770.4864176412575
2019-05-20 14:00:00,6005.791923274711
2019-05-20 15:00:00,6083.952362040172
2019-05-20 16:00:00,6157.843307221948
2019-05-20 17:00:00,6157.523736785076
2019-05-20 18:00:00,6164.439495718254
2019-05-20 19:00:00,6156.854494447498
2019-05-20 20:00:00,6088.322146125911
2019-05-20 21:00:00,6029.074190719719
2019-05-20 22:00:00,5967.799098065118
2019-05-20 23:00:00,5903.752247474952
2019-05-21 00:00:00,5828.9203524294135
2019-05-21 01:00:00,5830.1604207237815
2019-05-21 02:00:00,5980.152764807099
2019-05-21 03:00:00,5820.225400714621
2019-05-21 04:00:00,5466.53269065034
2019-05-21 05:00:00,5139.688843205185
2019-05-21 06:00:00,4903.312844640187
2019-05-21 07:00:00,4784.24714474275
2019-05-21 08:00:00,4693.198286804493
2019-05-21 09:00:00,4701.956445852192
2019-05-21 10:00:00,4864.799784145565
2019-05-21 11:00:00,5215.6368644127715
2019-05-21 12:00:00,5697.135541882042
2019-05-21 13:00:00,6052.686879812941
2019-05-21 14:00:00,6223.57280912053
2019-05-21 15:00:00,6315.621175754687
2019-05-21 16:00:00,6364.237390600872
2019-05-21 17:00:00,6382.642187870261
2019-05-21 18:00:00,6388.134846229666
2019-05-21 19:00:00,6397.079920386543
2019-05-21 20:00:00,6306.06531928527
2019-05-21 21:00:00,6229.821008368185
2019-05-21 22:00:00,6182.7372677221665
2019-05-21 23:00:00,6152.963911564923
2019-05-22 00:00:00,6050.7342528493455
2019-05-22 01:00:00,6103.887762739118
2019-05-22 02:00:00,6169.8418947860955
2019-05-22 03:00:00,5955.639439367404
2019-05-22 04:00:00,5618.287149867176
2019-05-22 05:00:00,5257.007270814369
2019-05-22 06:00:00,5049.225239438986
2019-05-22 07:00:00,4907.399628257111
2019-05-22 08:00:00,4807.598000458383
2019-05-22 09:00:00,4759.155339249018
2019-05-22 10:00:00,4858.966330384213
2019-05-22 11:00:00,5183.883924741308
2019-05-22 12:00:00,5638.776466907685
2019-05-22 13:00:00,6036.382371981385
2019-05-22 14:00:00,6255.570688660211
2019-05-22 15:00:00,6393.0933095765995
2019-05-22 16:00:00,6532.827602265727
2019-05-22 17:00:00,6661.456944758752
2019-05-22 18:00:00,6751.79699266995
2019-05-22 19:00:00,6867.303457899752
2019-05-22 20:00:00,6948.9411579659345
2019-05-22 21:00:00,6981.957772715599
2019-05-22 22:00:00,7011.175248693173
2019-05-22 23:00:00,6988.383661540686
2019-05-23 00:00:00,6857.33946583316
2019-05-23 01:00:00,6800.185297328457
2019-05-23 02:00:00,6920.416748633798
2019-05-23 03:00:00,6759.906147551074
2019-05-23 04:00:00,6346.67539404759
2019-05-23 05:00:00,5921.777702914209
2019-05-23 06:00:00,5572.174997936309
2019-05-23 07:00:00,5399.994990434011
2019-05-23 08:00:00,5256.421113426575
2019-05-23 09:00:00,5179.966306979857
2019-05-23 10:00:00,5221.412924275042
2019-05-23 11:00:00,5395.971000148691
2019-05-23 12:00:00,5801.856665739761
2019-05-23 13:00:00,6297.097905997421
2019-05-23 14:00:00,6604.5416614861615
2019-05-23 15:00:00,6770.333566055433
2019-05-23 16:00:00,6840.736830102405
2019-05-23 17:00:00,6887.437450817075
2019-05-23 18:00:00,6954.562603030419
2019-05-23 19:00:00,7026.8020711941335
2019-05-23 20:00:00,7051.61223204055
2019-05-23 21:00:00,7081.649186287276
2019-05-23 22:00:00,7097.467338266409
2019-05-23 23:00:00,7048.529845739917
2019-05-24 00:00:00,6861.3127596357635
2019-05-24 01:00:00,6691.774650585363
2019-05-24 02:00:00,6682.899234949824
2019-05-24 03:00:00,6513.049164689391
2019-05-24 04:00:00,6050.208192137164
2019-05-24 05:00:00,5574.530285433176
2019-05-24 06:00:00,5217.916904446169
2019-05-24 07:00:00,4992.626172094763
2019-05-24 08:00:00,4831.538807067902
2019-05-24 09:00:00,4787.762975103441
2019-05-24 10:00:00,4850.799988876257
2019-05-24 11:00:00,5159.029908984453
2019-05-24 12:00:00,5577.89506419824
2019-05-24 13:00:00,5894.586483467913
2019-05-24 14:00:00,6118.8368081973385
2019-05-24 15:00:00,6259.905480986079
2019-05-24 16:00:00,6413.495285594126
2019-05-24 17:00:00,6482.615580619006
2019-05-24 18:00:00,6491.495099082061
2019-05-24 19:00:00,6449.7799546275255
2019-05-24 20:00:00,6404.198528275449
2019-05-24 21:00:00,6317.25062931853
2019-05-24 22:00:00,6322.728998779401
2019-05-24 23:00:00,6345.979606093502
2019-05-25 00:00:00,6304.88413517729
2019-05-25 01:00:00,6261.005862108984
2019-05-25 02:00:00,6318.716960039358
2019-05-25 03:00:00,6210.148773286583
2019-05-25 04:00:00,5925.312079304686
2019-05-25 05:00:00,5615.382194898263
2019-05-25 06:00:00,5299.038690673744
2019-05-25 07:00:00,5154.289939779465
2019-05-25 08:00:00,5062.069610066975
2019-05-25 09:00:00,5029.965141489516
2019-05-25 10:00:00,4982.107312951533
2019-05-25 11:00:00,4993.016789727583
2019-05-25 12:00:00,5086.477346519909
2019-05-25 13:00:00,5436.295121929448
2019-05-25 14:00:00,5818.799536163782
2019-05-25 15:00:00,6095.678506502102
2019-05-25 16:00:00,6234.811146488285
2019-05-25 17:00:00,6247.598018513345
2019-05-25 18:00:00,6381.887631664597
2019-05-25 19:00:00,6493.946349870983
2019-05-25 20:00:00,6636.775688499342
2019-05-25 21:00:00,6748.202992360727
2019-05-25 22:00:00,6874.98477206345
2019-05-25 23:00:00,6918.841337489921
2019-05-26 00:00:00,6842.275673914934
2019-05-26 01:00:00,6742.596634422813
2019-05-26 02:00:00,6696.308507288612
2019-05-26 03:00:00,6616.9223418662905
2019-05-26 04:00:00,6289.4862854879075
2019-05-26 05:00:00,5900.769579996708
2019-05-26 06:00:00,5596.6831449391175
2019-05-26 07:00:00,5369.058952804474
2019-05-26 08:00:00,5097.08111100954
2019-05-26 09:00:00,4924.905258299628
2019-05-26 10:00:00,4878.794099906074
2019-05-26 11:00:00,4773.912209101333
2019-05-26 12:00:00,4749.219993183402
2019-05-26 13:00:00,4878.996636522736
2019-05-26 14:00:00,5096.218097396665
2019-05-26 15:00:00,5215.112812015937
2019-05-26 16:00:00,5332.52675707288
2019-05-26 17:00:00,5445.983082561456
2019-05-26 18:00:00,5531.66761952938
2019-05-26 19:00:00,5653.221607552774
2019-05-26 20:00:00,5743.034637187975
2019-05-26 21:00:00,5859.621963448799
2019-05-26 22:00:00,5950.95602519664
2019-05-26 23:00:00,5952.402222703813
2019-05-27 00:00:00,5806.530726831095
2019-05-27 01:00:00,5613.236753194845
2019-05-27 02:00:00,5552.365021764455
2019-05-27 03:00:00,5469.47913332874
2019-05-27 04:00:00,5189.3172771046075
2019-05-27 05:00:00,4888.148562465005
2019-05-27 06:00:00,4603.909346174798
2019-05-27 07:00:00,4436.980940374401
2019-05-27 08:00:00,4317.33260563054
2019-05-27 09:00:00,4284.063860897546
2019-05-27 10:00:00,4260.13509716451
2019-05-27 11:00:00,4260.473715208122
2019-05-27 12:00:00,4352.02675855257
2019-05-27 13:00:00,4583.979914949222
2019-05-27 14:00:00,4813.044335879548
2019-05-27 15:00:00,5073.001953309115
2019-05-27 16:00:00,5275.782042821384
2019-05-27 17:00:00,5475.329440984404
2019-05-27 18:00:00,5560.662168477237
2019-05-27 19:00:00,5587.320624550901
2019-05-27 20:00:00,5625.220251945289
2019-05-27 21:00:00,5595.5013183226
2019-05-27 22:00:00,5581.925613381258
2019-05-27 23:00:00,5641.582310332424
2019-05-28 00:00:00,5603.642701990904
2019-05-28 01:00:00,5649.454620146258
2019-05-28 02:00:00,5747.910396648551
2019-05-28 03:00:00,5721.050906190926
2019-05-28 04:00:00,5450.812237849808
2019-05-28 05:00:00,5191.078368593627
2019-05-28 06:00:00,4933.683167664763
2019-05-28 07:00:00,4771.428816835158
2019-05-28 08:00:00,4690.300768311809
2019-05-28 09:00:00,4683.883776488299
2019-05-28 10:00:00,4816.9600801366905
2019-05-28 11:00:00,5184.235850163434
2019-05-28 12:00:00,5735.208290417142
2019-05-28 13:00:00,6180.294828082747
2019-05-28 14:00:00,6475.474823737433
2019-05-28 15:00:00,6656.165550512224
2019-05-28 16:00:00,6733.04607857882
2019-05-28 17:00:00,6757.7627011835275
2019-05-28 18:00:00,6717.837231911829
2019-05-28 19:00:00,6620.340914694416
2019-05-28 20:00:00,6489.154889058236
2019-05-28 21:00:00,6345.427955290651
2019-05-28 22:00:00,6206.102425006287
2019-05-28 23:00:00,6089.995845636707
2019-05-29 00:00:00,5960.85830048984
2019-05-29 01:00:00,5956.887714586416
2019-05-29 02:00:00,6013.49177972438
2019-05-29 03:00:00,5826.132647201632
2019-05-29 04:00:00,5460.755687872508
2019-05-29 05:00:00,5112.306751640412
2019-05-29 06:00:00,4846.1587507438835
2019-05-29 07:00:00,4705.493260925158
2019-05-29 08:00:00,4610.941157432137
2019-05-29 09:00:00,4576.504824752574
2019-05-29 10:00:00,4655.302273675848
2019-05-29 11:00:00,4925.01386453096
2019-05-29 12:00:00,5374.6722500263995
2019-05-29 13:00:00,5837.4553449687
2019-05-29 14:00:00,6109.283090729555
2019-05-29 15:00:00,6299.559916689958
2019-05-29 16:00:00,6484.567239767745
2019-05-29 17:00:00,6622.818309865971
2019-05-29 18:00:00,6715.946177578418
2019-05-29 19:00:00,6791.93691513899
2019-05-29 20:00:00,6831.131943672506
2019-05-29 21:00:00,6862.25063517918
2019-05-29 22:00:00,6846.751863389397
2019-05-29 23:00:00,6746.612271655753
2019-05-30 00:00:00,6515.333201110648
2019-05-30 01:00:00,6356.790892371516
2019-05-30 02:00:00,6360.142442086313
2019-05-30 03:00:00,6138.348271493224
2019-05-30 04:00:00,5745.543397454304
2019-05-30 05:00:00,5345.15334150148
2019-05-30 06:00:00,5070.833338945048
2019-05-30 07:00:00,4889.90089276138
2019-05-30 08:00:00,4777.838161432101
2019-05-30 09:00:00,4767.335259100212
2019-05-30 10:00:00,4863.644178861099
2019-05-30 11:00:00,5155.7624411074
2019-05-30 12:00:00,5620.055996020309
2019-05-30 13:00:00,6043.152097379478
2019-05-30 14:00:00,6384.759639144996
2019-05-30 15:00:00,6667.600472841447
2019-05-30 16:00:00,6884.306289843598
2019-05-30 17:00:00,6976.9245638748325
2019-05-30 18:00:00,7060.8909719106905
2019-05-30 19:00:00,7197.287639370398
2019-05-30 20:00:00,7320.836263505728
2019-05-30 21:00:00,7403.452474588285
2019-05-30 22:00:00,7484.139911447291
2019-05-30 23:00:00,7435.877788362169
2019-05-31 00:00:00,7243.066645907999
2019-05-31 01:00:00,7026.820556259884
2019-05-31 02:00:00,6927.425317139523
2019-05-31 03:00:00,6703.294465293737
2019-05-31 04:00:00,6213.0272941416115
2019-05-31 05:00:00,5702.331443556139
2019-05-31 06:00:00,5325.295615324365
2019-05-31 07:00:00,5071.993460308196
2019-05-31 08:00:00,4917.910539101863
2019-05-31 09:00:00,4835.037566651177
2019-05-31 10:00:00,4927.255788860284
2019-05-31 11:00:00,5154.7539734597385
2019-05-31 12:00:00,5676.193934344664
2019-05-31 13:00:00,6208.5055528795265
2019-05-31 14:00:00,6562.836854793644
2019-05-31 15:00:00,6849.220881915085
2019-05-31 16:00:00,7183.772734922471
2019-05-31 17:00:00,7452.84931881247
2019-05-31 18:00:00,7667.451183163816
2019-05-31 19:00:00,7900.785569147592
2019-05-31 20:00:00,8052.854116939742
2019-05-31 21:00:00,8157.787333980049
2019-05-31 22:00:00,8198.574037437447
2019-05-31 23:00:00,8094.191937005939
2019-06-01 00:00:00,7761.272822337392
2019-06-01 01:00:00,7442.886767742334
2019-06-01 02:00:00,7365.141637252407
2019-06-01 03:00:00,7144.517764253095
2019-06-01 04:00:00,6724.867700672376
2019-06-01 05:00:00,6213.588643203849
2019-06-01 06:00:00,5792.1944685899525
2019-06-01 07:00:00,5517.292975260365
2019-06-01 08:00:00,5276.250659272717
2019-06-01 09:00:00,5144.931774036016
2019-06-01 10:00:00,5101.743815569247
2019-06-01 11:00:00,5121.229008266197
2019-06-01 12:00:00,5238.092589013185
2019-06-01 13:00:00,5515.091442516597
2019-06-01 14:00:00,5857.712224826922
2019-06-01 15:00:00,6184.113252906193
2019-06-01 16:00:00,6503.615113479628
2019-06-01 17:00:00,6809.437161473901
2019-06-01 18:00:00,6924.891327046959
2019-06-01 19:00:00,6915.218328938846
2019-06-01 20:00:00,6966.141751119392
2019-06-01 21:00:00,6954.048694996515
2019-06-01 22:00:00,6976.139828542459
2019-06-01 23:00:00,6701.855001799854
2019-06-02 00:00:00,6222.545861825939
2019-06-02 01:00:00,5951.648044924868
2019-06-02 02:00:00,5933.492450763747
2019-06-02 03:00:00,5753.137220132085
2019-06-02 04:00:00,5422.200537524573
2019-06-02 05:00:00,5049.82705256621
2019-06-02 06:00:00,4791.852588796338
2019-06-02 07:00:00,4585.8174684229125
2019-06-02 08:00:00,4458.580579759733
2019-06-02 09:00:00,4379.205132497482
2019-06-02 10:00:00,4358.777717566164
2019-06-02 11:00:00,4313.853512913804
2019-06-02 12:00:00,4359.884475650038
2019-06-02 13:00:00,4583.459581474048
2019-06-02 14:00:00,4832.8414326990105
2019-06-02 15:00:00,5052.742298442689
2019-06-02 16:00:00,5257.411385087073
2019-06-02 17:00:00,5399.9383547060725
2019-06-02 18:00:00,5457.4944574036745
2019-06-02 19:00:00,5515.096071524186
2019-06-02 20:00:00,5536.055858682408
2019-06-02 21:00:00,5606.744032561519
2019-06-02 22:00:00,5652.883239233155
2019-06-02 23:00:00,5673.80156981094
2019-06-03 00:00:00,5562.616739036104
2019-06-03 01:00:00,5473.162719629566
2019-06-03 02:00:00,5495.745180458298
2019-06-03 03:00:00,5451.9621227679445
2019-06-03 04:00:00,5142.621436575628
2019-06-03 05:00:00,4848.452860428209
2019-06-03 06:00:00,4619.663007207235
2019-06-03 07:00:00,4481.922192567664
2019-06-03 08:00:00,4389.12443655283
2019-06-03 09:00:00,4366.946317113463
2019-06-03 10:00:00,4516.365720865926
2019-06-03 11:00:00,4781.889596484588
2019-06-03 12:00:00,5259.977552243701
2019-06-03 13:00:00,5703.1662754949175
2019-06-03 14:00:00,5926.303554860154
2019-06-03 15:00:00,6089.879660001777
2019-06-03 16:00:00,6231.151225153694
2019-06-03 17:00:00,6320.8560734568255
2019-06-03 18:00:00,6393.404273505506
2019-06-03 19:00:00,6483.720634943277
2019-06-03 20:00:00,6508.8383353673735
2019-06-03 21:00:00,6475.637013971948
2019-06-03 22:00:00,6408.636081974079
2019-06-03 23:00:00,6286.982835342647
2019-06-04 00:00:00,6101.4891489008405
2019-06-04 01:00:00,6011.867795054843
2019-06-04 02:00:00,6054.882156786382
2019-06-04 03:00:00,5922.382466546172
2019-06-04 04:00:00,5537.7510092051425
2019-06-04 05:00:00,5167.714687214537
2019-06-04 06:00:00,4901.568101355997
2019-06-04 07:00:00,4739.892080044472
2019-06-04 08:00:00,4626.079788280407
2019-06-04 09:00:00,4616.156088575142
2019-06-04 10:00:00,4742.230537621451
2019-06-04 11:00:00,5032.6557000091225
2019-06-04 12:00:00,5541.8130549561865
2019-06-04 13:00:00,6019.3962875044235
2019-06-04 14:00:00,6276.430493875926
2019-06-04 15:00:00,6388.150096205561
2019-06-04 16:00:00,6479.3263558572025
2019-06-04 17:00:00,6524.910110091343
2019-06-04 18:00:00,6602.969680802312
2019-06-04 19:00:00,6763.492881811148
2019-06-04 20:00:00,6914.0091602392595
2019-06-04 21:00:00,7027.869647091005
2019-06-04 22:00:00,7135.118469376236
2019-06-04 23:00:00,7207.617867687716
2019-06-05 00:00:00,7159.453020260768
2019-06-05 01:00:00,7103.909791514539
2019-06-05 02:00:00,7117.682991799455
2019-06-05 03:00:00,7014.368664787922
2019-06-05 04:00:00,6565.538055129119
2019-06-05 05:00:00,6096.282499328676
2019-06-05 06:00:00,5725.082593647933
2019-06-05 07:00:00,5514.384678393228
2019-06-05 08:00:00,5280.345541724077
2019-06-05 09:00:00,5156.620750129878
2019-06-05 10:00:00,5231.917331966493
2019-06-05 11:00:00,5513.52832633818
2019-06-05 12:00:00,5983.069346274467
2019-06-05 13:00:00,6471.664715702442
2019-06-05 14:00:00,6929.223756998834
2019-06-05 15:00:00,7349.614151820431
2019-06-05 16:00:00,7701.142439659613
2019-06-05 17:00:00,7947.029074321525
2019-06-05 18:00:00,8136.502206049539
2019-06-05 19:00:00,8364.870343285898
2019-06-05 20:00:00,8552.208983056726
2019-06-05 21:00:00,8680.758531543439
2019-06-05 22:00:00,8723.082350807132
2019-06-05 23:00:00,8619.20509066461
2019-06-06 00:00:00,8217.706841728033
2019-06-06 01:00:00,7716.15424111508
2019-06-06 02:00:00,7354.0651021242675
2019-06-06 03:00:00,7038.8932202099395
2019-06-06 04:00:00,6449.988546878665
2019-06-06 05:00:00,5885.01591896427
2019-06-06 06:00:00,5481.131077577413
2019-06-06 07:00:00,5187.555493150193
2019-06-06 08:00:00,5008.960330363047
2019-06-06 09:00:00,4926.6686379351795
2019-06-06 10:00:00,4966.3622023614
2019-06-06 11:00:00,5174.45120127783
2019-06-06 12:00:00,5660.1191957437995
2019-06-06 13:00:00,6160.46204775196
2019-06-06 14:00:00,6527.318642791476
2019-06-06 15:00:00,6812.987879186787
2019-06-06 16:00:00,7095.922636421857
2019-06-06 17:00:00,7307.508279549606
2019-06-06 18:00:00,7440.60286513374
2019-06-06 19:00:00,7580.301008581383
2019-06-06 20:00:00,7704.112730977271
2019-06-06 21:00:00,7818.671564930064
2019-06-06 22:00:00,7873.185087110637
2019-06-06 23:00:00,7813.637408015381
2019-06-07 00:00:00,7533.37711594173
2019-06-07 01:00:00,7189.9057237764055
2019-06-07 02:00:00,6968.886927815931
2019-06-07 03:00:00,6716.160543206589
2019-06-07 04:00:00,6171.028239512788
2019-06-07 05:00:00,5646.324916324249
2019-06-07 06:00:00,5268.700612450956
2019-06-07 07:00:00,5036.405586814981
2019-06-07 08:00:00,4881.153722838474
2019-06-07 09:00:00,4800.610537093698
2019-06-07 10:00:00,4856.0606528427115
2019-06-07 11:00:00,5046.318578605469
2019-06-07 12:00:00,5518.382532545424
2019-06-07 13:00:00,6048.861651109028
2019-06-07 14:00:00,6471.290941337702
2019-06-07 15:00:00,6845.367579960772
2019-06-07 16:00:00,7189.437135388543
2019-06-07 17:00:00,7417.741736858812
2019-06-07 18:00:00,7604.66397783085
2019-06-07 19:00:00,7825.776651648506
2019-06-07 20:00:00,7930.097130799902
2019-06-07 21:00:00,8053.97284431356
2019-06-07 22:00:00,8087.756921601126
2019-06-07 23:00:00,8000.087392463023
2019-06-08 00:00:00,7697.512587431742
2019-06-08 01:00:00,7284.89917998942
2019-06-08 02:00:00,6903.49116421926
2019-06-08 03:00:00,6650.1867812709415
2019-06-08 04:00:00,6166.338167516272
2019-06-08 05:00:00,5707.587892515826
2019-06-08 06:00:00,5297.864900645786
2019-06-08 07:00:00,5027.050461897842
2019-06-08 08:00:00,4842.0350256033435
2019-06-08 09:00:00,4759.738034309824
2019-06-08 10:00:00,4757.405839028616
2019-06-08 11:00:00,4770.677740453879
2019-06-08 12:00:00,4981.053876808295
2019-06-08 13:00:00,5324.150371395402
2019-06-08 14:00:00,5710.3410713324765
2019-06-08 15:00:00,6000.967467835048
2019-06-08 16:00:00,6231.409331124098
2019-06-08 17:00:00,6404.822383695704
2019-06-08 18:00:00,6540.198838957253
2019-06-08 19:00:00,6605.771744438344
2019-06-08 20:00:00,6610.5743530643595
2019-06-08 21:00:00,6521.24698843103
2019-06-08 22:00:00,6427.505436358378
2019-06-08 23:00:00,6286.292912134596
2019-06-09 00:00:00,6119.6715128488995
2019-06-09 01:00:00,6016.995456372454
2019-06-09 02:00:00,6078.801587290143
2019-06-09 03:00:00,6008.174604560021
2019-06-09 04:00:00,5784.627772491453
2019-06-09 05:00:00,5395.9177507967015
2019-06-09 06:00:00,5154.284279627518
2019-06-09 07:00:00,4946.499297747397
2019-06-09 08:00:00,4777.243543923576
2019-06-09 09:00:00,4687.362605110992
2019-06-09 10:00:00,4644.175128359282
2019-06-09 11:00:00,4611.256166315193
2019-06-09 12:00:00,4642.791585260141
2019-06-09 13:00:00,4795.417549696607
2019-06-09 14:00:00,5065.209162043406
2019-06-09 15:00:00,5342.340938488582
2019-06-09 16:00:00,5649.840028213138
2019-06-09 17:00:00,5873.148346974347
2019-06-09 18:00:00,6032.377500512621
2019-06-09 19:00:00,6102.932230380314
2019-06-09 20:00:00,6193.6115358312745
2019-06-09 21:00:00,6257.884704961496
2019-06-09 22:00:00,6269.987702590241
2019-06-09 23:00:00,6303.889956180403
2019-06-10 00:00:00,6298.747895375885
2019-06-10 01:00:00,6248.4020356875535
2019-06-10 02:00:00,6257.974357022778
2019-06-10 03:00:00,6178.594152824317
2019-06-10 04:00:00,5869.257109602137
2019-06-10 05:00:00,5503.306788441483
2019-06-10 06:00:00,5223.155891234952
2019-06-10 07:00:00,5038.724685468011
2019-06-10 08:00:00,4931.916325702223
2019-06-10 09:00:00,4906.239356358007
2019-06-10 10:00:00,4981.537232803845
2019-06-10 11:00:00,5262.936301263935
2019-06-10 12:00:00,5683.846260762846
2019-06-10 13:00:00,6085.485731587504
2019-06-10 14:00:00,6362.101773446163
2019-06-10 15:00:00,6614.228814098899
2019-06-10 16:00:00,6833.595329407516
2019-06-10 17:00:00,6939.365413695242
2019-06-10 18:00:00,7014.652903160112
2019-06-10 19:00:00,7112.092877877378
2019-06-10 20:00:00,7171.381817359418
2019-06-10 21:00:00,7185.132493364521
2019-06-10 22:00:00,7187.0878837121945
2019-06-10 23:00:00,7108.5860798971025
2019-06-11 00:00:00,6897.562599747613
2019-06-11 01:00:00,6655.7257438617335
2019-06-11 02:00:00,6501.935868680782
2019-06-11 03:00:00,6347.260196611779
2019-06-11 04:00:00,5898.427810628695
2019-06-11 05:00:00,5405.244123346233
2019-06-11 06:00:00,5062.643242863225
2019-06-11 07:00:00,4821.012932949119
2019-06-11 08:00:00,4685.025923858295
2019-06-11 09:00:00,4633.666144374768
2019-06-11 10:00:00,4719.4668930453045
2019-06-11 11:00:00,4938.18281987684
2019-06-11 12:00:00,5447.763872367328
2019-06-11 13:00:00,5998.90041672457
2019-06-11 14:00:00,6395.497729978027
2019-06-11 15:00:00,6695.746459356487
2019-06-11 16:00:00,6962.834848301475
2019-06-11 17:00:00,7178.109662299672
2019-06-11 18:00:00,7367.59223154368
2019-06-11 19:00:00,7586.20081866567
2019-06-11 20:00:00,7688.037248291364
2019-06-11 21:00:00,7714.471159796496
2019-06-11 22:00:00,7637.943256131132
2019-06-11 23:00:00,7433.352448529126
2019-06-12 00:00:00,7145.850581512463
2019-06-12 01:00:00,6922.565988965957
2019-06-12 02:00:00,6810.096984264429
2019-06-12 03:00:00,6630.326706732912
2019-06-12 04:00:00,6169.820789645057
2019-06-12 05:00:00,5659.709169587141
2019-06-12 06:00:00,5313.022197952608
2019-06-12 07:00:00,5087.7326397816605
2019-06-12 08:00:00,4918.475832206149
2019-06-12 09:00:00,4872.371327501851
2019-06-12 10:00:00,4960.50616820664
2019-06-12 11:00:00,5223.305743641613
2019-06-12 12:00:00,5691.988456303451
2019-06-12 13:00:00,6123.870072523004
2019-06-12 14:00:00,6439.253454106543
2019-06-12 15:00:00,6678.945744143472
2019-06-12 16:00:00,6833.332927985352
2019-06-12 17:00:00,6861.896527288295
2019-06-12 18:00:00,6874.947398436891
2019-06-12 19:00:00,6857.371554952377
2019-06-12 20:00:00,6751.536664917649
2019-06-12 21:00:00,6609.314371566304
2019-06-12 22:00:00,6494.0865847476825
2019-06-12 23:00:00,6401.907590805926
2019-06-13 00:00:00,6280.585366339456
2019-06-13 01:00:00,6245.191745836596
2019-06-13 02:00:00,6267.894172900377
2019-06-13 03:00:00,6102.132180866091
2019-06-13 04:00:00,5706.995292189112
2019-06-13 05:00:00,5310.69569293054
2019-06-13 06:00:00,5014.20154508398
2019-06-13 07:00:00,4796.502768764501
2019-06-13 08:00:00,4659.9306560375735
2019-06-13 09:00:00,4617.326235632963
2019-06-13 10:00:00,4717.1375579472615
2019-06-13 11:00:00,4976.216470413746
2019-06-13 12:00:00,5377.175140509292
2019-06-13 13:00:00,5760.9459370923105
2019-06-13 14:00:00,6008.321535952179
2019-06-13 15:00:00,6135.8951848795805
2019-06-13 16:00:00,6225.927765795264
2019-06-13 17:00:00,6276.776521796378
2019-06-13 18:00:00,6331.330411956795
2019-06-13 19:00:00,6397.877865524241
2019-06-13 20:00:00,6368.534395002699
2019-06-13 21:00:00,6305.07675874472
2019-06-13 22:00:00,6273.493330096943
2019-06-13 23:00:00,6233.394947308009
2019-06-14 00:00:00,6107.38264261948
2019-06-14 01:00:00,6006.174729796816
2019-06-14 02:00:00,6006.413091570325
2019-06-14 03:00:00,5929.369327767032
2019-06-14 04:00:00,5572.754742492376
2019-06-14 05:00:00,5207.9748092470745
2019-06-14 06:00:00,4907.395985286974
2019-06-14 07:00:00,4724.716146386289
2019-06-14 08:00:00,4600.982322634728
2019-06-14 09:00:00,4571.222513715637
2019-06-14 10:00:00,4661.106101961048
2019-06-14 11:00:00,4870.393496325259
2019-06-14 12:00:00,5309.445721746988
2019-06-14 13:00:00,5783.885755985779
2019-06-14 14:00:00,6101.810885416665
2019-06-14 15:00:00,6355.654386731686
2019-06-14 16:00:00,6546.160481319751
2019-06-14 17:00:00,6691.357205770168
2019-06-14 18:00:00,6771.2620135792395
2019-06-14 19:00:00,6898.721964427183
2019-06-14 20:00:00,6953.592808087786
2019-06-14 21:00:00,6956.1735108850025
2019-06-14 22:00:00,6937.966363619894
2019-06-14 23:00:00,6780.611039346102
2019-06-15 00:00:00,6477.23289150437
2019-06-15 01:00:00,6336.285111796095
2019-06-15 02:00:00,6337.338875374619
2019-06-15 03:00:00,6199.010127022973
2019-06-15 04:00:00,5792.206150180143
2019-06-15 05:00:00,5416.918979167416
2019-06-15 06:00:00,5123.343424847388
2019-06-15 07:00:00,4914.394377562067
2019-06-15 08:00:00,4738.13514334784
2019-06-15 09:00:00,4678.02030585731
2019-06-15 10:00:00,4689.695221892875
2019-06-15 11:00:00,4736.117979212277
2019-06-15 12:00:00,4904.051323224321
2019-06-15 13:00:00,5174.233426678601
2019-06-15 14:00:00,5457.34549170199
2019-06-15 15:00:00,5722.336027538874
2019-06-15 16:00:00,5906.4047987259255
2019-06-15 17:00:00,5980.1973371674785
2019-06-15 18:00:00,5961.128756602687
2019-06-15 19:00:00,5902.980239725104
2019-06-15 20:00:00,5836.034280059802
2019-06-15 21:00:00,5835.043269460393
2019-06-15 22:00:00,5830.85638523197
2019-06-15 23:00:00,5787.619728721732
2019-06-16 00:00:00,5737.909494260417
2019-06-16 01:00:00,5691.891083453028
2019-06-16 02:00:00,5739.107919815389
2019-06-16 03:00:00,5613.04214164015
2019-06-16 04:00:00,5356.815973803033
2019-06-16 05:00:00,5018.299287718504
2019-06-16 06:00:00,4769.079881955638
2019-06-16 07:00:00,4624.332034277096
2019-06-16 08:00:00,4460.327852047986
2019-06-16 09:00:00,4416.553254478363
2019-06-16 10:00:00,4363.441505984754
2019-06-16 11:00:00,4365.25120007302
2019-06-16 12:00:00,4412.355854971636
2019-06-16 13:00:00,4577.911182958143
2019-06-16 14:00:00,4806.133165849713
2019-06-16 15:00:00,5004.54353561538
2019-06-16 16:00:00,5118.039275137099
2019-06-16 17:00:00,5244.954806781605
2019-06-16 18:00:00,5266.233297781858
2019-06-16 19:00:00,5267.465737344465
2019-06-16 20:00:00,5286.286422782368
2019-06-16 21:00:00,5269.523454487758
2019-06-16 22:00:00,5259.242436072351
2019-06-16 23:00:00,5248.303917480909
2019-06-17 00:00:00,5180.67065393319
2019-06-17 01:00:00,5161.755482167438
2019-06-17 02:00:00,5292.663969346693
2019-06-17 03:00:00,5280.396362662841
2019-06-17 04:00:00,5058.016877683311
2019-06-17 05:00:00,4797.118039806195
2019-06-17 06:00:00,4601.007973961639
2019-06-17 07:00:00,4480.773782901897
2019-06-17 08:00:00,4400.228670296884
2019-06-17 09:00:00,4386.807445403184
2019-06-17 10:00:00,4489.53504299029
2019-06-17 11:00:00,4772.4299184662705
2019-06-17 12:00:00,5248.7519303799
2019-06-17 13:00:00,5695.807054566364
2019-06-17 14:00:00,5961.005865476138
2019-06-17 15:00:00,6146.826606054208
2019-06-17 16:00:00,6301.456347171445
2019-06-17 17:00:00,6447.404884341049
2019-06-17 18:00:00,6571.707340349199
2019-06-17 19:00:00,6686.746734453516
2019-06-17 20:00:00,6699.618525233326
2019-06-17 21:00:00,6655.755376196337
2019-06-17 22:00:00,6550.736959844408
2019-06-17 23:00:00,6457.255998649919
2019-06-18 00:00:00,6280.625161151591
2019-06-18 01:00:00,6167.417858509078
2019-06-18 02:00:00,6161.117967614804
2019-06-18 03:00:00,6066.560143755452
2019-06-18 04:00:00,5674.338386278015
2019-06-18 05:00:00,5249.441357502841
2019-06-18 06:00:00,4965.202532606119
2019-06-18 07:00:00,4765.011975547603
2019-06-18 08:00:00,4659.370390834221
2019-06-18 09:00:00,4624.35253727431
2019-06-18 10:00:00,4722.411168005938
2019-06-18 11:00:00,4963.948223634276
2019-06-18 12:00:00,5404.987571361354
2019-06-18 13:00:00,5846.766472664986
2019-06-18 14:00:00,6123.530026080988
2019-06-18 15:00:00,6368.678202008436
2019-06-18 16:00:00,6633.173474769991
2019-06-18 17:00:00,6841.736053094338
2019-06-18 18:00:00,7013.33059567424
2019-06-18 19:00:00,7229.8553291149055
2019-06-18 20:00:00,7383.370611601962
2019-06-18 21:00:00,7496.438760505192
2019-06-18 22:00:00,7582.076207721059
2019-06-18 23:00:00,7571.351749918093
2019-06-19 00:00:00,7418.278203318976
2019-06-19 01:00:00,7152.663086471603
2019-06-19 02:00:00,7006.231707898587
2019-06-19 03:00:00,6828.793866505806
2019-06-19 04:00:00,6347.274828706707
2019-06-19 05:00:00,5828.408030213024
2019-06-19 06:00:00,5433.279119941715
2019-06-19 07:00:00,5148.457569876997
2019-06-19 08:00:00,4972.19487333578
2019-06-19 09:00:00,4884.066505677102
2019-06-19 10:00:00,4959.94719761251
2019-06-19 11:00:00,5199.7899490945665
2019-06-19 12:00:00,5690.512254191691
2019-06-19 13:00:00,6212.0216189751
2019-06-19 14:00:00,6569.436811430561
2019-06-19 15:00:00,6806.425260184715
2019-06-19 16:00:00,7013.884770999425
2019-06-19 17:00:00,7193.878297873296
2019-06-19 18:00:00,7244.814276724399
2019-06-19 19:00:00,7192.329223258371
2019-06-19 20:00:00,7049.10336973153
2019-06-19 21:00:00,6892.141219812859
2019-06-19 22:00:00,6683.47203911477
2019-06-19 23:00:00,6497.410524444076
2019-06-20 00:00:00,6312.554913905099
2019-06-20 01:00:00,6198.466872382655
2019-06-20 02:00:00,6195.545539101724
2019-06-20 03:00:00,6035.0390928113875
2019-06-20 04:00:00,5674.335646523615
2019-06-20 05:00:00,5300.797192944318
2019-06-20 06:00:00,5018.309674699472
2019-06-20 07:00:00,4822.786157636197
2019-06-20 08:00:00,4706.639292122819
2019-06-20 09:00:00,4677.460763226546
2019-06-20 10:00:00,4762.095670167604
2019-06-20 11:00:00,5052.233471666384
2019-06-20 12:00:00,5501.28564840865
2019-06-20 13:00:00,5888.24972153367
2019-06-20 14:00:00,6131.8448295851895
2019-06-20 15:00:00,6281.8583157874145
2019-06-20 16:00:00,6400.189672007245
2019-06-20 17:00:00,6420.737727525142
2019-06-20 18:00:00,6437.574112877324
2019-06-20 19:00:00,6485.442116648044
2019-06-20 20:00:00,6481.917647900202
2019-06-20 21:00:00,6482.7087295961965
2019-06-20 22:00:00,6486.44816508195
2019-06-20 23:00:00,6445.030388099219
2019-06-21 00:00:00,6259.910868794474
2019-06-21 01:00:00,6123.452563319615
2019-06-21 02:00:00,6121.4107345237735
2019-06-21 03:00:00,6043.195348410289
2019-06-21 04:00:00,5682.495063377592
2019-06-21 05:00:00,5273.938455166474
2019-06-21 06:00:00,5008.375858977961
2019-06-21 07:00:00,4796.510656848598
2019-06-21 08:00:00,4689.118277305592
2019-06-21 09:00:00,4633.091277183677
2019-06-21 10:00:00,4708.970072366039
2019-06-21 11:00:00,4888.993681815774
2019-06-21 12:00:00,5361.805845059197
2019-06-21 13:00:00,5835.611781669153
2019-06-21 14:00:00,6202.486322342662
2019-06-21 15:00:00,6406.231717414522
2019-06-21 16:00:00,6592.930044483908
2019-06-21 17:00:00,6709.03426349925
2019-06-21 18:00:00,6774.992804187364
2019-06-21 19:00:00,6829.993617539069
2019-06-21 20:00:00,6762.893530245954
2019-06-21 21:00:00,6613.407298048127
2019-06-21 22:00:00,6447.378119688984
2019-06-21 23:00:00,6273.008653793685
2019-06-22 00:00:00,6080.035949588232
2019-06-22 01:00:00,5951.04885112328
2019-06-22 02:00:00,5963.826554837295
2019-06-22 03:00:00,5879.773710706028
2019-06-22 04:00:00,5557.59061085315
2019-06-22 05:00:00,5210.316668936659
2019-06-22 06:00:00,4946.506011651037
2019-06-22 07:00:00,4748.0616129146965
2019-06-22 08:00:00,4634.832889319982
2019-06-22 09:00:00,4571.802559343615
2019-06-22 10:00:00,4604.48598969017
2019-06-22 11:00:00,4610.318786215963
2019-06-22 12:00:00,4810.45508464804
2019-06-22 13:00:00,5058.2118475066545
2019-06-22 14:00:00,5409.4466400653455
2019-06-22 15:00:00,5711.038343441105
2019-06-22 16:00:00,5993.211333496094
2019-06-22 17:00:00,6216.115008798134
2019-06-22 18:00:00,6408.935698975733
2019-06-22 19:00:00,6512.581548991275
2019-06-22 20:00:00,6605.716804958893
2019-06-22 21:00:00,6699.263894264776
2019-06-22 22:00:00,6795.513544233325
2019-06-22 23:00:00,6800.636813668801
2019-06-23 00:00:00,6601.437337288432
2019-06-23 01:00:00,6454.8887753331755
2019-06-23 02:00:00,6389.287913286636
2019-06-23 03:00:00,6368.269854996033
2019-06-23 04:00:00,6060.097238465344
2019-06-23 05:00:00,5727.995767880047
2019-06-23 06:00:00,5409.904449437833
2019-06-23 07:00:00,5164.189373088615
2019-06-23 08:00:00,4982.672485627052
2019-06-23 09:00:00,4812.832862561971
2019-06-23 10:00:00,4753.886576448128
2019-06-23 11:00:00,4691.4969074682795
2019-06-23 12:00:00,4735.80027265137
2019-06-23 13:00:00,4872.4824648422455
2019-06-23 14:00:00,5252.085831541045
2019-06-23 15:00:00,5596.7909561062015
2019-06-23 16:00:00,5985.6983267333235
2019-06-23 17:00:00,6263.045644341994
2019-06-23 18:00:00,6387.843695983403
2019-06-23 19:00:00,6499.639987153902
2019-06-23 20:00:00,6784.563594797547
2019-06-23 21:00:00,7033.0243334231345
2019-06-23 22:00:00,7159.435283381331
2019-06-23 23:00:00,7067.99996122381
2019-06-24 00:00:00,6947.191573199754
2019-06-24 01:00:00,6844.063302177964
2019-06-24 02:00:00,6824.686519677286
2019-06-24 03:00:00,6700.365695536576
2019-06-24 04:00:00,6374.683173742216
2019-06-24 05:00:00,5931.110849581763
2019-06-24 06:00:00,5608.352581465883
2019-06-24 07:00:00,5391.235928170577
2019-06-24 08:00:00,5273.920722030851
2019-06-24 09:00:00,5207.972189921439
2019-06-24 10:00:00,5333.462107368277
2019-06-24 11:00:00,5642.207789781231
2019-06-24 12:00:00,6224.447221365549
2019-06-24 13:00:00,6758.292973739909
2019-06-24 14:00:00,7083.500517206444
2019-06-24 15:00:00,7298.700403924844
2019-06-24 16:00:00,7487.800443127282
2019-06-24 17:00:00,7581.874993063147
2019-06-24 18:00:00,7616.211929589934
2019-06-24 19:00:00,7672.449389618479
2019-06-24 20:00:00,7812.202164736164
2019-06-24 21:00:00,8024.481707586188
2019-06-24 22:00:00,8006.3427257361645
2019-06-24 23:00:00,7802.038210889081
2019-06-25 00:00:00,7609.125462463852
2019-06-25 01:00:00,7307.814159119242
2019-06-25 02:00:00,7000.963125740844
2019-06-25 03:00:00,6829.364036975067
2019-06-25 04:00:00,6378.778026086385
2019-06-25 05:00:00,5882.674360346597
2019-06-25 06:00:00,5499.215037138009
2019-06-25 07:00:00,5238.907986693445
2019-06-25 08:00:00,5052.142387820338
2019-06-25 09:00:00,4963.429097168705
2019-06-25 10:00:00,5043.976738777779
2019-06-25 11:00:00,5263.071810654253
2019-06-25 12:00:00,5817.107914920399
2019-06-25 13:00:00,6439.83138536046
2019-06-25 14:00:00,6891.328722015588
2019-06-25 15:00:00,7299.114979751207
2019-06-25 16:00:00,7741.562853425591
2019-06-25 17:00:00,8131.306373813259
2019-06-25 18:00:00,8468.468036153328
2019-06-25 19:00:00,8753.203242216203
2019-06-25 20:00:00,8852.449467425566
2019-06-25 21:00:00,8814.619770896068
2019-06-25 22:00:00,8767.097238008393
2019-06-25 23:00:00,8859.57027525666
2019-06-26 00:00:00,8744.896524827429
2019-06-26 01:00:00,8481.487470174661
2019-06-26 02:00:00,8186.925476425639
2019-06-26 03:00:00,7949.955823782237
2019-06-26 04:00:00,7374.470900092295
2019-06-26 05:00:00,6754.0514983271105
2019-06-26 06:00:00,6281.879185538802
2019-06-26 07:00:00,5920.018267320707
2019-06-26 08:00:00,5657.379081809318
2019-06-26 09:00:00,5506.7992857289855
2019-06-26 10:00:00,5531.902411526612
2019-06-26 11:00:00,5724.841592686891
2019-06-26 12:00:00,6336.079866911057
2019-06-26 13:00:00,7065.9642876431635
2019-06-26 14:00:00,7643.117702004132
2019-06-26 15:00:00,8201.812049867001
2019-06-26 16:00:00,8686.620972385419
2019-06-26 17:00:00,9028.858691972137
2019-06-26 18:00:00,9337.911251604555
2019-06-26 19:00:00,9643.564064281572
2019-06-26 20:00:00,9844.399690977743
2019-06-26 21:00:00,10039.993051947213
2019-06-26 22:00:00,10072.017773741522
2019-06-26 23:00:00,9978.7256551334
2019-06-27 00:00:00,9657.727897222505
2019-06-27 01:00:00,9178.233720778591
2019-06-27 02:00:00,8740.819010100642
2019-06-27 03:00:00,8349.184493869881
2019-06-27 04:00:00,7720.585202360696
2019-06-27 05:00:00,7039.464956253143
2019-06-27 06:00:00,6506.590444298861
2019-06-27 07:00:00,6116.7150324825
2019-06-27 08:00:00,5863.99764992333
2019-06-27 09:00:00,5726.841818491096
2019-06-27 10:00:00,5756.029710723837
2019-06-27 11:00:00,5989.507264343899
2019-06-27 12:00:00,6561.841396815462
2019-06-27 13:00:00,7329.5660547208545
2019-06-27 14:00:00,7994.997255653159
2019-06-27 15:00:00,8513.394331586265
2019-06-27 16:00:00,9028.681146072207
2019-06-27 17:00:00,9514.14652561723
2019-06-27 18:00:00,9839.36541024745
2019-06-27 19:00:00,10048.250595710226
2019-06-27 20:00:00,10448.406430311876
2019-06-27 21:00:00,10721.877835846572
2019-06-27 22:00:00,10823.840630168994
2019-06-27 23:00:00,10705.696688506328
2019-06-28 00:00:00,10160.787928973075
2019-06-28 01:00:00,9367.417342987736
2019-06-28 02:00:00,8807.35544581494
2019-06-28 03:00:00,8336.34876400577
2019-06-28 04:00:00,7676.82072080732
2019-06-28 05:00:00,7059.31527606122
2019-06-28 06:00:00,6591.224207166653
2019-06-28 07:00:00,6258.540733985948
2019-06-28 08:00:00,6009.321960474096
2019-06-28 09:00:00,5910.684187330226
2019-06-28 10:00:00,5982.476229002855
2019-06-28 11:00:00,6229.927689082403
2019-06-28 12:00:00,6795.003733524084
2019-06-28 13:00:00,7527.403575451169
2019-06-28 14:00:00,8071.053401722249
2019-06-28 15:00:00,8454.204590103976
2019-06-28 16:00:00,8672.632999994856
2019-06-28 17:00:00,8652.026216257087
2019-06-28 18:00:00,8691.206648687388
2019-06-28 19:00:00,9070.042210649786
2019-06-28 20:00:00,9418.332910306017
2019-06-28 21:00:00,9634.222637779463
2019-06-28 22:00:00,9900.886499170892
2019-06-28 23:00:00,10003.409734241137
2019-06-29 00:00:00,9722.429497595842
2019-06-29 01:00:00,9288.268882103368
2019-06-29 02:00:00,8946.255538816304
2019-06-29 03:00:00,8630.493766222471
2019-06-29 04:00:00,7994.313598127724
2019-06-29 05:00:00,7306.188878092453
2019-06-29 06:00:00,6747.635048433041
2019-06-29 07:00:00,6297.640132511512
2019-06-29 08:00:00,6020.4060826144205
2019-06-29 09:00:00,5822.549467054202
2019-06-29 10:00:00,5754.846918645706
2019-06-29 11:00:00,5713.565237459978
2019-06-29 12:00:00,5991.174300622343
2019-06-29 13:00:00,6547.711106043687
2019-06-29 14:00:00,7233.008001313482
2019-06-29 15:00:00,7863.056753282864
2019-06-29 16:00:00,8454.25518763419
2019-06-29 17:00:00,8884.782276587557
2019-06-29 18:00:00,9253.93518902468
2019-06-29 19:00:00,9428.383671655134
2019-06-29 20:00:00,9589.14276214
2019-06-29 21:00:00,9702.404566038482
2019-06-29 22:00:00,9695.49357526074
2019-06-29 23:00:00,9663.81735180363
2019-06-30 00:00:00,9390.060874917634
2019-06-30 01:00:00,8995.216882727971
2019-06-30 02:00:00,8569.216910615747
2019-06-30 03:00:00,8259.296239009835
2019-06-30 04:00:00,7701.322575407165
2019-06-30 05:00:00,7114.168185083265
2019-06-30 06:00:00,6620.981487081683
2019-06-30 07:00:00,6260.283761160239
2019-06-30 08:00:00,5934.60867584211
2019-06-30 09:00:00,5744.92171358088
2019-06-30 10:00:00,5636.944712116831
2019-06-30 11:00:00,5577.809514952729
2019-06-30 12:00:00,5682.392016362143
2019-06-30 13:00:00,6259.730794247456
2019-06-30 14:00:00,6928.563617647494
2019-06-30 15:00:00,7659.564598035653
2019-06-30 16:00:00,8298.320458523593
2019-06-30 17:00:00,8847.542435126783
2019-06-30 18:00:00,9287.76493690156
2019-06-30 19:00:00,9165.79508845186
2019-06-30 20:00:00,8359.690404198938
2019-06-30 21:00:00,9542.38782385535
2019-06-30 22:00:00,9571.05656366405
2019-06-30 23:00:00,9461.367104796253
2019-07-01 00:00:00,9230.620458799896
2019-07-01 01:00:00,8946.753417449481
2019-07-01 02:00:00,8704.0171534792
2019-07-01 03:00:00,7282.8670457091475
2019-07-01 04:00:00,6924.4958850241555
2019-07-01 05:00:00,6419.635565596228
2019-07-01 06:00:00,6023.920889330611
2019-07-01 07:00:00,5757.192903020487
2019-07-01 08:00:00,5601.939593898803
2019-07-01 09:00:00,5530.734673044088
2019-07-01 10:00:00,5631.123873268597
2019-07-01 11:00:00,5881.057478252232
2019-07-01 12:00:00,6467.845162899844
2019-07-01 13:00:00,7111.44842634374
2019-07-01 14:00:00,7736.998698285717
2019-07-01 15:00:00,8391.335705157751
2019-07-01 16:00:00,8907.591230085782
2019-07-01 17:00:00,9269.911502378292
2019-07-01 18:00:00,9672.597183263328
2019-07-01 19:00:00,10107.761199528875
2019-07-01 20:00:00,10363.616160991194
2019-07-01 21:00:00,10537.818334547552
2019-07-01 22:00:00,10741.844536007084
2019-07-01 23:00:00,10841.550367143827
2019-07-02 00:00:00,10672.150750865563
2019-07-02 01:00:00,10279.149145799209
2019-07-02 02:00:00,9869.576536271945
2019-07-02 03:00:00,9501.871295596471
2019-07-02 04:00:00,8813.744889558491
2019-07-02 05:00:00,8111.612847456109
2019-07-02 06:00:00,7563.566887815136
2019-07-02 07:00:00,7163.767144042495
2019-07-02 08:00:00,6870.189120932786
2019-07-02 09:00:00,6724.859210444454
2019-07-02 10:00:00,6751.710541853261
2019-07-02 11:00:00,6970.251005303711
2019-07-02 12:00:00,7565.643905772998
2019-07-02 13:00:00,8406.31122308704
2019-07-02 14:00:00,9168.284015294605
2019-07-02 15:00:00,9830.26920381394
2019-07-02 16:00:00,10488.62208130104
2019-07-02 17:00:00,10911.26260184905
2019-07-02 18:00:00,11116.873805679204
2019-07-02 19:00:00,11298.384121904512
2019-07-02 20:00:00,11410.724335220151
2019-07-02 21:00:00,11535.089384424058
2019-07-02 22:00:00,11622.283478540014
2019-07-02 23:00:00,11580.016518733592
2019-07-03 00:00:00,11010.243448556086
2019-07-03 01:00:00,10167.994413325154
2019-07-03 02:00:00,9590.60084413136
2019-07-03 03:00:00,9076.991488134669
2019-07-03 04:00:00,8380.694525581963
2019-07-03 05:00:00,7696.071786599427
2019-07-03 06:00:00,7140.437273039134
2019-07-03 07:00:00,6761.6477897945715
2019-07-03 08:00:00,6463.404984728963
2019-07-03 09:00:00,6294.147785759965
2019-07-03 10:00:00,6319.247087944308
2019-07-03 11:00:00,6519.08642229139
2019-07-03 12:00:00,6990.258769653283
2019-07-03 13:00:00,7540.99583661398
2019-07-03 14:00:00,8178.298473980737
2019-07-03 15:00:00,8749.355456367623
2019-07-03 16:00:00,9299.70147730018
2019-07-03 17:00:00,9738.629588589114
2019-07-03 18:00:00,10035.710986548816
2019-07-03 19:00:00,10283.001518900091
2019-07-03 20:00:00,10473.635214351723
2019-07-03 21:00:00,10588.121494370176
2019-07-03 22:00:00,10613.659460511062
2019-07-03 23:00:00,10497.836097876443
2019-07-04 00:00:00,9963.97667883306
2019-07-04 01:00:00,9320.684651256715
2019-07-04 02:00:00,8911.204175952575
2019-07-04 03:00:00,8482.805256446241
2019-07-04 04:00:00,7859.46786329835
2019-07-04 05:00:00,7232.627194488503
2019-07-04 06:00:00,6712.5960596249
2019-07-04 07:00:00,6259.103769050892
2019-07-04 08:00:00,5979.537192693491
2019-07-04 09:00:00,5787.517673864761
2019-07-04 10:00:00,5723.899771462611
2019-07-04 11:00:00,5682.716571994701
2019-07-04 12:00:00,5843.416606171265
2019-07-04 13:00:00,6262.934270625798
2019-07-04 14:00:00,6736.33828328815
2019-07-04 15:00:00,7406.084738715031
2019-07-04 16:00:00,8104.498331791965
2019-07-04 17:00:00,8679.235325592492
2019-07-04 18:00:00,9132.129094968412
2019-07-04 19:00:00,9479.421236367643
2019-07-04 20:00:00,9757.10486436847
2019-07-04 21:00:00,9933.536368248757
2019-07-04 22:00:00,9942.431932084955
2019-07-04 23:00:00,9707.07479563622
2019-07-05 00:00:00,9251.073630118946
2019-07-05 01:00:00,8796.592444317484
2019-07-05 02:00:00,8468.817233088696
2019-07-05 03:00:00,8196.83144299528
2019-07-05 04:00:00,7854.227551793152
2019-07-05 05:00:00,7456.75708290417
2019-07-05 06:00:00,7023.102918725798
2019-07-05 07:00:00,6666.492066742853
2019-07-05 08:00:00,6384.005451713743
2019-07-05 09:00:00,6200.157482937049
2019-07-05 10:00:00,6194.323758210976
2019-07-05 11:00:00,6325.458639869585
2019-07-05 12:00:00,6779.121008762205
2019-07-05 13:00:00,7466.516605657271
2019-07-05 14:00:00,8049.985111312485
2019-07-05 15:00:00,8656.418533241344
2019-07-05 16:00:00,9316.119964160487
2019-07-05 17:00:00,9926.955565882025
2019-07-05 18:00:00,10345.855998226643
2019-07-05 19:00:00,10652.318131056045
2019-07-05 20:00:00,10814.395147733956
2019-07-05 21:00:00,10708.425211148227
2019-07-05 22:00:00,10615.892854912638
2019-07-05 23:00:00,10528.184706745476
2019-07-06 00:00:00,10190.216678501572
2019-07-06 01:00:00,9774.705855855394
2019-07-06 02:00:00,9480.257475724078
2019-07-06 03:00:00,9159.830198601756
2019-07-06 04:00:00,8562.756895615996
2019-07-06 05:00:00,7984.360483696646
2019-07-06 06:00:00,7442.152313252559
2019-07-06 07:00:00,6995.662057923782
2019-07-06 08:00:00,6674.073786329767
2019-07-06 09:00:00,6434.779194238241
2019-07-06 10:00:00,6329.723285197593
2019-07-06 11:00:00,6258.917657969413
2019-07-06 12:00:00,6457.735444182703
2019-07-06 13:00:00,6920.480376826463
2019-07-06 14:00:00,7601.621899827771
2019-07-06 15:00:00,8270.173215127339
2019-07-06 16:00:00,8823.77426044354
2019-07-06 17:00:00,9112.030399328503
2019-07-06 18:00:00,9064.901049686388
2019-07-06 19:00:00,8864.695334352382
2019-07-06 20:00:00,8733.743322443897
2019-07-06 21:00:00,8619.98434399002
2019-07-06 22:00:00,8256.717912932694
2019-07-06 23:00:00,8178.229443609629
2019-07-07 00:00:00,7905.501997558924
2019-07-07 01:00:00,7419.299554467752
2019-07-07 02:00:00,7003.3100434385515
2019-07-07 03:00:00,6823.538862691299
2019-07-07 04:00:00,6465.174175052417
2019-07-07 05:00:00,6090.466236773506
2019-07-07 06:00:00,5746.695751162119
2019-07-07 07:00:00,5507.394776346056
2019-07-07 08:00:00,5296.11479828156
2019-07-07 09:00:00,5182.885322007065
2019-07-07 10:00:00,5093.006189625953
2019-07-07 11:00:00,5039.039084362637
2019-07-07 12:00:00,5039.882683590633
2019-07-07 13:00:00,5287.924657734238
2019-07-07 14:00:00,5545.972879726097
2019-07-07 15:00:00,5970.191148547455
2019-07-07 16:00:00,6355.771378118375
2019-07-07 17:00:00,6644.786853750444
2019-07-07 18:00:00,6914.048980416878
2019-07-07 19:00:00,7146.585408652676
2019-07-07 20:00:00,7335.12274259044
2019-07-07 21:00:00,7510.799699119786
2019-07-07 22:00:00,7599.183528057751
2019-07-07 23:00:00,7579.968719561629
2019-07-08 00:00:00,7394.672111087473
2019-07-08 01:00:00,7070.807107126339
2019-07-08 02:00:00,6834.078857082761
2019-07-08 03:00:00,6685.824452058421
2019-07-08 04:00:00,6279.007890409664
2019-07-08 05:00:00,5849.43888405989
2019-07-08 06:00:00,5475.900671338124
2019-07-08 07:00:00,5198.082180163138
2019-07-08 08:00:00,5034.6596693503325
2019-07-08 09:00:00,4972.208692536546
2019-07-08 10:00:00,5112.871021100194
2019-07-08 11:00:00,5338.328520977073
2019-07-08 12:00:00,5857.298434926131
2019-07-08 13:00:00,6425.869785871501
2019-07-08 14:00:00,6924.002799294938
2019-07-08 15:00:00,7350.272478867514
2019-07-08 16:00:00,7735.969813873367
2019-07-08 17:00:00,8074.613069889146
2019-07-08 18:00:00,8385.074614945317
2019-07-08 19:00:00,8725.238347155186
2019-07-08 20:00:00,8982.762092491872
2019-07-08 21:00:00,9182.826344687102
2019-07-08 22:00:00,9252.411515014775
2019-07-08 23:00:00,9146.6984801118
2019-07-09 00:00:00,8794.532882040789
2019-07-09 01:00:00,8287.754971148466
2019-07-09 02:00:00,7850.193817047143
2019-07-09 03:00:00,7543.767720124926
2019-07-09 04:00:00,6943.183343714684
2019-07-09 05:00:00,6381.707458201751
2019-07-09 06:00:00,5917.705671820979
2019-07-09 07:00:00,5618.874902936104
2019-07-09 08:00:00,5422.1815398869185
2019-07-09 09:00:00,5303.705038203587
2019-07-09 10:00:00,5376.6639151430045
2019-07-09 11:00:00,5621.726869901147
2019-07-09 12:00:00,6173.818332480046
2019-07-09 13:00:00,6806.103158367056
2019-07-09 14:00:00,7359.533568055034
2019-07-09 15:00:00,7847.807574603777
2019-07-09 16:00:00,8438.420261848763
2019-07-09 17:00:00,8938.864927451463
2019-07-09 18:00:00,9377.318418572007
2019-07-09 19:00:00,9781.065425420176
2019-07-09 20:00:00,10064.15737374116
2019-07-09 21:00:00,10258.125634350952
2019-07-09 22:00:00,10311.91249195967
2019-07-09 23:00:00,10226.694826616564
2019-07-10 00:00:00,9868.140985715028
2019-07-10 01:00:00,9484.272981556787
2019-07-10 02:00:00,9199.570790460648
2019-07-10 03:00:00,8929.913522571114
2019-07-10 04:00:00,8353.8430436372
2019-07-10 05:00:00,7721.746528011492
2019-07-10 06:00:00,7230.308999051209
2019-07-10 07:00:00,6897.045209277803
2019-07-10 08:00:00,6654.246287772628
2019-07-10 09:00:00,6511.253028429804
2019-07-10 10:00:00,6542.773627766
2019-07-10 11:00:00,6839.377480418056
2019-07-10 12:00:00,7456.105657903248
2019-07-10 13:00:00,8353.673343079934
2019-07-10 14:00:00,9220.08164721934
2019-07-10 15:00:00,9950.304403037013
2019-07-10 16:00:00,10661.355625363803
2019-07-10 17:00:00,11158.968043213805
2019-07-10 18:00:00,11539.53532918654
2019-07-10 19:00:00,11826.679915075658
2019-07-10 20:00:00,12015.854886299603
2019-07-10 21:00:00,12100.687373783156
2019-07-10 22:00:00,12058.435948289509
2019-07-10 23:00:00,11944.54546232502
2019-07-11 00:00:00,11638.021484473946
2019-07-11 01:00:00,11149.798034745954
2019-07-11 02:00:00,10596.209228686525
2019-07-11 03:00:00,10077.925245682409
2019-07-11 04:00:00,9199.537100513682
2019-07-11 05:00:00,8312.393114550981
2019-07-11 06:00:00,7612.018099466804
2019-07-11 07:00:00,7073.315583152779
2019-07-11 08:00:00,6674.6866789033575
2019-07-11 09:00:00,6435.394676030274
2019-07-11 10:00:00,6415.554472238443
2019-07-11 11:00:00,6580.197604476823
2019-07-11 12:00:00,7113.992675857849
2019-07-11 13:00:00,7807.061573704396
2019-07-11 14:00:00,8321.981356457594
2019-07-11 15:00:00,8728.559516978248
2019-07-11 16:00:00,9136.129414795652
2019-07-11 17:00:00,9394.655364474109
2019-07-11 18:00:00,9598.131633369658
2019-07-11 19:00:00,9815.060502571998
2019-07-11 20:00:00,9934.957438280302
2019-07-11 21:00:00,10033.28700536353
2019-07-11 22:00:00,10045.383783794912
2019-07-11 23:00:00,9831.729522615651
2019-07-12 00:00:00,9362.027928985774
2019-07-12 01:00:00,8762.747163530632
2019-07-12 02:00:00,8228.39214511017
2019-07-12 03:00:00,7862.438421836911
2019-07-12 04:00:00,7268.857405388313
2019-07-12 05:00:00,6647.851786020952
2019-07-12 06:00:00,6153.500119398436
2019-07-12 07:00:00,5789.884371987096
2019-07-12 08:00:00,5536.578483679216
2019-07-12 09:00:00,5404.090113742901
2019-07-12 10:00:00,5435.026753516262
2019-07-12 11:00:00,5643.384771171458
2019-07-12 12:00:00,6102.706309747452
2019-07-12 13:00:00,6727.151568824751
2019-07-12 14:00:00,7216.615502831974
2019-07-12 15:00:00,7615.76660345861
2019-07-12 16:00:00,8035.839004636499
2019-07-12 17:00:00,8385.180319988336
2019-07-12 18:00:00,8738.56033427667
2019-07-12 19:00:00,9144.408348012616
2019-07-12 20:00:00,9499.161538304988
2019-07-12 21:00:00,9823.977120927486
2019-07-12 22:00:00,10049.97840128001
2019-07-12 23:00:00,10092.886060675668
2019-07-13 00:00:00,9875.37218290051
2019-07-13 01:00:00,9480.561576211285
2019-07-13 02:00:00,9058.873356912049
2019-07-13 03:00:00,8713.349667895742
2019-07-13 04:00:00,8088.837701932919
2019-07-13 05:00:00,7421.725199393155
2019-07-13 06:00:00,6873.095129653391
2019-07-13 07:00:00,6417.8515926418895
2019-07-13 08:00:00,6105.018830662748
2019-07-13 09:00:00,5900.7421824527055
2019-07-13 10:00:00,5830.122937270724
2019-07-13 11:00:00,5834.201777711815
2019-07-13 12:00:00,6104.7164606554925
2019-07-13 13:00:00,6734.751265126772
2019-07-13 14:00:00,7501.853469991685
2019-07-13 15:00:00,8267.358781560471
2019-07-13 16:00:00,8985.515812821315
2019-07-13 17:00:00,9591.037752327233
2019-07-13 18:00:00,10018.948071707126
2019-07-13 19:00:00,10286.539083254253
2019-07-13 20:00:00,10484.283986691524
2019-07-13 21:00:00,10641.782580178588
2019-07-13 22:00:00,10700.766114379803
2019-07-13 23:00:00,10574.759184115288
2019-07-14 00:00:00,10182.595262921364
2019-07-14 01:00:00,9542.383061796489
2019-07-14 02:00:00,9069.397304170594
2019-07-14 03:00:00,8706.363408818705
2019-07-14 04:00:00,8147.220682017098
2019-07-14 05:00:00,7523.882084581557
2019-07-14 06:00:00,6995.093392814081
2019-07-14 07:00:00,6539.266377954804
2019-07-14 08:00:00,6207.172885775177
2019-07-14 09:00:00,5930.527100769265
2019-07-14 10:00:00,5789.2852082926975
2019-07-14 11:00:00,5707.506478200805
2019-07-14 12:00:00,5818.688836061206
2019-07-14 13:00:00,6327.739088793378
2019-07-14 14:00:00,6968.019946259605
2019-07-14 15:00:00,7626.7179268297505
2019-07-14 16:00:00,8255.359477568241
2019-07-14 17:00:00,8817.99195403438
2019-07-14 18:00:00,9292.89446112121
2019-07-14 19:00:00,9675.200848340051
2019-07-14 20:00:00,9906.342860655926
2019-07-14 21:00:00,10029.30635166492
2019-07-14 22:00:00,10002.782893800246
2019-07-14 23:00:00,9753.866250436013
2019-07-15 00:00:00,9255.323573545014
2019-07-15 01:00:00,8815.65653618883
2019-07-15 02:00:00,8606.589058135212
2019-07-15 03:00:00,8398.215871578295
2019-07-15 04:00:00,7980.892583984364
2019-07-15 05:00:00,7428.75622786352
2019-07-15 06:00:00,6947.831205429123
2019-07-15 07:00:00,6592.973436422335
2019-07-15 08:00:00,6378.772486363202
2019-07-15 09:00:00,6315.154583961054
2019-07-15 10:00:00,6412.628291699727
2019-07-15 11:00:00,6730.01117338802
2019-07-15 12:00:00,7359.410335516312
2019-07-15 13:00:00,8173.548107797244
2019-07-15 14:00:00,8842.274808149648
2019-07-15 15:00:00,9444.385580234291
2019-07-15 16:00:00,9990.923354285866
2019-07-15 17:00:00,10442.855661958314
2019-07-15 18:00:00,10829.217240733902
2019-07-15 19:00:00,11186.48608008756
2019-07-15 20:00:00,11410.6524690095
2019-07-15 21:00:00,11564.282727806438
2019-07-15 22:00:00,11581.800670311326
2019-07-15 23:00:00,11473.458715901788
2019-07-16 00:00:00,11129.6054159244
2019-07-16 01:00:00,10577.799135297404
2019-07-16 02:00:00,10008.464797147164
2019-07-16 03:00:00,9574.22929273159
2019-07-16 04:00:00,8846.419618926786
2019-07-16 05:00:00,8065.502381527951
2019-07-16 06:00:00,7466.097846691101
2019-07-16 07:00:00,7047.626992432757
2019-07-16 08:00:00,6744.134181346382
2019-07-16 09:00:00,6577.799489838773
2019-07-16 10:00:00,6605.235172203901
2019-07-16 11:00:00,6870.388790495604
2019-07-16 12:00:00,7359.792987758645
2019-07-16 13:00:00,7869.945387668741
2019-07-16 14:00:00,8242.530501591542
2019-07-16 15:00:00,8545.050036568997
2019-07-16 16:00:00,8792.198832083084
2019-07-16 17:00:00,8942.013058253808
2019-07-16 18:00:00,9092.103311625144
2019-07-16 19:00:00,9232.245809288468
2019-07-16 20:00:00,9433.163245176978
2019-07-16 21:00:00,9651.874424912692
2019-07-16 22:00:00,9765.98662163815
2019-07-16 23:00:00,9801.46878671373
2019-07-17 00:00:00,9672.3210834501
2019-07-17 01:00:00,9454.117235624666
2019-07-17 02:00:00,9274.238071304466
2019-07-17 03:00:00,9012.756327616207
2019-07-17 04:00:00,8439.614196938777
2019-07-17 05:00:00,7746.826922879755
2019-07-17 06:00:00,7190.029126701238
2019-07-17 07:00:00,6819.99698961021
2019-07-17 08:00:00,6555.027776535382
2019-07-17 09:00:00,6424.880182429768
2019-07-17 10:00:00,6498.425698472039
2019-07-17 11:00:00,6788.297486828527
2019-07-17 12:00:00,7385.390436794964
2019-07-17 13:00:00,8199.31235998204
2019-07-17 14:00:00,8929.250987375714
2019-07-17 15:00:00,9542.251130753222
2019-07-17 16:00:00,10213.765505500043
2019-07-17 17:00:00,10720.156831744338
2019-07-17 18:00:00,11052.806177383289
2019-07-17 19:00:00,11312.533990969285
2019-07-17 20:00:00,11348.269995267414
2019-07-17 21:00:00,11320.06351358881
2019-07-17 22:00:00,11227.964402239131
2019-07-17 23:00:00,10884.91969886762
2019-07-18 00:00:00,10374.31890390071
2019-07-18 01:00:00,9922.99638950919
2019-07-18 02:00:00,9693.330458900276
2019-07-18 03:00:00,9395.65884794843
2019-07-18 04:00:00,8824.260135838778
2019-07-18 05:00:00,8176.993105849306
2019-07-18 06:00:00,7628.360206033568
2019-07-18 07:00:00,7236.150792504525
2019-07-18 08:00:00,6979.926822492367
2019-07-18 09:00:00,6839.848754563466
2019-07-18 10:00:00,6878.37280418288
2019-07-18 11:00:00,7130.306248699881
2019-07-18 12:00:00,7625.7176633373265
2019-07-18 13:00:00,8085.590526302744
2019-07-18 14:00:00,8261.770922453148
2019-07-18 15:00:00,8363.302760259976
2019-07-18 16:00:00,8416.85038436547
2019-07-18 17:00:00,8406.35943458849
2019-07-18 18:00:00,8564.717969732586
2019-07-18 19:00:00,9095.579607511703
2019-07-18 20:00:00,9571.344188017802
2019-07-18 21:00:00,10109.604604423896
2019-07-18 22:00:00,10603.408506793185
2019-07-18 23:00:00,10843.788428160042
2019-07-19 00:00:00,10793.303749262175
2019-07-19 01:00:00,10622.781423592289
2019-07-19 02:00:00,10468.408401742665
2019-07-19 03:00:00,10248.364152870652
2019-07-19 04:00:00,9691.554434244415
2019-07-19 05:00:00,9040.78563395255
2019-07-19 06:00:00,8453.05490118519
2019-07-19 07:00:00,8021.154693091519
2019-07-19 08:00:00,7749.1776942979395
2019-07-19 09:00:00,7605.017780331474
2019-07-19 10:00:00,7659.885532198785
2019-07-19 11:00:00,7960.925976141212
2019-07-19 12:00:00,8389.153887132867
2019-07-19 13:00:00,8918.549062742994
2019-07-19 14:00:00,9524.60607013391
2019-07-19 15:00:00,10115.09808903788
2019-07-19 16:00:00,10746.24988253446
2019-07-19 17:00:00,11266.60086057165
2019-07-19 18:00:00,11629.754655049564
2019-07-19 19:00:00,11964.784454779585
2019-07-19 20:00:00,12156.677685861006
2019-07-19 21:00:00,12233.21357818956
2019-07-19 22:00:00,12282.440807339355
2019-07-19 23:00:00,12282.443021899348
2019-07-20 00:00:00,12166.99639573437
2019-07-20 01:00:00,11848.348633325366
2019-07-20 02:00:00,11551.618978765811
2019-07-20 03:00:00,11196.75669368034
2019-07-20 04:00:00,10555.901687827827
2019-07-20 05:00:00,9882.37110960567
2019-07-20 06:00:00,9267.791514219183
2019-07-20 07:00:00,8763.522440294368
2019-07-20 08:00:00,8342.713218780618
2019-07-20 09:00:00,7881.639238726885
2019-07-20 10:00:00,7567.059264673873
2019-07-20 11:00:00,7467.077000179821
2019-07-20 12:00:00,7521.899695975906
2019-07-20 13:00:00,8001.110790876836
2019-07-20 14:00:00,8733.691080987526
2019-07-20 15:00:00,9655.891782749484
2019-07-20 16:00:00,10395.042246995245
2019-07-20 17:00:00,11019.075785294472
2019-07-20 18:00:00,11429.848235414693
2019-07-20 19:00:00,11720.397852754826
2019-07-20 20:00:00,11867.423964142488
2019-07-20 21:00:00,11741.13057620481
2019-07-20 22:00:00,11004.529252827248
2019-07-20 23:00:00,10108.993247957982
2019-07-21 00:00:00,9738.00515839853
2019-07-21 01:00:00,9300.787525688233
2019-07-21 02:00:00,9038.492728555872
2019-07-21 03:00:00,8817.279416484926
2019-07-21 04:00:00,8402.297085364842
2019-07-21 05:00:00,7888.096092471561
2019-07-21 06:00:00,7402.500507500549
2019-07-21 07:00:00,6934.999901322119
2019-07-21 08:00:00,6613.4111179058555
2019-07-21 09:00:00,6356.023895382661
2019-07-21 10:00:00,6235.792444077319
2019-07-21 11:00:00,6130.850961548539
2019-07-21 12:00:00,6109.874536356767
2019-07-21 13:00:00,6270.74475119081
2019-07-21 14:00:00,6661.2611866688185
2019-07-21 15:00:00,7056.633835907539
2019-07-21 16:00:00,7305.588885421521
2019-07-21 17:00:00,7423.929362765423
2019-07-21 18:00:00,7503.476321879079
2019-07-21 19:00:00,7585.442385073024
2019-07-21 20:00:00,7608.847623968617
2019-07-21 21:00:00,7644.93222691084
2019-07-21 22:00:00,7786.406738555967
2019-07-21 23:00:00,7765.268137868927
2019-07-22 00:00:00,7513.696514187832
2019-07-22 01:00:00,7201.191708181859
2019-07-22 02:00:00,7143.982608447212
2019-07-22 03:00:00,6985.224096803335
2019-07-22 04:00:00,6636.775672393488
2019-07-22 05:00:00,6210.123573567539
2019-07-22 06:00:00,5873.360572602992
2019-07-22 07:00:00,5644.568822628971
2019-07-22 08:00:00,5481.146040851444
2019-07-22 09:00:00,5448.464296507598
2019-07-22 10:00:00,5586.793556681495
2019-07-22 11:00:00,5890.641419215236
2019-07-22 12:00:00,6355.278752494777
2019-07-22 13:00:00,6788.064608295408
2019-07-22 14:00:00,7144.225606087246
2019-07-22 15:00:00,7388.610454002379
2019-07-22 16:00:00,7626.007088002014
2019-07-22 17:00:00,7828.011372514526
2019-07-22 18:00:00,7925.733691475903
2019-07-22 19:00:00,8057.107838086826
2019-07-22 20:00:00,8132.9147424671555
2019-07-22 21:00:00,8179.249042384581
2019-07-22 22:00:00,8199.46614382047
2019-07-22 23:00:00,8086.446845885616
2019-07-23 00:00:00,7800.373967080047
2019-07-23 01:00:00,7419.598935970538
2019-07-23 02:00:00,7174.292927839704
2019-07-23 03:00:00,6941.996667808889
2019-07-23 04:00:00,6456.979743535059
2019-07-23 05:00:00,5931.694929573364
2019-07-23 06:00:00,5558.161293144662
2019-07-23 07:00:00,5297.27073474513
2019-07-23 08:00:00,5152.527523574035
2019-07-23 09:00:00,5078.987577362137
2019-07-23 10:00:00,5174.710941879055
2019-07-23 11:00:00,5444.590800496552
2019-07-23 12:00:00,5876.134491137891
2019-07-23 13:00:00,6398.973166376437
2019-07-23 14:00:00,6836.046465519502
2019-07-23 15:00:00,7208.630228743454
2019-07-23 16:00:00,7579.664317337626
2019-07-23 17:00:00,7900.985073780438
2019-07-23 18:00:00,8152.5152296618735
2019-07-23 19:00:00,8386.090790379161
2019-07-23 20:00:00,8554.231353359644
2019-07-23 21:00:00,8650.961915899548
2019-07-23 22:00:00,8659.445448021404
2019-07-23 23:00:00,8567.24777052909
2019-07-24 00:00:00,8232.186316171747
2019-07-24 01:00:00,7793.661095030425
2019-07-24 02:00:00,7560.087938763679
2019-07-24 03:00:00,7298.607670327789
2019-07-24 04:00:00,6776.2347359889845
2019-07-24 05:00:00,6215.3473261175695
2019-07-24 06:00:00,5775.860822143921
2019-07-24 07:00:00,5487.533648056334
2019-07-24 08:00:00,5292.598907706486
2019-07-24 09:00:00,5191.047900116121
2019-07-24 10:00:00,5244.748304894393
2019-07-24 11:00:00,5480.775820502356
2019-07-24 12:00:00,5923.876899626696
2019-07-24 13:00:00,6468.775835572946
2019-07-24 14:00:00,6907.54343886229
2019-07-24 15:00:00,7288.654069427717
2019-07-24 16:00:00,7668.383869287138
2019-07-24 17:00:00,7962.756216422091
2019-07-24 18:00:00,8188.730983963287
2019-07-24 19:00:00,8453.40250251196
2019-07-24 20:00:00,8641.363807071504
2019-07-24 21:00:00,8828.909944644063
2019-07-24 22:00:00,8930.773897734369
2019-07-24 23:00:00,8868.340214060723
2019-07-25 00:00:00,8574.051103409403
2019-07-25 01:00:00,8111.270807437993
2019-07-25 02:00:00,7764.937045589515
2019-07-25 03:00:00,7429.331125161803
2019-07-25 04:00:00,6846.847538232046
2019-07-25 05:00:00,6290.630419932522
2019-07-25 06:00:00,5854.062027770345
2019-07-25 07:00:00,5557.570288499082
2019-07-25 08:00:00,5342.790165920517
2019-07-25 09:00:00,5234.8188246084155
2019-07-25 10:00:00,5284.434794130679
2019-07-25 11:00:00,5553.729278147353
2019-07-25 12:00:00,5957.728218991731
2019-07-25 13:00:00,6504.150571996237
2019-07-25 14:00:00,6988.100438685182
2019-07-25 15:00:00,7410.357590315022
2019-07-25 16:00:00,7867.510118379528
2019-07-25 17:00:00,8290.230060047401
2019-07-25 18:00:00,8694.623473242964
2019-07-25 19:00:00,9116.322575977472
2019-07-25 20:00:00,9411.37875819034
2019-07-25 21:00:00,9615.521971255428
2019-07-25 22:00:00,9703.5858855862
2019-07-25 23:00:00,9618.679320337907
2019-07-26 00:00:00,9284.549049121048
2019-07-26 01:00:00,8825.01308573659
2019-07-26 02:00:00,8496.247496159407
2019-07-26 03:00:00,8139.047506176736
2019-07-26 04:00:00,7531.463412774987
2019-07-26 05:00:00,6912.209491452986
2019-07-26 06:00:00,6382.258871890889
2019-07-26 07:00:00,6030.903595759084
2019-07-26 08:00:00,5760.677753081422
2019-07-26 09:00:00,5608.934192667804
2019-07-26 10:00:00,5627.0319112147845
2019-07-26 11:00:00,5865.508938906179
2019-07-26 12:00:00,6279.361408114341
2019-07-26 13:00:00,6792.25690019412
2019-07-26 14:00:00,7185.292346493535
2019-07-26 15:00:00,7476.113069216032
2019-07-26 16:00:00,7889.727714836313
2019-07-26 17:00:00,8342.248781725275
2019-07-26 18:00:00,8769.153238400868
2019-07-26 19:00:00,9197.506000861116
2019-07-26 20:00:00,9439.544346482642
2019-07-26 21:00:00,9659.809027231317
2019-07-26 22:00:00,9694.026789176489
2019-07-26 23:00:00,9614.42611848848
2019-07-27 00:00:00,9340.791516583902
2019-07-27 01:00:00,8902.052664640305
2019-07-27 02:00:00,8653.242959346837
2019-07-27 03:00:00,8425.609102803815
2019-07-27 04:00:00,7896.23217625235
2019-07-27 05:00:00,7339.427545741428
2019-07-27 06:00:00,6831.653178972843
2019-07-27 07:00:00,6425.436292840734
2019-07-27 08:00:00,6107.934624220496
2019-07-27 09:00:00,5925.255116498915
2019-07-27 10:00:00,5855.802556047766
2019-07-27 11:00:00,5884.633535309932
2019-07-27 12:00:00,6024.536685911944
2019-07-27 13:00:00,6493.86643165638
2019-07-27 14:00:00,7135.362944633624
2019-07-27 15:00:00,7753.994114970093
2019-07-27 16:00:00,8412.03582702535
2019-07-27 17:00:00,8861.864852654706
2019-07-27 18:00:00,9227.097740133917
2019-07-27 19:00:00,9530.207239389638
2019-07-27 20:00:00,9733.46535315472
2019-07-27 21:00:00,9908.360396692282
2019-07-27 22:00:00,10000.175124257192
2019-07-27 23:00:00,9934.9295110362
2019-07-28 00:00:00,9634.360597857822
2019-07-28 01:00:00,9204.899094363833
2019-07-28 02:00:00,8865.682577059422
2019-07-28 03:00:00,8596.613363310727
2019-07-28 04:00:00,8111.016002015434
2019-07-28 05:00:00,7583.389689650447
2019-07-28 06:00:00,7095.461216932831
2019-07-28 07:00:00,6735.350882794022
2019-07-28 08:00:00,6405.008396194357
2019-07-28 09:00:00,6203.6491974375795
2019-07-28 10:00:00,6057.742492897921
2019-07-28 11:00:00,5987.878997582533
2019-07-28 12:00:00,6009.770181758441
2019-07-28 13:00:00,6418.94588360268
2019-07-28 14:00:00,7041.726559430104
2019-07-28 15:00:00,7774.198482442934
2019-07-28 16:00:00,8534.495639708692
2019-07-28 17:00:00,9112.314817962168
2019-07-28 18:00:00,9551.655767962857
2019-07-28 19:00:00,9803.389102552355
2019-07-28 20:00:00,10053.09189342007
2019-07-28 21:00:00,10176.876670901684
2019-07-28 22:00:00,10270.369153903006
2019-07-28 23:00:00,10211.01153328193
2019-07-29 00:00:00,9886.794177299307
2019-07-29 01:00:00,9510.74370051289
2019-07-29 02:00:00,9275.996874646951
2019-07-29 03:00:00,9004.590076429822
2019-07-29 04:00:00,8492.13855364975
2019-07-29 05:00:00,7890.396163379745
2019-07-29 06:00:00,7414.136675581027
2019-07-29 07:00:00,7040.603249902663
2019-07-29 08:00:00,6786.718761111984
2019-07-29 09:00:00,6645.481354606907
2019-07-29 10:00:00,6674.087093708283
2019-07-29 11:00:00,6991.598757916002
2019-07-29 12:00:00,7441.268910200559
2019-07-29 13:00:00,7829.301507296366
2019-07-29 14:00:00,8141.989775948883
2019-07-29 15:00:00,8278.10472181186
2019-07-29 16:00:00,8449.865137948902
2019-07-29 17:00:00,8605.929827884136
2019-07-29 18:00:00,8759.622891625062
2019-07-29 19:00:00,8951.242288552925
2019-07-29 20:00:00,9300.21107690211
2019-07-29 21:00:00,9536.246519937018
2019-07-29 22:00:00,9518.00237569959
2019-07-29 23:00:00,9508.989031079034
2019-07-30 00:00:00,9372.113831288078
2019-07-30 01:00:00,8995.941677279356
2019-07-30 02:00:00,8627.55503098502
2019-07-30 03:00:00,8254.021063377215
2019-07-30 04:00:00,7602.669477702969
2019-07-30 05:00:00,6948.403061901092
2019-07-30 06:00:00,6435.378357932638
2019-07-30 07:00:00,6068.267945516027
2019-07-30 08:00:00,5827.807270837492
2019-07-30 09:00:00,5705.831317105489
2019-07-30 10:00:00,5742.607793364738
2019-07-30 11:00:00,6036.4203597573205
2019-07-30 12:00:00,6469.609325322365
2019-07-30 13:00:00,7001.666183909805
2019-07-30 14:00:00,7495.876441487388
2019-07-30 15:00:00,7929.159784551679
2019-07-30 16:00:00,8360.988613272404
2019-07-30 17:00:00,8666.90950939344
2019-07-30 18:00:00,8866.258360850145
2019-07-30 19:00:00,9079.221608091795
2019-07-30 20:00:00,9160.898254241389
2019-07-30 21:00:00,9195.449899532578
2019-07-30 22:00:00,9160.317769996756
2019-07-30 23:00:00,9014.481386953596
2019-07-31 00:00:00,8606.611366566007
2019-07-31 01:00:00,8048.114570517275
2019-07-31 02:00:00,7736.383933858376
2019-07-31 03:00:00,7435.793458415278
2019-07-31 04:00:00,6911.082668643317
2019-07-31 05:00:00,6359.52771297406
2019-07-31 06:00:00,5925.293081667032
2019-07-31 07:00:00,5634.049903271357
2019-07-31 08:00:00,5434.440957414762
2019-07-31 09:00:00,5327.632296577061
2019-07-31 10:00:00,5335.807278848897
2019-07-31 11:00:00,5595.764943120689
2019-07-31 12:00:00,6008.638481583796
2019-07-31 13:00:00,6552.768340423041
2019-07-31 14:00:00,6980.296085271895
2019-07-31 15:00:00,7303.733116075289
2019-07-31 16:00:00,7600.321086500435
2019-07-31 17:00:00,7680.770016553561
2019-07-31 18:00:00,7993.857590058318
2019-07-31 19:00:00,8226.495005773
2019-07-31 20:00:00,8365.867312363243
2019-07-31 21:00:00,8499.896180749727
2019-07-31 22:00:00,8559.392901028476
2019-07-31 23:00:00,8448.144642922993
2019-08-01 00:00:00,8100.372593128181
2019-08-01 01:00:00,7606.866372910783
2019-08-01 02:00:00,7321.40075973694
2019-08-01 03:00:00,7024.893876548499
2019-08-01 04:00:00,6494.34626100977
2019-08-01 05:00:00,5932.290751369537
2019-08-01 06:00:00,5524.319848938344
2019-08-01 07:00:00,5240.668054537962
2019-08-01 08:00:00,5090.668815907859
2019-08-01 09:00:00,5021.216165135136
2019-08-01 10:00:00,5090.091660570236
2019-08-01 11:00:00,5370.454387270217
2019-08-01 12:00:00,5749.413267587218
2019-08-01 13:00:00,6300.871743733464
2019-08-01 14:00:00,6796.339224583868
2019-08-01 15:00:00,7165.975765717067
2019-08-01 16:00:00,7545.278852796024
2019-08-01 17:00:00,7827.401236061174
2019-08-01 18:00:00,8102.810055585406
2019-08-01 19:00:00,8416.34049918053
2019-08-01 20:00:00,8665.409398047099
2019-08-01 21:00:00,8850.999414449889
2019-08-01 22:00:00,8955.026361736087
2019-08-01 23:00:00,8907.888663154603
2019-08-02 00:00:00,8542.01730425432
2019-08-02 01:00:00,8062.690316836557
2019-08-02 02:00:00,7734.036022623356
2019-08-02 03:00:00,7369.831498498586
2019-08-02 04:00:00,6801.93359326121
2019-08-02 05:00:00,6237.54489480246
2019-08-02 06:00:00,5799.221191731976
2019-08-02 07:00:00,5499.226387549096
2019-08-02 08:00:00,5302.534620181044
2019-08-02 09:00:00,5195.729933492585
2019-08-02 10:00:00,5223.750930244153
2019-08-02 11:00:00,5480.150484066163
2019-08-02 12:00:00,5872.426051689034
2019-08-02 13:00:00,6443.880864443411
2019-08-02 14:00:00,6972.362674249705
2019-08-02 15:00:00,7398.182663158351
2019-08-02 16:00:00,7804.221536045524
2019-08-02 17:00:00,8181.932153813464
2019-08-02 18:00:00,8497.649545685497
2019-08-02 19:00:00,8815.219230920666
2019-08-02 20:00:00,9079.775252089808
2019-08-02 21:00:00,9253.78080067744
2019-08-02 22:00:00,9323.019921607922
2019-08-02 23:00:00,9221.658624589823
2019-08-03 00:00:00,8844.802882874423
2019-08-03 01:00:00,8284.409661466854
2019-08-03 02:00:00,7996.083119630282
2019-08-03 03:00:00,7637.130829458428
2019-08-03 04:00:00,7078.568238606374
2019-08-03 05:00:00,6542.189999382267
2019-08-03 06:00:00,6060.678729238501
2019-08-03 07:00:00,5696.482484591313
2019-08-03 08:00:00,5455.4368267054415
2019-08-03 09:00:00,5297.850449194005
2019-08-03 10:00:00,5253.492644741326
2019-08-03 11:00:00,5295.047366038225
2019-08-03 12:00:00,5403.581232969745
2019-08-03 13:00:00,5823.18584021929
2019-08-03 14:00:00,6383.9119083371625
2019-08-03 15:00:00,6914.029437094225
2019-08-03 16:00:00,7435.475219886276
2019-08-03 17:00:00,7898.152615277404
2019-08-03 18:00:00,8280.838074335586
2019-08-03 19:00:00,8574.055469296876
2019-08-03 20:00:00,8842.647668067206
2019-08-03 21:00:00,9095.178316160343
2019-08-03 22:00:00,9221.024999785615
2019-08-03 23:00:00,9135.620346901836
2019-08-04 00:00:00,8863.212184979307
2019-08-04 01:00:00,8407.537758156335
2019-08-04 02:00:00,8171.737831070077
2019-08-04 03:00:00,7865.896807676771
2019-08-04 04:00:00,7417.063879764244
2019-08-04 05:00:00,6879.518504201438
2019-08-04 06:00:00,6472.714497251416
2019-08-04 07:00:00,6112.01818636796
2019-08-04 08:00:00,5858.130476107822
2019-08-04 09:00:00,5670.197439824102
2019-08-04 10:00:00,5581.48417927966
2019-08-04 11:00:00,5576.814730709122
2019-08-04 12:00:00,5569.229836875913
2019-08-04 13:00:00,5828.220593393273
2019-08-04 14:00:00,6329.546569295577
2019-08-04 15:00:00,7045.342984110679
2019-08-04 16:00:00,7729.625365310026
2019-08-04 17:00:00,8304.067448211314
2019-08-04 18:00:00,8688.679677302454
2019-08-04 19:00:00,9030.633091208863
2019-08-04 20:00:00,9283.284965297376
2019-08-04 21:00:00,9508.91684844027
2019-08-04 22:00:00,9586.442041378878
2019-08-04 23:00:00,9518.265683343396
2019-08-05 00:00:00,9265.348880969368
2019-08-05 01:00:00,8840.61070252627
2019-08-05 02:00:00,8603.058926858697
2019-08-05 03:00:00,8274.453235244744
2019-08-05 04:00:00,7733.98490061268
2019-08-05 05:00:00,7134.577475485474
2019-08-05 06:00:00,6661.822497743551
2019-08-05 07:00:00,6298.795466831258
2019-08-05 08:00:00,6049.579643824144
2019-08-05 09:00:00,5957.949656399025
2019-08-05 10:00:00,6025.073182824044
2019-08-05 11:00:00,6329.218818212187
2019-08-05 12:00:00,6759.228396871709
2019-08-05 13:00:00,7472.43328428987
2019-08-05 14:00:00,8155.168149710739
2019-08-05 15:00:00,8839.131863688952
2019-08-05 16:00:00,9576.2045692904
2019-08-05 17:00:00,10056.524542388865
2019-08-05 18:00:00,10453.95735232826
2019-08-05 19:00:00,10802.627718099078
2019-08-05 20:00:00,10976.087615440454
2019-08-05 21:00:00,11086.050053207144
2019-08-05 22:00:00,11138.679411524272
2019-08-05 23:00:00,11048.343871448727
2019-08-06 00:00:00,10743.096102490834
2019-08-06 01:00:00,10255.35667424346
2019-08-06 02:00:00,9936.684467171915
2019-08-06 03:00:00,9482.59548169319
2019-08-06 04:00:00,8761.785856058994
2019-08-06 05:00:00,8001.292721800443
2019-08-06 06:00:00,7330.100902227176
2019-08-06 07:00:00,6815.9125543542
2019-08-06 08:00:00,6466.3085246598885
2019-08-06 09:00:00,6262.618997267759
2019-08-06 10:00:00,6286.554806083538
2019-08-06 11:00:00,6583.642939187607
2019-08-06 12:00:00,6953.4873565248035
2019-08-06 13:00:00,7386.964499997656
2019-08-06 14:00:00,7817.777042448408
2019-08-06 15:00:00,8196.026215412885
2019-08-06 16:00:00,8440.793059725846
2019-08-06 17:00:00,8589.583771771735
2019-08-06 18:00:00,8761.42866938952
2019-08-06 19:00:00,9136.58636579836
2019-08-06 20:00:00,9527.443085829987
2019-08-06 21:00:00,9839.069723679671
2019-08-06 22:00:00,9980.127250910911
2019-08-06 23:00:00,9901.59190770878
2019-08-07 00:00:00,9542.38735925626
2019-08-07 01:00:00,9043.147484817098
2019-08-07 02:00:00,8726.223663999881
2019-08-07 03:00:00,8319.410173284627
2019-08-07 04:00:00,7705.989224008919
2019-08-07 05:00:00,7034.210976083137
2019-08-07 06:00:00,6523.517925466447
2019-08-07 07:00:00,6135.976906756251
2019-08-07 08:00:00,5886.758223565974
2019-08-07 09:00:00,5730.342595256181
2019-08-07 10:00:00,5781.707583283788
2019-08-07 11:00:00,6078.849226459272
2019-08-07 12:00:00,6503.487447932182
2019-08-07 13:00:00,7141.329723973416
2019-08-07 14:00:00,7765.341556366612
2019-08-07 15:00:00,8338.846906763658
2019-08-07 16:00:00,8914.040270676021
2019-08-07 17:00:00,9350.482913276514
2019-08-07 18:00:00,9763.085670665683
2019-08-07 19:00:00,10101.733628919108
2019-08-07 20:00:00,10274.128633266506
2019-08-07 21:00:00,10480.004812605344
2019-08-07 22:00:00,10543.682048758028
2019-08-07 23:00:00,10476.963464511333
2019-08-08 00:00:00,10143.360421316438
2019-08-08 01:00:00,9686.315447455634
2019-08-08 02:00:00,9365.30454194958
2019-08-08 03:00:00,8894.290604307329
2019-08-08 04:00:00,8244.68213612895
2019-08-08 05:00:00,7565.896433663516
2019-08-08 06:00:00,7030.692947897487
2019-08-08 07:00:00,6566.696068988881
2019-08-08 08:00:00,6251.528281652559
2019-08-08 09:00:00,6117.290712567753
2019-08-08 10:00:00,6127.804363166904
2019-08-08 11:00:00,6399.208782915926
2019-08-08 12:00:00,6841.8847097111
2019-08-08 13:00:00,7520.060669245633
2019-08-08 14:00:00,8166.690581022791
2019-08-08 15:00:00,8717.604413449202
2019-08-08 16:00:00,9246.597982301715
2019-08-08 17:00:00,9634.20946043409
2019-08-08 18:00:00,9920.72086390343
2019-08-08 19:00:00,10173.711950703975
2019-08-08 20:00:00,10313.10910869422
2019-08-08 21:00:00,10367.532532721452
2019-08-08 22:00:00,10395.918594990932
2019-08-08 23:00:00,10202.292997045894
2019-08-09 00:00:00,9669.441287847743
2019-08-09 01:00:00,9037.891306822135
2019-08-09 02:00:00,8610.664099947564
2019-08-09 03:00:00,8133.815955864182
2019-08-09 04:00:00,7446.857167879963
2019-08-09 05:00:00,6791.999717325316
2019-08-09 06:00:00,6265.554059427882
2019-08-09 07:00:00,5875.679731470404
2019-08-09 08:00:00,5594.946410167789
2019-08-09 09:00:00,5434.449176677963
2019-08-09 10:00:00,5457.215139507833
2019-08-09 11:00:00,5700.022521133738
2019-08-09 12:00:00,6053.4338305350975
2019-08-09 13:00:00,6603.143227961618
2019-08-09 14:00:00,7119.261754457673
2019-08-09 15:00:00,7542.386769334899
2019-08-09 16:00:00,7911.319205799059
2019-08-09 17:00:00,8219.8757534202
2019-08-09 18:00:00,8495.147263219213
2019-08-09 19:00:00,8824.019409338032
2019-08-09 20:00:00,9052.060337777417
2019-08-09 21:00:00,9234.523184508873
2019-08-09 22:00:00,9289.85960006242
2019-08-09 23:00:00,9187.353237024809
2019-08-10 00:00:00,8845.868378012223
2019-08-10 01:00:00,8321.175871173902
2019-08-10 02:00:00,7979.15301913706
2019-08-10 03:00:00,7602.687210838592
2019-08-10 04:00:00,7017.8669426561355
2019-08-10 05:00:00,6473.318658739555
2019-08-10 06:00:00,6034.412501465797
2019-08-10 07:00:00,5698.8115788318255
2019-08-10 08:00:00,5489.280077343232
2019-08-10 09:00:00,5344.537829602255
2019-08-10 10:00:00,5307.768639283278
2019-08-10 11:00:00,5380.14009433287
2019-08-10 12:00:00,5485.000865257322
2019-08-10 13:00:00,5729.963842959594
2019-08-10 14:00:00,6226.149104014521
2019-08-10 15:00:00,6759.060207177589
2019-08-10 16:00:00,7275.397082057536
2019-08-10 17:00:00,7658.965675579724
2019-08-10 18:00:00,8017.96079289276
2019-08-10 19:00:00,8276.545364006686
2019-08-10 20:00:00,8532.0260601418
2019-08-10 21:00:00,8721.643806623097
2019-08-10 22:00:00,8801.117619916113
2019-08-10 23:00:00,8659.309409311923
2019-08-11 00:00:00,8291.597276085451
2019-08-11 01:00:00,7882.259868848617
2019-08-11 02:00:00,7690.815608604461
2019-08-11 03:00:00,7424.664657203196
2019-08-11 04:00:00,7005.01296783415
2019-08-11 05:00:00,6502.486228618226
2019-08-11 06:00:00,6111.439194491674
2019-08-11 07:00:00,5764.75420993176
2019-08-11 08:00:00,5514.368510831548
2019-08-11 09:00:00,5315.931939964923
2019-08-11 10:00:00,5228.385574901652
2019-08-11 11:00:00,5238.892842776267
2019-08-11 12:00:00,5233.277769858755
2019-08-11 13:00:00,5399.3298495451145
2019-08-11 14:00:00,5657.823073728587
2019-08-11 15:00:00,6175.3480895214025
2019-08-11 16:00:00,6670.1295172261
2019-08-11 17:00:00,7133.903912844287
2019-08-11 18:00:00,7541.623999370107
2019-08-11 19:00:00,7872.975130135826
2019-08-11 20:00:00,7945.161306503026
2019-08-11 21:00:00,7868.735701655058
2019-08-11 22:00:00,7827.317086793622
2019-08-11 23:00:00,7782.877542967362
2019-08-12 00:00:00,7736.520002294109
2019-08-12 01:00:00,7722.356680830682
2019-08-12 02:00:00,7819.817743549047
2019-08-12 03:00:00,7658.71752275154
2019-08-12 04:00:00,7322.524541720297
2019-08-12 05:00:00,6834.591853995912
2019-08-12 06:00:00,6447.047944995359
2019-08-12 07:00:00,6154.641453874268
2019-08-12 08:00:00,5984.802523274584
2019-08-12 09:00:00,5883.252900615014
2019-08-12 10:00:00,6006.990457658287
2019-08-12 11:00:00,6406.214611667249
2019-08-12 12:00:00,6894.416184710418
2019-08-12 13:00:00,7475.381858077367
2019-08-12 14:00:00,7936.023292805051
2019-08-12 15:00:00,8397.324896610327
2019-08-12 16:00:00,8752.001972832159
2019-08-12 17:00:00,9120.32044410704
2019-08-12 18:00:00,9352.506534352337
2019-08-12 19:00:00,9468.313276462535
2019-08-12 20:00:00,9468.207533812956
2019-08-12 21:00:00,9328.3704196459
2019-08-12 22:00:00,9102.627659512838
2019-08-12 23:00:00,8930.24705762206
2019-08-13 00:00:00,8654.311576015923
2019-08-13 01:00:00,8522.540880618584
2019-08-13 02:00:00,8405.806292143468
2019-08-13 03:00:00,8049.18568543057
2019-08-13 04:00:00,7540.238130777851
2019-08-13 05:00:00,6968.847427181062
2019-08-13 06:00:00,6543.367010879685
2019-08-13 07:00:00,6228.200759010114
2019-08-13 08:00:00,5992.407184541201
2019-08-13 09:00:00,5915.950270591099
2019-08-13 10:00:00,5983.075392697253
2019-08-13 11:00:00,6370.622222095352
2019-08-13 12:00:00,6873.551513385139
2019-08-13 13:00:00,7357.315289852394
2019-08-13 14:00:00,7735.999796475348
2019-08-13 15:00:00,8237.806700686147
2019-08-13 16:00:00,8797.824685480047
2019-08-13 17:00:00,9176.116552165724
2019-08-13 18:00:00,9504.2081660988
2019-08-13 19:00:00,9777.65337350225
2019-08-13 20:00:00,9799.303199555576
2019-08-13 21:00:00,9874.70660415684
2019-08-13 22:00:00,10111.794144260266
2019-08-13 23:00:00,9835.635606946144
2019-08-14 00:00:00,9475.5962015703
2019-08-14 01:00:00,8908.320597089421
2019-08-14 02:00:00,8646.262751815235
2019-08-14 03:00:00,8202.097737006492
2019-08-14 04:00:00,7574.668743091085
2019-08-14 05:00:00,6944.908758182119
2019-08-14 06:00:00,6431.884264964001
2019-08-14 07:00:00,6079.359142846287
2019-08-14 08:00:00,5835.9773456371595
2019-08-14 09:00:00,5716.329763573078
2019-08-14 10:00:00,5740.85043516743
2019-08-14 11:00:00,6060.698178484024
2019-08-14 12:00:00,6508.281253265037
2019-08-14 13:00:00,7070.788666514347
2019-08-14 14:00:00,7621.932778995805
2019-08-14 15:00:00,8079.616556454676
2019-08-14 16:00:00,8507.189430580354
2019-08-14 17:00:00,8849.03303085267
2019-08-14 18:00:00,9165.578773367855
2019-08-14 19:00:00,9343.7482100534
2019-08-14 20:00:00,9467.384242199782
2019-08-14 21:00:00,9451.30526299065
2019-08-14 22:00:00,9316.520319691235
2019-08-14 23:00:00,8976.029276750432
2019-08-15 00:00:00,8472.077457778652
2019-08-15 01:00:00,8114.009020518638
2019-08-15 02:00:00,7962.835811217429
2019-08-15 03:00:00,7583.45243303693
2019-08-15 04:00:00,7027.222880467438
2019-08-15 05:00:00,6471.001577268335
2019-08-15 06:00:00,6034.434088321896
2019-08-15 07:00:00,5722.766234749303
2019-08-15 08:00:00,5506.814640396503
2019-08-15 09:00:00,5413.431780745567
2019-08-15 10:00:00,5470.047858652823
2019-08-15 11:00:00,5782.890887184169
2019-08-15 12:00:00,6196.157234234376
2019-08-15 13:00:00,6687.987586901947
2019-08-15 14:00:00,7164.3870954279555
2019-08-15 15:00:00,7577.821870023908
2019-08-15 16:00:00,7924.954127805991
2019-08-15 17:00:00,8193.28476752633
2019-08-15 18:00:00,8395.350919535149
2019-08-15 19:00:00,8643.614310226258
2019-08-15 20:00:00,8823.933240475753
2019-08-15 21:00:00,8944.671298753803
2019-08-15 22:00:00,8934.776104057133
2019-08-15 23:00:00,8775.645677835917
2019-08-16 00:00:00,8290.775513818486
2019-08-16 01:00:00,7844.35187305787
2019-08-16 02:00:00,7747.458481911895
2019-08-16 03:00:00,7390.836640804157
2019-08-16 04:00:00,6830.523435765627
2019-08-16 05:00:00,6263.799170020254
2019-08-16 06:00:00,5814.972474296307
2019-08-16 07:00:00,5516.1450473096575
2019-08-16 08:00:00,5352.136499537821
2019-08-16 09:00:00,5279.767513277909
2019-08-16 10:00:00,5346.308314534931
2019-08-16 11:00:00,5657.399946092828
2019-08-16 12:00:00,6068.740757504915
2019-08-16 13:00:00,6551.396597964023
2019-08-16 14:00:00,6901.5987875701285
2019-08-16 15:00:00,7150.757875292551
2019-08-16 16:00:00,7503.323137142859
2019-08-16 17:00:00,7829.838952639354
2019-08-16 18:00:00,8237.273152530757
2019-08-16 19:00:00,8680.785962297527
2019-08-16 20:00:00,8945.231758589414
2019-08-16 21:00:00,9097.02281552874
2019-08-16 22:00:00,9275.977277623137
2019-08-16 23:00:00,9251.024441493952
2019-08-17 00:00:00,8931.754999584036
2019-08-17 01:00:00,8581.466573413636
2019-08-17 02:00:00,8406.373211036078
2019-08-17 03:00:00,8029.913604819
2019-08-17 04:00:00,7436.338188307965
2019-08-17 05:00:00,6845.683352398084
2019-08-17 06:00:00,6342.580330953083
2019-08-17 07:00:00,5978.969641549865
2019-08-17 08:00:00,5726.246478409983
2019-08-17 09:00:00,5562.8284836758585
2019-08-17 10:00:00,5531.31282191902
2019-08-17 11:00:00,5614.1932308459345
2019-08-17 12:00:00,5738.730044371163
2019-08-17 13:00:00,6034.231151445285
2019-08-17 14:00:00,6447.033776132427
2019-08-17 15:00:00,6852.247352193973
2019-08-17 16:00:00,7150.087761237485
2019-08-17 17:00:00,7275.157415713458
2019-08-17 18:00:00,7365.334813266298
2019-08-17 19:00:00,7462.08141231288
2019-08-17 20:00:00,7342.241062732141
2019-08-17 21:00:00,7364.724051456575
2019-08-17 22:00:00,7420.285055058005
2019-08-17 23:00:00,7443.903486139222
2019-08-18 00:00:00,7384.909305628671
2019-08-18 01:00:00,7332.480877620834
2019-08-18 02:00:00,7344.14926039591
2019-08-18 03:00:00,7143.3647782942635
2019-08-18 04:00:00,6797.252974922733
2019-08-18 05:00:00,6353.679687332161
2019-08-18 06:00:00,5969.63694649018
2019-08-18 07:00:00,5708.745424660529
2019-08-18 08:00:00,5484.623153364238
2019-08-18 09:00:00,5394.73989629793
2019-08-18 10:00:00,5350.383747740769
2019-08-18 11:00:00,5428.0073765288935
2019-08-18 12:00:00,5482.985430222877
2019-08-18 13:00:00,5691.0612052116885
2019-08-18 14:00:00,5909.116598552476
2019-08-18 15:00:00,6060.1323906734615
2019-08-18 16:00:00,6272.232386190629
2019-08-18 17:00:00,6549.5746187986215
2019-08-18 18:00:00,7022.919953554937
2019-08-18 19:00:00,7538.121990229933
2019-08-18 20:00:00,7863.231277492204
2019-08-18 21:00:00,7938.132514486043
2019-08-18 22:00:00,8110.001390788443
2019-08-18 23:00:00,8157.998038155021
2019-08-19 00:00:00,8058.204261831719
2019-08-19 01:00:00,7810.494261289872
2019-08-19 02:00:00,7705.41935461157
2019-08-19 03:00:00,7407.746117871399
2019-08-19 04:00:00,6889.461051008401
2019-08-19 05:00:00,6361.258486521527
2019-08-19 06:00:00,5948.619731200933
2019-08-19 07:00:00,5688.898597286631
2019-08-19 08:00:00,5549.408372748234
2019-08-19 09:00:00,5476.455246282338
2019-08-19 10:00:00,5629.959115398003
2019-08-19 11:00:00,6019.845787303877
2019-08-19 12:00:00,6539.981977474309
2019-08-19 13:00:00,7172.41356162193
2019-08-19 14:00:00,7760.827645363192
2019-08-19 15:00:00,8264.157778737486
2019-08-19 16:00:00,8778.47158060382
2019-08-19 17:00:00,9205.046651160294
2019-08-19 18:00:00,9527.548197226446
2019-08-19 19:00:00,9882.357960655165
2019-08-19 20:00:00,10091.830167366878
2019-08-19 21:00:00,10212.924933380971
2019-08-19 22:00:00,10180.59044746368
2019-08-19 23:00:00,10098.818978720685
2019-08-20 00:00:00,9774.250325049034
2019-08-20 01:00:00,9466.31063900411
2019-08-20 02:00:00,9324.476537594312
2019-08-20 03:00:00,8852.87767695911
2019-08-20 04:00:00,8219.024375172725
2019-08-20 05:00:00,7537.321704969088
2019-08-20 06:00:00,6988.106501486029
2019-08-20 07:00:00,6587.725869084055
2019-08-20 08:00:00,6318.664874598563
2019-08-20 09:00:00,6183.260289603822
2019-08-20 10:00:00,6204.862277350067
2019-08-20 11:00:00,6571.983979963384
2019-08-20 12:00:00,7112.963964208335
2019-08-20 13:00:00,7632.757863257825
2019-08-20 14:00:00,7961.701836613641
2019-08-20 15:00:00,8227.220865972407
2019-08-20 16:00:00,8351.240267417905
2019-08-20 17:00:00,8355.252518299343
2019-08-20 18:00:00,8161.127379311904
2019-08-20 19:00:00,8032.609577165145
2019-08-20 20:00:00,7937.612806760404
2019-08-20 21:00:00,7935.341884440269
2019-08-20 22:00:00,8104.879691039922
2019-08-20 23:00:00,8243.2390026846
2019-08-21 00:00:00,8189.49258826934
2019-08-21 01:00:00,7980.893005485041
2019-08-21 02:00:00,7906.183695002295
2019-08-21 03:00:00,7560.655008192245
2019-08-21 04:00:00,7000.932747584911
2019-08-21 05:00:00,6417.868783848071
2019-08-21 06:00:00,6000.561964887734
2019-08-21 07:00:00,5699.401740476052
2019-08-21 08:00:00,5507.967957534438
2019-08-21 09:00:00,5426.2588999529935
2019-08-21 10:00:00,5500.387683092702
2019-08-21 11:00:00,5863.424318198991
2019-08-21 12:00:00,6323.331726082086
2019-08-21 13:00:00,6909.625264366369
2019-08-21 14:00:00,7455.39003515897
2019-08-21 15:00:00,8032.638790068364
2019-08-21 16:00:00,8557.228588962878
2019-08-21 17:00:00,9030.569078850363
2019-08-21 18:00:00,9415.137912507504
2019-08-21 19:00:00,9627.421335441377
2019-08-21 20:00:00,9542.408472622845
2019-08-21 21:00:00,9320.646593056812
2019-08-21 22:00:00,9045.076333625086
2019-08-21 23:00:00,8847.696631121495
2019-08-22 00:00:00,8580.526360516478
2019-08-22 01:00:00,8428.000217858222
2019-08-22 02:00:00,8362.62480672281
2019-08-22 03:00:00,7957.561900086842
2019-08-22 04:00:00,7355.811501303975
2019-08-22 05:00:00,6758.734555348075
2019-08-22 06:00:00,6293.567770239178
2019-08-22 07:00:00,5960.889475495361
2019-08-22 08:00:00,5698.833647402984
2019-08-22 09:00:00,5569.265526888716
2019-08-22 10:00:00,5639.3063823382345
2019-08-22 11:00:00,5961.487374687727
2019-08-22 12:00:00,6413.282011348662
2019-08-22 13:00:00,6892.951620068576
2019-08-22 14:00:00,7382.493989526918
2019-08-22 15:00:00,7803.693833796135
2019-08-22 16:00:00,8169.958318473506
2019-08-22 17:00:00,8403.784290711465
2019-08-22 18:00:00,8574.446562167243
2019-08-22 19:00:00,8709.306708452885
2019-08-22 20:00:00,8748.473010625195
2019-08-22 21:00:00,8779.818516733067
2019-08-22 22:00:00,8726.15449992484
2019-08-22 23:00:00,8454.678045956265
2019-08-23 00:00:00,7959.457404116078
2019-08-23 01:00:00,7551.347241886881
2019-08-23 02:00:00,7389.67850651563
2019-08-23 03:00:00,7035.981280372665
2019-08-23 04:00:00,6514.777138268077
2019-08-23 05:00:00,6004.666421425898
2019-08-23 06:00:00,5643.970592257501
2019-08-23 07:00:00,5383.663210633835
2019-08-23 08:00:00,5228.998316939285
2019-08-23 09:00:00,5141.453186270852
2019-08-23 10:00:00,5211.495456758359
2019-08-23 11:00:00,5503.325093613739
2019-08-23 12:00:00,5917.124504358357
2019-08-23 13:00:00,6395.398050510233
2019-08-23 14:00:00,6770.7048596371715
2019-08-23 15:00:00,7067.636698750526
2019-08-23 16:00:00,7306.061436776232
2019-08-23 17:00:00,7463.62309866041
2019-08-23 18:00:00,7604.997458727058
2019-08-23 19:00:00,7744.013742571248
2019-08-23 20:00:00,7814.92097676838
2019-08-23 21:00:00,7803.633267029589
2019-08-23 22:00:00,7770.130151407359
2019-08-23 23:00:00,7579.725551228053
2019-08-24 00:00:00,7186.912732658435
2019-08-24 01:00:00,6842.7841177955015
2019-08-24 02:00:00,6764.574873549023
2019-08-24 03:00:00,6521.1838936465765
2019-08-24 04:00:00,6100.368951766497
2019-08-24 05:00:00,5712.239156342871
2019-08-24 06:00:00,5393.565985841207
2019-08-24 07:00:00,5170.027674107752
2019-08-24 08:00:00,4975.0906456113735
2019-08-24 09:00:00,4917.307882973285
2019-08-24 10:00:00,4893.382370816899
2019-08-24 11:00:00,5006.609137444185
2019-08-24 12:00:00,5092.9836314711665
2019-08-24 13:00:00,5389.2781935867415
2019-08-24 14:00:00,5750.172044647984
2019-08-24 15:00:00,6065.367371173834
2019-08-24 16:00:00,6285.6415128321605
2019-08-24 17:00:00,6457.91080971839
2019-08-24 18:00:00,6551.394738533592
2019-08-24 19:00:00,6619.889596555411
2019-08-24 20:00:00,6642.812889013821
2019-08-24 21:00:00,6676.712920411436
2019-08-24 22:00:00,6687.8862662416905
2019-08-24 23:00:00,6606.400671141891
2019-08-25 00:00:00,6415.88704385927
2019-08-25 01:00:00,6210.111229619142
2019-08-25 02:00:00,6241.038506056037
2019-08-25 03:00:00,6046.676194214792
2019-08-25 04:00:00,5755.4300954215705
2019-08-25 05:00:00,5414.5767882987275
2019-08-25 06:00:00,5126.835651170169
2019-08-25 07:00:00,4922.55809974439
2019-08-25 08:00:00,4760.304411272992
2019-08-25 09:00:00,4655.832431687989
2019-08-25 10:00:00,4619.061133865628
2019-08-25 11:00:00,4658.170317228336
2019-08-25 12:00:00,4659.158881276686
2019-08-25 13:00:00,4807.8612639819185
2019-08-25 14:00:00,5095.209651346701
2019-08-25 15:00:00,5437.013782113193
2019-08-25 16:00:00,5732.8600983168535
2019-08-25 17:00:00,5995.717684557945
2019-08-25 18:00:00,6232.322571376517
2019-08-25 19:00:00,6395.765605048433
2019-08-25 20:00:00,6562.59456747289
2019-08-25 21:00:00,6618.250762858786
2019-08-25 22:00:00,6614.223103239955
2019-08-25 23:00:00,6564.92127563671
2019-08-26 00:00:00,6455.133715842314
2019-08-26 01:00:00,6464.024169705515
2019-08-26 02:00:00,6549.812032498214
2019-08-26 03:00:00,6401.551425392484
2019-08-26 04:00:00,6091.041134071788
2019-08-26 05:00:00,5761.274357664567
2019-08-26 06:00:00,5409.920376141984
2019-08-26 07:00:00,5225.485979012775
2019-08-26 08:00:00,5095.335855903099
2019-08-26 09:00:00,5100.590528538503
2019-08-26 10:00:00,5224.330042549204
2019-08-26 11:00:00,5652.729142698687
2019-08-26 12:00:00,6216.18946310838
2019-08-26 13:00:00,6571.6737478544665
2019-08-26 14:00:00,6767.099283802955
2019-08-26 15:00:00,6956.376080995698
2019-08-26 16:00:00,7157.7733721960685
2019-08-26 17:00:00,7304.635222823694
2019-08-26 18:00:00,7439.126259599459
2019-08-26 19:00:00,7612.317965442316
2019-08-26 20:00:00,7688.969948427765
2019-08-26 21:00:00,7709.104962194995
2019-08-26 22:00:00,7787.407639398571
2019-08-26 23:00:00,7810.219023329776
2019-08-27 00:00:00,7661.679972186402
2019-08-27 01:00:00,7630.707033409704
2019-08-27 02:00:00,7568.256026488725
2019-08-27 03:00:00,7233.817904757922
2019-08-27 04:00:00,6730.128966782655
2019-08-27 05:00:00,6217.105135922746
2019-08-27 06:00:00,5814.391224380681
2019-08-27 07:00:00,5588.520747473209
2019-08-27 08:00:00,5439.691655900927
2019-08-27 09:00:00,5398.838060433131
2019-08-27 10:00:00,5444.37070866546
2019-08-27 11:00:00,5786.3975348515405
2019-08-27 12:00:00,6283.427071874945
2019-08-27 13:00:00,6691.143458343104
2019-08-27 14:00:00,7066.5263134576235
2019-08-27 15:00:00,7408.27014465451
2019-08-27 16:00:00,7795.897700003018
2019-08-27 17:00:00,8139.555022606678
2019-08-27 18:00:00,8382.524616324781
2019-08-27 19:00:00,8609.416180891714
2019-08-27 20:00:00,8763.696149958505
2019-08-27 21:00:00,8851.495331990882
2019-08-27 22:00:00,8814.868892549222
2019-08-27 23:00:00,8637.61656386188
2019-08-28 00:00:00,8194.48632900709
2019-08-28 01:00:00,7869.434375429516
2019-08-28 02:00:00,7708.337948138102
2019-08-28 03:00:00,7265.922463656953
2019-08-28 04:00:00,6709.700076598969
2019-08-28 05:00:00,6140.64042421012
2019-08-28 06:00:00,5743.756564316799
2019-08-28 07:00:00,5451.9320757911155
2019-08-28 08:00:00,5237.151862890976
2019-08-28 09:00:00,5141.433195095888
2019-08-28 10:00:00,5190.466258807009
2019-08-28 11:00:00,5463.03778478754
2019-08-28 12:00:00,5862.48108431345
2019-08-28 13:00:00,6280.895996295402
2019-08-28 14:00:00,6564.427493662571
2019-08-28 15:00:00,6831.100081397742
2019-08-28 16:00:00,7095.461153343346
2019-08-28 17:00:00,7293.937598100492
2019-08-28 18:00:00,7442.907823011277
2019-08-28 19:00:00,7576.245836245614
2019-08-28 20:00:00,7657.0551514366925
2019-08-28 21:00:00,7720.245881975103
2019-08-28 22:00:00,7741.093190341483
2019-08-28 23:00:00,7629.014609281435
2019-08-29 00:00:00,7296.715048720342
2019-08-29 01:00:00,7063.411182157081
2019-08-29 02:00:00,7000.371368415484
2019-08-29 03:00:00,6677.019175256476
2019-08-29 04:00:00,6192.584705185924
2019-08-29 05:00:00,5707.571544310998
2019-08-29 06:00:00,5345.710987379198
2019-08-29 07:00:00,5119.2560691938315
2019-08-29 08:00:00,4982.098371115743
2019-08-29 09:00:00,4902.142577153601
2019-08-29 10:00:00,4987.944921505272
2019-08-29 11:00:00,5293.783957823957
2019-08-29 12:00:00,5750.337027242694
2019-08-29 13:00:00,6188.8379550315385
2019-08-29 14:00:00,6578.680127141712
2019-08-29 15:00:00,6915.309921208557
2019-08-29 16:00:00,7272.944599607471
2019-08-29 17:00:00,7622.443685557254
2019-08-29 18:00:00,8006.185196340492
2019-08-29 19:00:00,8405.982213349953
2019-08-29 20:00:00,8734.130575939871
2019-08-29 21:00:00,9020.47688863905
2019-08-29 22:00:00,9211.97533804786
2019-08-29 23:00:00,9115.233647483565
2019-08-30 00:00:00,8772.00839261565
2019-08-30 01:00:00,8568.620336139793
2019-08-30 02:00:00,8503.246912079001
2019-08-30 03:00:00,8117.446391539034
2019-08-30 04:00:00,7417.651271546878
2019-08-30 05:00:00,6659.497437866661
2019-08-30 06:00:00,6072.9390800892725
2019-08-30 07:00:00,5640.45897690358
2019-08-30 08:00:00,5350.39124443138
2019-08-30 09:00:00,5187.555402828619
2019-08-30 10:00:00,5200.989724350496
2019-08-30 11:00:00,5453.718517535134
2019-08-30 12:00:00,5823.866242327268
2019-08-30 13:00:00,6189.92511023104
2019-08-30 14:00:00,6509.550138623123
2019-08-30 15:00:00,6782.982276142711
2019-08-30 16:00:00,7005.209695129515
2019-08-30 17:00:00,7161.503694438061
2019-08-30 18:00:00,7280.18419087445
2019-08-30 19:00:00,7392.45482064635
2019-08-30 20:00:00,7429.418926337855
2019-08-30 21:00:00,7430.272885185549
2019-08-30 22:00:00,7427.012762084322
2019-08-30 23:00:00,7221.976381608936
2019-08-31 00:00:00,6864.785536736988
2019-08-31 01:00:00,6648.461306589126
2019-08-31 02:00:00,6554.488646580259
2019-08-31 03:00:00,6278.41556104767
2019-08-31 04:00:00,5873.35479202228
2019-08-31 05:00:00,5463.627163644794
2019-08-31 06:00:00,5137.367215548092
2019-08-31 07:00:00,4907.405619588161
2019-08-31 08:00:00,4753.9067482662385
2019-08-31 09:00:00,4681.530777137965
2019-08-31 10:00:00,4660.521148860902
2019-08-31 11:00:00,4744.565412442675
2019-08-31 12:00:00,4839.242552172195
2019-08-31 13:00:00,4989.389665381743
2019-08-31 14:00:00,5285.564571581584
2019-08-31 15:00:00,5599.075042496547
2019-08-31 16:00:00,5829.146793871946
2019-08-31 17:00:00,5984.417798129525
2019-08-31 18:00:00,6137.393505900301
2019-08-31 19:00:00,6286.953298180057
2019-08-31 20:00:00,6386.330510604482
2019-08-31 21:00:00,6346.036432425935
2019-08-31 22:00:00,6202.9930438835745
2019-08-31 23:00:00,6074.671235845582
2019-09-01 00:00:00,5932.0082428610785
2019-09-01 01:00:00,6019.260593346201
2019-09-01 02:00:00,6045.521431931679
2019-09-01 03:00:00,5929.369147123884
2019-09-01 04:00:00,5685.983887587767
2019-09-01 05:00:00,5401.158182730663
2019-09-01 06:00:00,5147.85045788412
2019-09-01 07:00:00,4940.653891431133
2019-09-01 08:00:00,4798.828280249259
2019-09-01 09:00:00,4694.939658083268
2019-09-01 10:00:00,4631.904661492264
2019-09-01 11:00:00,4630.739572442566
2019-09-01 12:00:00,4661.544574635983
2019-09-01 13:00:00,4737.663077548995
2019-09-01 14:00:00,4977.894491075275
2019-09-01 15:00:00,5236.553351321232
2019-09-01 16:00:00,5506.277135945757
2019-09-01 17:00:00,5724.74759632361
2019-09-01 18:00:00,5782.647880036749
2019-09-01 19:00:00,5809.856171639293
2019-09-01 20:00:00,5831.5331386302105
2019-09-01 21:00:00,5865.548430674583
2019-09-01 22:00:00,5843.122411602633
2019-09-01 23:00:00,5852.9386686664975
2019-09-02 00:00:00,5814.945704533336
2019-09-02 01:00:00,5932.898284863091
2019-09-02 02:00:00,5956.820274478104
2019-09-02 03:00:00,5808.565116773984
2019-09-02 04:00:00,5559.922294312106
2019-09-02 05:00:00,5218.481655621012
2019-09-02 06:00:00,4926.655360663855
2019-09-02 07:00:00,4732.29897993928
2019-09-02 08:00:00,4597.475283573871
2019-09-02 09:00:00,4542.613733787949
2019-09-02 10:00:00,4552.533519558356
2019-09-02 11:00:00,4614.402252919205
2019-09-02 12:00:00,4667.338314290171
2019-09-02 13:00:00,4822.140451979743
2019-09-02 14:00:00,5192.418804079477
2019-09-02 15:00:00,5633.841365447062
2019-09-02 16:00:00,6109.418284441895
2019-09-02 17:00:00,6524.146228894172
2019-09-02 18:00:00,6836.619536905353
2019-09-02 19:00:00,7130.624002828697
2019-09-02 20:00:00,7385.164274294453
2019-09-02 21:00:00,7614.212315557896
2019-09-02 22:00:00,7801.691714008774
2019-09-02 23:00:00,7838.773019817555
2019-09-03 00:00:00,7631.755443030842
2019-09-03 01:00:00,7478.376984429188
2019-09-03 02:00:00,7389.653126153438
2019-09-03 03:00:00,7012.607964692389
2019-09-03 04:00:00,6489.65137186266
2019-09-03 05:00:00,5977.206442557462
2019-09-03 06:00:00,5594.33553477601
2019-09-03 07:00:00,5301.929946870656
2019-09-03 08:00:00,5117.4994937834945
2019-09-03 09:00:00,5071.392068681648
2019-09-03 10:00:00,5190.460990048547
2019-09-03 11:00:00,5622.952865146002
2019-09-03 12:00:00,6285.503451080309
2019-09-03 13:00:00,6784.982748913245
2019-09-03 14:00:00,6977.236811024849
2019-09-03 15:00:00,7115.914137777751
2019-09-03 16:00:00,7245.402426690885
2019-09-03 17:00:00,7336.244140245133
2019-09-03 18:00:00,7484.786504177433
2019-09-03 19:00:00,7578.097763483758
2019-09-03 20:00:00,7628.364939388034
2019-09-03 21:00:00,7728.316240329109
2019-09-03 22:00:00,8127.096773309474
2019-09-03 23:00:00,8477.015574797093
2019-09-04 00:00:00,8441.179227257937
2019-09-04 01:00:00,8451.917631180173
2019-09-04 02:00:00,8356.190864550648
2019-09-04 03:00:00,7840.24061229449
2019-09-04 04:00:00,7095.504240109072
2019-09-04 05:00:00,6363.028790811057
2019-09-04 06:00:00,5843.001991382989
2019-09-04 07:00:00,5487.562731603043
2019-09-04 08:00:00,5241.84681225247
2019-09-04 09:00:00,5112.276825092348
2019-09-04 10:00:00,5136.795569826461
2019-09-04 11:00:00,5460.7259720747825
2019-09-04 12:00:00,5878.384723327926
2019-09-04 13:00:00,6270.804733310441
2019-09-04 14:00:00,6595.274118733488
2019-09-04 15:00:00,6842.523290946441
2019-09-04 16:00:00,7002.793027234032
2019-09-04 17:00:00,7082.824669805573
2019-09-04 18:00:00,7154.0519370668435
2019-09-04 19:00:00,7227.87915484395
2019-09-04 20:00:00,7211.895285964175
2019-09-04 21:00:00,7154.430694486079
2019-09-04 22:00:00,7071.173771059083
2019-09-04 23:00:00,6884.8406785383695
2019-09-05 00:00:00,6633.061281966069
2019-09-05 01:00:00,6637.375076945416
2019-09-05 02:00:00,6560.324990631967
2019-09-05 03:00:00,6270.822912550348
2019-09-05 04:00:00,5854.66959137109
2019-09-05 05:00:00,5426.850085241719
2019-09-05 06:00:00,5150.197225045874
2019-09-05 07:00:00,4955.256101971489
2019-09-05 08:00:00,4839.691961626109
2019-09-05 09:00:00,4789.499137838136
2019-09-05 10:00:00,4851.9581231647835
2019-09-05 11:00:00,5198.652802240268
2019-09-05 12:00:00,5650.7746343260205
2019-09-05 13:00:00,6022.486637483705
2019-09-05 14:00:00,6298.532230052036
2019-09-05 15:00:00,6488.701358748189
2019-09-05 16:00:00,6681.169587077805
2019-09-05 17:00:00,6834.112713375845
2019-09-05 18:00:00,6977.537778737095
2019-09-05 19:00:00,7144.479733747464
2019-09-05 20:00:00,7262.000292209774
2019-09-05 21:00:00,7357.6375665736
2019-09-05 22:00:00,7399.725252993823
2019-09-05 23:00:00,7272.121472531589
2019-09-06 00:00:00,6954.569037338152
2019-09-06 01:00:00,6854.47995832896
2019-09-06 02:00:00,6754.667582262969
2019-09-06 03:00:00,6423.727738400379
2019-09-06 04:00:00,5999.408166034739
2019-09-06 05:00:00,5578.008391483279
2019-09-06 06:00:00,5268.086636018483
2019-09-06 07:00:00,5070.230983888383
2019-09-06 08:00:00,4949.416265485602
2019-09-06 09:00:00,4909.148526333689
2019-09-06 10:00:00,5010.123372123741
2019-09-06 11:00:00,5374.90890530661
2019-09-06 12:00:00,5897.478162163395
2019-09-06 13:00:00,6306.38698975012
2019-09-06 14:00:00,6634.1314338062175
2019-09-06 15:00:00,6855.786932375078
2019-09-06 16:00:00,7010.423408255741
2019-09-06 17:00:00,7094.614379131146
2019-09-06 18:00:00,7109.979917302879
2019-09-06 19:00:00,7108.976241821266
2019-09-06 20:00:00,7024.772122376781
2019-09-06 21:00:00,6890.728776199107
2019-09-06 22:00:00,6764.3514120892405
2019-09-06 23:00:00,6627.434518591905
2019-09-07 00:00:00,6504.584538504781
2019-09-07 01:00:00,6526.46566275407
2019-09-07 02:00:00,6476.264890667618
2019-09-07 03:00:00,6238.12996833137
2019-09-07 04:00:00,5882.679990391353
2019-09-07 05:00:00,5481.123099171741
2019-09-07 06:00:00,5182.877945745218
2019-09-07 07:00:00,4945.915187648605
2019-09-07 08:00:00,4783.080670762256
2019-09-07 09:00:00,4665.769980701212
2019-09-07 10:00:00,4694.3669285027545
2019-09-07 11:00:00,4775.495729705883
2019-09-07 12:00:00,4906.357227082998
2019-09-07 13:00:00,5093.079914970861
2019-09-07 14:00:00,5457.038304925081
2019-09-07 15:00:00,5761.038540003081
2019-09-07 16:00:00,5996.874920753386
2019-09-07 17:00:00,6197.394122506655
2019-09-07 18:00:00,6387.597612743641
2019-09-07 19:00:00,6552.096950991469
2019-09-07 20:00:00,6661.616747918681
2019-09-07 21:00:00,6801.46442323234
2019-09-07 22:00:00,6773.549904337188
2019-09-07 23:00:00,6618.952029595504
2019-09-08 00:00:00,6389.878707181876
2019-09-08 01:00:00,6403.8788938446705
2019-09-08 02:00:00,6297.650218420567
2019-09-08 03:00:00,6053.678289674404
2019-09-08 04:00:00,5756.59545543599
2019-09-08 05:00:00,5423.326276475357
2019-09-08 06:00:00,5141.42428336729
2019-09-08 07:00:00,4926.639885567573
2019-09-08 08:00:00,4749.211889226319
2019-09-08 09:00:00,4668.670208841104
2019-09-08 10:00:00,4636.569804734459
2019-09-08 11:00:00,4694.351603942428
2019-09-08 12:00:00,4787.94147593622
2019-09-08 13:00:00,4856.2592481392785
2019-09-08 14:00:00,5039.984177001499
2019-09-08 15:00:00,5227.781277271573
2019-09-08 16:00:00,5358.286903436483
2019-09-08 17:00:00,5377.725823781236
2019-09-08 18:00:00,5402.151363424565
2019-09-08 19:00:00,5431.104475641655
2019-09-08 20:00:00,5414.241747519023
2019-09-08 21:00:00,5445.668165724036
2019-09-08 22:00:00,5495.020285697019
2019-09-08 23:00:00,5518.538979424851
2019-09-09 00:00:00,5535.550943464236
2019-09-09 01:00:00,5730.3723712682895
2019-09-09 02:00:00,5748.460365192509
2019-09-09 03:00:00,5578.02555258227
2019-09-09 04:00:00,5325.882073784071
2019-09-09 05:00:00,5006.622023322024
2019-09-09 06:00:00,4809.931008633753
2019-09-09 07:00:00,4682.693457612366
2019-09-09 08:00:00,4623.158334570711
2019-09-09 09:00:00,4611.489500187769
2019-09-09 10:00:00,4760.910740478898
2019-09-09 11:00:00,5152.546250246967
2019-09-09 12:00:00,5771.23132756415
2019-09-09 13:00:00,6149.092093688016
2019-09-09 14:00:00,6434.875186911319
2019-09-09 15:00:00,6647.955772195921
2019-09-09 16:00:00,6807.117419586649
2019-09-09 17:00:00,6904.892749775444
2019-09-09 18:00:00,6968.6154077913425
2019-09-09 19:00:00,7033.225079593221
2019-09-09 20:00:00,7075.308603733428
2019-09-09 21:00:00,7120.87240953404
2019-09-09 22:00:00,7195.046811534205
2019-09-09 23:00:00,7246.03518726475
2019-09-10 00:00:00,7174.41285437493
2019-09-10 01:00:00,7297.494576397313
2019-09-10 02:00:00,7258.375277018359
2019-09-10 03:00:00,6951.3601023108
2019-09-10 04:00:00,6534.625440894343
2019-09-10 05:00:00,6053.694878736762
2019-09-10 06:00:00,5730.931191326464
2019-09-10 07:00:00,5537.739387829335
2019-09-10 08:00:00,5379.570375471477
2019-09-10 09:00:00,5318.871156917433
2019-09-10 10:00:00,5433.853294667407
2019-09-10 11:00:00,5864.588504032953
2019-09-10 12:00:00,6528.9986863866425
2019-09-10 13:00:00,6929.3572043731265
2019-09-10 14:00:00,7317.85857532642
2019-09-10 15:00:00,7844.926550098428
2019-09-10 16:00:00,8475.91764295894
2019-09-10 17:00:00,9047.617980645578
2019-09-10 18:00:00,9610.948662543273
2019-09-10 19:00:00,10117.331353146335
2019-09-10 20:00:00,10380.159476688315
2019-09-10 21:00:00,10443.048026729084
2019-09-10 22:00:00,10392.40108339321
2019-09-10 23:00:00,10235.07084663524
2019-09-11 00:00:00,9837.492480370129
2019-09-11 01:00:00,9710.252972381311
2019-09-11 02:00:00,9419.004254262454
2019-09-11 03:00:00,8860.442235447033
2019-09-11 04:00:00,8160.059362385949
2019-09-11 05:00:00,7513.958264447529
2019-09-11 06:00:00,7003.267291227032
2019-09-11 07:00:00,6623.896287102121
2019-09-11 08:00:00,6388.685799087499
2019-09-11 09:00:00,6243.9430395242725
2019-09-11 10:00:00,6302.894714825342
2019-09-11 11:00:00,6681.10619973093
2019-09-11 12:00:00,7265.408971384862
2019-09-11 13:00:00,7737.540061936557
2019-09-11 14:00:00,8236.971766825633
2019-09-11 15:00:00,8826.582810116905
2019-09-11 16:00:00,9454.91160074031
2019-09-11 17:00:00,9971.816237538183
2019-09-11 18:00:00,10420.170170873136
2019-09-11 19:00:00,10832.585857494523
2019-09-11 20:00:00,10937.62899421542
2019-09-11 21:00:00,10838.878981782373
2019-09-11 22:00:00,10648.192489584511
2019-09-11 23:00:00,10429.03281719483
2019-09-12 00:00:00,10199.33945895869
2019-09-12 01:00:00,10035.33184450978
2019-09-12 02:00:00,9727.15907744314
2019-09-12 03:00:00,9176.184408259389
2019-09-12 04:00:00,8422.691051206724
2019-09-12 05:00:00,7470.768740406816
2019-09-12 06:00:00,6815.919659651327
2019-09-12 07:00:00,6323.325501762075
2019-09-12 08:00:00,6035.587977496462
2019-09-12 09:00:00,5883.842761187328
2019-09-12 10:00:00,5911.280129555164
2019-09-12 11:00:00,6282.48804374877
2019-09-12 12:00:00,6841.865260489544
2019-09-12 13:00:00,7159.884183782882
2019-09-12 14:00:00,7412.939888436402
2019-09-12 15:00:00,7659.307634807618
2019-09-12 16:00:00,7891.682147898376
2019-09-12 17:00:00,8102.271332023
2019-09-12 18:00:00,8401.866433059768
2019-09-12 19:00:00,8748.967457715207
2019-09-12 20:00:00,9089.936175639825
2019-09-12 21:00:00,9203.064269303875
2019-09-12 22:00:00,9131.264351183503
2019-09-12 23:00:00,9181.614488838914
2019-09-13 00:00:00,8929.95841239321
2019-09-13 01:00:00,8854.662793986712
2019-09-13 02:00:00,8663.795297686693
2019-09-13 03:00:00,8250.55816145867
2019-09-13 04:00:00,7670.401621480425
2019-09-13 05:00:00,7083.8286316081085
2019-09-13 06:00:00,6682.276316681561
2019-09-13 07:00:00,6384.612232527517
2019-09-13 08:00:00,6131.309625903481
2019-09-13 09:00:00,6012.248502299107
2019-09-13 10:00:00,6045.522395361798
2019-09-13 11:00:00,6357.779115969393
2019-09-13 12:00:00,6932.432204450569
2019-09-13 13:00:00,7347.276178964415
2019-09-13 14:00:00,7629.257310234297
2019-09-13 15:00:00,7775.041453828616
2019-09-13 16:00:00,8077.725864084191
2019-09-13 17:00:00,8419.40529904069
2019-09-13 18:00:00,8538.25918146197
2019-09-13 19:00:00,8576.75432033322
2019-09-13 20:00:00,8451.761422424092
2019-09-13 21:00:00,8170.652933195488
2019-09-13 22:00:00,7824.430740445602
2019-09-13 23:00:00,7519.482911061984
2019-09-14 00:00:00,7142.846151336355
2019-09-14 01:00:00,6964.2419563918465
2019-09-14 02:00:00,6769.290476443688
2019-09-14 03:00:00,6452.356449288649
2019-09-14 04:00:00,6060.717266443251
2019-09-14 05:00:00,5624.141708769565
2019-09-14 06:00:00,5302.546843700677
2019-09-14 07:00:00,5069.663252101609
2019-09-14 08:00:00,4933.668565677025
2019-09-14 09:00:00,4792.428389310356
2019-09-14 10:00:00,4777.839034540646
2019-09-14 11:00:00,4907.408961486386
2019-09-14 12:00:00,5039.557375671457
2019-09-14 13:00:00,5259.020255553942
2019-09-14 14:00:00,5589.419865468904
2019-09-14 15:00:00,5901.561787639877
2019-09-14 16:00:00,6207.58075419938
2019-09-14 17:00:00,6406.190883825472
2019-09-14 18:00:00,6642.915972613976
2019-09-14 19:00:00,6868.537515025141
2019-09-14 20:00:00,7139.499833094236
2019-09-14 21:00:00,7384.642936286537
2019-09-14 22:00:00,7556.683020253795
2019-09-14 23:00:00,7439.581359336479
2019-09-15 00:00:00,7125.288255209895
2019-09-15 01:00:00,7042.9866575161195
2019-09-15 02:00:00,6904.0688313791325
2019-09-15 03:00:00,6644.334329871936
2019-09-15 04:00:00,6308.730637376373
2019-09-15 05:00:00,5969.040522550182
2019-09-15 06:00:00,5669.6244994932495
2019-09-15 07:00:00,5387.72196445574
2019-09-15 08:00:00,5150.182924130048
2019-09-15 09:00:00,5012.442982599023
2019-09-15 10:00:00,4967.501700298569
2019-09-15 11:00:00,5006.023913379318
2019-09-15 12:00:00,5053.300221036955
2019-09-15 13:00:00,5137.809958321531
2019-09-15 14:00:00,5335.305193434491
2019-09-15 15:00:00,5590.155420921795
2019-09-15 16:00:00,5810.696788876526
2019-09-15 17:00:00,5937.435328186899
2019-09-15 18:00:00,6216.548847959302
2019-09-15 19:00:00,6599.798984012798
2019-09-15 20:00:00,6993.619891446871
2019-09-15 21:00:00,7222.021738504317
2019-09-15 22:00:00,7236.530724485158
2019-09-15 23:00:00,7285.726147080615
2019-09-16 00:00:00,7242.014142706751
2019-09-16 01:00:00,7356.407202671383
2019-09-16 02:00:00,7281.692021286351
2019-09-16 03:00:00,7008.53548199129
2019-09-16 04:00:00,6585.383858858514
2019-09-16 05:00:00,6133.052532649008
2019-09-16 06:00:00,5788.118192382762
2019-09-16 07:00:00,5545.319812807028
2019-09-16 08:00:00,5435.009441881315
2019-09-16 09:00:00,5392.9907272566315
2019-09-16 10:00:00,5498.636376440826
2019-09-16 11:00:00,5911.282417701696
2019-09-16 12:00:00,6543.298848851447
2019-09-16 13:00:00,6910.466693523838
2019-09-16 14:00:00,7279.810581416198
2019-09-16 15:00:00,7388.892668950524
2019-09-16 16:00:00,7477.872229744026
2019-09-16 17:00:00,7668.013192122286
2019-09-16 18:00:00,7902.584804712072
2019-09-16 19:00:00,8169.276519737097
2019-09-16 20:00:00,8367.84015701325
2019-09-16 21:00:00,8589.687028527407
2019-09-16 22:00:00,8620.631658318827
2019-09-16 23:00:00,8382.89143484521
2019-09-17 00:00:00,7937.757674388507
2019-09-17 01:00:00,7801.765005145736
2019-09-17 02:00:00,7498.841431205695
2019-09-17 03:00:00,7042.417390262596
2019-09-17 04:00:00,6543.969937972984
2019-09-17 05:00:00,6036.776309297776
2019-09-17 06:00:00,5669.656202365594
2019-09-17 07:00:00,5418.102373389371
2019-09-17 08:00:00,5246.508583489249
2019-09-17 09:00:00,5184.0564324950055
2019-09-17 10:00:00,5292.620795634496
2019-09-17 11:00:00,5673.166191931191
2019-09-17 12:00:00,6267.134423900002
2019-09-17 13:00:00,6661.591333965465
2019-09-17 14:00:00,6892.249788782855
2019-09-17 15:00:00,7133.557576364294
2019-09-17 16:00:00,7515.825533446737
2019-09-17 17:00:00,7881.799249642991
2019-09-17 18:00:00,8197.314708040078
2019-09-17 19:00:00,8532.681057283984
2019-09-17 20:00:00,8725.2246428796
2019-09-17 21:00:00,8837.820085483456
2019-09-17 22:00:00,8857.92010310608
2019-09-17 23:00:00,8602.489608638192
2019-09-18 00:00:00,8154.839011948524
2019-09-18 01:00:00,8024.1013465202595
2019-09-18 02:00:00,7724.099135968341
2019-09-18 03:00:00,7275.2618425130895
2019-09-18 04:00:00,6704.448264146729
2019-09-18 05:00:00,6238.107267509197
2019-09-18 06:00:00,5739.093649006755
2019-09-18 07:00:00,5465.361519948016
2019-09-18 08:00:00,5275.090899195863
2019-09-18 09:00:00,5178.792878238194
2019-09-18 10:00:00,5255.839652760609
2019-09-18 11:00:00,5583.272999491784
2019-09-18 12:00:00,6111.750977435285
2019-09-18 13:00:00,6502.373782691239
2019-09-18 14:00:00,6893.93428623431
2019-09-18 15:00:00,7228.692089964287
2019-09-18 16:00:00,7628.411139248576
2019-09-18 17:00:00,7966.91758614217
2019-09-18 18:00:00,8289.775609344362
2019-09-18 19:00:00,8589.681775863059
2019-09-18 20:00:00,8890.407340967793
2019-09-18 21:00:00,9130.697890104551
2019-09-18 22:00:00,9192.110379298145
2019-09-18 23:00:00,8977.830470365481
2019-09-19 00:00:00,8500.943619701357
2019-09-19 01:00:00,8318.25703678984
2019-09-19 02:00:00,8004.243650450334
2019-09-19 03:00:00,7506.967579613385
2019-09-19 04:00:00,6897.045841528819
2019-09-19 05:00:00,6303.47647656322
2019-09-19 06:00:00,5817.297654601962
2019-09-19 07:00:00,5503.879006199747
2019-09-19 08:00:00,5301.353815177535
2019-09-19 09:00:00,5204.471623906691
2019-09-19 10:00:00,5236.58006663339
2019-09-19 11:00:00,5593.193387406015
2019-09-19 12:00:00,6085.987216606115
2019-09-19 13:00:00,6457.23114307723
2019-09-19 14:00:00,6881.9349938305
2019-09-19 15:00:00,7223.379003529117
2019-09-19 16:00:00,7651.803458034385
2019-09-19 17:00:00,8056.886809201215
2019-09-19 18:00:00,8359.498814322602
2019-09-19 19:00:00,8603.480428336932
2019-09-19 20:00:00,8679.007869776826
2019-09-19 21:00:00,8788.944801260717
2019-09-19 22:00:00,8777.311992563633
2019-09-19 23:00:00,8546.454069317162
2019-09-20 00:00:00,8208.548298348205
2019-09-20 01:00:00,8151.929360257784
2019-09-20 02:00:00,7898.615132257939
2019-09-20 03:00:00,7465.537581487749
2019-09-20 04:00:00,6905.812400482866
2019-09-20 05:00:00,6372.936593919363
2019-09-20 06:00:00,5952.126318653921
2019-09-20 07:00:00,5694.737440235212
2019-09-20 08:00:00,5506.220986318097
2019-09-20 09:00:00,5423.34723108044
2019-09-20 10:00:00,5483.468541617081
2019-09-20 11:00:00,5873.351751195967
2019-09-20 12:00:00,6475.147260143901
2019-09-20 13:00:00,6853.621470387398
2019-09-20 14:00:00,7193.117994557472
2019-09-20 15:00:00,7499.938937491435
2019-09-20 16:00:00,7849.841991550962
2019-09-20 17:00:00,8240.030244163416
2019-09-20 18:00:00,8714.441970795759
2019-09-20 19:00:00,9230.47346969104
2019-09-20 20:00:00,9541.188110549603
2019-09-20 21:00:00,9716.321290347118
2019-09-20 22:00:00,9705.747010033345
2019-09-20 23:00:00,9467.523998476056
2019-09-21 00:00:00,9025.05130173687
2019-09-21 01:00:00,8795.092355209767
2019-09-21 02:00:00,8443.14556261013
2019-09-21 03:00:00,8032.250255964504
2019-09-21 04:00:00,7469.024719695214
2019-09-21 05:00:00,6913.971967872801
2019-09-21 06:00:00,6438.296831030404
2019-09-21 07:00:00,6129.545373159384
2019-09-21 08:00:00,5872.741779019925
2019-09-21 09:00:00,5734.417606961342
2019-09-21 10:00:00,5705.238716778775
2019-09-21 11:00:00,5805.042301544932
2019-09-21 12:00:00,6029.74955604856
2019-09-21 13:00:00,6275.299434571004
2019-09-21 14:00:00,6686.179709859647
2019-09-21 15:00:00,7015.993407986055
2019-09-21 16:00:00,7277.040180656994
2019-09-21 17:00:00,7555.340711360625
2019-09-21 18:00:00,7604.586570348072
2019-09-21 19:00:00,7562.946362039798
2019-09-21 20:00:00,7475.372140977947
2019-09-21 21:00:00,7337.704702033344
2019-09-21 22:00:00,7287.386239865046
2019-09-21 23:00:00,7200.6157941097545
2019-09-22 00:00:00,7190.080218604724
2019-09-22 01:00:00,7274.11611238734
2019-09-22 02:00:00,7177.802044296755
2019-09-22 03:00:00,6933.244409770667
2019-09-22 04:00:00,6584.215759089695
2019-09-22 05:00:00,6186.162565032717
2019-09-22 06:00:00,5809.708077038142
2019-09-22 07:00:00,5550.569457541501
2019-09-22 08:00:00,5385.393833645347
2019-09-22 09:00:00,5293.177177010183
2019-09-22 10:00:00,5244.734846979922
2019-09-22 11:00:00,5310.101075422015
2019-09-22 12:00:00,5419.8287211797315
2019-09-22 13:00:00,5525.893209430343
2019-09-22 14:00:00,5876.589581984481
2019-09-22 15:00:00,6225.84828585208
2019-09-22 16:00:00,6592.647259507144
2019-09-22 17:00:00,6843.591263740387
2019-09-22 18:00:00,6908.5999418622105
2019-09-22 19:00:00,6834.88575979339
2019-09-22 20:00:00,6758.288754263153
2019-09-22 21:00:00,6690.695069430797
2019-09-22 22:00:00,6700.291417278536
2019-09-22 23:00:00,6752.773573976695
2019-09-23 00:00:00,6854.5003710046
2019-09-23 01:00:00,6920.446675181863
2019-09-23 02:00:00,6797.287387442288
2019-09-23 03:00:00,6499.036634078199
2019-09-23 04:00:00,6120.2401960724665
2019-09-23 05:00:00,5704.678812861717
2019-09-23 06:00:00,5411.101662860554
2019-09-23 07:00:00,5193.985431065925
2019-09-23 08:00:00,5061.49513426937
2019-09-23 09:00:00,5018.308530626206
2019-09-23 10:00:00,5159.555420896516
2019-09-23 11:00:00,5501.583090083949
2019-09-23 12:00:00,6013.4698935443985
2019-09-23 13:00:00,6315.105071656332
2019-09-23 14:00:00,6577.202161696887
2019-09-23 15:00:00,6845.822788109265
2019-09-23 16:00:00,7069.509456137223
2019-09-23 17:00:00,7253.902470272535
2019-09-23 18:00:00,7378.740291112843
2019-09-23 19:00:00,7535.980150503246
2019-09-23 20:00:00,7618.174907318507
2019-09-23 21:00:00,7622.794883925067
2019-09-23 22:00:00,7562.822882510779
2019-09-23 23:00:00,7388.662388895477
2019-09-24 00:00:00,7086.7624292662
2019-09-24 01:00:00,7095.512369050699
2019-09-24 02:00:00,6862.043342636426
2019-09-24 03:00:00,6479.743508539972
2019-09-24 04:00:00,6008.7338160116815
2019-09-24 05:00:00,5538.89493289942
2019-09-24 06:00:00,5203.298315593792
2019-09-24 07:00:00,4999.604543087702
2019-09-24 08:00:00,4875.286789880495
2019-09-24 09:00:00,4836.18561503065
2019-09-24 10:00:00,4916.733708247592
2019-09-24 11:00:00,5268.097896107996
2019-09-24 12:00:00,5813.156402606152
2019-09-24 13:00:00,6165.993860568385
2019-09-24 14:00:00,6461.302598390011
2019-09-24 15:00:00,6722.293524621948
2019-09-24 16:00:00,6970.344580892002
2019-09-24 17:00:00,7160.253343225654
2019-09-24 18:00:00,7354.610837916302
2019-09-24 19:00:00,7589.45224690918
2019-09-24 20:00:00,7786.295339583503
2019-09-24 21:00:00,7961.633058809437
2019-09-24 22:00:00,8000.64284563843
2019-09-24 23:00:00,7842.476186383193
2019-09-25 00:00:00,7525.639472886057
2019-09-25 01:00:00,7499.376797761915
2019-09-25 02:00:00,7254.822023418992
2019-09-25 03:00:00,6842.174266048224
2019-09-25 04:00:00,6353.072665660858
2019-09-25 05:00:00,5854.054049364674
2019-09-25 06:00:00,5485.191457187643
2019-09-25 07:00:00,5251.73161346669
2019-09-25 08:00:00,5115.15992224044
2019-09-25 09:00:00,5055.630098064438
2019-09-25 10:00:00,5149.604143004101
2019-09-25 11:00:00,5524.314158679205
2019-09-25 12:00:00,6096.8713362564895
2019-09-25 13:00:00,6418.263501181544
2019-09-25 14:00:00,6603.675073972255
2019-09-25 15:00:00,6761.733517663476
2019-09-25 16:00:00,6913.0648537262805
2019-09-25 17:00:00,7126.23309786478
2019-09-25 18:00:00,7430.641356275934
2019-09-25 19:00:00,7746.011106813454
2019-09-25 20:00:00,7915.056724041176
2019-09-25 21:00:00,8022.2261553137405
2019-09-25 22:00:00,7954.665489415724
2019-09-25 23:00:00,7576.762165343401
2019-09-26 00:00:00,7326.056629964242
2019-09-26 01:00:00,7288.707032730993
2019-09-26 02:00:00,7044.152559459981
2019-09-26 03:00:00,6658.3561334980195
2019-09-26 04:00:00,6138.32057287731
2019-09-26 05:00:00,5686.575313734024
2019-09-26 06:00:00,5335.218351599511
2019-09-26 07:00:00,5087.750583667622
2019-09-26 08:00:00,4945.9246111994535
2019-09-26 09:00:00,4881.141138032548
2019-09-26 10:00:00,4935.425833552759
2019-09-26 11:00:00,5236.013478919883
2019-09-26 12:00:00,5739.051675112222
2019-09-26 13:00:00,6024.432966945655
2019-09-26 14:00:00,6262.487047384455
2019-09-26 15:00:00,6484.996485296087
2019-09-26 16:00:00,6680.839275849076
2019-09-26 17:00:00,6755.626356678813
2019-09-26 18:00:00,6847.2566201913
2019-09-26 19:00:00,7029.007095374189
2019-09-26 20:00:00,7134.079699535906
2019-09-26 21:00:00,7170.929158717806
2019-09-26 22:00:00,7170.574297777943
2019-09-26 23:00:00,6933.416618829178
2019-09-27 00:00:00,6693.960174552916
2019-09-27 01:00:00,6689.288829229333
2019-09-27 02:00:00,6469.83230331906
2019-09-27 03:00:00,6144.1462890905195
2019-09-27 04:00:00,5744.341999132004
2019-09-27 05:00:00,5310.690875779946
2019-09-27 06:00:00,5021.785974318103
2019-09-27 07:00:00,4833.853299320678
2019-09-27 08:00:00,4708.3676269878
2019-09-27 09:00:00,4669.266933853013
2019-09-27 10:00:00,4778.997198936365
2019-09-27 11:00:00,5118.102541305559
2019-09-27 12:00:00,5656.314165602795
2019-09-27 13:00:00,5964.310459989936
2019-09-27 14:00:00,6230.713682663086
2019-09-27 15:00:00,6421.080759701736
2019-09-27 16:00:00,6542.07362102562
2019-09-27 17:00:00,6611.683567575875
2019-09-27 18:00:00,6571.630052727386
2019-09-27 19:00:00,6610.512821748847
2019-09-27 20:00:00,6641.313645937331
2019-09-27 21:00:00,6635.452557149065
2019-09-27 22:00:00,6570.983482876787
2019-09-27 23:00:00,6593.955621144734
2019-09-28 00:00:00,6607.609969160671
2019-09-28 01:00:00,6613.44330249326
2019-09-28 02:00:00,6466.937554687967
2019-09-28 03:00:00,6215.963048767133
2019-09-28 04:00:00,5845.338371563775
2019-09-28 05:00:00,5540.084980810631
2019-09-28 06:00:00,5265.1858960563395
2019-09-28 07:00:00,5083.084868388794
2019-09-28 08:00:00,4890.482805035214
2019-09-28 09:00:00,4798.8483316386055
2019-09-28 10:00:00,4794.179966926952
2019-09-28 11:00:00,4933.671757039294
2019-09-28 12:00:00,5129.777276697977
2019-09-28 13:00:00,5284.726616006517
2019-09-28 14:00:00,5468.871881045203
2019-09-28 15:00:00,5652.512500203364
2019-09-28 16:00:00,5713.495885538107
2019-09-28 17:00:00,5711.768177801494
2019-09-28 18:00:00,5681.42504669323
2019-09-28 19:00:00,5600.277781937288
2019-09-28 20:00:00,5487.576407791194
2019-09-28 21:00:00,5433.906905958355
2019-09-28 22:00:00,5397.556107222679
2019-09-28 23:00:00,5376.664620254389
2019-09-29 00:00:00,5437.416513747064
2019-09-29 01:00:00,5555.307430079234
2019-09-29 02:00:00,5471.252388123007
2019-09-29 03:00:00,5318.325764666539
2019-09-29 04:00:00,5114.038458510807
2019-09-29 05:00:00,4865.979655826147
2019-09-29 06:00:00,4685.627977843048
2019-09-29 07:00:00,4547.882526696031
2019-09-29 08:00:00,4459.750425745642
2019-09-29 09:00:00,4443.988575557197
2019-09-29 10:00:00,4446.32266759145
2019-09-29 11:00:00,4504.104346370654
2019-09-29 12:00:00,4640.678385957819
2019-09-29 13:00:00,4718.449216745852
2019-09-29 14:00:00,4917.347516030244
2019-09-29 15:00:00,5105.939470261682
2019-09-29 16:00:00,5259.539458968929
2019-09-29 17:00:00,5337.362914726506
2019-09-29 18:00:00,5430.507722923247
2019-09-29 19:00:00,5444.30216077129
2019-09-29 20:00:00,5457.02276478746
2019-09-29 21:00:00,5489.431168946116
2019-09-29 22:00:00,5544.3581341352
2019-09-29 23:00:00,5616.932700584007
2019-09-30 00:00:00,5772.436457430129
2019-09-30 01:00:00,5932.932305989159
2019-09-30 02:00:00,5843.623916113942
2019-09-30 03:00:00,5644.002295129846
2019-09-30 04:00:00,5380.764487853502
2019-09-30 05:00:00,5110.528288302064
2019-09-30 06:00:00,4891.65725742138
2019-09-30 07:00:00,4765.585367486323
2019-09-30 08:00:00,4666.364116494677
2019-09-30 09:00:00,4669.281867019854
2019-09-30 10:00:00,4818.11899721219
2019-09-30 11:00:00,5230.182945556078
2019-09-30 12:00:00,5877.73432571532
2019-09-30 13:00:00,6297.115379780709
2019-09-30 14:00:00,6685.2113032471325
2019-09-30 15:00:00,7116.7232150885675
2019-09-30 16:00:00,7555.437429733156
2019-09-30 17:00:00,7944.250211717527
2019-09-30 18:00:00,8342.917374707607
2019-09-30 19:00:00,8668.48057550915
2019-09-30 20:00:00,8940.21853305504
2019-09-30 21:00:00,9099.881044813525
2019-09-30 22:00:00,9102.99254027459
2019-09-30 23:00:00,8957.861406747834
2019-10-01 00:00:00,8796.867235792362
2019-10-01 01:00:00,8846.467067860134
2019-10-01 02:00:00,8600.152376208649
2019-10-01 03:00:00,8167.071423325852
2019-10-01 04:00:00,7518.631235559437
2019-10-01 05:00:00,6876.619480349194
2019-10-01 06:00:00,6401.529477250091
2019-10-01 07:00:00,6012.821803916254
2019-10-01 08:00:00,5775.861153323024
2019-10-01 09:00:00,5658.550884762656
2019-10-01 10:00:00,5729.178228779074
2019-10-01 11:00:00,6098.63275892461
2019-10-01 12:00:00,6727.801919831146
2019-10-01 13:00:00,7133.296817229472
2019-10-01 14:00:00,7559.337105592688
2019-10-01 15:00:00,7932.182867481175
2019-10-01 16:00:00,8284.457789209495
2019-10-01 17:00:00,8781.02063663006
2019-10-01 18:00:00,9285.150153428782
2019-10-01 19:00:00,9602.687777879928
2019-10-01 20:00:00,9862.564723071988
2019-10-01 21:00:00,9890.39515287778
2019-10-01 22:00:00,9825.195603030645
2019-10-01 23:00:00,9612.828755718372
2019-10-02 00:00:00,9417.267218419212
2019-10-02 01:00:00,9399.165585937377
2019-10-02 02:00:00,9131.25628280149
2019-10-02 03:00:00,8706.931833070876
2019-10-02 04:00:00,8085.92440727204
2019-10-02 05:00:00,7481.262640688534
2019-10-02 06:00:00,6866.686176449934
2019-10-02 07:00:00,6259.117768894805
2019-10-02 08:00:00,5886.170891997721
2019-10-02 09:00:00,5732.6759346106555
2019-10-02 10:00:00,5742.022418763916
2019-10-02 11:00:00,6019.848767915807
2019-10-02 12:00:00,6496.691763669493
2019-10-02 13:00:00,6776.279178303999
2019-10-02 14:00:00,6803.272873321392
2019-10-02 15:00:00,6825.6826388826
2019-10-02 16:00:00,6824.089944856102
2019-10-02 17:00:00,6808.450058222622
2019-10-02 18:00:00,6775.749261173354
2019-10-02 19:00:00,6768.956559875354
2019-10-02 20:00:00,6675.35719901765
2019-10-02 21:00:00,6586.046081405325
2019-10-02 22:00:00,6516.930044485623
2019-10-02 23:00:00,6493.922390975236
2019-10-03 00:00:00,6500.861071097526
2019-10-03 01:00:00,6490.931410168402
2019-10-03 02:00:00,6367.180605960996
2019-10-03 03:00:00,6103.35471443662
2019-10-03 04:00:00,5753.151099547234
2019-10-03 05:00:00,5442.639423295741
2019-10-03 06:00:00,5221.431741269549
2019-10-03 07:00:00,5089.5204664564735
2019-10-03 08:00:00,4938.354031273287
2019-10-03 09:00:00,4875.321623900726
2019-10-03 10:00:00,5006.646560682861
2019-10-03 11:00:00,5376.685381570338
2019-10-03 12:00:00,5975.506288023455
2019-10-03 13:00:00,6315.527626517546
2019-10-03 14:00:00,6496.958358095821
2019-10-03 15:00:00,6557.685793958707
2019-10-03 16:00:00,6625.916856512862
2019-10-03 17:00:00,6702.6301506829
2019-10-03 18:00:00,6741.8406871658135
2019-10-03 19:00:00,6768.030931554271
2019-10-03 20:00:00,6613.081425591694
2019-10-03 21:00:00,6473.329338578634
2019-10-03 22:00:00,6352.284425319733
2019-10-03 23:00:00,6221.713909563025
2019-10-04 00:00:00,6253.9330051573925
2019-10-04 01:00:00,6302.953002347526
2019-10-04 02:00:00,6144.187897228773
2019-10-04 03:00:00,5857.01873700095
2019-10-04 04:00:00,5454.875869036691
2019-10-04 05:00:00,5094.759965067507
2019-10-04 06:00:00,4848.4571958637425
2019-10-04 07:00:00,4693.204428671501
2019-10-04 08:00:00,4595.735206904318
2019-10-04 09:00:00,4564.2178290375805
2019-10-04 10:00:00,4648.266397947696
2019-10-04 11:00:00,4996.710577243581
2019-10-04 12:00:00,5539.672691122788
2019-10-04 13:00:00,5850.134160203468
2019-10-04 14:00:00,6027.7183999254285
2019-10-04 15:00:00,6093.873888905023
2019-10-04 16:00:00,6169.763077939029
2019-10-04 17:00:00,6172.5197340818995
2019-10-04 18:00:00,6156.362087823746
2019-10-04 19:00:00,6153.365044856985
2019-10-04 20:00:00,6076.1369722789295
2019-10-04 21:00:00,5999.508805829757
2019-10-04 22:00:00,5949.5758722050405
2019-10-04 23:00:00,5899.889598919206
2019-10-05 00:00:00,5979.562482734109
2019-10-05 01:00:00,6015.16342274831
2019-10-05 02:00:00,5911.852106455898
2019-10-05 03:00:00,5690.64475560881
2019-10-05 04:00:00,5390.063763930944
2019-10-05 05:00:00,5062.050401678982
2019-10-05 06:00:00,4830.925131707342
2019-10-05 07:00:00,4664.584749940594
2019-10-05 08:00:00,4573.5362231814415
2019-10-05 09:00:00,4488.326178084572
2019-10-05 10:00:00,4545.525282231736
2019-10-05 11:00:00,4688.519896398166
2019-10-05 12:00:00,4900.385760885734
2019-10-05 13:00:00,5001.796186314444
2019-10-05 14:00:00,5229.379982478793
2019-10-05 15:00:00,5331.1875906800005
2019-10-05 16:00:00,5412.907227878887
2019-10-05 17:00:00,5442.485489018345
2019-10-05 18:00:00,5427.954594890626
2019-10-05 19:00:00,5379.400285897449
2019-10-05 20:00:00,5349.327189697047
2019-10-05 21:00:00,5347.251672973992
2019-10-05 22:00:00,5423.983566886721
2019-10-05 23:00:00,5509.151201220436
2019-10-06 00:00:00,5604.281303052433
2019-10-06 01:00:00,5574.514810336893
2019-10-06 02:00:00,5464.782979679598
2019-10-06 03:00:00,5322.949359984862
2019-10-06 04:00:00,5103.492382466721
2019-10-06 05:00:00,4865.364655749174
2019-10-06 06:00:00,4673.927591123717
2019-10-06 07:00:00,4528.015437182449
2019-10-06 08:00:00,4412.453283911689
2019-10-06 09:00:00,4380.352940019425
2019-10-06 10:00:00,4339.498953158145
2019-10-06 11:00:00,4383.857901684089
2019-10-06 12:00:00,4521.132224099003
2019-10-06 13:00:00,4550.962862973965
2019-10-06 14:00:00,4733.248013257311
2019-10-06 15:00:00,4901.743604829586
2019-10-06 16:00:00,5054.051333766923
2019-10-06 17:00:00,5127.236973342661
2019-10-06 18:00:00,5185.275687224605
2019-10-06 19:00:00,5210.407014189026
2019-10-06 20:00:00,5221.065586129185
2019-10-06 21:00:00,5186.448227749762
2019-10-06 22:00:00,5201.82317745505
2019-10-06 23:00:00,5246.909046173595
2019-10-07 00:00:00,5461.870558127266
2019-10-07 01:00:00,5517.899485109418
2019-10-07 02:00:00,5445.52116562023
2019-10-07 03:00:00,5238.905818975679
2019-10-07 04:00:00,5024.1209394609
2019-10-07 05:00:00,4759.144621088947
2019-10-07 06:00:00,4585.216980012102
2019-10-07 07:00:00,4467.320373420794
2019-10-07 08:00:00,4397.283702870853
2019-10-07 09:00:00,4394.951387160881
2019-10-07 10:00:00,4529.7802619631775
2019-10-07 11:00:00,4885.812814535235
2019-10-07 12:00:00,5493.5031452928415
2019-10-07 13:00:00,5879.725731467364
2019-10-07 14:00:00,6003.501991347563
2019-10-07 15:00:00,6132.775990227074
2019-10-07 16:00:00,6260.103299356234
2019-10-07 17:00:00,6347.747408801518
2019-10-07 18:00:00,6405.760981430771
2019-10-07 19:00:00,6477.203373834478
2019-10-07 20:00:00,6444.532453709418
2019-10-07 21:00:00,6407.789811431609
2019-10-07 22:00:00,6336.64981089284
2019-10-07 23:00:00,6244.5259555807115
2019-10-08 00:00:00,6237.5396260439975
2019-10-08 01:00:00,6281.894781063849
2019-10-08 02:00:00,6105.044150810556
2019-10-08 03:00:00,5818.46771133821
2019-10-08 04:00:00,5425.085320675374
2019-10-08 05:00:00,5073.145061336232
2019-10-08 06:00:00,4835.0184485847585
2019-10-08 07:00:00,4683.8550542278845
2019-10-08 08:00:00,4578.214342623047
2019-10-08 09:00:00,4548.451673520792
2019-10-08 10:00:00,4657.599093007382
2019-10-08 11:00:00,5021.219537140551
2019-10-08 12:00:00,5623.598644365027
2019-10-08 13:00:00,5923.1852565649315
2019-10-08 14:00:00,6060.23303257348
2019-10-08 15:00:00,6180.66465637346
2019-10-08 16:00:00,6311.731886828187
2019-10-08 17:00:00,6406.507807575442
2019-10-08 18:00:00,6454.043614002846
2019-10-08 19:00:00,6512.530400628965
2019-10-08 20:00:00,6507.960012907346
2019-10-08 21:00:00,6458.868728056899
2019-10-08 22:00:00,6398.637331185634
2019-10-08 23:00:00,6298.601665448769
2019-10-09 00:00:00,6288.894889448842
2019-10-09 01:00:00,6319.828458288699
2019-10-09 02:00:00,6134.223161421888
2019-10-09 03:00:00,5848.230561083614
2019-10-09 04:00:00,5467.106172910634
2019-10-09 05:00:00,5112.250541514421
2019-10-09 06:00:00,4882.877360981625
2019-10-09 07:00:00,4733.464038881786
2019-10-09 08:00:00,4620.82156299644
2019-10-09 09:00:00,4595.72855321506
2019-10-09 10:00:00,4696.122871662075
2019-10-09 11:00:00,5041.648517645812
2019-10-09 12:00:00,5602.008187673015
2019-10-09 13:00:00,5872.937868953851
2019-10-09 14:00:00,6047.339396988036
2019-10-09 15:00:00,6189.455568670579
2019-10-09 16:00:00,6340.010696346818
2019-10-09 17:00:00,6362.876059454218
2019-10-09 18:00:00,6458.529450388777
2019-10-09 19:00:00,6562.539311160418
2019-10-09 20:00:00,6560.5425815342105
2019-10-09 21:00:00,6509.239995837886
2019-10-09 22:00:00,6422.986965156008
2019-10-09 23:00:00,6301.623483864008
2019-10-10 00:00:00,6344.935859307479
2019-10-10 01:00:00,6350.773166789305
2019-10-10 02:00:00,6179.757284906586
2019-10-10 03:00:00,5879.7583861457015
2019-10-10 04:00:00,5500.96574164606
2019-10-10 05:00:00,5125.0957852509555
2019-10-10 06:00:00,4885.217865847608
2019-10-10 07:00:00,4724.7169893876435
2019-10-10 08:00:00,4623.7460575324485
2019-10-10 09:00:00,4574.721664692398
2019-10-10 10:00:00,4685.037063519043
2019-10-10 11:00:00,5031.7324952743065
2019-10-10 12:00:00,5614.211445696617
2019-10-10 13:00:00,5918.498946219285
2019-10-10 14:00:00,6075.251433364381
2019-10-10 15:00:00,6224.941567223802
2019-10-10 16:00:00,6400.783549186284
2019-10-10 17:00:00,6476.848257691003
2019-10-10 18:00:00,6513.797096290644
2019-10-10 19:00:00,6583.4283323449345
2019-10-10 20:00:00,6550.178871951456
2019-10-10 21:00:00,6507.9359014558895
2019-10-10 22:00:00,6470.245230380567
2019-10-10 23:00:00,6474.510151795945
2019-10-11 00:00:00,6569.646786888435
2019-10-11 01:00:00,6527.040740695499
2019-10-11 02:00:00,6368.8662789360305
2019-10-11 03:00:00,6058.943379397968
2019-10-11 04:00:00,5702.914800975151
2019-10-11 05:00:00,5353.310590637691
2019-10-11 06:00:00,5104.673759506865
2019-10-11 07:00:00,4927.830595836991
2019-10-11 08:00:00,4828.0239702445215
2019-10-11 09:00:00,4815.7707849052595
2019-10-11 10:00:00,4924.338489942975
2019-10-11 11:00:00,5265.774281376283
2019-10-11 12:00:00,5857.590111757859
2019-10-11 13:00:00,6270.566817641215
2019-10-11 14:00:00,6484.441470368616
2019-10-11 15:00:00,6588.3504028713805
2019-10-11 16:00:00,6494.807235749863
2019-10-11 17:00:00,6373.001446533293
2019-10-11 18:00:00,6296.412533716951
2019-10-11 19:00:00,6276.185266688894
2019-10-11 20:00:00,6180.144588002449
2019-10-11 21:00:00,6108.780408306198
2019-10-11 22:00:00,6084.8293926129345
2019-10-11 23:00:00,6078.236971259345
2019-10-12 00:00:00,6160.4773764253
2019-10-12 01:00:00,6095.69281939951
2019-10-12 02:00:00,5955.032327374525
2019-10-12 03:00:00,5773.514747447565
2019-10-12 04:00:00,5480.522881725652
2019-10-12 05:00:00,5142.0069483209045
2019-10-12 06:00:00,4930.728174544057
2019-10-12 07:00:00,4786.567056289942
2019-10-12 08:00:00,4703.107986665845
2019-10-12 09:00:00,4652.91462094843
2019-10-12 10:00:00,4706.030554341616
2019-10-12 11:00:00,4857.198284134026
2019-10-12 12:00:00,5136.768593783136
2019-10-12 13:00:00,5310.289493144831
2019-10-12 14:00:00,5468.5699199043775
2019-10-12 15:00:00,5563.628917452907
2019-10-12 16:00:00,5602.958785924067
2019-10-12 17:00:00,5565.873273974979
2019-10-12 18:00:00,5486.965222153122
2019-10-12 19:00:00,5362.605763639378
2019-10-12 20:00:00,5281.068053620286
2019-10-12 21:00:00,5219.940110619779
2019-10-12 22:00:00,5217.917514815535
2019-10-12 23:00:00,5245.257624260232
2019-10-13 00:00:00,5474.113717771856
2019-10-13 01:00:00,5552.324497485085
2019-10-13 02:00:00,5485.20380113604
2019-10-13 03:00:00,5345.709090626151
2019-10-13 04:00:00,5118.085771600054
2019-10-13 05:00:00,4873.537319767284
2019-10-13 06:00:00,4680.933931697291
2019-10-13 07:00:00,4569.459103972896
2019-10-13 08:00:00,4485.4152618918
2019-10-13 09:00:00,4457.401159687019
2019-10-13 10:00:00,4469.074359612685
2019-10-13 11:00:00,4576.470081053916
2019-10-13 12:00:00,4712.461515901849
2019-10-13 13:00:00,4761.767684063276
2019-10-13 14:00:00,4871.752569160365
2019-10-13 15:00:00,4976.697831206125
2019-10-13 16:00:00,5095.742250822963
2019-10-13 17:00:00,5133.043808246195
2019-10-13 18:00:00,5142.584980262645
2019-10-13 19:00:00,5129.188031998617
2019-10-13 20:00:00,5100.041451943125
2019-10-13 21:00:00,5143.11737535735
2019-10-13 22:00:00,5160.918843525462
2019-10-13 23:00:00,5266.335479902565
2019-10-14 00:00:00,5479.369745230864
2019-10-14 01:00:00,5520.812960413442
2019-10-14 02:00:00,5430.3431846730455
2019-10-14 03:00:00,5267.499304450232
2019-10-14 04:00:00,5053.883126848098
2019-10-14 05:00:00,4830.349511836472
2019-10-14 06:00:00,4688.5229372244785
2019-10-14 07:00:00,4583.467961506759
2019-10-14 08:00:00,4580.550090552818
2019-10-14 09:00:00,4586.976174748073
2019-10-14 10:00:00,4756.824829970519
2019-10-14 11:00:00,5165.3841177216555
2019-10-14 12:00:00,5719.267234308499
2019-10-14 13:00:00,5970.012227974254
2019-10-14 14:00:00,6115.980023083806
2019-10-14 15:00:00,6171.268400563144
2019-10-14 16:00:00,6164.032324990827
2019-10-14 17:00:00,6149.369676979153
2019-10-14 18:00:00,6110.849240222685
2019-10-14 19:00:00,6101.869853139197
2019-10-14 20:00:00,6032.867034318961
2019-10-14 21:00:00,5954.6471307719285
2019-10-14 22:00:00,5913.585191767351
2019-10-14 23:00:00,5936.775077273259
2019-10-15 00:00:00,6145.3168275418275
2019-10-15 01:00:00,6200.180936439003
2019-10-15 02:00:00,6102.121191741299
2019-10-15 03:00:00,5838.308246309145
2019-10-15 04:00:00,5506.211683196013
2019-10-15 05:00:00,5186.956209027029
2019-10-15 06:00:00,4985.015700140243
2019-10-15 07:00:00,4835.020857160055
2019-10-15 08:00:00,4764.984276931688
2019-10-15 09:00:00,4787.169170489078
2019-10-15 10:00:00,4913.826705989677
2019-10-15 11:00:00,5297.290033454696
2019-10-15 12:00:00,5906.614444383527
2019-10-15 13:00:00,6188.640853470403
2019-10-15 14:00:00,6255.8824035091275
2019-10-15 15:00:00,6296.307822937416
2019-10-15 16:00:00,6328.272729266128
2019-10-15 17:00:00,6325.320769127132
2019-10-15 18:00:00,6280.397044798772
2019-10-15 19:00:00,6298.8135547394695
2019-10-15 20:00:00,6278.87995811924
2019-10-15 21:00:00,6271.897284162941
2019-10-15 22:00:00,6287.901060766785
2019-10-15 23:00:00,6283.052012136642
2019-10-16 00:00:00,6374.68922528765
2019-10-16 01:00:00,6309.32233448735
2019-10-16 02:00:00,6120.216200641071
2019-10-16 03:00:00,5831.305970206385
2019-10-16 04:00:00,5465.3564920470835
2019-10-16 05:00:00,5150.768599802784
2019-10-16 06:00:00,4945.32481525404
2019-10-16 07:00:00,4810.500004922556
2019-10-16 08:00:00,4735.794819125006
2019-10-16 09:00:00,4718.871432535426
2019-10-16 10:00:00,4864.788162769758
2019-10-16 11:00:00,5233.075827541315
2019-10-16 12:00:00,5848.822950659988
2019-10-16 13:00:00,6159.689592138061
2019-10-16 14:00:00,6255.949025945861
2019-10-16 15:00:00,6317.686108735546
2019-10-16 16:00:00,6330.534220523817
2019-10-16 17:00:00,6318.574446620984
2019-10-16 18:00:00,6261.204842654532
2019-10-16 19:00:00,6264.540873200708
2019-10-16 20:00:00,6182.533014995605
2019-10-16 21:00:00,6110.351494640776
2019-10-16 22:00:00,6061.74750231633
2019-10-16 23:00:00,6068.974671282696
2019-10-17 00:00:00,6243.955564115816
2019-10-17 01:00:00,6260.298483576741
2019-10-17 02:00:00,6130.72653944919
2019-10-17 03:00:00,5873.334800847316
2019-10-17 04:00:00,5535.986455389137
2019-10-17 05:00:00,5218.480842726849
2019-10-17 06:00:00,5008.952351957376
2019-10-17 07:00:00,4879.386218517727
2019-10-17 08:00:00,4808.182652486617
2019-10-17 09:00:00,4791.261433614803
2019-10-17 10:00:00,4909.167283113813
2019-10-17 11:00:00,5244.189514943409
2019-10-17 12:00:00,5907.791817167241
2019-10-17 13:00:00,6202.691391326261
2019-10-17 14:00:00,6267.985689599504
2019-10-17 15:00:00,6255.08139055256
2019-10-17 16:00:00,6218.050031564363
2019-10-17 17:00:00,6238.759792474857
2019-10-17 18:00:00,6230.182614292805
2019-10-17 19:00:00,6215.416565871925
2019-10-17 20:00:00,6123.260115714906
2019-10-17 21:00:00,6076.5907069230825
2019-10-17 22:00:00,6027.048418292453
2019-10-17 23:00:00,6038.091872759853
2019-10-18 00:00:00,6228.193232212311
2019-10-18 01:00:00,6256.210405350596
2019-10-18 02:00:00,6130.724401838614
2019-10-18 03:00:00,5887.924095402642
2019-10-18 04:00:00,5554.075503065047
2019-10-18 05:00:00,5227.820221582983
2019-10-18 06:00:00,5004.872794066343
2019-10-18 07:00:00,4865.965264588748
2019-10-18 08:00:00,4796.514390140308
2019-10-18 09:00:00,4800.019592662502
2019-10-18 10:00:00,4937.767633027963
2019-10-18 11:00:00,5338.741196935755
2019-10-18 12:00:00,5942.228872419392
2019-10-18 13:00:00,6203.4181359983595
2019-10-18 14:00:00,6278.029118426106
2019-10-18 15:00:00,6255.3903831439875
2019-10-18 16:00:00,6241.024268469229
2019-10-18 17:00:00,6192.929578394649
2019-10-18 18:00:00,6153.176367152654
2019-10-18 19:00:00,6166.606257794774
2019-10-18 20:00:00,6097.033550465429
2019-10-18 21:00:00,6006.69888349843
2019-10-18 22:00:00,5953.423413047371
2019-10-18 23:00:00,5919.026895435004
2019-10-19 00:00:00,6101.536419284301
2019-10-19 01:00:00,6043.756968437246
2019-10-19 02:00:00,5943.951667561189
2019-10-19 03:00:00,5764.186869538473
2019-10-19 04:00:00,5451.348025906706
2019-10-19 05:00:00,5139.679750833438
2019-10-19 06:00:00,4918.482937503274
2019-10-19 07:00:00,4783.662552928899
2019-10-19 08:00:00,4665.183672777462
2019-10-19 09:00:00,4612.657509635015
2019-10-19 10:00:00,4664.023942807799
2019-10-19 11:00:00,4811.688427045443
2019-10-19 12:00:00,5060.911626314403
2019-10-19 13:00:00,5199.055032382431
2019-10-19 14:00:00,5346.684315821704
2019-10-19 15:00:00,5407.8144320557885
2019-10-19 16:00:00,5444.628574135307
2019-10-19 17:00:00,5413.12827626942
2019-10-19 18:00:00,5412.268191279635
2019-10-19 19:00:00,5331.443613738399
2019-10-19 20:00:00,5291.11213870852
2019-10-19 21:00:00,5242.315657319767
2019-10-19 22:00:00,5225.182675682592
2019-10-19 23:00:00,5269.258258328674
2019-10-20 00:00:00,5484.622822185134
2019-10-20 01:00:00,5459.5259285760885
2019-10-20 02:00:00,5360.305490478604
2019-10-20 03:00:00,5235.982348084171
2019-10-20 04:00:00,5021.78115716751
2019-10-20 05:00:00,4804.0796712008205
2019-10-20 06:00:00,4616.1461833092335
2019-10-20 07:00:00,4492.414406846674
2019-10-20 08:00:00,4389.692499518706
2019-10-20 09:00:00,4369.845220536941
2019-10-20 10:00:00,4353.506696725933
2019-10-20 11:00:00,4435.8055847725
2019-10-20 12:00:00,4567.712554257233
2019-10-20 13:00:00,4633.407931347757
2019-10-20 14:00:00,4777.221237252553
2019-10-20 15:00:00,4910.252827228044
2019-10-20 16:00:00,5018.21995803907
2019-10-20 17:00:00,5072.4825822422
2019-10-20 18:00:00,5126.992427601628
2019-10-20 19:00:00,5143.399522948227
2019-10-20 20:00:00,5148.784684965555
2019-10-20 21:00:00,5130.086306255049
2019-10-20 22:00:00,5152.5117289227765
2019-10-20 23:00:00,5230.751700987353
2019-10-21 00:00:00,5509.1501173615525
2019-10-21 01:00:00,5570.432241726739
2019-10-21 02:00:00,5441.439801297724
2019-10-21 03:00:00,5275.677177012422
2019-10-21 04:00:00,5020.620674518066
2019-10-21 05:00:00,4815.175324395381
2019-10-21 06:00:00,4637.162826561849
2019-10-21 07:00:00,4530.355520547753
2019-10-21 08:00:00,4478.996433529625
2019-10-21 09:00:00,4494.172186544659
2019-10-21 10:00:00,4644.174405786694
2019-10-21 11:00:00,5026.47628717215
2019-10-21 12:00:00,5641.054798699753
2019-10-21 13:00:00,6085.4337333653875
2019-10-21 14:00:00,6260.927648748866
2019-10-21 15:00:00,6347.015203387633
2019-10-21 16:00:00,6440.94204539809
2019-10-21 17:00:00,6498.328374592808
2019-10-21 18:00:00,6515.080962643945
2019-10-21 19:00:00,6505.75258016422
2019-10-21 20:00:00,6448.755459067921
2019-10-21 21:00:00,6358.881779832233
2019-10-21 22:00:00,6291.926984413823
2019-10-21 23:00:00,6245.121977881928
2019-10-22 00:00:00,6386.365255289292
2019-10-22 01:00:00,6340.839862890044
2019-10-22 02:00:00,6160.489840802461
2019-10-22 03:00:00,5889.08767909278
2019-10-22 04:00:00,5559.909137469547
2019-10-22 05:00:00,5208.552386085373
2019-10-22 06:00:00,4980.34462578138
2019-10-22 07:00:00,4861.865564986795
2019-10-22 08:00:00,4738.718019051792
2019-10-22 09:00:00,4738.136468064254
2019-10-22 10:00:00,4895.727933691005
2019-10-22 11:00:00,5261.099232868181
2019-10-22 12:00:00,5897.85830251764
2019-10-22 13:00:00,6250.70130394687
2019-10-22 14:00:00,6386.64354092241
2019-10-22 15:00:00,6459.990722363571
2019-10-22 16:00:00,6531.325173294846
2019-10-22 17:00:00,6544.922136659106
2019-10-22 18:00:00,6531.281695788781
2019-10-22 19:00:00,6529.005629904624
2019-10-22 20:00:00,6499.516099103684
2019-10-22 21:00:00,6433.09475225946
2019-10-22 22:00:00,6384.463334660545
2019-10-22 23:00:00,6379.346510552939
2019-10-23 00:00:00,6494.9142336540735
2019-10-23 01:00:00,6428.962660718349
2019-10-23 02:00:00,6279.54638811377
2019-10-23 03:00:00,6019.235544163113
2019-10-23 04:00:00,5675.463733835313
2019-10-23 05:00:00,5313.022197952608
2019-10-23 06:00:00,5054.471632596807
2019-10-23 07:00:00,4905.643474347452
2019-10-23 08:00:00,4837.359615808947
2019-10-23 09:00:00,4854.87259200612
2019-10-23 10:00:00,4998.457578567113
2019-10-23 11:00:00,5372.001331012062
2019-10-23 12:00:00,5976.076970314968
2019-10-23 13:00:00,6311.870365871197
2019-10-23 14:00:00,6327.6660114244005
2019-10-23 15:00:00,6326.824100551872
2019-10-23 16:00:00,6312.545006619437
2019-10-23 17:00:00,6266.572564739577
2019-10-23 18:00:00,6298.701613135362
2019-10-23 19:00:00,6235.465444379641
2019-10-23 20:00:00,6132.050634229588
2019-10-23 21:00:00,6118.243481923418
2019-10-23 22:00:00,6072.997148339886
2019-10-23 23:00:00,6174.488913499181
2019-10-24 00:00:00,6340.249400173906
2019-10-24 01:00:00,6263.2118986663845
2019-10-24 02:00:00,6113.794060487863
2019-10-24 03:00:00,5810.295498927967
2019-10-24 04:00:00,5502.711869861047
2019-10-24 05:00:00,5191.043444251822
2019-10-24 06:00:00,4928.402723273682
2019-10-24 07:00:00,4794.7480298928285
2019-10-24 08:00:00,4717.1258161426895
2019-10-24 09:00:00,4726.466911108723
2019-10-24 10:00:00,4841.4528122575975
2019-10-24 11:00:00,5239.506849315931
2019-10-24 12:00:00,5850.584222792154
2019-10-24 13:00:00,6163.659169160197
2019-10-24 14:00:00,6249.613329363468
2019-10-24 15:00:00,6298.303658595289
2019-10-24 16:00:00,6238.535171573865
2019-10-24 17:00:00,6243.801954170812
2019-10-24 18:00:00,6200.247759368552
2019-10-24 19:00:00,6200.608103561031
2019-10-24 20:00:00,6139.065406207757
2019-10-24 21:00:00,6093.360031221881
2019-10-24 22:00:00,6090.951962346731
2019-10-24 23:00:00,6168.657627455596
2019-10-25 00:00:00,6348.426640485082
2019-10-25 01:00:00,6283.644552248973
2019-10-25 02:00:00,6151.150612482282
2019-10-25 03:00:00,5900.178214064834
2019-10-25 04:00:00,5555.82575596523
2019-10-25 05:00:00,5223.729253066481
2019-10-25 06:00:00,4998.438972322945
2019-10-25 07:00:00,4860.117509911572
2019-10-25 08:00:00,4770.819898410808
2019-10-25 09:00:00,4759.151485528543
2019-10-25 10:00:00,4860.713030635832
2019-10-25 11:00:00,5223.749093705489
2019-10-25 12:00:00,5821.989412601188
2019-10-25 13:00:00,6198.650123257002
2019-10-25 14:00:00,6275.291462285874
2019-10-25 15:00:00,6355.024140706583
2019-10-25 16:00:00,6380.224313298178
2019-10-25 17:00:00,6335.20915272791
2019-10-25 18:00:00,6262.454228798006
2019-10-25 19:00:00,6198.864662754632
2019-10-25 20:00:00,6113.799653911723
2019-10-25 21:00:00,6017.946107598499
2019-10-25 22:00:00,6016.791889990751
2019-10-25 23:00:00,6067.683745095661
2019-10-26 00:00:00,6210.096326559493
2019-10-26 01:00:00,6161.068079998967
2019-10-26 02:00:00,6043.754710397905
2019-10-26 03:00:00,5869.242176435297
2019-10-26 04:00:00,5582.669199289939
2019-10-26 05:00:00,5287.342549068375
2019-10-26 06:00:00,5066.138961620188
2019-10-26 07:00:00,4921.397225701462
2019-10-26 08:00:00,4836.769062771235
2019-10-26 09:00:00,4794.7483309647405
2019-10-26 10:00:00,4839.691449803859
2019-10-26 11:00:00,4990.856801128162
2019-10-26 12:00:00,5244.158504536462
2019-10-26 13:00:00,5427.418665152494
2019-10-26 14:00:00,5565.426191296507
2019-10-26 15:00:00,5687.6590158299705
2019-10-26 16:00:00,5726.5006033604695
2019-10-26 17:00:00,5725.556002657998
2019-10-26 18:00:00,5703.226477231352
2019-10-26 19:00:00,5650.310480216985
2019-10-26 20:00:00,5628.648213403947
2019-10-26 21:00:00,5605.933298750458
2019-10-26 22:00:00,5685.396224840412
2019-10-26 23:00:00,5806.788520081492
2019-10-27 00:00:00,5911.26188459729
2019-10-27 01:00:00,5847.060654883321
2019-10-27 02:00:00,5746.669858977678
2019-10-27 03:00:00,5570.403278608795
2019-10-27 04:00:00,5313.595198497843
2019-10-27 05:00:00,5071.380507520224
2019-10-27 06:00:00,4884.032123264738
2019-10-27 07:00:00,4736.371793819481
2019-10-27 08:00:00,4627.813933833291
2019-10-27 09:00:00,4564.197476576322
2019-10-27 10:00:00,4574.122380569235
2019-10-27 11:00:00,4633.657353074934
2019-10-27 12:00:00,4804.6679963063825
2019-10-27 13:00:00,4887.658535664224
2019-10-27 14:00:00,4988.233333756904
2019-10-27 15:00:00,5064.881171197369
2019-10-27 16:00:00,5111.242532714015
2019-10-27 17:00:00,5107.435274247698
2019-10-27 18:00:00,5083.388922747717
2019-10-27 19:00:00,5052.53108583231
2019-10-27 20:00:00,5017.535311458051
2019-10-27 21:00:00,5005.341584041906
2019-10-27 22:00:00,5039.144782141814
2019-10-27 23:00:00,5162.451163064917
2019-10-28 00:00:00,5471.19900807299
2019-10-28 01:00:00,5507.385744188692
2019-10-28 02:00:00,5414.587807530711
2019-10-28 03:00:00,5241.824773788504
2019-10-28 04:00:00,5034.627424548545
2019-10-28 05:00:00,4809.338829807716
2019-10-28 06:00:00,4669.264705920864
2019-10-28 07:00:00,4570.050319368814
2019-10-28 08:00:00,4536.779948847493
2019-10-28 09:00:00,4561.296857042944
2019-10-28 10:00:00,4734.066785331938
2019-10-28 11:00:00,5162.4758509617095
2019-10-28 12:00:00,5800.986528334955
2019-10-28 13:00:00,6192.136853437382
2019-10-28 14:00:00,6283.906415104571
2019-10-28 15:00:00,6312.248834949756
2019-10-28 16:00:00,6323.626383906681
2019-10-28 17:00:00,6316.647243094022
2019-10-28 18:00:00,6302.1705343871445
2019-10-28 19:00:00,6330.699286702606
2019-10-28 20:00:00,6291.7574257860315
2019-10-28 21:00:00,6254.5595605965145
2019-10-28 22:00:00,6263.07740502803
2019-10-28 23:00:00,6374.683896314805
2019-10-29 00:00:00,6448.229412357076
2019-10-29 01:00:00,6342.589844825506
2019-10-29 02:00:00,6183.833049291527
2019-10-29 03:00:00,5928.1921356264675
2019-10-29 04:00:00,5573.331446222131
2019-10-29 05:00:00,5252.3253277594795
2019-10-29 06:00:00,5041.630212473556
2019-10-29 07:00:00,4921.396804200785
2019-10-29 08:00:00,4878.791751545159
2019-10-29 09:00:00,4893.385291214447
2019-10-29 10:00:00,5038.720891961918
2019-10-29 11:00:00,5428.604252076759
2019-10-29 12:00:00,6062.443403483274
2019-10-29 13:00:00,6462.758938669971
2019-10-29 14:00:00,6544.244393872278
2019-10-29 15:00:00,6609.481630042498
2019-10-29 16:00:00,6649.08745489762
2019-10-29 17:00:00,6604.895755612209
2019-10-29 18:00:00,6551.085728481445
2019-10-29 19:00:00,6533.869772458894
2019-10-29 20:00:00,6461.988604929507
2019-10-29 21:00:00,6410.988098770794
2019-10-29 22:00:00,6412.701104581496
2019-10-29 23:00:00,6498.99912051795
2019-10-30 00:00:00,6650.749726014312
2019-10-30 01:00:00,6588.29911048682
2019-10-30 02:00:00,6452.305146634825
2019-10-30 03:00:00,6200.164859198896
2019-10-30 04:00:00,5840.637822264715
2019-10-30 05:00:00,5506.206805831037
2019-10-30 06:00:00,5286.7558798583295
2019-10-30 07:00:00,5153.102089693213
2019-10-30 08:00:00,5098.823536040008
2019-10-30 09:00:00,5105.247452517498
2019-10-30 10:00:00,5270.426568847831
2019-10-30 11:00:00,5642.801348415416
2019-10-30 12:00:00,6257.963127040456
2019-10-30 13:00:00,6629.328139228508
2019-10-30 14:00:00,6694.103307933288
2019-10-30 15:00:00,6755.180335596634
2019-10-30 16:00:00,6805.5372042716535
2019-10-30 17:00:00,6785.167845597624
2019-10-30 18:00:00,6774.2674259634805
2019-10-30 19:00:00,6778.32473289218
2019-10-30 20:00:00,6737.0632382638105
2019-10-30 21:00:00,6710.238463145681
2019-10-30 22:00:00,6718.081160105385
2019-10-30 23:00:00,6802.487626275982
2019-10-31 00:00:00,6835.759140870568
2019-10-31 01:00:00,6733.039973297001
2019-10-31 02:00:00,6583.621984582524
2019-10-31 03:00:00,6313.389096822119
2019-10-31 04:00:00,5977.787391401177
2019-10-31 05:00:00,5646.860674273956
2019-10-31 06:00:00,5432.078775371109
2019-10-31 07:00:00,5314.1805128842825
2019-10-31 08:00:00,5248.227946411249
2019-10-31 09:00:00,5253.4855695513925
2019-10-31 10:00:00,5413.410946569249
2019-10-31 11:00:00,5821.971890215903
2019-10-31 12:00:00,6433.6349995792425
2019-10-31 13:00:00,6843.300097721276
2019-10-31 14:00:00,6931.183820450883
2019-10-31 15:00:00,6993.14465203091
2019-10-31 16:00:00,7073.884257509883
2019-10-31 17:00:00,7072.720024452759
2019-10-31 18:00:00,7081.828773960876
2019-10-31 19:00:00,7166.72693617596
2019-10-31 20:00:00,7102.09441916046
2019-10-31 21:00:00,7019.148785718829
2019-10-31 22:00:00,6964.2560630206435
2019-10-31 23:00:00,6983.444368962957
2019-11-01 00:00:00,7075.662350314534
2019-11-01 01:00:00,6979.363697105849
2019-11-01 02:00:00,6841.037959473324
2019-11-01 03:00:00,6591.815813956056
2019-11-01 04:00:00,6207.192666199803
2019-11-01 05:00:00,5886.768971833236
2019-11-01 06:00:00,5671.405552050041
2019-11-01 07:00:00,5534.833349001539
2019-11-01 08:00:00,5478.8066800587285
2019-11-01 09:00:00,5491.649455005584
2019-11-01 10:00:00,5614.223338037145
2019-11-01 11:00:00,5988.934708535854
2019-11-01 12:00:00,6601.762666091363
2019-11-01 13:00:00,6900.290156630599
2019-11-01 14:00:00,6926.418178713966
2019-11-01 15:00:00,6897.255365747538
2019-11-01 16:00:00,6881.668833883841
2019-11-01 17:00:00,6815.804306674985
2019-11-01 18:00:00,6697.177338804814
2019-11-01 19:00:00,6632.005951150819
2019-11-01 20:00:00,6560.154868550057
2019-11-01 21:00:00,6521.614220644849
2019-11-01 22:00:00,6524.924514308218
2019-11-01 23:00:00,6598.797797811941
2019-11-02 00:00:00,6654.83735263259
2019-11-02 01:00:00,6524.104925855596
2019-11-02 02:00:00,6428.388184920745
2019-11-02 03:00:00,6255.626265144613
2019-11-02 04:00:00,5924.699608231774
2019-11-02 05:00:00,5600.191538823579
2019-11-02 06:00:00,5371.403823213182
2019-11-02 07:00:00,5222.578615468565
2019-11-02 08:00:00,5109.936741727043
2019-11-02 09:00:00,5076.087529865393
2019-11-02 10:00:00,5115.78028139745
2019-11-02 11:00:00,5268.115298064516
2019-11-02 12:00:00,5527.256657315557
2019-11-02 13:00:00,5759.383835691933
2019-11-02 14:00:00,5865.4028798284835
2019-11-02 15:00:00,5924.57218703743
2019-11-02 16:00:00,5944.709416864441
2019-11-02 17:00:00,5869.155371946898
2019-11-02 18:00:00,5810.826215640293
2019-11-02 19:00:00,5755.951165839385
2019-11-02 20:00:00,5770.371718785837
2019-11-02 21:00:00,5787.918327437548
2019-11-02 22:00:00,5812.392252833211
2019-11-02 23:00:00,5941.6175454197455
2019-11-03 00:00:00,6085.784835648058
2019-11-03 01:00:00,6023.335364193832
2019-11-03 02:00:00,5918.861578177358
2019-11-03 03:00:00,5782.28696655356
2019-11-03 04:00:00,5530.1515263754145
2019-11-03 05:00:00,5257.007120278413
2019-11-03 06:00:00,5022.383662760131
2019-11-03 07:00:00,4926.085009551447
2019-11-03 08:00:00,4851.960351096934
2019-11-03 09:00:00,4845.54302809432
2019-11-03 10:00:00,4813.447772317371
2019-11-03 11:00:00,4893.410159754387
2019-11-03 12:00:00,4986.798860200419
2019-11-03 13:00:00,5266.183836432375
2019-11-03 14:00:00,5431.404893804128
2019-11-03 15:00:00,5593.203923925045
2019-11-03 16:00:00,5636.779872830428
2019-11-03 17:00:00,5705.30998670616
2019-11-03 18:00:00,5695.872379364003
2019-11-03 19:00:00,5614.141712711805
2019-11-03 20:00:00,5451.63530745723
2019-11-03 21:00:00,5541.43633595949
2019-11-03 22:00:00,5646.375801923413
2019-11-03 23:00:00,5852.315357625917
2019-11-04 00:00:00,6045.512791167802
2019-11-04 01:00:00,6056.017379502399
2019-11-04 02:00:00,5999.403439205719
2019-11-04 03:00:00,5698.244930903937
2019-11-04 04:00:00,5479.956504762483
2019-11-04 05:00:00,5170.04104170065
2019-11-04 06:00:00,4913.239133563897
2019-11-04 07:00:00,4779.585162755632
2019-11-04 08:00:00,4707.215604459087
2019-11-04 09:00:00,4687.374647987476
2019-11-04 10:00:00,4735.239672144159
2019-11-04 11:00:00,4916.17916341057
2019-11-04 12:00:00,5362.678300360756
2019-11-04 13:00:00,5974.025660130617
2019-11-04 14:00:00,6234.226699089849
2019-11-04 15:00:00,6328.095981902055
2019-11-04 16:00:00,6359.0654022621375
2019-11-04 17:00:00,6367.002305718508
2019-11-04 18:00:00,6351.412981397626
2019-11-04 19:00:00,6315.623371190693
2019-11-04 20:00:00,6319.645920098619
2019-11-04 21:00:00,6308.501353985498
2019-11-04 22:00:00,6308.470854650665
2019-11-04 23:00:00,6495.500481363441
2019-11-05 00:00:00,6734.799137925782
2019-11-05 01:00:00,6614.568860800897
2019-11-05 02:00:00,6477.995302928791
2019-11-05 03:00:00,6321.574737039642
2019-11-05 04:00:00,6085.1913622127995
2019-11-05 05:00:00,5743.755962172975
2019-11-05 06:00:00,5467.69064429572
2019-11-05 07:00:00,5280.338376212569
2019-11-05 08:00:00,5186.376253720625
2019-11-05 09:00:00,5131.515817900778
2019-11-05 10:00:00,5170.038904090074
2019-11-05 11:00:00,5350.978274927719
2019-11-05 12:00:00,5788.135443803326
2019-11-05 13:00:00,6343.6023810687375
2019-11-05 14:00:00,6576.476181316955
2019-11-05 15:00:00,6607.260307614477
2019-11-05 16:00:00,6604.159231987491
2019-11-05 17:00:00,6619.22239403143
2019-11-05 18:00:00,6572.640197227344
2019-11-05 19:00:00,6523.715153316905
2019-11-05 20:00:00,6503.018211568387
2019-11-05 21:00:00,6442.1024654442
2019-11-05 22:00:00,6429.344832600487
2019-11-05 23:00:00,6631.48285394682
2019-11-06 00:00:00,6939.070276519833
2019-11-06 01:00:00,6876.62336417686
2019-11-06 02:00:00,6787.32858275207
2019-11-06 03:00:00,6652.504193921264
2019-11-06 04:00:00,6381.690327209953
2019-11-06 05:00:00,6029.1681857041685
2019-11-06 06:00:00,5706.414493881352
2019-11-06 07:00:00,5503.894902796706
2019-11-06 08:00:00,5369.657424033475
2019-11-06 09:00:00,5272.77423922532
2019-11-06 10:00:00,5244.76239505988
2019-11-06 11:00:00,5402.936344997098
2019-11-06 12:00:00,5816.750847313081
2019-11-06 13:00:00,6388.311113281477
2019-11-06 14:00:00,6671.983857140328
2019-11-06 15:00:00,6773.838364822102
2019-11-06 16:00:00,6799.166983631374
2019-11-06 17:00:00,6824.738817949453
2019-11-06 18:00:00,6736.471423838704
2019-11-06 19:00:00,6649.398913889778
2019-11-06 20:00:00,6603.228979055297
2019-11-06 21:00:00,6564.92301433046
2019-11-06 22:00:00,6574.467190588518
2019-11-06 23:00:00,6790.235253830882
2019-11-07 00:00:00,7007.353261949794
2019-11-07 01:00:00,6901.7142664548555
2019-11-07 02:00:00,6813.587554691693
2019-11-07 03:00:00,6667.668536310829
2019-11-07 04:00:00,6392.770023593171
2019-11-07 05:00:00,6043.747605100779
2019-11-07 06:00:00,5693.562686777134
2019-11-07 07:00:00,5506.79543200851
2019-11-07 08:00:00,5402.90632812746
2019-11-07 09:00:00,5338.706904844966
2019-11-07 10:00:00,5366.727028487988
2019-11-07 11:00:00,5579.182392261575
2019-11-07 12:00:00,6027.431511147223
2019-11-07 13:00:00,6647.543059271597
2019-11-07 14:00:00,6943.808400319693
2019-11-07 15:00:00,7044.520787968773
2019-11-07 16:00:00,7032.5448423672815
2019-11-07 17:00:00,6973.491732871837
2019-11-07 18:00:00,6899.72380674475
2019-11-07 19:00:00,6844.180161620491
2019-11-07 20:00:00,6814.994807258277
2019-11-07 21:00:00,6741.588080935303
2019-11-07 22:00:00,6753.232442937466
2019-11-07 23:00:00,6982.276269194138
2019-11-08 00:00:00,7301.5340917240355
2019-11-08 01:00:00,7237.337438303131
2019-11-08 02:00:00,7176.0551634019885
2019-11-08 03:00:00,7027.222067573275
2019-11-08 04:00:00,6799.597514152337
2019-11-08 05:00:00,6414.391550906514
2019-11-08 06:00:00,6140.663937926456
2019-11-08 07:00:00,5974.326386235682
2019-11-08 08:00:00,5905.459110063782
2019-11-08 09:00:00,5838.341815827345
2019-11-08 10:00:00,5873.36623275494
2019-11-08 11:00:00,6040.878989511658
2019-11-08 12:00:00,6448.858592921111
2019-11-08 13:00:00,6949.958317628403
2019-11-08 14:00:00,7182.461827091823
2019-11-08 15:00:00,7191.298010692232
2019-11-08 16:00:00,7125.359272643398
2019-11-08 17:00:00,7090.983524227293
2019-11-08 18:00:00,6977.1044201359455
2019-11-08 19:00:00,6881.4878205582445
2019-11-08 20:00:00,6841.85602856505
2019-11-08 21:00:00,6773.846685009145
2019-11-08 22:00:00,6753.360678404804
2019-11-08 23:00:00,7009.119471661317
2019-11-09 00:00:00,7251.921825386291
2019-11-09 01:00:00,7148.031065609725
2019-11-09 02:00:00,7039.476758272098
2019-11-09 03:00:00,6863.802627693972
2019-11-09 04:00:00,6680.534012079857
2019-11-09 05:00:00,6309.334859078895
2019-11-09 06:00:00,6007.591758963261
2019-11-09 07:00:00,5791.060691019115
2019-11-09 08:00:00,5648.650728880919
2019-11-09 09:00:00,5529.004622069208
2019-11-09 10:00:00,5496.320770221977
2019-11-09 11:00:00,5534.260288241922
2019-11-09 12:00:00,5702.9346115069675
2019-11-09 13:00:00,5932.352460842257
2019-11-09 14:00:00,6036.530077934973
2019-11-09 15:00:00,6184.794566491643
2019-11-09 16:00:00,6227.208374463115
2019-11-09 17:00:00,6127.2189786895
2019-11-09 18:00:00,6053.140957998235
2019-11-09 19:00:00,5894.082235815359
2019-11-09 20:00:00,5746.103578196642
2019-11-09 21:00:00,5674.805252139262
2019-11-09 22:00:00,5668.647656389684
2019-11-09 23:00:00,5957.962783134393
2019-11-10 00:00:00,6161.663119008169
2019-11-10 01:00:00,6117.30305651615
2019-11-10 02:00:00,6017.502211504393
2019-11-10 03:00:00,5911.276275834689
2019-11-10 04:00:00,5735.013308328751
2019-11-10 05:00:00,5505.638471900439
2019-11-10 06:00:00,5252.334992167858
2019-11-10 07:00:00,5065.567315898556
2019-11-10 08:00:00,4951.173262396615
2019-11-10 09:00:00,4884.054252050279
2019-11-10 10:00:00,4857.209965724215
2019-11-10 11:00:00,4914.992909005451
2019-11-10 12:00:00,4989.703243132698
2019-11-10 13:00:00,5121.545357257576
2019-11-10 14:00:00,5180.258627686728
2019-11-10 15:00:00,5354.0463818132375
2019-11-10 16:00:00,5491.3685240404275
2019-11-10 17:00:00,5594.032791489136
2019-11-10 18:00:00,5635.59006677464
2019-11-10 19:00:00,5658.233323615058
2019-11-10 20:00:00,5630.052213027275
2019-11-10 21:00:00,5669.229317560692
2019-11-10 22:00:00,5807.182660255683
2019-11-10 23:00:00,6049.5816610059555
2019-11-11 00:00:00,6209.506405772797
2019-11-11 01:00:00,6193.746452337398
2019-11-11 02:00:00,6110.868753057693
2019-11-11 03:00:00,6016.897477979621
2019-11-11 04:00:00,5851.139429987383
2019-11-11 05:00:00,5621.761522625568
2019-11-11 06:00:00,5387.137824249757
2019-11-11 07:00:00,5285.002646346217
2019-11-11 08:00:00,5212.05021234572
2019-11-11 09:00:00,5220.805872496548
2019-11-11 10:00:00,5278.5904114589175
2019-11-11 11:00:00,5502.717861192097
2019-11-11 12:00:00,5961.471237233238
2019-11-11 13:00:00,6565.13362341818
2019-11-11 14:00:00,6874.486773963692
2019-11-11 15:00:00,7056.627439182149
2019-11-11 16:00:00,7191.24722837015
2019-11-11 17:00:00,7266.677356533082
2019-11-11 18:00:00,7284.0412131175135
2019-11-11 19:00:00,7304.823446507236
2019-11-11 20:00:00,7342.598136853165
2019-11-11 21:00:00,7344.235016993172
2019-11-11 22:00:00,7329.705869082545
2019-11-11 23:00:00,7514.564503331861
2019-11-12 00:00:00,7750.359643374716
2019-11-12 01:00:00,7669.233280854076
2019-11-12 02:00:00,7572.347386398714
2019-11-12 03:00:00,7394.918486841723
2019-11-12 04:00:00,7122.3544575518035
2019-11-12 05:00:00,6761.662241246353
2019-11-12 06:00:00,6478.596845091294
2019-11-12 07:00:00,6281.326928848311
2019-11-12 08:00:00,6154.677341646192
2019-11-12 09:00:00,6113.2451155884055
2019-11-12 10:00:00,6147.687951421271
2019-11-12 11:00:00,6329.2120043943405
2019-11-12 12:00:00,6729.018462070623
2019-11-12 13:00:00,7285.27967201336
2019-11-12 14:00:00,7511.223697747347
2019-11-12 15:00:00,7566.031680374333
2019-11-12 16:00:00,7593.764564912095
2019-11-12 17:00:00,7603.782503573976
2019-11-12 18:00:00,7571.2653840223775
2019-11-12 19:00:00,7539.294824055422
2019-11-12 20:00:00,7494.156422079966
2019-11-12 21:00:00,7421.667263576374
2019-11-12 22:00:00,7410.6694053738365
2019-11-12 23:00:00,7717.686419365981
2019-11-13 00:00:00,8010.099594283522
2019-11-13 01:00:00,7928.392523776697
2019-11-13 02:00:00,7824.50471450487
2019-11-13 03:00:00,7669.836900412773
2019-11-13 04:00:00,7414.1970404994045
2019-11-13 05:00:00,7033.079787730741
2019-11-13 06:00:00,6702.740161314243
2019-11-13 07:00:00,6506.054686349154
2019-11-13 08:00:00,6374.737035507293
2019-11-13 09:00:00,6281.357608076155
2019-11-13 10:00:00,6270.2712580036805
2019-11-13 11:00:00,6467.552675193707
2019-11-13 12:00:00,6786.815254659816
2019-11-13 13:00:00,7401.790977295112
2019-11-13 14:00:00,7642.486808395777
2019-11-13 15:00:00,7755.8272330940445
2019-11-13 16:00:00,7802.238739190395
2019-11-13 17:00:00,7869.84416383154
2019-11-13 18:00:00,7810.817553775266
2019-11-13 19:00:00,7729.525922575007
2019-11-13 20:00:00,7658.967584586076
2019-11-13 21:00:00,7575.883472754581
2019-11-13 22:00:00,7554.933552505568
2019-11-13 23:00:00,7750.946974942967
2019-11-14 00:00:00,7898.0349360940045
2019-11-14 01:00:00,7784.808259788292
2019-11-14 02:00:00,7617.302788971847
2019-11-14 03:00:00,7395.511267811585
2019-11-14 04:00:00,7092.01177292876
2019-11-14 05:00:00,6673.53552948319
2019-11-14 06:00:00,6293.581679761517
2019-11-14 07:00:00,6083.468597178193
2019-11-14 08:00:00,5938.140041513466
2019-11-14 09:00:00,5890.864396214037
2019-11-14 10:00:00,5894.953889478169
2019-11-14 11:00:00,6042.040104412117
2019-11-14 12:00:00,6419.670309294886
2019-11-14 13:00:00,6972.668712852562
2019-11-14 14:00:00,7210.220016028511
2019-11-14 15:00:00,7279.465791386161
2019-11-14 16:00:00,7256.386197104657
2019-11-14 17:00:00,7275.308029049408
2019-11-14 18:00:00,7283.701094836988
2019-11-14 19:00:00,7281.230621277796
2019-11-14 20:00:00,7312.9421136162255
2019-11-14 21:00:00,7291.138384057582
2019-11-14 22:00:00,7307.400617896617
2019-11-14 23:00:00,7501.124973265904
2019-11-15 00:00:00,7636.538710846774
2019-11-15 01:00:00,7523.315557082433
2019-11-15 02:00:00,7426.433215275634
2019-11-15 03:00:00,7270.015599891223
2019-11-15 04:00:00,6993.36006015536
2019-11-15 05:00:00,6615.740874504573
2019-11-15 06:00:00,6303.492072088267
2019-11-15 07:00:00,6099.803809198168
2019-11-15 08:00:00,5991.249261003011
2019-11-15 09:00:00,5913.627348324785
2019-11-15 10:00:00,5907.793713920287
2019-11-15 11:00:00,6058.385312019574
2019-11-15 12:00:00,6483.872442224591
2019-11-15 13:00:00,6999.152001875344
2019-11-15 14:00:00,7188.552242750313
2019-11-15 15:00:00,7170.507389032512
2019-11-15 16:00:00,7185.546992132738
2019-11-15 17:00:00,7239.511804126872
2019-11-15 18:00:00,7163.573313907681
2019-11-15 19:00:00,7062.502456961485
2019-11-15 20:00:00,6995.255971696161
2019-11-15 21:00:00,6889.311715903611
2019-11-15 22:00:00,6836.651603441202
2019-11-15 23:00:00,7009.69512163938
2019-11-16 00:00:00,7241.990388132885
2019-11-16 01:00:00,7135.187026160839
2019-11-16 02:00:00,7005.032657937202
2019-11-16 03:00:00,6864.374333629984
2019-11-16 04:00:00,6624.494517473591
2019-11-16 05:00:00,6299.986688922926
2019-11-16 06:00:00,6021.005246308819
2019-11-16 07:00:00,5770.62611057629
2019-11-16 08:00:00,5651.560320357277
2019-11-16 09:00:00,5560.5153161394965
2019-11-16 10:00:00,5535.420078425967
2019-11-16 11:00:00,5602.544327423575
2019-11-16 12:00:00,5781.725015347499
2019-11-16 13:00:00,5999.018486847494
2019-11-16 14:00:00,6109.823177268086
2019-11-16 15:00:00,6235.981547751826
2019-11-16 16:00:00,6231.89730513229
2019-11-16 17:00:00,6212.5714564758
2019-11-16 18:00:00,6159.9073845911735
2019-11-16 19:00:00,6044.045458400173
2019-11-16 20:00:00,5898.679811697733
2019-11-16 21:00:00,5846.224391552461
2019-11-16 22:00:00,5863.3003046091
2019-11-16 23:00:00,6172.750613153909
2019-11-17 00:00:00,6430.726371533003
2019-11-17 01:00:00,6392.2046401673115
2019-11-17 02:00:00,6360.690543984416
2019-11-17 03:00:00,6260.886417288817
2019-11-17 04:00:00,6105.6341920260165
2019-11-17 05:00:00,5893.185752906407
2019-11-17 06:00:00,5677.237078951155
2019-11-17 07:00:00,5492.226098520956
2019-11-17 08:00:00,5386.590535245817
2019-11-17 09:00:00,5287.957428716584
2019-11-17 10:00:00,5298.464244983331
2019-11-17 11:00:00,5307.223849176207
2019-11-17 12:00:00,5404.111760813382
2019-11-17 13:00:00,5531.351539766917
2019-11-17 14:00:00,5567.935040505094
2019-11-17 15:00:00,5711.87231039989
2019-11-17 16:00:00,5792.915366975112
2019-11-17 17:00:00,5853.187458118693
2019-11-17 18:00:00,5869.385951338054
2019-11-17 19:00:00,5865.103049058845
2019-11-17 20:00:00,5872.146544628328
2019-11-17 21:00:00,5898.014803490911
2019-11-17 22:00:00,5938.706990513268
2019-11-17 23:00:00,6233.452119854484
2019-11-18 00:00:00,6370.615538298903
2019-11-18 01:00:00,6323.341217715887
2019-11-18 02:00:00,6287.153849349171
2019-11-18 03:00:00,6114.39096614292
2019-11-18 04:00:00,5953.885483282702
2019-11-18 05:00:00,5673.736031221349
2019-11-18 06:00:00,5405.260501658252
2019-11-18 07:00:00,5272.190972127883
2019-11-18 08:00:00,5182.312411783403
2019-11-18 09:00:00,5156.051844162647
2019-11-18 10:00:00,5200.412960406358
2019-11-18 11:00:00,5395.942017192818
2019-11-18 12:00:00,5850.609332189624
2019-11-18 13:00:00,6466.353685446705
2019-11-18 14:00:00,6755.301039772218
2019-11-18 15:00:00,6889.748612033138
2019-11-18 16:00:00,6951.96795297038
2019-11-18 17:00:00,7009.961333919626
2019-11-18 18:00:00,6984.376915176557
2019-11-18 19:00:00,6943.869111132454
2019-11-18 20:00:00,6911.110727523666
2019-11-18 21:00:00,6880.7065020777245
2019-11-18 22:00:00,6919.357355010518
2019-11-18 23:00:00,7101.92418243732
2019-11-19 00:00:00,7192.975147878963
2019-11-19 01:00:00,7055.2360493492915
2019-11-19 02:00:00,6916.912750399255
2019-11-19 03:00:00,6735.393394148013
2019-11-19 04:00:00,6442.397915563153
2019-11-19 05:00:00,6042.016831553311
2019-11-19 06:00:00,5693.581744629171
2019-11-19 07:00:00,5492.223750160041
2019-11-19 08:00:00,5363.241275211318
2019-11-19 09:00:00,5300.7912618276505
2019-11-19 10:00:00,5317.7233192882995
2019-11-19 11:00:00,5473.5660373744295
2019-11-19 12:00:00,5864.613944609527
2019-11-19 13:00:00,6442.423295925344
2019-11-19 14:00:00,6728.441928714754
2019-11-19 15:00:00,6818.914541401801
2019-11-19 16:00:00,6840.671795726479
2019-11-19 17:00:00,6838.711267687567
2019-11-19 18:00:00,6804.82562949917
2019-11-19 19:00:00,6800.450461348855
2019-11-19 20:00:00,6831.938513063323
2019-11-19 21:00:00,6775.314704502569
2019-11-19 22:00:00,6769.291509680822
2019-11-19 23:00:00,6946.661630407936
2019-11-20 00:00:00,7049.970417696286
2019-11-20 01:00:00,6907.563255526873
2019-11-20 02:00:00,6777.994442547207
2019-11-20 03:00:00,6608.734082323132
2019-11-20 04:00:00,6318.658943481894
2019-11-20 05:00:00,5941.038252471547
2019-11-20 06:00:00,5615.364792941743
2019-11-20 07:00:00,5366.732146710494
2019-11-20 08:00:00,5261.672173199034
2019-11-20 09:00:00,5186.9679809387935
2019-11-20 10:00:00,5175.300651915412
2019-11-20 11:00:00,5346.31499833138
2019-11-20 12:00:00,5706.433702269345
2019-11-20 13:00:00,6283.717330922763
2019-11-20 14:00:00,6569.925812210115
2019-11-20 15:00:00,6652.6119722474605
2019-11-20 16:00:00,6653.081012944909
2019-11-20 17:00:00,6660.228283975216
2019-11-20 18:00:00,6621.484060071706
2019-11-20 19:00:00,6526.803402923461
2019-11-20 20:00:00,6517.305797736756
2019-11-20 21:00:00,6475.881204535487
2019-11-20 22:00:00,6501.51219847466
2019-11-20 23:00:00,6757.561277142368
2019-11-21 00:00:00,6925.653778455154
2019-11-21 01:00:00,6850.367463170741
2019-11-21 02:00:00,6738.308856526657
2019-11-21 03:00:00,6581.890458355275
2019-11-21 04:00:00,6306.405216213189
2019-11-21 05:00:00,5929.368003050618
2019-11-21 06:00:00,5607.7822002462835
2019-11-21 07:00:00,5400.003751626654
2019-11-21 08:00:00,5275.1041162528045
2019-11-21 09:00:00,5177.638477241376
2019-11-21 10:00:00,5165.968709535507
2019-11-21 11:00:00,5320.058073680759
2019-11-21 12:00:00,5749.042578538256
2019-11-21 13:00:00,6336.772558625834
2019-11-21 14:00:00,6660.537916329259
2019-11-21 15:00:00,6738.72007947159
2019-11-21 16:00:00,6775.301395376025
2019-11-21 17:00:00,6824.678064679203
2019-11-21 18:00:00,6819.531320525013
2019-11-21 19:00:00,6787.646112794584
2019-11-21 20:00:00,6765.195553615874
2019-11-21 21:00:00,6724.618962544133
2019-11-21 22:00:00,6722.200070841254
2019-11-21 23:00:00,6918.649063669906
2019-11-22 00:00:00,6967.092447451859
2019-11-22 01:00:00,6823.513331793152
2019-11-22 02:00:00,6686.941760995667
2019-11-22 03:00:00,6574.876350126368
2019-11-22 04:00:00,6317.484581417303
2019-11-22 05:00:00,5953.28845719888
2019-11-22 06:00:00,5639.2870234142865
2019-11-22 07:00:00,5453.1055948543535
2019-11-22 08:00:00,5346.884295692096
2019-11-22 09:00:00,5277.43254813511
2019-11-22 10:00:00,5297.86375657252
2019-11-22 11:00:00,5435.614054977322
2019-11-22 12:00:00,5832.502551378089
2019-11-22 13:00:00,6440.068736123715
2019-11-22 14:00:00,6720.438547237065
2019-11-22 15:00:00,6829.606792009545
2019-11-22 16:00:00,6854.162493363493
2019-11-22 17:00:00,6810.592622342952
2019-11-22 18:00:00,6727.482698034096
2019-11-22 19:00:00,6661.016635164216
2019-11-22 20:00:00,6619.364990248036
2019-11-22 21:00:00,6550.975779074603
2019-11-22 22:00:00,6528.533049156666
2019-11-22 23:00:00,6819.429558895349
2019-11-23 00:00:00,7028.380653469671
2019-11-23 01:00:00,6955.426744216804
2019-11-23 02:00:00,6846.287122492737
2019-11-23 03:00:00,6730.141099980713
2019-11-23 04:00:00,6545.709442605904
2019-11-23 05:00:00,6223.53639855489
2019-11-23 06:00:00,5910.118412510881
2019-11-23 07:00:00,5701.174212483348
2019-11-23 08:00:00,5576.275390003661
2019-11-23 09:00:00,5479.975743257667
2019-11-23 10:00:00,5457.8003936798905
2019-11-23 11:00:00,5530.172390658924
2019-11-23 12:00:00,5691.262073939508
2019-11-23 13:00:00,5952.152481803084
2019-11-23 14:00:00,6118.838478475131
2019-11-23 15:00:00,6284.47987202335
2019-11-23 16:00:00,6347.7569571658705
2019-11-23 17:00:00,6321.376453417253
2019-11-23 18:00:00,6301.610905559561
2019-11-23 19:00:00,6198.638844684426
2019-11-23 20:00:00,6078.8596268123965
2019-11-23 21:00:00,5945.932192278651
2019-11-23 22:00:00,5951.830374493578
2019-11-23 23:00:00,6213.04565952825
2019-11-24 00:00:00,6487.3551546749495
2019-11-24 01:00:00,6471.590534624912
2019-11-24 02:00:00,6430.734500474629
2019-11-24 03:00:00,6322.173569554936
2019-11-24 04:00:00,6181.512174314215
2019-11-24 05:00:00,5917.116232749343
2019-11-24 06:00:00,5672.569256168943
2019-11-24 07:00:00,5451.9540540407
2019-11-24 08:00:00,5334.059253880863
2019-11-24 09:00:00,5222.001279487796
2019-11-24 10:00:00,5203.909040449615
2019-11-24 11:00:00,5214.9995453144775
2019-11-24 12:00:00,5322.977871494939
2019-11-24 13:00:00,5472.328355416736
2019-11-24 14:00:00,5509.80396568876
2019-11-24 15:00:00,5563.491405867781
2019-11-24 16:00:00,5581.866330313752
2019-11-24 17:00:00,5565.732029098144
2019-11-24 18:00:00,5547.951702668001
2019-11-24 19:00:00,5551.4311714342475
2019-11-24 20:00:00,5518.510122746561
2019-11-24 21:00:00,5550.4926899792235
2019-11-24 22:00:00,5621.838425984554
2019-11-24 23:00:00,5941.041775012918
2019-11-25 00:00:00,6132.488293296415
2019-11-25 01:00:00,6117.896981559276
2019-11-25 02:00:00,6043.19339144286
2019-11-25 03:00:00,5946.303492731066
2019-11-25 04:00:00,5765.370173438853
2019-11-25 05:00:00,5520.238002900778
2019-11-25 06:00:00,5297.869657581998
2019-11-25 07:00:00,5154.294847251633
2019-11-25 08:00:00,5100.599982196544
2019-11-25 09:00:00,5045.1578147460095
2019-11-25 10:00:00,5081.3475314736415
2019-11-25 11:00:00,5265.786986610975
2019-11-25 12:00:00,5694.191897448361
2019-11-25 13:00:00,6281.33782765153
2019-11-25 14:00:00,6553.613725258912
2019-11-25 15:00:00,6695.411910168425
2019-11-25 16:00:00,6720.738460447966
2019-11-25 17:00:00,6727.895814617439
2019-11-25 18:00:00,6652.206479273232
2019-11-25 19:00:00,6520.962401123579
2019-11-25 20:00:00,6475.677459887362
2019-11-25 21:00:00,6408.85002956144
2019-11-25 22:00:00,6397.962460194356
2019-11-25 23:00:00,6650.747046474294
2019-11-26 00:00:00,6839.272622870345
2019-11-26 01:00:00,6736.553726261499
2019-11-26 02:00:00,6618.654560558937
2019-11-26 03:00:00,6446.4799422438655
2019-11-26 04:00:00,6203.096428924839
2019-11-26 05:00:00,5844.150792442241
2019-11-26 06:00:00,5533.650406387454
2019-11-26 07:00:00,5334.629845850802
2019-11-26 08:00:00,5217.318854717845
2019-11-26 09:00:00,5167.126091144256
2019-11-26 10:00:00,5185.808582148235
2019-11-26 11:00:00,5339.316304984374
2019-11-26 12:00:00,5727.447967053855
2019-11-26 13:00:00,6312.433070778898
2019-11-26 14:00:00,6559.067020552153
2019-11-26 15:00:00,6630.456794463829
2019-11-26 16:00:00,6617.7103164010505
2019-11-26 17:00:00,6622.815318627807
2019-11-26 18:00:00,6554.234276387506
2019-11-26 19:00:00,6526.661785517143
2019-11-26 20:00:00,6603.939313560157
2019-11-26 21:00:00,6681.754304074356
2019-11-26 22:00:00,6707.9441033324565
2019-11-26 23:00:00,6913.390597528409
2019-11-27 00:00:00,6974.09074940538
2019-11-27 01:00:00,6836.34845951344
2019-11-27 02:00:00,6689.274227241595
2019-11-27 03:00:00,6501.343178032495
2019-11-27 04:00:00,6237.531226137649
2019-11-27 05:00:00,5864.57899016053
2019-11-27 06:00:00,5509.137171269332
2019-11-27 07:00:00,5266.922510398904
2019-11-27 08:00:00,5095.3309785381225
2019-11-27 09:00:00,5004.865417804496
2019-11-27 10:00:00,4968.6813612288115
2019-11-27 11:00:00,5090.083230556697
2019-11-27 12:00:00,5452.530938413602
2019-11-27 13:00:00,6006.995335023264
2019-11-27 14:00:00,6383.205667672397
2019-11-27 15:00:00,6609.069749862005
2019-11-27 16:00:00,6759.18641273188
2019-11-27 17:00:00,6840.36941647182
2019-11-27 18:00:00,6872.651571239867
2019-11-27 19:00:00,6882.515950185814
2019-11-27 20:00:00,6892.385382017236
2019-11-27 21:00:00,6860.138318221063
2019-11-27 22:00:00,6852.557398156155
2019-11-27 23:00:00,7050.553383721812
2019-11-28 00:00:00,7142.186652830772
2019-11-28 01:00:00,6963.0105713071025
2019-11-28 02:00:00,6801.342678937204
2019-11-28 03:00:00,6627.413472286417
2019-11-28 04:00:00,6383.443801579595
2019-11-28 05:00:00,6035.004710399025
2019-11-28 06:00:00,5695.904004537278
2019-11-28 07:00:00,5447.852246935362
2019-11-28 08:00:00,5296.688882685678
2019-11-28 09:00:00,5185.7987672039
2019-11-28 10:00:00,5115.180906952714
2019-11-28 11:00:00,5134.443834978158
2019-11-28 12:00:00,5240.084004653553
2019-11-28 13:00:00,5363.878353452083
2019-11-28 14:00:00,5401.1752586307275
2019-11-28 15:00:00,5535.493127066585
2019-11-28 16:00:00,5679.623178073987
2019-11-28 17:00:00,5789.392659207574
2019-11-28 18:00:00,5819.722884576104
2019-11-28 19:00:00,5784.151890947894
2019-11-28 20:00:00,5697.126521718003
2019-11-28 21:00:00,5620.123328014444
2019-11-28 22:00:00,5592.122161656588
2019-11-28 23:00:00,5746.674224520403
2019-11-29 00:00:00,5761.269510406782
2019-11-29 01:00:00,5678.977938407679
2019-11-29 02:00:00,5627.034681076376
2019-11-29 03:00:00,5581.5084155685845
2019-11-29 04:00:00,5493.3763146181955
2019-11-29 05:00:00,5337.54091257953
2019-11-29 06:00:00,5157.193991532642
2019-11-29 07:00:00,5009.529928795675
2019-11-29 08:00:00,4904.4745014700875
2019-11-29 09:00:00,4836.191154753833
2019-11-29 10:00:00,4845.531948647955
2019-11-29 11:00:00,4948.8400434709065
2019-11-29 12:00:00,5175.296346587069
2019-11-29 13:00:00,5446.105907970037
2019-11-29 14:00:00,5585.120914320977
2019-11-29 15:00:00,5713.877835045781
2019-11-29 16:00:00,5803.769865298055
2019-11-29 17:00:00,5866.046144401756
2019-11-29 18:00:00,5906.92901190401
2019-11-29 19:00:00,5915.302937791457
2019-11-29 20:00:00,5912.949720820106
2019-11-29 21:00:00,5897.957589237083
2019-11-29 22:00:00,5966.1286128201
2019-11-29 23:00:00,6234.605226242081
2019-11-30 00:00:00,6328.57246695653
2019-11-30 01:00:00,6222.3531548688925
2019-11-30 02:00:00,6127.800569660812
2019-11-30 03:00:00,5999.984478371008
2019-11-30 04:00:00,5872.158933423163
2019-11-30 05:00:00,5601.928725202776
2019-11-30 06:00:00,5373.139624661582
2019-11-30 07:00:00,5177.618817245515
2019-11-30 08:00:00,5048.051208553497
2019-11-30 09:00:00,4967.511575457286
2019-11-30 10:00:00,4946.502037501797
2019-11-30 11:00:00,4976.272534473766
2019-11-30 12:00:00,5128.607430712068
2019-11-30 13:00:00,5385.412500103897
2019-11-30 14:00:00,5591.202966300852
2019-11-30 15:00:00,5800.307556251969
2019-11-30 16:00:00,5966.65488765724
2019-11-30 17:00:00,6079.92247113854
2019-11-30 18:00:00,6164.760770664864
2019-11-30 19:00:00,6116.935465737992
2019-11-30 20:00:00,6051.064772058523
2019-11-30 21:00:00,5995.0015280250045
2019-11-30 22:00:00,6060.510105312469
2019-11-30 23:00:00,6308.7388265323825
2019-12-01 00:00:00,6368.853152200663
2019-12-01 01:00:00,6333.247184285528
2019-12-01 02:00:00,6228.189649456557
2019-12-01 03:00:00,6139.472565298831
2019-12-01 04:00:00,5907.7608970818665
2019-12-01 05:00:00,5667.879123958043
2019-12-01 06:00:00,5373.136945121564
2019-12-01 07:00:00,5170.609586381585
2019-12-01 08:00:00,4996.098557778537
2019-12-01 09:00:00,4925.47865023835
2019-12-01 10:00:00,4839.10095698053
2019-12-01 11:00:00,4872.957364460879
2019-12-01 12:00:00,4932.492939110403
2019-12-01 13:00:00,5077.241599683109
2019-12-01 14:00:00,5175.953994910108
2019-12-01 15:00:00,5313.315401015425
2019-12-01 16:00:00,5460.297820021925
2019-12-01 17:00:00,5586.941421015641
2019-12-01 18:00:00,5685.710001729321
2019-12-01 19:00:00,5756.273960515605
2019-12-01 20:00:00,5785.496900240869
2019-12-01 21:00:00,5855.937766766865
2019-12-01 22:00:00,5960.897965723282
2019-12-01 23:00:00,6292.993053584044
2019-12-02 00:00:00,6465.16926758025
2019-12-02 01:00:00,6495.519298357948
2019-12-02 02:00:00,6478.007014626172
2019-12-02 03:00:00,6375.281765399981
2019-12-02 04:00:00,6165.749812303519
2019-12-02 05:00:00,5862.252244280933
2019-12-02 06:00:00,5586.1867457605285
2019-12-02 07:00:00,5422.186447359086
2019-12-02 08:00:00,5322.383223879223
2019-12-02 09:00:00,5294.955519919766
2019-12-02 10:00:00,5332.896483084889
2019-12-02 11:00:00,5542.432440437783
2019-12-02 12:00:00,5982.514073742207
2019-12-02 13:00:00,6594.174714315867
2019-12-02 14:00:00,6933.372126926016
2019-12-02 15:00:00,7028.201493405547
2019-12-02 16:00:00,7040.247915889931
2019-12-02 17:00:00,6987.556176518443
2019-12-02 18:00:00,6936.170860263986
2019-12-02 19:00:00,6950.164323418766
2019-12-02 20:00:00,7004.931826884544
2019-12-02 21:00:00,7004.655624127238
2019-12-02 22:00:00,7031.401796535484
2019-12-02 23:00:00,7309.131497157571
2019-12-03 00:00:00,7466.131958138743
2019-12-03 01:00:00,7352.904348510104
2019-12-03 02:00:00,7237.925612872737
2019-12-03 03:00:00,7082.088585045747
2019-12-03 04:00:00,6789.093467747181
2019-12-03 05:00:00,6370.031970129553
2019-12-03 06:00:00,6009.92278006401
2019-12-03 07:00:00,5804.481253554608
2019-12-03 08:00:00,5642.2292209787265
2019-12-03 09:00:00,5574.527997286644
2019-12-03 10:00:00,5591.459031102792
2019-12-03 11:00:00,5744.381108373388
2019-12-03 12:00:00,6142.43686154162
2019-12-03 13:00:00,6725.497664023382
2019-12-03 14:00:00,7046.955273460895
2019-12-03 15:00:00,7119.51834408531
2019-12-03 16:00:00,7150.087452297002
2019-12-03 17:00:00,7186.828598081714
2019-12-03 18:00:00,7126.227145150413
2019-12-03 19:00:00,6994.368542910983
2019-12-03 20:00:00,6869.7555547199
2019-12-03 21:00:00,6803.939851105924
2019-12-03 22:00:00,6807.657810940908
2019-12-03 23:00:00,7125.853337563842
2019-12-04 00:00:00,7336.549627030224
2019-12-04 01:00:00,7263.014317325772
2019-12-04 02:00:00,7164.381692511601
2019-12-04 03:00:00,7002.124993321081
2019-12-04 04:00:00,6735.974132241388
2019-12-04 05:00:00,6353.68561844883
2019-12-04 06:00:00,5981.905546711343
2019-12-04 07:00:00,5753.700827233662
2019-12-04 08:00:00,5625.30146884642
2019-12-04 09:00:00,5571.023908730525
2019-12-04 10:00:00,5566.941249798797
2019-12-04 11:00:00,5750.79566151441
2019-12-04 12:00:00,6164.608267077348
2019-12-04 13:00:00,6764.010724518004
2019-12-04 14:00:00,7026.652079102025
2019-12-04 15:00:00,6993.952090181244
2019-12-04 16:00:00,6945.661620872991
2019-12-04 17:00:00,6899.556513026976
2019-12-04 18:00:00,6852.449587097801
2019-12-04 19:00:00,6812.210410398976
2019-12-04 20:00:00,6785.069337280415
2019-12-04 21:00:00,6713.4998359857245
2019-12-04 22:00:00,6707.539021256637
2019-12-04 23:00:00,7047.62732361186
2019-12-05 00:00:00,7278.173842564744
2019-12-05 01:00:00,7164.952254374349
2019-12-05 02:00:00,7063.399410245318
2019-12-05 03:00:00,6915.153284698561
2019-12-05 04:00:00,6644.340260988604
2019-12-05 05:00:00,6237.538391649158
2019-12-05 06:00:00,5908.947813845191
2019-12-05 07:00:00,5681.909176954518
2019-12-05 08:00:00,5557.595608646891
2019-12-05 09:00:00,5497.483239946039
2019-12-05 10:00:00,5523.752719295395
2019-12-05 11:00:00,5680.1808420895395
2019-12-05 12:00:00,6088.744314740253
2019-12-05 13:00:00,6697.486602644913
2019-12-05 14:00:00,6943.155481202398
2019-12-05 15:00:00,6921.758194022797
2019-12-05 16:00:00,6871.604786396936
2019-12-05 17:00:00,6797.670745855182
2019-12-05 18:00:00,6750.2524872231725
2019-12-05 19:00:00,6656.849747602602
2019-12-05 20:00:00,6636.579634164454
2019-12-05 21:00:00,6585.67409604865
2019-12-05 22:00:00,6576.93630519935
2019-12-05 23:00:00,6903.468915004954
2019-12-06 00:00:00,7114.174116199933
2019-12-06 01:00:00,7026.632267215344
2019-12-06 02:00:00,6930.915134887008
2019-12-06 03:00:00,6775.668118168286
2019-12-06 04:00:00,6531.114427684247
2019-12-06 05:00:00,6154.077274736058
2019-12-06 06:00:00,5775.872413412537
2019-12-06 07:00:00,5521.404747845994
2019-12-06 08:00:00,5355.6502223951275
2019-12-06 09:00:00,5258.766616086296
2019-12-06 10:00:00,5282.6975475371
2019-12-06 11:00:00,5446.122888425881
2019-12-06 12:00:00,5848.84685576981
2019-12-06 13:00:00,6470.425656325552
2019-12-06 14:00:00,6793.887994654734
2019-12-06 15:00:00,6866.1847544155935
2019-12-06 16:00:00,6908.302426957343
2019-12-06 17:00:00,6878.544918178109
2019-12-06 18:00:00,6782.783782139182
2019-12-06 19:00:00,6664.132539647356
2019-12-06 20:00:00,6606.083321125569
2019-12-06 21:00:00,6554.412591702246
2019-12-06 22:00:00,6561.699706203542
2019-12-06 23:00:00,6908.145378551045
2019-12-07 00:00:00,7154.450134829429
2019-12-07 01:00:00,7057.567823129821
2019-12-07 02:00:00,6955.432795762237
2019-12-07 03:00:00,6819.443287774541
2019-12-07 04:00:00,6672.360414738819
2019-12-07 05:00:00,6341.434600827333
2019-12-07 06:00:00,6026.267445742025
2019-12-07 07:00:00,5761.879663225971
2019-12-07 08:00:00,5624.7256984395935
2019-12-07 09:00:00,5518.501629415745
2019-12-07 10:00:00,5515.002087045499
2019-12-07 11:00:00,5561.704250084634
2019-12-07 12:00:00,5750.808938785734
2019-12-07 13:00:00,5967.346750740712
2019-12-07 14:00:00,6075.561739700757
2019-12-07 15:00:00,6281.347568392371
2019-12-07 16:00:00,6419.328298362101
2019-12-07 17:00:00,6468.944833800458
2019-12-07 18:00:00,6400.7479672519485
2019-12-07 19:00:00,6343.258082987313
2019-12-07 20:00:00,6203.418437046306
2019-12-07 21:00:00,6151.013482402319
2019-12-07 22:00:00,6124.644848755612
2019-12-07 23:00:00,6451.728683762602
2019-12-08 00:00:00,6702.699426284534
2019-12-08 01:00:00,6676.438888770968
2019-12-08 02:00:00,6581.308094473573
2019-12-08 03:00:00,6505.43297236854
2019-12-08 04:00:00,6354.267952223339
2019-12-08 05:00:00,6073.535142742975
2019-12-08 06:00:00,5777.042440041594
2019-12-08 07:00:00,5552.340544618
2019-12-08 08:00:00,5407.598206555451
2019-12-08 09:00:00,5334.060668918851
2019-12-08 10:00:00,5294.956844636179
2019-12-08 11:00:00,5308.969435461752
2019-12-08 12:00:00,5360.335146061947
2019-12-08 13:00:00,5512.0861429517945
2019-12-08 14:00:00,5577.7864784814665
2019-12-08 15:00:00,5692.44598685439
2019-12-08 16:00:00,5769.237135191513
2019-12-08 17:00:00,5825.624383287581
2019-12-08 18:00:00,5802.579351039728
2019-12-08 19:00:00,5797.092315830435
2019-12-08 20:00:00,5773.063024862576
2019-12-08 21:00:00,5786.271252977013
2019-12-08 22:00:00,5816.780271631526
2019-12-08 23:00:00,6161.077684192964
2019-12-09 00:00:00,6308.1604970143035
2019-12-09 01:00:00,6302.905432985413
2019-12-09 02:00:00,6240.452860490493
2019-12-09 03:00:00,6137.726226333506
2019-12-09 04:00:00,5898.427268699253
2019-12-09 05:00:00,5588.50659709334
2019-12-09 06:00:00,5240.655469732036
2019-12-09 07:00:00,5038.129586244426
2019-12-09 08:00:00,4943.580523577718
2019-12-09 09:00:00,4912.648098811126
2019-12-09 10:00:00,4910.321021752425
2019-12-09 11:00:00,5088.924975839404
2019-12-09 12:00:00,5510.909793812583
2019-12-09 13:00:00,6140.0803697571055
2019-12-09 14:00:00,6522.820899337997
2019-12-09 15:00:00,6638.379770924916
2019-12-09 16:00:00,6707.034910434877
2019-12-09 17:00:00,6772.926650789034
2019-12-09 18:00:00,6773.682701727538
2019-12-09 19:00:00,6779.955976116753
2019-12-09 20:00:00,6841.819290183184
2019-12-09 21:00:00,6819.554258830098
2019-12-09 22:00:00,6840.49104134831
2019-12-09 23:00:00,7107.7440277482465
2019-12-10 00:00:00,7347.037596195272
2019-12-10 01:00:00,7317.27032069276
2019-12-10 02:00:00,7261.820746873191
2019-12-10 03:00:00,7145.673038358458
2019-12-10 04:00:00,6894.120293241119
2019-12-10 05:00:00,6513.583628029876
2019-12-10 06:00:00,6143.557783341811
2019-12-10 07:00:00,5920.027931729086
2019-12-10 08:00:00,5823.728887126916
2019-12-10 09:00:00,5781.123924792864
2019-12-10 10:00:00,5830.158012148485
2019-12-10 11:00:00,6013.435750241536
2019-12-10 12:00:00,6457.01978609937
2019-12-10 13:00:00,7099.030638093877
2019-12-10 14:00:00,7453.159361290818
2019-12-10 15:00:00,7531.212307802766
2019-12-10 16:00:00,7511.261353703258
2019-12-10 17:00:00,7465.121450441467
2019-12-10 18:00:00,7419.821754933529
2019-12-10 19:00:00,7342.730450151247
2019-12-10 20:00:00,7280.597880232336
2019-12-10 21:00:00,7193.655622932559
2019-12-10 22:00:00,7223.2212766705
2019-12-10 23:00:00,7662.822611540719
2019-12-11 00:00:00,7952.309816669881
2019-12-11 01:00:00,7868.267901449022
2019-12-11 02:00:00,7795.897590472699
2019-12-11 03:00:00,7659.909497522989
2019-12-11 04:00:00,7400.765850125414
2019-12-11 05:00:00,6988.71243929845
2019-12-11 06:00:00,6626.27081309417
2019-12-11 07:00:00,6392.8137091276185
2019-12-11 08:00:00,6254.492186501861
2019-12-11 09:00:00,6184.459008386102
2019-12-11 10:00:00,6194.3852672026205
2019-12-11 11:00:00,6366.568014459319
2019-12-11 12:00:00,6753.533443405835
2019-12-11 13:00:00,7312.082034413976
2019-12-11 14:00:00,7597.77647737504
2019-12-11 15:00:00,7639.471649766371
2019-12-11 16:00:00,7637.931072987954
2019-12-11 17:00:00,7562.013423815758
2019-12-11 18:00:00,7465.353675470617
2019-12-11 19:00:00,7352.659022098841
2019-12-11 20:00:00,7301.612230215773
2019-12-11 21:00:00,7230.5987059360305
2019-12-11 22:00:00,7264.594181968965
2019-12-11 23:00:00,7652.308689976846
2019-12-12 00:00:00,7941.802097187398
2019-12-12 01:00:00,7876.436350460365
2019-12-12 02:00:00,7787.725317848071
2019-12-12 03:00:00,7661.655565523592
2019-12-12 04:00:00,7333.062247965227
2019-12-12 05:00:00,6977.623078506854
2019-12-12 06:00:00,6620.431187358621
2019-12-12 07:00:00,6368.298095541389
2019-12-12 08:00:00,6191.456918946136
2019-12-12 09:00:00,6122.002792921045
2019-12-12 10:00:00,6124.3406483542
2019-12-12 11:00:00,6261.506385052341
2019-12-12 12:00:00,6663.064450452411
2019-12-12 13:00:00,7240.288637917744
2019-12-12 14:00:00,7498.15273352602
2019-12-12 15:00:00,7477.864668714277
2019-12-12 16:00:00,7469.071485386601
2019-12-12 17:00:00,7381.06292318172
2019-12-12 18:00:00,7287.761643121008
2019-12-12 19:00:00,7224.9912056606545
2019-12-12 20:00:00,7190.316214260424
2019-12-12 21:00:00,7080.227770349603
2019-12-12 22:00:00,7282.844164243827
2019-12-12 23:00:00,7410.085298020968
2019-12-13 00:00:00,7493.55367076715
2019-12-13 01:00:00,7366.905859889312
2019-12-13 02:00:00,7251.92977368477
2019-12-13 03:00:00,7073.917697351916
2019-12-13 04:00:00,6800.7690160337625
2019-12-13 05:00:00,6367.7032070681435
2019-12-13 06:00:00,5999.4193960170605
2019-12-13 07:00:00,5742.034461640401
2019-12-13 08:00:00,5578.614991653906
2019-12-13 09:00:00,5463.638634484645
2019-12-13 10:00:00,5443.80378977285
2019-12-13 11:00:00,5583.303347540525
2019-12-13 12:00:00,5952.173195550637
2019-12-13 13:00:00,6521.810364563402
2019-12-13 14:00:00,6833.533516525015
2019-12-13 15:00:00,6885.688600579877
2019-12-13 16:00:00,6890.336025056499
2019-12-13 17:00:00,6830.997487628974
2019-12-13 18:00:00,6737.097746965496
2019-12-13 19:00:00,6621.00875706626
2019-12-13 20:00:00,6561.229204587582
2019-12-13 21:00:00,6481.600671780453
2019-12-13 22:00:00,6496.928872934296
2019-12-13 23:00:00,6969.431115779177
2019-12-14 00:00:00,7159.110792100133
2019-12-14 01:00:00,7022.539401945794
2019-12-14 02:00:00,6922.73464299918
2019-12-14 03:00:00,6787.327619321952
2019-12-14 04:00:00,6598.218384434977
2019-12-14 05:00:00,6242.194623162754
2019-12-14 06:00:00,5899.592749142436
2019-12-14 07:00:00,5617.108091080755
2019-12-14 08:00:00,5459.525145789117
2019-12-14 09:00:00,5374.8991806838485
2019-12-14 10:00:00,5355.640136486072
2019-12-14 11:00:00,5403.50356496162
2019-12-14 12:00:00,5569.26191402577
2019-12-14 13:00:00,5833.658307198511
2019-12-14 14:00:00,6023.860717701368
2019-12-14 15:00:00,6225.55589806015
2019-12-14 16:00:00,6365.100583108864
2019-12-14 17:00:00,6459.294793085221
2019-12-14 18:00:00,6482.938659596396
2019-12-14 19:00:00,6474.933299910553
2019-12-14 20:00:00,6391.409675998513
2019-12-14 21:00:00,6375.553354245432
2019-12-14 22:00:00,6406.785835888204
2019-12-14 23:00:00,6712.618489482352
2019-12-15 00:00:00,6866.702614976334
2019-12-15 01:00:00,6856.194744957895
2019-12-15 02:00:00,6773.319363931912
2019-12-15 03:00:00,6692.192670232169
2019-12-15 04:00:00,6553.283785930971
2019-12-15 05:00:00,6288.8906443348815
2019-12-15 06:00:00,6010.491565602477
2019-12-15 07:00:00,5746.1005014025795
2019-12-15 08:00:00,5626.456471987062
2019-12-15 09:00:00,5542.9974625773475
2019-12-15 10:00:00,5534.827688849592
2019-12-15 11:00:00,5564.5946632801915
2019-12-15 12:00:00,5698.253240488711
2019-12-15 13:00:00,5848.255730695466
2019-12-15 14:00:00,5968.698639569504
2019-12-15 15:00:00,6048.164444730592
2019-12-15 16:00:00,6149.813243926136
2019-12-15 17:00:00,6172.42622043157
2019-12-15 18:00:00,6151.520666915246
2019-12-15 19:00:00,6111.594856600086
2019-12-15 20:00:00,6130.951600345664
2019-12-15 21:00:00,6159.971275782998
2019-12-15 22:00:00,6275.603415627336
2019-12-15 23:00:00,6654.278833646327
2019-12-16 00:00:00,6924.509282724244
2019-12-16 01:00:00,6867.8955230707115
2019-12-16 02:00:00,6829.373309989961
2019-12-16 03:00:00,6733.068815986181
2019-12-16 04:00:00,6535.204914485689
2019-12-16 05:00:00,6242.795593288624
2019-12-16 06:00:00,5950.389373132253
2019-12-16 07:00:00,5743.778331816045
2019-12-16 08:00:00,5639.891455867146
2019-12-16 09:00:00,5587.3655937966105
2019-12-16 10:00:00,5614.802630985344
2019-12-16 11:00:00,5782.899829019958
2019-12-16 12:00:00,6189.123940877958
2019-12-16 13:00:00,6797.280854181795
2019-12-16 14:00:00,7142.25206548801
2019-12-16 15:00:00,7244.981335088713
2019-12-16 16:00:00,7260.7014197562385
2019-12-16 17:00:00,7267.27429841587
2019-12-16 18:00:00,7270.079777155729
2019-12-16 19:00:00,7237.455198844654
2019-12-16 20:00:00,7245.697620572137
2019-12-16 21:00:00,7223.206745142439
2019-12-16 22:00:00,7227.654303318982
2019-12-16 23:00:00,7506.991454616015
2019-12-17 00:00:00,7690.259437979113
2019-12-17 01:00:00,7561.857430159045
2019-12-17 02:00:00,7445.124708329785
2019-12-17 03:00:00,7278.782008309314
2019-12-17 04:00:00,7002.710488350668
2019-12-17 05:00:00,6591.237454330786
2019-12-17 06:00:00,6179.7695686406005
2019-12-17 07:00:00,5944.562241881055
2019-12-17 08:00:00,5804.490345926354
2019-12-17 09:00:00,5770.055639035117
2019-12-17 10:00:00,5811.496084356103
2019-12-17 11:00:00,5990.682884039843
2019-12-17 12:00:00,6409.747813877269
2019-12-17 13:00:00,6999.810380639542
2019-12-17 14:00:00,7294.296435838528
2019-12-17 15:00:00,7299.910388276257
2019-12-17 16:00:00,7262.268259966739
2019-12-17 17:00:00,7218.110257475
2019-12-17 18:00:00,7146.959238085186
2019-12-17 19:00:00,7082.951641127851
2019-12-17 20:00:00,7057.817897338622
2019-12-17 21:00:00,7037.056096105495
2019-12-17 22:00:00,7118.829364421515
2019-12-17 23:00:00,7572.925806238367
2019-12-18 00:00:00,7807.561366847515
2019-12-18 01:00:00,7686.169944714981
2019-12-18 02:00:00,7566.527510980597
2019-12-18 03:00:00,7362.253271345851
2019-12-18 04:00:00,7096.6923310528555
2019-12-18 05:00:00,6730.159134188249
2019-12-18 06:00:00,6369.468182384829
2019-12-18 07:00:00,6085.237667072882
2019-12-18 08:00:00,5921.234237523553
2019-12-18 09:00:00,5848.864408262286
2019-12-18 10:00:00,5869.295797342843
2019-12-18 11:00:00,6091.673265140561
2019-12-18 12:00:00,6530.580325630055
2019-12-18 13:00:00,7189.512276067612
2019-12-18 14:00:00,7526.42298296178
2019-12-18 15:00:00,7553.6367072069315
2019-12-18 16:00:00,7521.845338790124
2019-12-18 17:00:00,7514.316311257814
2019-12-18 18:00:00,7566.410715605
2019-12-18 19:00:00,7488.411651433967
2019-12-18 20:00:00,7455.566399009867
2019-12-18 21:00:00,7389.051707177364
2019-12-18 22:00:00,7421.791706154574
2019-12-18 23:00:00,7827.989082850744
2019-12-19 00:00:00,8121.5702070011475
2019-12-19 01:00:00,8014.18622736449
2019-12-19 02:00:00,7893.375483110948
2019-12-19 03:00:00,7769.639581963194
2019-12-19 04:00:00,7480.153069299429
2019-12-19 05:00:00,7043.004119687022
2019-12-19 06:00:00,6689.31535366479
2019-12-19 07:00:00,6443.603799856941
2019-12-19 08:00:00,6313.455603607505
2019-12-19 09:00:00,6239.914663858298
2019-12-19 10:00:00,6263.264586251004
2019-12-19 11:00:00,6416.187476415762
2019-12-19 12:00:00,6778.058600971677
2019-12-19 13:00:00,7340.694878812479
2019-12-19 14:00:00,7604.912691802331
2019-12-19 15:00:00,7583.6318370971885
2019-12-19 16:00:00,7500.722260803468
2019-12-19 17:00:00,7380.450955076336
2019-12-19 18:00:00,7255.650095597572
2019-12-19 19:00:00,7128.5665665384495
2019-12-19 20:00:00,7053.959623573007
2019-12-19 21:00:00,6958.073457430346
2019-12-19 22:00:00,6973.787361874165
2019-12-19 23:00:00,7355.233352429043
2019-12-20 00:00:00,7623.715475467014
2019-12-20 01:00:00,7530.333729782154
2019-12-20 02:00:00,7453.294933665409
2019-12-20 03:00:00,7311.469141840387
2019-12-20 04:00:00,7041.822110395865
2019-12-20 05:00:00,6630.348143053055
2019-12-20 06:00:00,6252.146683842139
2019-12-20 07:00:00,6012.853506788599
2019-12-20 08:00:00,5865.778612158548
2019-12-20 09:00:00,5796.329483927197
2019-12-20 10:00:00,5810.926365494711
2019-12-20 11:00:00,5969.101790684297
2019-12-20 12:00:00,6377.65999457655
2019-12-20 13:00:00,6936.793659113602
2019-12-20 14:00:00,7218.163383307557
2019-12-20 15:00:00,7238.546359655449
2019-12-20 16:00:00,7194.080943911549
2019-12-20 17:00:00,7097.1865161298565
2019-12-20 18:00:00,6952.864498482665
2019-12-20 19:00:00,6845.548972698755
2019-12-20 20:00:00,6826.415450196352
2019-12-20 21:00:00,6733.563301754156
2019-12-20 22:00:00,6763.196197569565
2019-12-20 23:00:00,7126.434436943513
2019-12-21 00:00:00,7312.037566092558
2019-12-21 01:00:00,7184.804410721088
2019-12-21 02:00:00,7066.907653593824
2019-12-21 03:00:00,6915.742693663006
2019-12-21 04:00:00,6703.875775423745
2019-12-21 05:00:00,6336.7617802513805
2019-12-21 06:00:00,5984.82353809405
2019-12-21 07:00:00,5723.933762481489
2019-12-21 08:00:00,5539.502767464886
2019-12-21 09:00:00,5421.027831355498
2019-12-21 10:00:00,5387.763301629273
2019-12-21 11:00:00,5435.625616138747
2019-12-21 12:00:00,5596.715961777537
2019-12-21 13:00:00,5855.27474639654
2019-12-21 14:00:00,6024.64732644106
2019-12-21 15:00:00,6109.5893227067945
2019-12-21 16:00:00,6124.789990463072
2019-12-21 17:00:00,6067.966422622656
2019-12-21 18:00:00,5986.6764357177535
2019-12-21 19:00:00,5879.107250961277
2019-12-21 20:00:00,5742.811463773177
2019-12-21 21:00:00,5665.16486696594
2019-12-21 22:00:00,5691.067840787078
2019-12-21 23:00:00,6063.022997503384
2019-12-22 00:00:00,6386.367152042338
2019-12-22 01:00:00,6403.876394947801
2019-12-22 02:00:00,6365.941874721597
2019-12-22 03:00:00,6299.407606725067
2019-12-22 04:00:00,6171.003611830378
2019-12-22 05:00:00,5956.221080676515
2019-12-22 06:00:00,5687.160628120464
2019-12-22 07:00:00,5451.953211039346
2019-12-22 08:00:00,5294.373216252447
2019-12-22 09:00:00,5206.829350086045
2019-12-22 10:00:00,5174.730902946828
2019-12-22 11:00:00,5185.241934220345
2019-12-22 12:00:00,5286.8004083941305
2019-12-22 13:00:00,5460.731511797965
2019-12-22 14:00:00,5504.179683738523
2019-12-22 15:00:00,5574.061342913645
2019-12-22 16:00:00,5599.236222718701
2019-12-22 17:00:00,5579.074333475014
2019-12-22 18:00:00,5503.588328765888
2019-12-22 19:00:00,5452.163581362313
2019-12-22 20:00:00,5384.587668615267
2019-12-22 21:00:00,5345.9329383685135
2019-12-22 22:00:00,5388.907754261774
2019-12-22 23:00:00,5770.614218235762
2019-12-23 00:00:00,6134.815159604777
2019-12-23 01:00:00,6178.589998031929
2019-12-23 02:00:00,6166.916135748056
2019-12-23 03:00:00,6108.549594190279
2019-12-23 04:00:00,5978.396189396762
2019-12-23 05:00:00,5730.927698892283
2019-12-23 06:00:00,5451.363139716694
2019-12-23 07:00:00,5250.009269932761
2019-12-23 08:00:00,5133.866980712448
2019-12-23 09:00:00,5088.342943136806
2019-12-23 10:00:00,5104.689355031912
2019-12-23 11:00:00,5256.447517433267
2019-12-23 12:00:00,5579.792755831104
2019-12-23 13:00:00,6026.867241687439
2019-12-23 14:00:00,6267.784706206489
2019-12-23 15:00:00,6369.286678060578
2019-12-23 16:00:00,6334.5201341144275
2019-12-23 17:00:00,6280.439588981911
2019-12-23 18:00:00,6205.503846044051
2019-12-23 19:00:00,6109.116606138161
2019-12-23 20:00:00,6065.147495227954
2019-12-23 21:00:00,6013.693983487415
2019-12-23 22:00:00,5989.518381742058
2019-12-23 23:00:00,6343.740482423422
2019-12-24 00:00:00,6636.734786827824
2019-12-24 01:00:00,6550.94304020746
2019-12-24 02:00:00,6475.652509916279
2019-12-24 03:00:00,6366.512797870638
2019-12-24 04:00:00,6177.994477307669
2019-12-24 05:00:00,5862.2424293365975
2019-12-24 06:00:00,5526.064351365005
2019-12-24 07:00:00,5265.761696570357
2019-12-24 08:00:00,5094.7562317757975
2019-12-24 09:00:00,5015.966731151003
2019-12-24 10:00:00,5000.212437867551
2019-12-24 11:00:00,5084.258206808885
2019-12-24 12:00:00,5297.292261386846
2019-12-24 13:00:00,5595.537053527073
2019-12-24 14:00:00,5767.344867975713
2019-12-24 15:00:00,5868.060506203553
2019-12-24 16:00:00,5883.506562702218
2019-12-24 17:00:00,5801.4107411844625
2019-12-24 18:00:00,5701.102514281597
2019-12-24 19:00:00,5611.887059149399
2019-12-24 20:00:00,5556.72471692349
2019-12-24 21:00:00,5472.380052912171
2019-12-24 22:00:00,5475.288774049874
2019-12-24 23:00:00,5819.613411356768
2019-12-25 00:00:00,6016.886368426064
2019-12-25 01:00:00,5849.381891146928
2019-12-25 02:00:00,5712.813451497328
2019-12-25 03:00:00,5614.181097647876
2019-12-25 04:00:00,5512.0430595611715
2019-12-25 05:00:00,5333.446722593569
2019-12-25 06:00:00,5113.412740273761
2019-12-25 07:00:00,4922.563157752514
2019-12-25 08:00:00,4798.248144299707
2019-12-25 09:00:00,4725.878555895971
2019-12-25 10:00:00,4698.4490153978495
2019-12-25 11:00:00,4734.6396353412165
2019-12-25 12:00:00,4850.789451359333
2019-12-25 13:00:00,5003.1244981335885
2019-12-25 14:00:00,5074.662622860147
2019-12-25 15:00:00,5108.595066463721
2019-12-25 16:00:00,5105.581809093054
2019-12-25 17:00:00,5050.015660512579
2019-12-25 18:00:00,5007.885717608973
2019-12-25 19:00:00,4958.447998064421
2019-12-25 20:00:00,4902.164084659591
2019-12-25 21:00:00,4871.6380013482
2019-12-25 22:00:00,4886.352852828742
2019-12-25 23:00:00,5175.2638308205605
2019-12-26 00:00:00,5430.321296745035
2019-12-26 01:00:00,5398.221374353449
2019-12-26 02:00:00,5364.953532836191
2019-12-26 03:00:00,5313.591525420515
2019-12-26 04:00:00,5203.2797695640065
2019-12-26 05:00:00,4997.252115774001
2019-12-26 06:00:00,4767.297053074565
2019-12-26 07:00:00,4579.948879569417
2019-12-26 08:00:00,4462.63788843646
2019-12-26 09:00:00,4415.947858595385
2019-12-26 10:00:00,4429.958673096677
2019-12-26 11:00:00,4563.619116951052
2019-12-26 12:00:00,4889.299230170112
2019-12-26 13:00:00,5348.630092727979
2019-12-26 14:00:00,5614.699127239378
2019-12-26 15:00:00,5714.819014130722
2019-12-26 16:00:00,5764.8311368842315
2019-12-26 17:00:00,5851.219164160254
2019-12-26 18:00:00,5864.211671085005
2019-12-26 19:00:00,5833.170771783002
2019-12-26 20:00:00,5821.701629570698
2019-12-26 21:00:00,5773.453379780183
2019-12-26 22:00:00,5756.825241782652
2019-12-26 23:00:00,6028.572514443952
2019-12-27 00:00:00,6284.794497381491
2019-12-27 01:00:00,6197.248583926087
2019-12-27 02:00:00,6111.451207260968
2019-12-27 03:00:00,5994.718575753282
2019-12-27 04:00:00,5819.619282259054
2019-12-27 05:00:00,5527.209148167826
2019-12-27 06:00:00,5231.3034759627835
2019-12-27 07:00:00,5041.618410454601
2019-12-27 08:00:00,4926.056648577326
2019-12-27 09:00:00,4851.351161707864
2019-12-27 10:00:00,4865.9435573038845
2019-12-27 11:00:00,4998.434817530558
2019-12-27 12:00:00,5309.520457757404
2019-12-27 13:00:00,5767.100826557558
2019-12-27 14:00:00,6112.685039622939
2019-12-27 15:00:00,6272.599230137824
2019-12-27 16:00:00,6385.292412998941
2019-12-27 17:00:00,6475.222019747803
2019-12-27 18:00:00,6484.920852571897
2019-12-27 19:00:00,6439.909046891071
2019-12-27 20:00:00,6361.600947030201
2019-12-27 21:00:00,6220.225634171894
2019-12-27 22:00:00,6187.793476080292
2019-12-27 23:00:00,6501.333242659395
2019-12-28 00:00:00,6787.902637048997
2019-12-28 01:00:00,6720.782091235909
2019-12-28 02:00:00,6632.067837154157
2019-12-28 03:00:00,6500.162433243368
2019-12-28 04:00:00,6346.0749056367795
2019-12-28 05:00:00,6043.74266752142
2019-12-28 06:00:00,5727.993780805427
2019-12-28 07:00:00,5467.1052094805145
2019-12-28 08:00:00,5324.695126913553
2019-12-28 09:00:00,5219.64277052147
2019-12-28 10:00:00,5209.137339185519
2019-12-28 11:00:00,5228.983474094019
2019-12-28 12:00:00,5358.551715037051
2019-12-28 13:00:00,5562.247986440011
2019-12-28 14:00:00,5718.01820193972
2019-12-28 15:00:00,5830.950507503636
2019-12-28 16:00:00,5985.402752713999
2019-12-28 17:00:00,6064.34826060368
2019-12-28 18:00:00,6048.987445136211
2019-12-28 19:00:00,6001.477166232335
2019-12-28 20:00:00,5927.0628286352085
2019-12-28 21:00:00,5872.262611667768
2019-12-28 22:00:00,5901.332916133562
2019-12-28 23:00:00,6120.781915246033
2019-12-29 00:00:00,6257.938800429958
2019-12-29 01:00:00,6184.397228429737
2019-12-29 02:00:00,6143.5449275711635
2019-12-29 03:00:00,6032.06567408966
2019-12-29 04:00:00,5880.899118477709
2019-12-29 05:00:00,5636.933060633833
2019-12-29 06:00:00,5379.543339213769
2019-12-29 07:00:00,5149.586319546904
2019-12-29 08:00:00,4946.481775362112
2019-12-29 09:00:00,4796.485938844614
2019-12-29 10:00:00,4735.78795468541
2019-12-29 11:00:00,4751.548450050252
2019-12-29 12:00:00,4781.899685115599
2019-12-29 13:00:00,4823.344435764929
2019-12-29 14:00:00,4937.27362283054
2019-12-29 15:00:00,4995.711504787607
2019-12-29 16:00:00,5114.365443935424
2019-12-29 17:00:00,5196.6045466235855
2019-12-29 18:00:00,5256.639150100095
2019-12-29 19:00:00,5271.683338740785
2019-12-29 20:00:00,5285.680762436632
2019-12-29 21:00:00,5277.003619415823
2019-12-29 22:00:00,5316.707018648273
2019-12-29 23:00:00,5609.524384419221
2019-12-30 00:00:00,5864.5757987982615
2019-12-30 01:00:00,5840.064701290716
2019-12-30 02:00:00,5789.8678130319295
2019-12-30 03:00:00,5701.7328217911845
2019-12-30 04:00:00,5606.5938082305875
2019-12-30 05:00:00,5362.626275134343
2019-12-30 06:00:00,5116.324318824741
2019-12-30 07:00:00,4959.321599804228
2019-12-30 08:00:00,4835.594249098776
2019-12-30 09:00:00,4812.250167501165
2019-12-30 10:00:00,4895.716583279918
2019-12-30 11:00:00,5069.06752062701
2019-12-30 12:00:00,5359.730834037853
2019-12-30 13:00:00,5866.920097170336
2019-12-30 14:00:00,6146.770697641051
2019-12-30 15:00:00,6311.544211206851
2019-12-30 16:00:00,6482.257946442935
2019-12-30 17:00:00,6647.07280364804
2019-12-30 18:00:00,6759.773636862586
2019-12-30 19:00:00,6804.504197539091
2019-12-30 20:00:00,6839.275397854584
2019-12-30 21:00:00,6852.522393762039
2019-12-30 22:00:00,6870.792258776422
2019-12-30 23:00:00,7066.315324231831
2019-12-31 00:00:00,7187.717253774098
2019-12-31 01:00:00,7051.729582325067
2019-12-31 02:00:00,6951.340683172469
2019-12-31 03:00:00,6831.687440956442
2019-12-31 04:00:00,6619.23719540536
2019-12-31 05:00:00,6297.6473281302115
2019-12-31 06:00:00,5990.067131283089
2019-12-31 07:00:00,5763.027922355783
2019-12-31 08:00:00,5629.959265933959
2019-12-31 09:00:00,5565.760806081582
2019-12-31 10:00:00,5560.508812986195
2019-12-31 11:00:00,5657.982249760147
2019-12-31 12:00:00,5899.616503716302
2019-12-31 13:00:00,6238.132316692285
2019-12-31 14:00:00,6446.913620030793
2019-12-31 15:00:00,6542.787877714845
2019-12-31 16:00:00,6642.686106820214
2019-12-31 17:00:00,6699.670184015087
2019-12-31 18:00:00,6697.810677917279
2019-12-31 19:00:00,6641.7000759006805
2019-12-31 20:00:00,6608.341211773618
2019-12-31 21:00:00,6555.275890292922
2019-12-31 22:00:00,6526.327908291662
2019-12-31 23:00:00,6768.6627711320225
2020-01-01 00:00:00,7034.940834946298
2020-01-01 01:00:00,6850.785122506897
2020-01-01 02:00:00,6652.510111440362
2020-01-01 03:00:00,6461.886354964628
2020-01-01 04:00:00,6265.376778667745
2020-01-01 05:00:00,6054.159517009734
2020-01-01 06:00:00,5871.181859354114
2020-01-01 07:00:00,5705.854735955158
2020-01-01 08:00:00,5575.245541628781
2020-01-01 09:00:00,5488.757664457214
2020-01-01 10:00:00,5435.808532796247
2020-01-01 11:00:00,5469.345844453462
2020-01-01 12:00:00,5575.249965219015
2020-01-01 13:00:00,5699.393129005303
2020-01-01 14:00:00,5686.496866767537
2020-01-01 15:00:00,5675.675303661354
2020-01-01 16:00:00,5673.111283671898
2020-01-01 17:00:00,5685.874602012267
2020-01-01 18:00:00,5691.540230787435
2020-01-01 19:00:00,5669.934595533405
2020-01-01 20:00:00,5612.879155836973
2020-01-01 21:00:00,5568.959617986178
2020-01-01 22:00:00,5599.300648152563
2020-01-01 23:00:00,5944.133668861854
2020-01-02 00:00:00,6305.971649873485
2020-01-02 01:00:00,6283.616035241112
2020-01-02 02:00:00,6217.132605352412
2020-01-02 03:00:00,6114.172340230516
2020-01-02 04:00:00,5940.610304172189
2020-01-02 05:00:00,5677.620745336238
2020-01-02 06:00:00,5430.5168351226375
2020-01-02 07:00:00,5268.724608255476
2020-01-02 08:00:00,5167.528374557365
2020-01-02 09:00:00,5111.639170185078
2020-01-02 10:00:00,5149.293541574233
2020-01-02 11:00:00,5296.972357765401
2020-01-02 12:00:00,5692.341487915437
2020-01-02 13:00:00,6212.437134845144
2020-01-02 14:00:00,6536.056786000341
2020-01-02 15:00:00,6622.611885231694
2020-01-02 16:00:00,6607.145294454368
2020-01-02 17:00:00,6585.91256571143
2020-01-02 18:00:00,6553.333910987506
2020-01-02 19:00:00,6488.150199833437
2020-01-02 20:00:00,6444.660864185556
2020-01-02 21:00:00,6397.28096528587
2020-01-02 22:00:00,6400.606045041887
2020-01-02 23:00:00,6655.448689283258
2020-01-03 00:00:00,6837.835214528188
2020-01-03 01:00:00,6651.921023033435
2020-01-03 02:00:00,6505.425325874177
2020-01-03 03:00:00,6342.452664636764
2020-01-03 04:00:00,6066.516584156697
2020-01-03 05:00:00,5687.03609236586
2020-01-03 06:00:00,5373.448965816194
2020-01-03 07:00:00,5158.703793848206
2020-01-03 08:00:00,5024.561655471243
2020-01-03 09:00:00,4969.845502649643
2020-01-03 10:00:00,4968.67077318542
2020-01-03 11:00:00,5088.108612535849
2020-01-03 12:00:00,5429.353790038136
2020-01-03 13:00:00,5924.150088721886
2020-01-03 14:00:00,6272.550216689919
2020-01-03 15:00:00,6393.382743826447
2020-01-03 16:00:00,6480.99939261605
2020-01-03 17:00:00,6697.855423382795
2020-01-03 18:00:00,6752.398133977554
2020-01-03 19:00:00,6723.337886452865
2020-01-03 20:00:00,6704.140492467438
2020-01-03 21:00:00,6678.438373928146
2020-01-03 22:00:00,6688.285185305001
2020-01-03 23:00:00,6896.667084750898
2020-01-04 00:00:00,7033.748746703843
2020-01-04 01:00:00,6909.0247010332
2020-01-04 02:00:00,6782.530888525226
2020-01-04 03:00:00,6628.382350384188
2020-01-04 04:00:00,6417.16554633896
2020-01-04 05:00:00,6118.285525507563
2020-01-04 06:00:00,5802.345218112145
2020-01-04 07:00:00,5564.6546109244055
2020-01-04 08:00:00,5432.866782171389
2020-01-04 09:00:00,5345.205395836351
2020-01-04 10:00:00,5344.031886672881
2020-01-04 11:00:00,5391.690205378285
2020-01-04 12:00:00,5541.722965103175
2020-01-04 13:00:00,5755.880329980025
2020-01-04 14:00:00,5956.592696074612
2020-01-04 15:00:00,6092.415487111088
2020-01-04 16:00:00,6225.174666968161
2020-01-04 17:00:00,6312.227658429343
2020-01-04 18:00:00,6332.577493968338
2020-01-04 19:00:00,6372.48233957803
2020-01-04 20:00:00,6308.7721908129215
2020-01-04 21:00:00,6283.091514266876
2020-01-04 22:00:00,6276.273299693667
2020-01-04 23:00:00,6518.973352485396
2020-01-05 00:00:00,6724.305801070382
2020-01-05 01:00:00,6667.821833892658
2020-01-05 02:00:00,6594.277793703548
2020-01-05 03:00:00,6506.022742833754
2020-01-05 04:00:00,6326.576259792625
2020-01-05 05:00:00,6106.534783515684
2020-01-05 06:00:00,5851.191689590072
2020-01-05 07:00:00,5672.336338959635
2020-01-05 08:00:00,5544.6670037919475
2020-01-05 09:00:00,5458.770320046109
2020-01-05 10:00:00,5448.184362067307
2020-01-05 11:00:00,5497.609274828081
2020-01-05 12:00:00,5602.334547614363
2020-01-05 13:00:00,5752.9550839228705
2020-01-05 14:00:00,5842.776179851688
2020-01-05 15:00:00,5923.812988068254
2020-01-05 16:00:00,6045.070996230273
2020-01-05 17:00:00,6060.167902610033
2020-01-05 18:00:00,6081.269419877846
2020-01-05 19:00:00,5969.604085522388
2020-01-05 20:00:00,5938.592248094681
2020-01-05 21:00:00,5923.222130698184
2020-01-05 22:00:00,6036.452813616903
2020-01-05 23:00:00,6339.512897000632
2020-01-06 00:00:00,6570.73756517084
2020-01-06 01:00:00,6550.733331440605
2020-01-06 02:00:00,6513.667499323038
2020-01-06 03:00:00,6407.765422561248
2020-01-06 04:00:00,6224.197700258094
2020-01-06 05:00:00,5965.913984485825
2020-01-06 06:00:00,5731.16729395678
2020-01-06 07:00:00,5573.490876013286
2020-01-06 08:00:00,5484.655522901994
2020-01-06 09:00:00,5421.708362383437
2020-01-06 10:00:00,5500.55017124241
2020-01-06 11:00:00,5684.711344527686
2020-01-06 12:00:00,6120.684833721826
2020-01-06 13:00:00,6719.619086221026
2020-01-06 14:00:00,7025.953324054469
2020-01-06 15:00:00,7078.828768372479
2020-01-06 16:00:00,7032.496093759385
2020-01-06 17:00:00,6982.142403628692
2020-01-06 18:00:00,6905.454018921203
2020-01-06 19:00:00,6825.369074010445
2020-01-06 20:00:00,6773.485169411497
2020-01-06 21:00:00,6671.055630867051
2020-01-06 22:00:00,6681.51079305166
2020-01-06 23:00:00,6954.328923667289
2020-01-07 00:00:00,7201.443633542563
2020-01-07 01:00:00,7098.487853025941
2020-01-07 02:00:00,6961.408601166986
2020-01-07 03:00:00,6781.375836410665
2020-01-07 04:00:00,6523.674710943805
2020-01-07 05:00:00,6181.2575801615085
2020-01-07 06:00:00,5855.905373086099
2020-01-07 07:00:00,5644.104819449743
2020-01-07 08:00:00,5528.202791856674
2020-01-07 09:00:00,5487.610208714847
2020-01-07 10:00:00,5502.324026087267
2020-01-07 11:00:00,5648.828295859323
2020-01-07 12:00:00,6050.679534011886
2020-01-07 13:00:00,6613.136798740295
2020-01-07 14:00:00,6940.919649189607
2020-01-07 15:00:00,6986.1857457692995
2020-01-07 16:00:00,6900.1114380439985
2020-01-07 17:00:00,6881.248250049581
2020-01-07 18:00:00,6819.556582930028
2020-01-07 19:00:00,6753.928584721583
2020-01-07 20:00:00,6728.87311834241
2020-01-07 21:00:00,6692.916877254071
2020-01-07 22:00:00,6745.457907205612
2020-01-07 23:00:00,6975.511944361757
2020-01-08 00:00:00,7188.502511729284
2020-01-08 01:00:00,7133.197484053389
2020-01-08 02:00:00,7044.94871773248
2020-01-08 03:00:00,6904.332098232705
2020-01-08 04:00:00,6668.40335643491
2020-01-08 05:00:00,6338.926889853108
2020-01-08 06:00:00,6027.692028923626
2020-01-08 07:00:00,5837.658550648055
2020-01-08 08:00:00,5782.356299156376
2020-01-08 09:00:00,5761.178129157406
2020-01-08 10:00:00,5810.602462275321
2020-01-08 11:00:00,6006.528777101378
2020-01-08 12:00:00,6440.148597329466
2020-01-08 13:00:00,7042.614207488271
2020-01-08 14:00:00,7383.145360928551
2020-01-08 15:00:00,7377.536682801564
2020-01-08 16:00:00,7358.427921468244
2020-01-08 17:00:00,7344.323762443127
2020-01-08 18:00:00,7270.036833669883
2020-01-08 19:00:00,7215.470983103454
2020-01-08 20:00:00,7170.963905329482
2020-01-08 21:00:00,7100.681619070174
2020-01-08 22:00:00,7123.512360779774
2020-01-08 23:00:00,7353.814076293623
2020-01-09 00:00:00,7644.466780837844
2020-01-09 01:00:00,7591.519784703198
2020-01-09 02:00:00,7508.564729552142
2020-01-09 03:00:00,7363.832118083586
2020-01-09 04:00:00,7077.894347843663
2020-01-09 05:00:00,6719.592178589393
2020-01-09 06:00:00,6360.707266492116
2020-01-09 07:00:00,6131.254866775784
2020-01-09 08:00:00,6003.587087491557
2020-01-09 09:00:00,5930.633447532686
2020-01-09 10:00:00,5918.871692326498
2020-01-09 11:00:00,6056.551228851803
2020-01-09 12:00:00,6423.098927382009
2020-01-09 13:00:00,6957.904547736757
2020-01-09 14:00:00,7229.812344510024
2020-01-09 15:00:00,7252.30116280804
2020-01-09 16:00:00,7278.370205268779
2020-01-09 17:00:00,7266.622459557282
2020-01-09 18:00:00,7228.9164685886035
2020-01-09 19:00:00,7161.153467084145
2020-01-09 20:00:00,7116.522518811048
2020-01-09 21:00:00,6967.481381125984
2020-01-09 22:00:00,6875.32361063291
2020-01-09 23:00:00,7003.750877198733
2020-01-10 00:00:00,7179.078683609419
2020-01-10 01:00:00,7030.818161830886
2020-01-10 02:00:00,6862.552796171743
2020-01-10 03:00:00,6679.574894455971
2020-01-10 04:00:00,6385.397147308548
2020-01-10 05:00:00,6008.264436532624
2020-01-10 06:00:00,5632.315912551771
2020-01-10 07:00:00,5380.507776172992
2020-01-10 08:00:00,5200.474950401633
2020-01-10 09:00:00,5102.224372290795
2020-01-10 10:00:00,5078.103811009071
2020-01-10 11:00:00,5202.251520415669
2020-01-10 12:00:00,5548.205134120739
2020-01-10 13:00:00,6116.545778068789
2020-01-10 14:00:00,6471.79038146213
2020-01-10 15:00:00,6519.384415137943
2020-01-10 16:00:00,6587.261108581607
2020-01-10 17:00:00,6647.56641826979
2020-01-10 18:00:00,6672.095709253663
2020-01-10 19:00:00,6669.20668041534
2020-01-10 20:00:00,6686.6035272264935
2020-01-10 21:00:00,6668.6515312213
2020-01-10 22:00:00,6665.016271877784
2020-01-10 23:00:00,6865.480757398077
2020-01-11 00:00:00,6968.439802219216
2020-01-11 01:00:00,6883.716932712037
2020-01-11 02:00:00,6777.813605141973
2020-01-11 03:00:00,6663.668409198239
2020-01-11 04:00:00,6501.28117546549
2020-01-11 05:00:00,6202.990578623728
2020-01-11 06:00:00,5922.346580568698
2020-01-11 07:00:00,5690.538040777287
2020-01-11 08:00:00,5556.9839840591285
2020-01-11 09:00:00,5434.0215902258
2020-01-11 10:00:00,5400.484522628736
2020-01-11 11:00:00,5443.435289849404
2020-01-11 12:00:00,5608.758355748351
2020-01-11 13:00:00,5878.805535147866
2020-01-11 14:00:00,6123.596208444357
2020-01-11 15:00:00,6318.319152038491
2020-01-11 16:00:00,6461.058130342508
2020-01-11 17:00:00,6576.018569084295
2020-01-11 18:00:00,6639.442103204588
2020-01-11 19:00:00,6612.862684779937
2020-01-11 20:00:00,6502.619489291633
2020-01-11 21:00:00,6467.333688916698
2020-01-11 22:00:00,6473.61217710611
2020-01-11 23:00:00,6694.26064491104
2020-01-12 00:00:00,6835.466078250073
2020-01-12 01:00:00,6778.98561943702
2020-01-12 02:00:00,6733.684050957074
2020-01-12 03:00:00,6626.017302113601
2020-01-12 04:00:00,6445.396394683438
2020-01-12 05:00:00,6202.41113059276
2020-01-12 06:00:00,5898.240876448658
2020-01-12 07:00:00,5745.861159411866
2020-01-12 08:00:00,5607.60254094582
2020-01-12 09:00:00,5539.355140648373
2020-01-12 10:00:00,5504.645784188592
2020-01-12 11:00:00,5512.294262595177
2020-01-12 12:00:00,5615.845812665359
2020-01-12 13:00:00,5734.107946310959
2020-01-12 14:00:00,5837.894165485975
2020-01-12 15:00:00,5938.506264766976
2020-01-12 16:00:00,6061.4773928642035
2020-01-12 17:00:00,6160.986570875509
2020-01-12 18:00:00,6171.357480913844
2020-01-12 19:00:00,6163.253918361175
2020-01-12 20:00:00,6157.8549274918905
2020-01-12 21:00:00,6184.2707933912725
2020-01-12 22:00:00,6210.1445288834475
2020-01-12 23:00:00,6468.958893704913
2020-01-13 00:00:00,6687.236460588146
2020-01-13 01:00:00,6663.702028484021
2020-01-13 02:00:00,6570.74183622348
2020-01-13 03:00:00,6447.7741645893875
2020-01-13 04:00:00,6244.790259707287
2020-01-13 05:00:00,5981.79899245028
2020-01-13 06:00:00,5708.806035433418
2020-01-13 07:00:00,5572.311051793411
2020-01-13 08:00:00,5437.581960535839
2020-01-13 09:00:00,5419.932341504741
2020-01-13 10:00:00,5443.471471766771
2020-01-13 11:00:00,5644.6913452250865
2020-01-13 12:00:00,6054.186790731594
2020-01-13 13:00:00,6702.542874732161
2020-01-13 14:00:00,7072.210652967207
2020-01-13 15:00:00,7148.433888269929
2020-01-13 16:00:00,7176.8932984923185
2020-01-13 17:00:00,7218.883195289403
2020-01-13 18:00:00,7181.1766311841675
2020-01-13 19:00:00,7134.409874647804
2020-01-13 20:00:00,7121.34482910474
2020-01-13 21:00:00,7053.635983240202
2020-01-13 22:00:00,7017.882759302603
2020-01-13 23:00:00,7172.012337895463
2020-01-14 00:00:00,7357.941600104531
2020-01-14 01:00:00,7215.568332000535
2020-01-14 02:00:00,7068.482692223823
2020-01-14 03:00:00,6883.153592651026
2020-01-14 04:00:00,6610.747222424547
2020-01-14 05:00:00,6277.156197727351
2020-01-14 06:00:00,5920.032052749341
2020-01-14 07:00:00,5702.934523638614
2020-01-14 08:00:00,5585.856302220415
2020-01-14 09:00:00,5516.431579319641
2020-01-14 10:00:00,5497.022413470028
2020-01-14 11:00:00,5642.350977537257
2020-01-14 12:00:00,6042.430313326169
2020-01-14 13:00:00,6616.655404257019
2020-01-14 14:00:00,6961.895310311312
2020-01-14 15:00:00,6975.020320079308
2020-01-14 16:00:00,7026.3901455328
2020-01-14 17:00:00,7050.159023566875
2020-01-14 18:00:00,7029.5293573882955
2020-01-14 19:00:00,6975.294312992725
2020-01-14 20:00:00,6922.41809867532
2020-01-14 21:00:00,6800.046908274635
2020-01-14 22:00:00,6725.237196946985
2020-01-14 23:00:00,6889.605376179808
2020-01-15 00:00:00,7192.60904636722
2020-01-15 01:00:00,7112.60086710419
2020-01-15 02:00:00,7007.288519407222
2020-01-15 03:00:00,6874.907636269828
2020-01-15 04:00:00,6623.0966931993125
2020-01-15 05:00:00,6267.737006750352
2020-01-15 06:00:00,5953.563384932861
2020-01-15 07:00:00,5760.000165896182
2020-01-15 08:00:00,5648.21611326062
2020-01-15 09:00:00,5602.913538032549
2020-01-15 10:00:00,5618.211654131434
2020-01-15 11:00:00,5754.715027339128
2020-01-15 12:00:00,6117.1431035058085
2020-01-15 13:00:00,6690.188248186709
2020-01-15 14:00:00,7041.420118414743
2020-01-15 15:00:00,7113.128529968203
2020-01-15 16:00:00,7119.475677918828
2020-01-15 17:00:00,7169.484004688022
2020-01-15 18:00:00,7152.039454595803
2020-01-15 19:00:00,7107.1565652054815
2020-01-15 20:00:00,7047.614488644384
2020-01-15 21:00:00,7085.80862959003
2020-01-15 22:00:00,7000.088875041687
2020-01-15 23:00:00,7156.71120155221
2020-01-16 00:00:00,7321.452592371312
2020-01-16 01:00:00,7180.844179394109
2020-01-16 02:00:00,7079.059436931929
2020-01-16 03:00:00,6930.206287874282
2020-01-16 04:00:00,6690.162316795679
2020-01-16 05:00:00,6366.5713039448
2020-01-16 06:00:00,6065.340878451868
2020-01-16 07:00:00,5871.7768662196995
2020-01-16 08:00:00,5759.405250553152
2020-01-16 09:00:00,5711.751355437982
2020-01-16 10:00:00,5744.705222579258
2020-01-16 11:00:00,5928.277246442568
2020-01-16 12:00:00,6353.6625811165495
2020-01-16 13:00:00,6989.663275883693
2020-01-16 14:00:00,7378.385606285098
2020-01-16 15:00:00,7422.96328461802
2020-01-16 16:00:00,7427.672183699047
2020-01-16 17:00:00,7402.49273612672
2020-01-16 18:00:00,7353.007616794656
2020-01-16 19:00:00,7276.136256242069
2020-01-16 20:00:00,7219.685784134746
2020-01-16 21:00:00,7122.530346547165
2020-01-16 22:00:00,7086.173655066051
2020-01-16 23:00:00,7313.816561032422
2020-01-17 00:00:00,7680.948741334208
2020-01-17 01:00:00,7618.5938420045395
2020-01-17 02:00:00,7525.638897037244
2020-01-17 03:00:00,7389.731354398146
2020-01-17 04:00:00,7132.032913592945
2020-01-17 05:00:00,6785.495184206519
2020-01-17 06:00:00,6463.6731755050005
2020-01-17 07:00:00,6260.695738216898
2020-01-17 08:00:00,6143.6201099378
2020-01-17 09:00:00,6078.315985641154
2020-01-17 10:00:00,6077.145100124305
2020-01-17 11:00:00,6216.004125286777
2020-01-17 12:00:00,6596.082766217641
2020-01-17 13:00:00,7143.832772690186
2020-01-17 14:00:00,7472.545390308605
2020-01-17 15:00:00,7548.995897444605
2020-01-17 16:00:00,7593.570195949235
2020-01-17 17:00:00,7532.313565511254
2020-01-17 18:00:00,7491.716587957582
2020-01-17 19:00:00,7474.394097520549
2020-01-17 20:00:00,7491.780140733696
2020-01-17 21:00:00,7449.77368797612
2020-01-17 22:00:00,7442.589986377775
2020-01-17 23:00:00,7608.002575717456
2020-01-18 00:00:00,7727.43867613931
2020-01-18 01:00:00,7636.830139348578
2020-01-18 02:00:00,7486.798935507149
2020-01-18 03:00:00,7323.237734998147
2020-01-18 04:00:00,7092.013676978317
2020-01-18 05:00:00,6676.05436696556
2020-01-18 06:00:00,6364.817950152616
2020-01-18 07:00:00,6106.538932538248
2020-01-18 08:00:00,5974.751073277713
2020-01-18 09:00:00,5878.264465575621
2020-01-18 10:00:00,5832.3739002113025
2020-01-18 11:00:00,5807.665806406113
2020-01-18 12:00:00,5974.756107018325
2020-01-18 13:00:00,6177.73482562222
2020-01-18 14:00:00,6345.748017875753
2020-01-18 15:00:00,6476.195844446456
2020-01-18 16:00:00,6620.053179968533
2020-01-18 17:00:00,6614.966276666132
2020-01-18 18:00:00,6593.553236674869
2020-01-18 19:00:00,6606.975787609173
2020-01-18 20:00:00,6549.980007571229
2020-01-18 21:00:00,6665.539171632524
2020-01-18 22:00:00,6734.484508086907
2020-01-18 23:00:00,6983.160117693153
2020-01-19 00:00:00,7266.74507317755
2020-01-19 01:00:00,7290.280542537317
2020-01-19 02:00:00,7267.923433036519
2020-01-19 03:00:00,7206.738778565804
2020-01-19 04:00:00,7120.841484669588
2020-01-19 05:00:00,6930.807731826349
2020-01-19 06:00:00,6751.364208014548
2020-01-19 07:00:00,6603.692561090314
2020-01-19 08:00:00,6519.563356117891
2020-01-19 09:00:00,6467.793804616646
2020-01-19 10:00:00,6440.733201131123
2020-01-19 11:00:00,6448.975374579982
2020-01-19 12:00:00,6560.177996195851
2020-01-19 13:00:00,6694.32693774952
2020-01-19 14:00:00,6760.5566584140315
2020-01-19 15:00:00,6862.276901473604
2020-01-19 16:00:00,6992.26158079974
2020-01-19 17:00:00,6978.013944910557
2020-01-19 18:00:00,6881.307267299149
2020-01-19 19:00:00,6792.201099867841
2020-01-19 20:00:00,6716.430356465509
2020-01-19 21:00:00,6648.448713639661
2020-01-19 22:00:00,6657.512095365967
2020-01-19 23:00:00,6893.207785850836
2020-01-20 00:00:00,7260.330173239067
2020-01-20 01:00:00,7292.68790473656
2020-01-20 02:00:00,7215.612781455512
2020-01-20 03:00:00,7113.235106639028
2020-01-20 04:00:00,6910.840290163855
2020-01-20 05:00:00,6648.435518174672
2020-01-20 06:00:00,6377.209765363557
2020-01-20 07:00:00,6237.185712127859
2020-01-20 08:00:00,6167.761538362423
2020-01-20 09:00:00,6094.2206099402365
2020-01-20 10:00:00,6108.345613473396
2020-01-20 11:00:00,6246.024570355843
2020-01-20 12:00:00,6524.320787395961
2020-01-20 13:00:00,6996.173023698305
2020-01-20 14:00:00,7228.183326280514
2020-01-20 15:00:00,7362.58442644037
2020-01-20 16:00:00,7405.908866796432
2020-01-20 17:00:00,7405.442516262387
2020-01-20 18:00:00,7316.021465015092
2020-01-20 19:00:00,7212.898042636542
2020-01-20 20:00:00,7157.494602495883
2020-01-20 21:00:00,7083.171001498225
2020-01-20 22:00:00,7044.660824850589
2020-01-20 23:00:00,7198.541390154628
2020-01-21 00:00:00,7548.602667275831
2020-01-21 01:00:00,7489.181922198825
2020-01-21 02:00:00,7391.514910634
2020-01-21 03:00:00,7260.897784352719
2020-01-21 04:00:00,7019.671762005365
2020-01-21 05:00:00,6685.490398092969
2020-01-21 06:00:00,6417.205145098438
2020-01-21 07:00:00,6250.701309246531
2020-01-21 08:00:00,6171.865571383812
2020-01-21 09:00:00,6127.742576315465
2020-01-21 10:00:00,6153.045219373458
2020-01-21 11:00:00,6335.437327494339
2020-01-21 12:00:00,6753.759977356626
2020-01-21 13:00:00,7350.926384992184
2020-01-21 14:00:00,7606.602341248845
2020-01-21 15:00:00,7582.620696026791
2020-01-21 16:00:00,7504.71390689563
2020-01-21 17:00:00,7419.061557452187
2020-01-21 18:00:00,7323.34827525303
2020-01-21 19:00:00,7238.875962252962
2020-01-21 20:00:00,7164.992461379888
2020-01-21 21:00:00,7078.70153198831
2020-01-21 22:00:00,7030.295810826824
2020-01-21 23:00:00,7211.4513637911505
2020-01-22 00:00:00,7590.352804148763
2020-01-22 01:00:00,7503.875085980975
2020-01-22 02:00:00,7398.565239900555
2020-01-22 03:00:00,7242.654927892128
2020-01-22 04:00:00,6973.777779798934
2020-01-22 05:00:00,6617.829218495678
2020-01-22 06:00:00,6314.83585984964
2020-01-22 07:00:00,6124.214391437821
2020-01-22 08:00:00,6031.846521381206
2020-01-22 09:00:00,6005.960006702009
2020-01-22 10:00:00,6024.791829539454
2020-01-22 11:00:00,6181.301053375882
2020-01-22 12:00:00,6547.26311084879
2020-01-22 13:00:00,7140.898893005194
2020-01-22 14:00:00,7425.122245777274
2020-01-22 15:00:00,7466.832364656691
2020-01-22 16:00:00,7433.198667589536
2020-01-22 17:00:00,7377.582135925947
2020-01-22 18:00:00,7282.444130063107
2020-01-22 19:00:00,7190.14145679827
2020-01-22 20:00:00,7104.481235433262
2020-01-22 21:00:00,7084.162088272931
2020-01-22 22:00:00,7053.659759933437
2020-01-22 23:00:00,7194.3933652910455
2020-01-23 00:00:00,7452.093941622567
2020-01-23 01:00:00,7358.550792966388
2020-01-23 02:00:00,7231.47075975826
2020-01-23 03:00:00,7068.496573144903
2020-01-23 04:00:00,6773.140862736256
2020-01-23 05:00:00,6408.9553142623445
2020-01-23 06:00:00,6061.243099471845
2020-01-23 07:00:00,5857.090444599216
2020-01-23 08:00:00,5708.240559846086
2020-01-23 09:00:00,5657.643876850418
2020-01-23 10:00:00,5674.710264918211
2020-01-23 11:00:00,5816.508234013802
2020-01-23 12:00:00,6261.302246417093
2020-01-23 13:00:00,6794.930879751222
2020-01-23 14:00:00,7083.813343716777
2020-01-23 15:00:00,7139.907922103132
2020-01-23 16:00:00,7176.903079634109
2020-01-23 17:00:00,7188.677560411991
2020-01-23 18:00:00,7153.4311461015195
2020-01-23 19:00:00,7114.060999641317
2020-01-23 20:00:00,7112.874483832178
2020-01-23 21:00:00,7066.345577402706
2020-01-23 22:00:00,7042.088272689741
2020-01-23 23:00:00,7160.26171793366
2020-01-24 00:00:00,7377.95059300771
2020-01-24 01:00:00,7241.457561848911
2020-01-24 02:00:00,7108.493996883547
2020-01-24 03:00:00,6937.284775580744
2020-01-24 04:00:00,6654.286803484473
2020-01-24 05:00:00,6288.335698210834
2020-01-24 06:00:00,5968.272656684968
2020-01-24 07:00:00,5771.178018973647
2020-01-24 08:00:00,5624.683206532438
2020-01-24 09:00:00,5552.906736639298
2020-01-24 10:00:00,5564.67453233422
2020-01-24 11:00:00,5696.468676143639
2020-01-24 12:00:00,6028.893605004446
2020-01-24 13:00:00,6579.581914752218
2020-01-24 14:00:00,6900.681025167121
2020-01-24 15:00:00,6990.217494705312
2020-01-24 16:00:00,7023.960667603484
2020-01-24 17:00:00,7014.007038486082
2020-01-24 18:00:00,6987.989459603894
2020-01-24 19:00:00,6929.551111959973
2020-01-24 20:00:00,6927.720575857432
2020-01-24 21:00:00,6859.551438683339
2020-01-24 22:00:00,6805.6636573355345
2020-01-24 23:00:00,6924.334593034365
2020-01-25 00:00:00,7097.307357640651
2020-01-25 01:00:00,6959.049257802425
2020-01-25 02:00:00,6850.202867784194
2020-01-25 03:00:00,6711.351744069108
2020-01-25 04:00:00,6502.487419196696
2020-01-25 05:00:00,6193.0183286195725
2020-01-25 06:00:00,5893.549676994031
2020-01-25 07:00:00,5695.278479367353
2020-01-25 08:00:00,5535.842209530157
2020-01-25 09:00:00,5458.181811282039
2020-01-25 10:00:00,5419.355273060242
2020-01-25 11:00:00,5458.188004308367
2020-01-25 12:00:00,5633.518525888233
2020-01-25 13:00:00,5900.037917007848
2020-01-25 14:00:00,6069.018716233739
2020-01-25 15:00:00,6256.172859662273
2020-01-25 16:00:00,6396.722427570492
2020-01-25 17:00:00,6459.361357134714
2020-01-25 18:00:00,6490.282018538494
2020-01-25 19:00:00,6422.340403328413
2020-01-25 20:00:00,6340.3991971128
2020-01-25 21:00:00,6280.1985979238225
2020-01-25 22:00:00,6243.229090201156
2020-01-25 23:00:00,6372.492756547975
2020-01-26 00:00:00,6561.345891975851
2020-01-26 01:00:00,6497.806927881187
2020-01-26 02:00:00,6392.491254864666
2020-01-26 03:00:00,6302.471653943266
2020-01-26 04:00:00,6146.556491239339
2020-01-26 05:00:00,5911.804034789232
2020-01-26 06:00:00,5668.229743306664
2020-01-26 07:00:00,5483.490311783654
2020-01-26 08:00:00,5359.348917433459
2020-01-26 09:00:00,5275.214373645235
2020-01-26 10:00:00,5232.268060522321
2020-01-26 11:00:00,5275.217393889603
2020-01-26 12:00:00,5366.415842790274
2020-01-26 13:00:00,5508.209083220444
2020-01-26 14:00:00,5578.668628994492
2020-01-26 15:00:00,5699.579146015834
2020-01-26 16:00:00,5844.780760038325
2020-01-26 17:00:00,5919.29149634628
2020-01-26 18:00:00,5903.683755954107
2020-01-26 19:00:00,5966.17792994567
2020-01-26 20:00:00,5931.76107646651
2020-01-26 21:00:00,5956.306226567677
2020-01-26 22:00:00,6049.553014301559
2020-01-26 23:00:00,6241.26158670934
2020-01-27 00:00:00,6556.6235748519875
2020-01-27 01:00:00,6590.16280848289
2020-01-27 02:00:00,6496.027337622784
2020-01-27 03:00:00,6404.242240916695
2020-01-27 04:00:00,6202.436634878525
2020-01-27 05:00:00,5974.748632676205
2020-01-27 06:00:00,5722.9404047748685
2020-01-27 07:00:00,5601.742225410436
2020-01-27 08:00:00,5511.140003676106
2020-01-27 09:00:00,5487.607066440405
2020-01-27 10:00:00,5509.9717723134
2020-01-27 11:00:00,5707.664315104598
2020-01-27 12:00:00,6097.1618419372735
2020-01-27 13:00:00,6729.6297756989425
2020-01-27 14:00:00,7029.901812319953
2020-01-27 15:00:00,7108.757540480188
2020-01-27 16:00:00,7134.063695839182
2020-01-27 17:00:00,7142.08835328147
2020-01-27 18:00:00,7107.912672274122
2020-01-27 19:00:00,7043.814716278884
2020-01-27 20:00:00,7014.970552621172
2020-01-27 21:00:00,6952.416590434742
2020-01-27 22:00:00,6929.884501995117
2020-01-27 23:00:00,7024.956503964675
2020-01-28 00:00:00,7254.413540823873
2020-01-28 01:00:00,7163.813759691051
2020-01-28 02:00:00,7034.376183061976
2020-01-28 03:00:00,6853.75106559421
2020-01-28 04:00:00,6556.633398273059
2020-01-28 05:00:00,6202.44908194622
2020-01-28 06:00:00,5869.4483049416685
2020-01-28 07:00:00,5652.940413373209
2020-01-28 08:00:00,5529.388717580318
2020-01-28 09:00:00,5471.143434147991
2020-01-28 10:00:00,5478.2063630198345
2020-01-28 11:00:00,5654.128749190845
2020-01-28 12:00:00,6053.034270741098
2020-01-28 13:00:00,6665.498885998098
2020-01-28 14:00:00,7015.423851623065
2020-01-28 15:00:00,7074.623367505039
2020-01-28 16:00:00,7123.642137196467
2020-01-28 17:00:00,7176.96846730643
2020-01-28 18:00:00,7153.00771879033
2020-01-28 19:00:00,7122.695589178193
2020-01-28 20:00:00,7101.70327005778
2020-01-28 21:00:00,7052.450078437619
2020-01-28 22:00:00,7042.564062712287
2020-01-28 23:00:00,7149.681800443592
2020-01-29 00:00:00,7332.072017098303
2020-01-29 01:00:00,7236.762365909312
2020-01-29 02:00:00,7110.26876695397
2020-01-29 03:00:00,6943.1756596500245
2020-01-29 04:00:00,6657.825849038832
2020-01-29 05:00:00,6281.872626900075
2020-01-29 06:00:00,5942.98563347663
2020-01-29 07:00:00,5731.184164614709
2020-01-29 08:00:00,5614.692224911702
2020-01-29 09:00:00,5541.738340892679
2020-01-29 10:00:00,5547.6235810709695
2020-01-29 11:00:00,5704.718476472213
2020-01-29 12:00:00,6097.74107641561
2020-01-29 13:00:00,6711.380390629316
2020-01-29 14:00:00,7046.274548333286
2020-01-29 15:00:00,7113.771228343093
2020-01-29 16:00:00,7135.624521889941
2020-01-29 17:00:00,7152.43304208873
2020-01-29 18:00:00,7156.743180919974
2020-01-29 19:00:00,7114.343487550992
2020-01-29 20:00:00,7111.282388430766
2020-01-29 21:00:00,7075.705435190419
2020-01-29 22:00:00,7037.2428699538605
2020-01-29 23:00:00,7139.67522948072
2020-01-30 00:00:00,7321.478523762342
2020-01-30 01:00:00,7202.635843815094
2020-01-30 02:00:00,7084.968503482448
2020-01-30 03:00:00,6895.519567993494
2020-01-30 04:00:00,6610.75674077043
2020-01-30 05:00:00,6241.274826972524
2020-01-30 06:00:00,5922.3938367154105
2020-01-30 07:00:00,5714.120308670982
2020-01-30 08:00:00,5582.9210496970745
2020-01-30 09:00:00,5516.440853605374
2020-01-30 10:00:00,5512.327820865921
2020-01-30 11:00:00,5694.722583140943
2020-01-30 12:00:00,6070.092482793836
2020-01-30 13:00:00,6675.498318201556
2020-01-30 14:00:00,6974.044111736217
2020-01-30 15:00:00,7019.3765224615545
2020-01-30 16:00:00,7065.546045083455
2020-01-30 17:00:00,7067.576755363275
2020-01-30 18:00:00,7051.130023380129
2020-01-30 19:00:00,7022.677082901252
2020-01-30 20:00:00,7007.540975215936
2020-01-30 21:00:00,6936.885263085623
2020-01-30 22:00:00,6909.628300576471
2020-01-30 23:00:00,7001.411729811657
2020-01-31 00:00:00,7222.6341895941905
2020-01-31 01:00:00,7168.511884352461
2020-01-31 02:00:00,7048.49069200865
2020-01-31 03:00:00,6867.864689822836
2020-01-31 04:00:00,6604.282046094986
2020-01-31 05:00:00,6245.978259942215
2020-01-31 06:00:00,5940.626900262448
2020-01-31 07:00:00,5728.824424652405
2020-01-31 08:00:00,5611.744616843224
2020-01-31 09:00:00,5542.909623007274
2020-01-31 10:00:00,5560.563665628606
2020-01-31 11:00:00,5700.595254221464
2020-01-31 12:00:00,6078.322605772746
2020-01-31 13:00:00,6633.131788692317
2020-01-31 14:00:00,6923.842774370758
2020-01-31 15:00:00,6989.680886594738
2020-01-31 16:00:00,6967.783264765372
2020-01-31 17:00:00,6978.405518435726
2020-01-31 18:00:00,6947.965548795345
2020-01-31 19:00:00,6892.224631852855
2020-01-31 20:00:00,6891.316379028077
2020-01-31 21:00:00,6821.804949820936
2020-01-31 22:00:00,6795.757019036201
2020-01-31 23:00:00,6867.639048373614
