station,valid,tmpf,dwpf,sped,p01m
ORD,2018/1/1 0:51,5,-6,12.65,0
ORD,2018/1/1 1:51,4,-7,10.35,0
ORD,2018/1/1 2:51,1.9,-8,11.5,0
ORD,2018/1/1 3:51,1,-9.9,13.8,0
ORD,2018/1/1 4:51,0,-11,10.35,0
ORD,2018/1/1 5:51,-0.9,-14.1,11.5,0
ORD,2018/1/1 6:51,-3,-15,13.8,0
ORD,2018/1/1 7:51,-4,-15,12.65,0
ORD,2018/1/1 8:51,-5,-16.1,12.65,0
ORD,2018/1/1 9:51,-6,-16.1,14.95,0
ORD,2018/1/1 10:51,-6,-17,12.65,0
ORD,2018/1/1 11:51,-7,-17,13.8,0
ORD,2018/1/1 12:51,-8,-17,11.5,0
ORD,2018/1/1 13:51,-9,-17,10.35,0
ORD,2018/1/1 14:51,-8,-17,13.8,0
ORD,2018/1/1 15:51,-6,-16.1,14.95,0
ORD,2018/1/1 16:51,-4,-15,12.65,0
ORD,2018/1/1 17:51,-2,-11.9,11.5,0
ORD,2018/1/1 18:51,0,-11.9,10.35,0
ORD,2018/1/1 19:51,1,-11,10.35,0
ORD,2018/1/1 20:51,1,-11,10.35,0
ORD,2018/1/1 21:51,0,-11.9,10.35,0
ORD,2018/1/1 22:51,-0.9,-11.9,9.2,0
ORD,2018/1/1 23:51,-2,-11.9,8.05,0
ORD,2018/1/2 0:51,-3,-11.9,9.2,0
ORD,2018/1/2 1:51,-3,-11.9,6.9,0
ORD,2018/1/2 2:51,-5,-13,6.9,0
ORD,2018/1/2 3:51,-5,-13,8.05,0
ORD,2018/1/2 4:51,-6,-13,6.9,0
ORD,2018/1/2 5:51,-6,-13,5.75,0
ORD,2018/1/2 6:51,-6,-13,5.75,0
ORD,2018/1/2 7:51,-6,-14.1,5.75,0
ORD,2018/1/2 8:51,-6,-14.1,6.9,0
ORD,2018/1/2 9:51,-7,-14.1,5.75,0
ORD,2018/1/2 10:51,-7,-15,8.05,0
ORD,2018/1/2 11:51,-7,-15,4.6,0
ORD,2018/1/2 12:51,-8,-15,6.9,0
ORD,2018/1/2 13:51,-8,-16.1,9.2,0
ORD,2018/1/2 14:51,-6,-15,6.9,0
ORD,2018/1/2 15:51,-2,-14.1,10.35,0
ORD,2018/1/2 16:51,1.9,-11,11.5,0
ORD,2018/1/2 17:51,4,-7,16.1,0
ORD,2018/1/2 18:51,5,-6,12.65,0
ORD,2018/1/2 19:51,7,-6,12.65,0
ORD,2018/1/2 20:51,7,-7,14.95,0
ORD,2018/1/2 21:51,6,-9,16.1,0
ORD,2018/1/2 22:51,4,-8,13.8,0
ORD,2018/1/2 23:51,3,-8,13.8,0
ORD,2018/1/3 0:51,1.9,-7,14.95,0
ORD,2018/1/3 1:51,1.9,-7,13.8,0
ORD,2018/1/3 2:51,4,-6,13.8,0
ORD,2018/1/3 3:51,6,-4,14.95,0
ORD,2018/1/3 4:51,7,-3,13.8,0
ORD,2018/1/3 5:51,8.1,-2,13.8,0
ORD,2018/1/3 6:51,10,-0.9,18.4,0
ORD,2018/1/3 7:51,10.9,0,12.65,0
ORD,2018/1/3 8:51,12,1,11.5,T
ORD,2018/1/3 9:34,12,3,10.35,T
ORD,2018/1/3 9:41,12,4,9.2,T
ORD,2018/1/3 9:51,12,4,9.2,T
ORD,2018/1/3 10:02,12,4,11.5,T
ORD,2018/1/3 10:51,12.9,4,10.35,T
ORD,2018/1/3 11:51,12.9,6,6.9,T
ORD,2018/1/3 12:51,14,8.1,5.75,T
ORD,2018/1/3 13:51,15.1,9,5.75,T
ORD,2018/1/3 14:39,15.1,9,9.2,T
ORD,2018/1/3 14:51,16,9,10.35,T
ORD,2018/1/3 15:51,16,9,12.65,T
ORD,2018/1/3 16:51,16,8.1,11.5,T
ORD,2018/1/3 17:51,17.1,8.1,13.8,T
ORD,2018/1/3 18:51,16,5,18.4,T
ORD,2018/1/3 19:51,16,4,13.8,0
ORD,2018/1/3 20:51,16,3,12.65,0
ORD,2018/1/3 21:51,15.1,3,12.65,0
ORD,2018/1/3 22:51,14,1.9,10.35,0
ORD,2018/1/3 23:51,12.9,3,18.4,T
ORD,2018/1/4 0:51,12,0,12.65,T
ORD,2018/1/4 1:51,10.9,1,13.8,0
ORD,2018/1/4 2:51,10.9,0,9.2,0
ORD,2018/1/4 3:51,9,-0.9,10.35,0
ORD,2018/1/4 4:51,8.1,-2,16.1,0
ORD,2018/1/4 5:51,6,-4,17.25,0
ORD,2018/1/4 6:51,5,-5,13.8,0
ORD,2018/1/4 7:51,4,-5,17.25,0
ORD,2018/1/4 8:51,3,-6,18.4,0
ORD,2018/1/4 9:51,1.9,-7,12.65,0
ORD,2018/1/4 10:51,1,-7,12.65,0
ORD,2018/1/4 11:51,1,-8,11.5,0
ORD,2018/1/4 12:51,1,-8,13.8,0
ORD,2018/1/4 13:51,1,-8,16.1,0
ORD,2018/1/4 14:51,3,-7,14.95,0
ORD,2018/1/4 15:51,5,-7,16.1,0
ORD,2018/1/4 16:51,8.1,-6,11.5,0
ORD,2018/1/4 17:51,10,-5,13.8,0
ORD,2018/1/4 18:51,10.9,-4,12.65,0
ORD,2018/1/4 19:51,12,-4,11.5,0
ORD,2018/1/4 20:51,12,-4,11.5,0
ORD,2018/1/4 21:51,10,-4,11.5,0
ORD,2018/1/4 22:51,8.1,-4,12.65,0
ORD,2018/1/4 23:51,7,-4,11.5,0
ORD,2018/1/5 0:51,6,-5,10.35,0
ORD,2018/1/5 1:51,5,-5,6.9,0
ORD,2018/1/5 2:51,4,-6,8.05,0
ORD,2018/1/5 3:51,4,-5,10.35,0
ORD,2018/1/5 4:51,3,-6,8.05,0
ORD,2018/1/5 5:51,3,-5,10.35,0
ORD,2018/1/5 6:51,1.9,-6,9.2,0
ORD,2018/1/5 7:51,1,-6,9.2,0
ORD,2018/1/5 8:51,0,-7,8.05,0
ORD,2018/1/5 9:51,0,-7,10.35,0
ORD,2018/1/5 10:51,0,-8,10.35,0
ORD,2018/1/5 11:51,0,-8,10.35,0
ORD,2018/1/5 12:51,-0.9,-9,9.2,0
ORD,2018/1/5 13:51,1.9,-8,12.65,0
ORD,2018/1/5 14:51,3,-7,14.95,0
ORD,2018/1/5 15:51,5,-7,13.8,0
ORD,2018/1/5 16:51,8.1,-5,10.35,0
ORD,2018/1/5 17:51,9,-6,17.25,0
ORD,2018/1/5 18:51,10,-6,11.5,0
ORD,2018/1/5 19:51,10.9,-6,13.8,0
ORD,2018/1/5 20:51,10.9,-5,12.65,0
ORD,2018/1/5 21:51,10,-6,10.35,0
ORD,2018/1/5 22:51,7,-6,11.5,0
ORD,2018/1/5 23:51,7,-5,9.2,0
ORD,2018/1/6 0:51,6,-6,9.2,0
ORD,2018/1/6 1:51,4,-6,9.2,0
ORD,2018/1/6 2:51,4,-7,10.35,0
ORD,2018/1/6 3:51,3,-7,9.2,0
ORD,2018/1/6 4:51,1.9,-7,8.05,0
ORD,2018/1/6 5:51,1.9,-7,9.2,0
ORD,2018/1/6 6:51,1,-8,5.75,0
ORD,2018/1/6 7:51,1,-8,8.05,0
ORD,2018/1/6 8:51,0,-9,6.9,0
ORD,2018/1/6 9:51,0,-9,9.2,0
ORD,2018/1/6 10:51,-0.9,-9.9,8.05,0
ORD,2018/1/6 11:51,-0.9,-9.9,10.35,0
ORD,2018/1/6 12:51,-2,-9,8.05,0
ORD,2018/1/6 13:51,-0.9,-8,8.05,0
ORD,2018/1/6 14:51,3,-6,6.9,0
ORD,2018/1/6 15:51,7,-5,8.05,0
ORD,2018/1/6 16:51,10,-5,10.35,0
ORD,2018/1/6 17:51,12,-5,5.75,0
ORD,2018/1/6 18:51,15.1,-6,0,0
ORD,2018/1/6 19:51,14,-6,0,0
ORD,2018/1/6 20:51,15.1,-7,0,0
ORD,2018/1/6 21:51,14,-5,0,0
ORD,2018/1/6 22:51,12.9,-5,4.6,0
ORD,2018/1/6 23:51,12,-4,5.75,0
ORD,2018/1/7 0:51,10,-3,5.75,0
ORD,2018/1/7 1:51,10,-0.9,8.05,0
ORD,2018/1/7 2:51,9,-2,6.9,0
ORD,2018/1/7 3:51,7,-2,6.9,0
ORD,2018/1/7 4:51,8.1,-6,11.5,0
ORD,2018/1/7 5:51,8.1,-5,8.05,0
ORD,2018/1/7 6:51,9,-2,13.8,0
ORD,2018/1/7 7:51,10,-0.9,11.5,0
ORD,2018/1/7 8:51,14,0,13.8,0
ORD,2018/1/7 9:51,15.1,1,12.65,0
ORD,2018/1/7 10:47,15.8,3.2,17.25,T
ORD,2018/1/7 10:51,14,4,16.1,T
ORD,2018/1/7 11:51,15.1,7,14.95,T
ORD,2018/1/7 12:51,17.1,6,20.7,0
ORD,2018/1/7 13:51,18,6,17.25,0
ORD,2018/1/7 14:51,19.9,7,17.25,0
ORD,2018/1/7 15:51,21.9,9,19.55,0
ORD,2018/1/7 16:51,23,10.9,20.7,0
ORD,2018/1/7 17:51,25,12.9,14.95,0
ORD,2018/1/7 18:51,27,15.1,17.25,T
ORD,2018/1/7 19:39,26.1,19,16.1,T
ORD,2018/1/7 19:51,26.1,19.9,17.25,T
ORD,2018/1/7 20:08,27,19.9,16.1,T
ORD,2018/1/7 20:40,27,19.9,18.4,T
ORD,2018/1/7 20:51,27,19.9,13.8,T
ORD,2018/1/7 21:13,28,19.9,13.8,T
ORD,2018/1/7 21:24,28,21,16.1,T
ORD,2018/1/7 21:51,28,21,12.65,T
ORD,2018/1/7 22:34,28.9,21.9,14.95,T
ORD,2018/1/7 22:42,28.9,23,13.8,T
ORD,2018/1/7 22:51,28.9,23,14.95,T
ORD,2018/1/7 23:07,30,23,13.8,T
ORD,2018/1/7 23:51,30,24.1,11.5,T
ORD,2018/1/8 0:07,30,24.1,12.65,T
ORD,2018/1/8 0:23,30,24.1,13.8,T
ORD,2018/1/8 0:51,30.9,24.1,11.5,T
ORD,2018/1/8 1:31,32,24.1,13.8,T
ORD,2018/1/8 1:51,30.9,24.1,12.65,T
ORD,2018/1/8 2:51,32,26.1,13.8,T
ORD,2018/1/8 3:00,32,27,14.95,0.25
ORD,2018/1/8 3:51,33,28,13.8,0.51
ORD,2018/1/8 4:00,32,28,13.8,T
ORD,2018/1/8 4:12,32,28.9,14.95,T
ORD,2018/1/8 4:35,32,28.9,13.8,0.25
ORD,2018/1/8 4:51,32,28.9,13.8,0.25
ORD,2018/1/8 5:00,32,28.9,14.95,T
ORD,2018/1/8 5:41,33,30,13.8,T
ORD,2018/1/8 5:48,33.8,30.2,10.35,T
ORD,2018/1/8 5:51,33,30,12.65,T
ORD,2018/1/8 6:06,33,30,12.65,T
ORD,2018/1/8 6:25,33,30,10.35,T
ORD,2018/1/8 6:51,33,30.9,10.35,T
ORD,2018/1/8 7:03,33,30.9,9.2,T
ORD,2018/1/8 7:30,33,30.9,13.8,T
ORD,2018/1/8 7:51,33,30.9,13.8,T
ORD,2018/1/8 8:51,33,30.9,12.65,T
ORD,2018/1/8 9:51,33,30.9,13.8,T
ORD,2018/1/8 10:51,33,30.9,12.65,0
ORD,2018/1/8 11:18,33,30.9,13.8,0
ORD,2018/1/8 11:48,33.8,30.2,10.35,0
ORD,2018/1/8 11:51,34,30,10.35,0
ORD,2018/1/8 12:28,34,30,11.5,0
ORD,2018/1/8 12:51,34,28.9,11.5,0
ORD,2018/1/8 13:51,34,28,14.95,0
ORD,2018/1/8 14:51,33,28,12.65,0
ORD,2018/1/8 15:51,34,28,12.65,0
ORD,2018/1/8 16:51,34,28,12.65,0
ORD,2018/1/8 17:51,35,28,11.5,0
ORD,2018/1/8 18:51,35,28,16.1,0
ORD,2018/1/8 19:51,36,28,12.65,0
ORD,2018/1/8 20:51,37,28,13.8,0
ORD,2018/1/8 21:51,37,28,12.65,0
ORD,2018/1/8 22:51,35,28,11.5,0
ORD,2018/1/8 23:51,33,28,10.35,0
ORD,2018/1/9 0:51,33,28,11.5,0
ORD,2018/1/9 1:51,32,27,11.5,0
ORD,2018/1/9 2:51,30.9,27,8.05,0
ORD,2018/1/9 3:51,30.9,27,10.35,0
ORD,2018/1/9 4:51,32,27,8.05,0
ORD,2018/1/9 5:51,32,27,6.9,0
ORD,2018/1/9 6:51,30.9,26.1,0,0
ORD,2018/1/9 7:51,28.9,26.1,4.6,0
ORD,2018/1/9 8:51,27,25,4.6,0
ORD,2018/1/9 9:51,28.9,26.1,4.6,0
ORD,2018/1/9 10:51,28.4,26.6,4.6,0
ORD,2018/1/9 11:51,28,25,5.75,0
ORD,2018/1/9 12:51,27,24.1,5.75,0
ORD,2018/1/9 13:15,26.1,24.1,4.6,0
ORD,2018/1/9 13:25,26.1,24.1,4.6,0
ORD,2018/1/9 13:38,26.1,24.1,6.9,0
ORD,2018/1/9 13:51,27,25,3.45,0
ORD,2018/1/9 14:51,28,26.1,5.75,0
ORD,2018/1/9 15:34,28.9,27,6.9,0
ORD,2018/1/9 15:51,28.9,28,4.6,0
ORD,2018/1/9 16:22,30,28,4.6,0
ORD,2018/1/9 16:51,30.9,28,5.75,0
ORD,2018/1/9 17:51,33,28,6.9,0
ORD,2018/1/9 18:28,34,28.9,4.6,0
ORD,2018/1/9 18:51,34,28,5.75,0
ORD,2018/1/9 19:51,34,28,5.75,0
ORD,2018/1/9 20:51,35,28.9,5.75,0
ORD,2018/1/9 21:51,35,28.9,5.75,0
ORD,2018/1/9 22:51,33,28,8.05,0
ORD,2018/1/9 23:51,32,28,6.9,0
ORD,2018/1/10 0:51,30.9,28,10.35,0
ORD,2018/1/10 1:22,30.9,27,9.2,0
ORD,2018/1/10 1:36,30.9,28,9.2,0
ORD,2018/1/10 1:51,30.9,28,12.65,0
ORD,2018/1/10 2:43,30.9,28,6.9,0
ORD,2018/1/10 2:51,30.9,28,9.2,0
ORD,2018/1/10 3:51,28.9,26.1,6.9,0
ORD,2018/1/10 4:51,28,26.1,6.9,0
ORD,2018/1/10 5:51,30,26.1,8.05,0
ORD,2018/1/10 6:09,30,27,9.2,0
ORD,2018/1/10 6:51,30.9,28,8.05,0
ORD,2018/1/10 7:44,32,30,9.2,0
ORD,2018/1/10 7:51,32,30,10.35,0
ORD,2018/1/10 8:08,33,30,10.35,0
ORD,2018/1/10 8:32,33,30.9,9.2,0
ORD,2018/1/10 8:51,33,32,9.2,0
ORD,2018/1/10 9:49,33.8,33.8,12.65,T
ORD,2018/1/10 9:51,34,33,10.35,T
ORD,2018/1/10 10:08,34,33,10.35,T
ORD,2018/1/10 10:51,35,33,8.05,T
ORD,2018/1/10 11:41,36,34,10.35,T
ORD,2018/1/10 11:51,36,34,10.35,0.25
ORD,2018/1/10 12:51,37,36,9.2,T
ORD,2018/1/10 13:04,38,36,10.35,T
ORD,2018/1/10 13:51,39,37,11.5,T
ORD,2018/1/10 14:51,40,38,11.5,T
ORD,2018/1/10 15:51,41,39,12.65,T
ORD,2018/1/10 16:51,42,40,19.55,T
ORD,2018/1/10 17:18,42,40,14.95,T
ORD,2018/1/10 17:41,43,41,16.1,T
ORD,2018/1/10 17:51,43,41,17.25,T
ORD,2018/1/10 18:43,44,42,16.1,T
ORD,2018/1/10 18:51,45,42,20.7,T
ORD,2018/1/10 18:58,45,42,17.25,0
ORD,2018/1/10 19:12,45,43,17.25,0
ORD,2018/1/10 19:51,45,43,20.7,0
ORD,2018/1/10 20:28,46,44,10.35,T
ORD,2018/1/10 20:51,46,44,11.5,T
ORD,2018/1/10 21:51,47,45,16.1,T
ORD,2018/1/10 22:38,48,46,13.8,T
ORD,2018/1/10 22:51,49,46,18.4,T
ORD,2018/1/10 23:22,50,47,20.7,0
ORD,2018/1/10 23:51,51,47,17.25,0
ORD,2018/1/11 0:51,52,48,19.55,0
ORD,2018/1/11 1:51,53,49,21.85,0
ORD,2018/1/11 2:51,54,49,26.45,0
ORD,2018/1/11 3:51,55,49,25.3,0
ORD,2018/1/11 4:51,56,49,25.3,0
ORD,2018/1/11 5:51,56,50,19.55,0
ORD,2018/1/11 6:51,56,50,23,0
ORD,2018/1/11 7:51,56,51,20.7,0
ORD,2018/1/11 8:17,56,51,18.4,0
ORD,2018/1/11 8:51,56,51,18.4,0
ORD,2018/1/11 9:51,56,51,17.25,0
ORD,2018/1/11 10:51,56,51,18.4,0
ORD,2018/1/11 11:49,57.2,51.8,18.4,0
ORD,2018/1/11 11:51,57,52,20.7,0
ORD,2018/1/11 12:51,57,52,21.85,0
ORD,2018/1/11 13:34,56,53,14.95,T
ORD,2018/1/11 13:48,55.4,53.6,17.25,0.25
ORD,2018/1/11 13:51,56,53,21.85,0.25
ORD,2018/1/11 14:15,56,53,14.95,1.02
ORD,2018/1/11 14:31,56,53,17.25,1.52
ORD,2018/1/11 14:51,56,53,14.95,1.78
ORD,2018/1/11 15:51,56,54,9.2,1.78
ORD,2018/1/11 16:51,56,54,9.2,1.78
ORD,2018/1/11 17:28,57,54,13.8,0.25
ORD,2018/1/11 17:51,58,54,13.8,0.25
ORD,2018/1/11 18:51,57,54,14.95,0.25
ORD,2018/1/11 19:23,56,54,16.1,0.25
ORD,2018/1/11 19:32,56,53,17.25,0.51
ORD,2018/1/11 19:41,56,54,13.8,0.51
ORD,2018/1/11 19:51,56,54,13.8,1.02
ORD,2018/1/11 20:03,56,54,11.5,T
ORD,2018/1/11 20:07,56,54,13.8,T
ORD,2018/1/11 20:51,58,55,11.5,0.25
ORD,2018/1/11 21:31,58,54,14.95,0
ORD,2018/1/11 21:51,54,50,10.35,T
ORD,2018/1/11 22:07,52,50,8.05,0.51
ORD,2018/1/11 22:11,52,50,9.2,0.76
ORD,2018/1/11 22:27,52,49,10.35,0.76
ORD,2018/1/11 22:41,51,49,5.75,1.02
ORD,2018/1/11 22:51,51,49,11.5,1.27
ORD,2018/1/11 23:03,51,48,13.8,0.25
ORD,2018/1/11 23:20,46,43,21.85,0.51
ORD,2018/1/11 23:51,39,35,14.95,0.51
ORD,2018/1/12 0:24,36,33,17.25,T
ORD,2018/1/12 0:51,34,30.9,16.1,T
ORD,2018/1/12 1:51,30.9,27,14.95,0
ORD,2018/1/12 2:51,26.1,21.9,20.7,0
ORD,2018/1/12 3:06,26.1,21,17.25,0
ORD,2018/1/12 3:51,25,19.9,19.55,0
ORD,2018/1/12 4:51,24.1,18,18.4,0
ORD,2018/1/12 5:12,23,17.1,14.95,0
ORD,2018/1/12 5:51,23,16,16.1,0
ORD,2018/1/12 6:51,23,16,12.65,0
ORD,2018/1/12 7:48,21.2,15.8,14.95,0
ORD,2018/1/12 7:51,21.9,16,18.4,0
ORD,2018/1/12 8:51,21.9,16,18.4,0
ORD,2018/1/12 9:51,21.9,16,19.55,0
ORD,2018/1/12 10:51,23,16,19.55,0
ORD,2018/1/12 11:51,23,16,14.95,0
ORD,2018/1/12 12:51,21.9,12.9,19.55,0
ORD,2018/1/12 13:51,21,12,19.55,0
ORD,2018/1/12 14:51,21,10,17.25,T
ORD,2018/1/12 15:51,21,10,19.55,T
ORD,2018/1/12 16:51,21,10,25.3,T
ORD,2018/1/12 17:51,21,10.9,23,T
ORD,2018/1/12 18:51,19.9,10,24.15,T
ORD,2018/1/12 19:51,19.9,10,25.3,T
ORD,2018/1/12 20:20,19.9,9,19.55,T
ORD,2018/1/12 20:51,19.9,9,20.7,T
ORD,2018/1/12 21:51,19.9,8.1,21.85,T
ORD,2018/1/12 22:51,19.9,9,18.4,T
ORD,2018/1/12 23:51,19,8.1,18.4,T
ORD,2018/1/13 0:51,19,4,18.4,T
ORD,2018/1/13 1:51,18,1.9,25.3,T
ORD,2018/1/13 2:15,17.1,1,20.7,T
ORD,2018/1/13 2:51,17.1,1.9,18.4,T
ORD,2018/1/13 3:51,16,1,23,0
ORD,2018/1/13 4:51,15.1,-2,20.7,0
ORD,2018/1/13 5:51,14,-0.9,16.1,0
ORD,2018/1/13 6:51,12.9,0,18.4,0
ORD,2018/1/13 7:51,12,0,17.25,0
ORD,2018/1/13 8:51,10.9,0,14.95,0
ORD,2018/1/13 9:51,10,0,13.8,0
ORD,2018/1/13 10:51,8.1,-2,12.65,0
ORD,2018/1/13 11:51,8.1,-2,13.8,0
ORD,2018/1/13 12:51,7,-3,12.65,0
ORD,2018/1/13 13:51,6,-3,12.65,0
ORD,2018/1/13 14:51,8.1,-3,9.2,0
ORD,2018/1/13 15:51,10,-5,11.5,0
ORD,2018/1/13 16:51,10.9,-7,10.35,0
ORD,2018/1/13 17:51,12.9,-7,11.5,0
ORD,2018/1/13 18:51,14,-5,6.9,0
ORD,2018/1/13 19:51,14,-6,5.75,0
ORD,2018/1/13 20:51,16,-6,8.05,0
ORD,2018/1/13 21:51,16,-6,6.9,0
ORD,2018/1/13 22:51,14,-5,8.05,0
ORD,2018/1/13 23:51,12.9,-4,5.75,0
ORD,2018/1/14 0:51,12,-2,6.9,0
ORD,2018/1/14 1:51,12,-3,8.05,0
ORD,2018/1/14 2:51,10,-3,5.75,0
ORD,2018/1/14 3:51,9,-3,4.6,0
ORD,2018/1/14 4:51,9,-3,4.6,0
ORD,2018/1/14 5:51,7,-3,4.6,0
ORD,2018/1/14 6:51,7,-3,4.6,0
ORD,2018/1/14 7:51,7,-3,0,0
ORD,2018/1/14 8:51,7,-3,0,0
ORD,2018/1/14 9:51,7,-3,0,0
ORD,2018/1/14 10:51,6,0,3.45,0
ORD,2018/1/14 11:51,5,-0.9,3.45,0
ORD,2018/1/14 12:51,6,-0.9,0,0
ORD,2018/1/14 13:51,7,0,5.75,0
ORD,2018/1/14 14:51,10.9,0,9.2,0
ORD,2018/1/14 15:51,12.9,1,11.5,0
ORD,2018/1/14 16:51,16,1,11.5,0
ORD,2018/1/14 17:51,17.1,-0.9,8.05,0
ORD,2018/1/14 18:51,19.9,-0.9,10.35,0
ORD,2018/1/14 19:51,19.9,0,14.95,0
ORD,2018/1/14 20:51,21,1.9,11.5,0
ORD,2018/1/14 21:51,21,4,11.5,0
ORD,2018/1/14 22:51,19.9,8.1,14.95,T
ORD,2018/1/14 23:23,19.9,10.9,14.95,T
ORD,2018/1/14 23:36,19.9,12,11.5,T
ORD,2018/1/14 23:43,19,12.9,11.5,T
ORD,2018/1/14 23:51,19,14,12.65,T
ORD,2018/1/15 0:02,19,14,16.1,0.25
ORD,2018/1/15 0:16,19,14,17.25,0.51
ORD,2018/1/15 0:51,18,12,16.1,0.51
ORD,2018/1/15 1:22,18,12,13.8,T
ORD,2018/1/15 1:51,18,12,16.1,T
ORD,2018/1/15 2:01,18,12,12.65,T
ORD,2018/1/15 2:08,18,12,16.1,T
ORD,2018/1/15 2:29,18,12.9,12.65,0.25
ORD,2018/1/15 2:39,18,12.9,10.35,0.25
ORD,2018/1/15 2:51,18,12.9,16.1,0.51
ORD,2018/1/15 3:37,18,14,13.8,0.25
ORD,2018/1/15 3:51,18,14,13.8,0.25
ORD,2018/1/15 4:06,18,14,13.8,0.25
ORD,2018/1/15 4:51,18,12.9,12.65,0.51
ORD,2018/1/15 5:08,18,12.9,14.95,0.25
ORD,2018/1/15 5:33,18,12.9,17.25,0.25
ORD,2018/1/15 5:51,18,12.9,16.1,0.25
ORD,2018/1/15 6:07,18,12.9,14.95,T
ORD,2018/1/15 6:51,19,14,13.8,0.25
ORD,2018/1/15 7:09,19,14,13.8,T
ORD,2018/1/15 7:22,19,14,12.65,T
ORD,2018/1/15 7:46,19.4,14,16.1,0.25
ORD,2018/1/15 7:51,19,14,12.65,0.25
ORD,2018/1/15 8:48,19.4,14,13.8,0.25
ORD,2018/1/15 8:51,19,14,12.65,0.25
ORD,2018/1/15 9:51,19,15.1,11.5,0.25
ORD,2018/1/15 10:51,19,15.1,10.35,0.51
ORD,2018/1/15 10:57,19,15.1,9.2,T
ORD,2018/1/15 11:51,19,15.1,9.2,0.51
ORD,2018/1/15 12:43,19,15.1,11.5,0.25
ORD,2018/1/15 12:51,19,15.1,9.2,0.25
ORD,2018/1/15 13:17,19,15.1,9.2,0.25
ORD,2018/1/15 13:48,19.4,15.8,9.2,0.25
ORD,2018/1/15 13:51,19,15.1,10.35,0.25
ORD,2018/1/15 14:00,19,15.1,11.5,T
ORD,2018/1/15 14:51,19.9,15.1,10.35,T
ORD,2018/1/15 15:09,19.9,16,9.2,T
ORD,2018/1/15 15:51,21,16,6.9,0.25
ORD,2018/1/15 16:51,21.9,17.1,4.6,0.25
ORD,2018/1/15 17:51,23,19,5.75,T
ORD,2018/1/15 18:51,21,16,13.8,T
ORD,2018/1/15 19:51,19,12.9,13.8,T
ORD,2018/1/15 20:36,17.1,10,12.65,T
ORD,2018/1/15 20:51,17.1,10.9,10.35,T
ORD,2018/1/15 21:18,16,10,10.35,T
ORD,2018/1/15 21:33,16,10,13.8,T
ORD,2018/1/15 21:51,16,9,12.65,T
ORD,2018/1/15 22:51,15.1,9,11.5,T
ORD,2018/1/15 23:07,14,9,9.2,T
ORD,2018/1/15 23:51,12.9,7,13.8,T
ORD,2018/1/16 0:42,12.9,7,11.5,T
ORD,2018/1/16 0:51,12,7,12.65,T
ORD,2018/1/16 1:51,12,7,10.35,T
ORD,2018/1/16 2:51,10.9,7,11.5,0.25
ORD,2018/1/16 3:11,12,7,9.2,T
ORD,2018/1/16 3:51,12,7,10.35,0.25
ORD,2018/1/16 4:38,10.9,6,9.2,T
ORD,2018/1/16 4:51,10.9,6,10.35,T
ORD,2018/1/16 5:51,10,5,12.65,T
ORD,2018/1/16 6:28,10,5,11.5,T
ORD,2018/1/16 6:37,10,5,12.65,T
ORD,2018/1/16 6:47,10.4,5,8.05,T
ORD,2018/1/16 6:51,10,5,11.5,T
ORD,2018/1/16 7:16,9,5,9.2,T
ORD,2018/1/16 7:22,9,4,9.2,T
ORD,2018/1/16 7:29,9,4,10.35,0.25
ORD,2018/1/16 7:51,9,4,9.2,0.25
ORD,2018/1/16 8:08,9,4,9.2,T
ORD,2018/1/16 8:18,9,4,9.2,T
ORD,2018/1/16 8:51,10,4,10.35,T
ORD,2018/1/16 9:51,10,4,8.05,T
ORD,2018/1/16 10:34,10,5,8.05,T
ORD,2018/1/16 10:51,10.9,6,11.5,T
ORD,2018/1/16 11:51,12.9,9,13.8,T
ORD,2018/1/16 12:26,14,9,13.8,T
ORD,2018/1/16 12:51,14,9,12.65,T
ORD,2018/1/16 13:24,15.1,10.9,11.5,T
ORD,2018/1/16 13:34,16,10.9,11.5,T
ORD,2018/1/16 13:51,16,10.9,12.65,T
ORD,2018/1/16 14:51,17.1,12,13.8,T
ORD,2018/1/16 15:51,19,12.9,14.95,0
ORD,2018/1/16 16:51,21,14,14.95,T
ORD,2018/1/16 17:08,21,14,12.65,T
ORD,2018/1/16 17:48,21.2,15.8,12.65,T
ORD,2018/1/16 17:51,21.9,15.1,12.65,T
ORD,2018/1/16 17:58,21.9,14,13.8,T
ORD,2018/1/16 18:51,24.1,12,12.65,T
ORD,2018/1/16 19:51,24.1,12,12.65,0
ORD,2018/1/16 20:51,25,12,13.8,0
ORD,2018/1/16 21:51,24.1,10.9,13.8,0
ORD,2018/1/16 22:51,21.9,10,13.8,0
ORD,2018/1/16 23:51,19.9,9,12.65,0
ORD,2018/1/17 0:51,18,9,11.5,0
ORD,2018/1/17 1:51,17.1,9,13.8,0
ORD,2018/1/17 2:51,16,8.1,8.05,0
ORD,2018/1/17 3:51,15.1,8.1,9.2,0
ORD,2018/1/17 4:51,14,8.1,9.2,0
ORD,2018/1/17 5:51,12,7,8.05,0
ORD,2018/1/17 6:51,12,7,8.05,0
ORD,2018/1/17 7:51,10,5,6.9,0
ORD,2018/1/17 8:51,9,4,10.35,0
ORD,2018/1/17 9:51,8.1,3,8.05,0
ORD,2018/1/17 10:51,6,1.9,5.75,0
ORD,2018/1/17 11:51,5,1,5.75,0
ORD,2018/1/17 12:51,5,0,6.9,0
ORD,2018/1/17 13:51,5,1,6.9,0
ORD,2018/1/17 14:51,6,1,8.05,0
ORD,2018/1/17 15:51,10.9,4,5.75,0
ORD,2018/1/17 16:51,15.1,6,10.35,0
ORD,2018/1/17 17:51,16,7,12.65,0
ORD,2018/1/17 18:51,19,8.1,10.35,0
ORD,2018/1/17 19:51,19,8.1,14.95,0
ORD,2018/1/17 20:51,19,9,17.25,0
ORD,2018/1/17 21:51,19.9,8.1,17.25,0
ORD,2018/1/17 22:51,19.9,8.1,17.25,0
ORD,2018/1/17 23:51,18,8.1,14.95,0
ORD,2018/1/18 0:51,18,8.1,18.4,0
ORD,2018/1/18 1:51,18,8.1,18.4,0
ORD,2018/1/18 2:51,17.1,8.1,17.25,0
ORD,2018/1/18 3:51,17.1,8.1,14.95,0
ORD,2018/1/18 4:51,18,9,20.7,0
ORD,2018/1/18 5:51,18,9,20.7,0
ORD,2018/1/18 6:51,17.1,9,17.25,0
ORD,2018/1/18 7:51,17.1,9,18.4,0
ORD,2018/1/18 8:51,17.1,9,12.65,0
ORD,2018/1/18 9:51,17.1,9,11.5,0
ORD,2018/1/18 10:51,17.1,9,11.5,0
ORD,2018/1/18 11:51,17.1,9,13.8,0
ORD,2018/1/18 12:51,17.1,9,14.95,0
ORD,2018/1/18 13:51,17.1,10,14.95,0
ORD,2018/1/18 14:51,19,10,19.55,0
ORD,2018/1/18 15:51,21.9,12,16.1,0
ORD,2018/1/18 16:51,25,12.9,16.1,0
ORD,2018/1/18 17:51,26.1,12.9,16.1,0
ORD,2018/1/18 18:51,28.9,16,20.7,0
ORD,2018/1/18 19:51,32,17.1,16.1,0
ORD,2018/1/18 20:51,32,17.1,16.1,0
ORD,2018/1/18 21:51,32,17.1,19.55,0
ORD,2018/1/18 22:51,30.9,19,18.4,0
ORD,2018/1/18 23:51,30.9,19.9,16.1,0
ORD,2018/1/19 0:51,30.9,19.9,13.8,0
ORD,2018/1/19 1:51,30.9,19.9,13.8,0
ORD,2018/1/19 2:51,30.9,19.9,10.35,0
ORD,2018/1/19 3:51,30.9,19.9,10.35,0
ORD,2018/1/19 4:51,30,19,12.65,0
ORD,2018/1/19 5:51,28.9,19,9.2,0
ORD,2018/1/19 6:51,30,18,10.35,0
ORD,2018/1/19 7:51,30,18,12.65,0
ORD,2018/1/19 8:51,28.9,18,12.65,0
ORD,2018/1/19 9:51,28,18,11.5,0
ORD,2018/1/19 10:51,28.9,19,14.95,0
ORD,2018/1/19 11:51,28.9,19,16.1,0
ORD,2018/1/19 12:51,28.9,19,16.1,0
ORD,2018/1/19 13:51,28.9,18,16.1,0
ORD,2018/1/19 14:51,30.9,19,16.1,0
ORD,2018/1/19 15:51,33,19,16.1,0
ORD,2018/1/19 16:51,34,19.9,17.25,0
ORD,2018/1/19 17:51,36,21,18.4,0
ORD,2018/1/19 18:51,38,21.9,14.95,0
ORD,2018/1/19 19:51,39,24.1,18.4,0
ORD,2018/1/19 20:51,39,24.1,20.7,0
ORD,2018/1/19 21:51,39,25,21.85,0
ORD,2018/1/19 22:51,38,27,17.25,0
ORD,2018/1/19 23:51,39,28,18.4,0
ORD,2018/1/20 0:51,40,28,19.55,0
ORD,2018/1/20 1:51,40,28,19.55,0
ORD,2018/1/20 2:51,40,28,19.55,0
ORD,2018/1/20 3:51,40,28,19.55,0
ORD,2018/1/20 4:51,39,28,17.25,0
ORD,2018/1/20 5:51,39,28,14.95,0
ORD,2018/1/20 6:51,38,27,13.8,0
ORD,2018/1/20 7:51,37,27,11.5,0
ORD,2018/1/20 8:51,37,27,11.5,0
ORD,2018/1/20 9:51,36,27,10.35,0
ORD,2018/1/20 10:51,36,27,8.05,0
ORD,2018/1/20 11:51,35,26.1,8.05,0
ORD,2018/1/20 12:51,33,26.1,5.75,0
ORD,2018/1/20 13:51,33,26.1,8.05,0
ORD,2018/1/20 14:51,36,28,8.05,0
ORD,2018/1/20 15:51,39,28,8.05,0
ORD,2018/1/20 16:51,41,28.9,8.05,0
ORD,2018/1/20 17:51,42,30,8.05,0
ORD,2018/1/20 18:51,44,30.9,9.2,0
ORD,2018/1/20 19:51,45,32,11.5,0
ORD,2018/1/20 20:51,45,32,8.05,0
ORD,2018/1/20 21:51,45,33,9.2,0
ORD,2018/1/20 22:51,42,33,4.6,0
ORD,2018/1/20 23:36,40,33,3.45,0
ORD,2018/1/20 23:51,39,33,4.6,0
ORD,2018/1/21 0:51,42,36,11.5,0
ORD,2018/1/21 1:51,41,36,8.05,0
ORD,2018/1/21 2:51,40,35,6.9,0
ORD,2018/1/21 3:51,40,35,5.75,0
ORD,2018/1/21 4:51,40,35,5.75,0
ORD,2018/1/21 5:12,39,35,5.75,0
ORD,2018/1/21 5:51,38,35,3.45,0
ORD,2018/1/21 6:51,39,35,3.45,0
ORD,2018/1/21 7:51,39,35,0,0
ORD,2018/1/21 8:21,39,35,4.6,0
ORD,2018/1/21 8:51,38,35,4.6,0
ORD,2018/1/21 9:51,38,34,0,0
ORD,2018/1/21 10:51,36,34,3.45,0
ORD,2018/1/21 11:51,38,35,5.75,0
ORD,2018/1/21 12:51,37,35,4.6,0
ORD,2018/1/21 13:34,39,36,6.9,0
ORD,2018/1/21 13:51,39,37,5.75,0
ORD,2018/1/21 14:01,39,36,4.6,0
ORD,2018/1/21 14:51,40,37,0,0
ORD,2018/1/21 15:28,40,38,4.6,0
ORD,2018/1/21 15:51,40,39,0,0
ORD,2018/1/21 16:42,41,39,3.45,0
ORD,2018/1/21 16:51,41,39,4.6,0
ORD,2018/1/21 17:51,43,40,4.6,0
ORD,2018/1/21 18:15,44,40,3.45,0
ORD,2018/1/21 18:51,44,41,3.45,0
ORD,2018/1/21 19:33,44,41,0,0
ORD,2018/1/21 19:51,44,41,0,0
ORD,2018/1/21 20:51,43,41,3.45,0
ORD,2018/1/21 21:08,44,41,4.6,0
ORD,2018/1/21 21:42,44,41,5.75,0
ORD,2018/1/21 21:51,44,41,5.75,0
ORD,2018/1/21 22:51,43,40,5.75,0
ORD,2018/1/21 23:13,43,40,4.6,0
ORD,2018/1/21 23:33,42,40,4.6,0
ORD,2018/1/21 23:51,42,40,4.6,0
ORD,2018/1/21 23:58,42,40,4.6,0
ORD,2018/1/22 0:08,42,40,3.45,T
ORD,2018/1/22 0:49,42.8,39.2,4.6,T
ORD,2018/1/22 0:51,41,40,5.75,T
ORD,2018/1/22 1:51,41,40,4.6,T
ORD,2018/1/22 2:12,41,40,5.75,T
ORD,2018/1/22 2:32,41,40,5.75,T
ORD,2018/1/22 2:51,42,41,4.6,T
ORD,2018/1/22 3:51,43,42,6.9,T
ORD,2018/1/22 4:51,43,42,6.9,0
ORD,2018/1/22 5:31,43,41,4.6,0
ORD,2018/1/22 5:47,42.8,42.8,4.6,0
ORD,2018/1/22 5:51,43,43,3.45,0
ORD,2018/1/22 6:51,45,43,4.6,0
ORD,2018/1/22 7:51,46,45,9.2,0
ORD,2018/1/22 8:07,46,45,10.35,0
ORD,2018/1/22 8:46,46.4,44.6,8.05,0
ORD,2018/1/22 8:51,46,45,8.05,0
ORD,2018/1/22 8:56,46,45,6.9,0
ORD,2018/1/22 9:27,46,45,8.05,0
ORD,2018/1/22 9:44,47,45,4.6,T
ORD,2018/1/22 9:51,47,46,6.9,0.25
ORD,2018/1/22 10:14,46,45,9.2,0.76
ORD,2018/1/22 10:42,47,46,5.75,4.32
ORD,2018/1/22 10:51,46,45,5.75,5.33
ORD,2018/1/22 10:55,46,45,8.05,0.25
ORD,2018/1/22 11:09,47,46,6.9,1.78
ORD,2018/1/22 11:27,47,46,6.9,3.05
ORD,2018/1/22 11:45,46.4,44.6,9.2,4.06
ORD,2018/1/22 11:51,48,46,10.35,4.57
ORD,2018/1/22 12:17,47,46,8.05,4.32
ORD,2018/1/22 12:34,47,46,10.35,6.35
ORD,2018/1/22 12:43,48,46,12.65,7.37
ORD,2018/1/22 12:51,48,47,11.5,7.62
ORD,2018/1/22 13:44,50,47,16.1,2.29
ORD,2018/1/22 13:51,49,47,17.25,2.29
ORD,2018/1/22 14:51,50,47,13.8,T
ORD,2018/1/22 15:04,50,47,17.25,0.25
ORD,2018/1/22 15:51,51,47,16.1,0.25
ORD,2018/1/22 16:51,51,47,19.55,0
ORD,2018/1/22 17:51,51,48,17.25,T
ORD,2018/1/22 18:05,51,48,18.4,T
ORD,2018/1/22 18:51,51,49,14.95,T
ORD,2018/1/22 19:27,52,49,17.25,T
ORD,2018/1/22 19:38,52,49,17.25,T
ORD,2018/1/22 19:51,52,49,18.4,T
ORD,2018/1/22 20:37,53,48,13.8,0
ORD,2018/1/22 20:51,53,48,13.8,0
ORD,2018/1/22 21:16,54,47,14.95,0
ORD,2018/1/22 21:51,53,47,12.65,0
ORD,2018/1/22 22:51,50,45,11.5,0
ORD,2018/1/22 23:51,49,45,10.35,0
ORD,2018/1/23 0:51,49,44,16.1,T
ORD,2018/1/23 1:13,46,42,10.35,0.25
ORD,2018/1/23 1:30,45,40,21.85,0.25
ORD,2018/1/23 1:47,42.8,37.4,21.85,0.25
ORD,2018/1/23 1:51,42,37,20.7,0.25
ORD,2018/1/23 2:14,42,36,12.65,0
ORD,2018/1/23 2:51,41,36,8.05,0
ORD,2018/1/23 3:51,40,35,10.35,T
ORD,2018/1/23 4:51,39,33,10.35,0
ORD,2018/1/23 5:51,39,30.9,12.65,0
ORD,2018/1/23 6:51,38,30.9,10.35,0
ORD,2018/1/23 7:51,38,30.9,10.35,0
ORD,2018/1/23 8:29,37,32,9.2,T
ORD,2018/1/23 8:47,35.6,32,9.2,0.25
ORD,2018/1/23 8:51,36,33,11.5,0.25
ORD,2018/1/23 9:51,35,32,10.35,0.51
ORD,2018/1/23 10:15,34,30.9,10.35,T
ORD,2018/1/23 10:33,33,30,12.65,0.25
ORD,2018/1/23 10:44,33,30,13.8,0.51
ORD,2018/1/23 10:51,33,30,13.8,0.51
ORD,2018/1/23 11:06,33,30,10.35,T
ORD,2018/1/23 11:31,33,28.9,13.8,0.25
ORD,2018/1/23 11:49,33.8,28.4,14.95,0.25
ORD,2018/1/23 11:51,33,28.9,11.5,0.25
ORD,2018/1/23 12:02,32,28.9,13.8,T
ORD,2018/1/23 12:06,32,28.9,11.5,T
ORD,2018/1/23 12:42,32,28,17.25,0.25
ORD,2018/1/23 12:44,32,28,17.25,0.25
ORD,2018/1/23 12:51,32,27,17.25,0.25
ORD,2018/1/23 13:21,30.9,27,16.1,T
ORD,2018/1/23 13:49,30.2,28.4,10.35,T
ORD,2018/1/23 13:51,30.9,27,13.8,T
ORD,2018/1/23 14:31,32,26.1,18.4,0
ORD,2018/1/23 14:51,32,26.1,16.1,0
ORD,2018/1/23 15:51,30.9,26.1,14.95,0
ORD,2018/1/23 16:18,30.9,25,17.25,0
ORD,2018/1/23 16:51,30,24.1,16.1,0
ORD,2018/1/23 17:51,30,23,13.8,0
ORD,2018/1/23 18:51,30,23,16.1,T
ORD,2018/1/23 19:51,30,21.9,13.8,0
ORD,2018/1/23 20:51,30.9,24.1,9.2,0
ORD,2018/1/23 21:51,30,24.1,10.35,0
ORD,2018/1/23 22:51,30,23,13.8,0
ORD,2018/1/23 23:51,30,21.9,14.95,0
ORD,2018/1/24 0:51,30,21.9,11.5,0
ORD,2018/1/24 1:51,30,21.9,11.5,0
ORD,2018/1/24 2:51,28.9,21,11.5,0
ORD,2018/1/24 3:51,28.9,21.9,5.75,0
ORD,2018/1/24 4:37,28.9,21.9,8.05,T
ORD,2018/1/24 4:49,28.4,21.2,8.05,T
ORD,2018/1/24 4:51,28,21.9,8.05,T
ORD,2018/1/24 5:51,28,21.9,9.2,0
ORD,2018/1/24 6:51,28,21,8.05,0
ORD,2018/1/24 7:20,28,21.9,6.9,T
ORD,2018/1/24 7:23,27,21.9,8.05,T
ORD,2018/1/24 7:32,28,21.9,10.35,T
ORD,2018/1/24 7:40,28,21,6.9,T
ORD,2018/1/24 7:51,28,21,6.9,T
ORD,2018/1/24 8:06,28,21,6.9,T
ORD,2018/1/24 8:14,28,21,4.6,T
ORD,2018/1/24 8:51,27,21.9,6.9,T
ORD,2018/1/24 9:51,28,19.9,8.05,T
ORD,2018/1/24 10:51,28,21,5.75,0
ORD,2018/1/24 11:28,28,21,8.05,T
ORD,2018/1/24 11:36,28,21,4.6,T
ORD,2018/1/24 11:51,28,21,5.75,T
ORD,2018/1/24 12:51,28,21,5.75,T
ORD,2018/1/24 13:51,28,21.9,5.75,T
ORD,2018/1/24 14:51,28,21.9,5.75,T
ORD,2018/1/24 15:33,28,21.9,4.6,T
ORD,2018/1/24 15:51,28.9,21.9,4.6,T
ORD,2018/1/24 16:51,28.9,21.9,6.9,0
ORD,2018/1/24 17:36,28.9,21.9,8.05,T
ORD,2018/1/24 17:51,28.9,23,4.6,T
ORD,2018/1/24 18:15,28.9,21.9,9.2,T
ORD,2018/1/24 18:51,28.9,21,6.9,T
ORD,2018/1/24 19:51,28.9,21,9.2,T
ORD,2018/1/24 20:51,28.9,19.9,8.05,0
ORD,2018/1/24 21:07,28.9,19.9,5.75,T
ORD,2018/1/24 21:14,28.9,19.9,9.2,T
ORD,2018/1/24 21:51,28.9,19.9,4.6,T
ORD,2018/1/24 22:51,28.9,19.9,4.6,T
ORD,2018/1/24 23:51,28.9,19,9.2,0
ORD,2018/1/25 0:51,28,19,8.05,0
ORD,2018/1/25 1:01,28.9,19,6.9,0
ORD,2018/1/25 1:51,28,19,6.9,0
ORD,2018/1/25 2:51,28,19.9,5.75,0
ORD,2018/1/25 3:51,28.9,21,5.75,0
ORD,2018/1/25 4:51,28.9,21,6.9,0
ORD,2018/1/25 5:51,27,19.9,6.9,0
ORD,2018/1/25 6:51,25,19.9,6.9,0
ORD,2018/1/25 7:51,25,19.9,6.9,0
ORD,2018/1/25 8:51,25,19.9,8.05,0
ORD,2018/1/25 9:51,26.1,21,8.05,0
ORD,2018/1/25 10:51,26.1,21,8.05,0
ORD,2018/1/25 11:51,26.1,21,9.2,0
ORD,2018/1/25 12:51,27,21.9,9.2,0
ORD,2018/1/25 13:51,27,21.9,11.5,0
ORD,2018/1/25 14:51,30,24.1,10.35,0
ORD,2018/1/25 15:51,32,25,11.5,0
ORD,2018/1/25 16:51,35,27,12.65,0
ORD,2018/1/25 17:51,38,28.9,13.8,0
ORD,2018/1/25 18:51,41,30,19.55,0
ORD,2018/1/25 19:51,42,30.9,14.95,0
ORD,2018/1/25 20:51,43,32,12.65,0
ORD,2018/1/25 21:51,43,32,10.35,0
ORD,2018/1/25 22:51,40,32,8.05,0
ORD,2018/1/25 23:51,37,30.9,6.9,0
ORD,2018/1/26 0:51,37,30.9,6.9,0
ORD,2018/1/26 1:51,36,30.9,8.05,0
ORD,2018/1/26 2:51,37,32,8.05,0
ORD,2018/1/26 3:51,34,30,6.9,0
ORD,2018/1/26 4:51,35,30,5.75,0
ORD,2018/1/26 5:51,35,30.9,6.9,0
ORD,2018/1/26 6:51,33,30,5.75,0
ORD,2018/1/26 7:51,33,28.9,4.6,0
ORD,2018/1/26 8:51,39,30.9,9.2,0
ORD,2018/1/26 9:51,39,30.9,14.95,0
ORD,2018/1/26 10:51,40,30.9,14.95,0
ORD,2018/1/26 11:51,40,30.9,13.8,0
ORD,2018/1/26 12:51,40,30,17.25,0
ORD,2018/1/26 13:51,39,30.9,11.5,0
ORD,2018/1/26 14:51,41,30.9,10.35,0
ORD,2018/1/26 15:51,44,30.9,16.1,0
ORD,2018/1/26 16:51,47,30.9,20.7,0
ORD,2018/1/26 17:51,50,30.9,20.7,0
ORD,2018/1/26 18:51,50,30.9,20.7,0
ORD,2018/1/26 19:51,49,32,23,0
ORD,2018/1/26 20:51,50,34,23,0
ORD,2018/1/26 21:51,50,34,25.3,0
ORD,2018/1/26 22:51,50,33,28.75,0
ORD,2018/1/26 23:51,50,30.9,26.45,0
ORD,2018/1/27 0:51,50,30.9,18.4,0
ORD,2018/1/27 1:51,50,30,23,0
ORD,2018/1/27 2:51,50,30,25.3,0
ORD,2018/1/27 3:51,50,30,23,0
ORD,2018/1/27 4:51,49,30,21.85,0
ORD,2018/1/27 5:51,50,30.9,26.45,0
ORD,2018/1/27 6:51,50,33,24.15,0
ORD,2018/1/27 7:51,50,35,21.85,0
ORD,2018/1/27 8:51,49,36,13.8,0
ORD,2018/1/27 9:51,49,37,20.7,0
ORD,2018/1/27 10:51,49,36,13.8,0
ORD,2018/1/27 11:51,46,33,9.2,0
ORD,2018/1/27 12:51,42,30.9,11.5,0
ORD,2018/1/27 13:51,40,30.9,10.35,0
ORD,2018/1/27 14:51,41,30.9,12.65,0
ORD,2018/1/27 15:51,42,28,17.25,0
ORD,2018/1/27 16:51,45,27,12.65,0
ORD,2018/1/27 17:51,46,27,11.5,0
ORD,2018/1/27 18:51,47,26.1,9.2,0
ORD,2018/1/27 19:51,49,24.1,13.8,0
ORD,2018/1/27 20:51,48,23,14.95,0
ORD,2018/1/27 21:51,47,24.1,12.65,0
ORD,2018/1/27 22:51,45,26.1,12.65,0
ORD,2018/1/27 23:51,42,28.9,9.2,0
ORD,2018/1/28 0:51,40,28.9,8.05,0
ORD,2018/1/28 1:51,38,28,8.05,0
ORD,2018/1/28 2:51,37,28,5.75,0
ORD,2018/1/28 3:51,38,27,6.9,0
ORD,2018/1/28 4:51,37,26.1,6.9,0
ORD,2018/1/28 5:51,38,27,6.9,0
ORD,2018/1/28 6:51,34,26.1,4.6,0
ORD,2018/1/28 7:51,30.9,26.1,3.45,0
ORD,2018/1/28 8:51,33,26.1,4.6,0
ORD,2018/1/28 9:51,32,25,3.45,0
ORD,2018/1/28 10:51,30,25,3.45,0
ORD,2018/1/28 11:51,30.9,27,5.75,0
ORD,2018/1/28 12:51,32,28,9.2,0
ORD,2018/1/28 13:51,30.9,27,8.05,0
ORD,2018/1/28 14:51,34,28,4.6,0
ORD,2018/1/28 15:51,37,28,5.75,0
ORD,2018/1/28 16:51,39,28,5.75,0
ORD,2018/1/28 17:51,39,28,5.75,0
ORD,2018/1/28 18:51,39,28,9.2,0
ORD,2018/1/28 19:28,36,27,11.5,0
ORD,2018/1/28 19:51,35,26.1,12.65,0
ORD,2018/1/28 20:51,34,25,8.05,0
ORD,2018/1/28 21:51,34,25,9.2,0
ORD,2018/1/28 22:51,33,26.1,12.65,0
ORD,2018/1/28 23:12,33,26.1,12.65,0
ORD,2018/1/28 23:51,33,26.1,13.8,0
ORD,2018/1/29 0:51,32,26.1,13.8,0
ORD,2018/1/29 1:51,32,26.1,9.2,T
ORD,2018/1/29 2:51,32,25,11.5,T
ORD,2018/1/29 3:51,32,24.1,13.8,T
ORD,2018/1/29 4:51,30,24.1,14.95,T
ORD,2018/1/29 5:08,30,24.1,12.65,T
ORD,2018/1/29 5:49,30.2,24.8,11.5,0.25
ORD,2018/1/29 5:51,30,24.1,14.95,0.25
ORD,2018/1/29 6:51,28,21.9,16.1,T
ORD,2018/1/29 7:51,27,19.9,11.5,T
ORD,2018/1/29 8:51,27,21,11.5,0
ORD,2018/1/29 9:51,27,21,13.8,0
ORD,2018/1/29 10:51,27,19.9,17.25,0
ORD,2018/1/29 11:51,26.1,19.9,13.8,T
ORD,2018/1/29 12:51,25,18,16.1,T
ORD,2018/1/29 13:51,24.1,17.1,13.8,T
ORD,2018/1/29 14:51,24.1,15.1,14.95,T
ORD,2018/1/29 15:51,24.1,12.9,19.55,T
ORD,2018/1/29 16:51,24.1,12.9,16.1,T
ORD,2018/1/29 17:51,25,14,12.65,T
ORD,2018/1/29 18:07,25,14,17.25,T
ORD,2018/1/29 18:51,26.1,14,12.65,T
ORD,2018/1/29 19:51,26.1,12.9,12.65,T
ORD,2018/1/29 20:51,25,12,11.5,T
ORD,2018/1/29 21:51,25,12,10.35,T
ORD,2018/1/29 22:51,24.1,10.9,13.8,0
ORD,2018/1/29 23:51,21.9,10,10.35,0
ORD,2018/1/30 0:51,21,10,10.35,0
ORD,2018/1/30 1:47,19.4,8.6,12.65,0
ORD,2018/1/30 1:51,19.9,9,12.65,0
ORD,2018/1/30 2:51,19,9,4.6,0
ORD,2018/1/30 3:51,18,9,4.6,0
ORD,2018/1/30 4:51,18,9,5.75,0
ORD,2018/1/30 5:51,17.1,9,3.45,0
ORD,2018/1/30 6:51,17.1,9,0,0
ORD,2018/1/30 7:51,17.1,10,4.6,0
ORD,2018/1/30 8:51,16,10,4.6,0
ORD,2018/1/30 9:51,16,10,4.6,0
ORD,2018/1/30 10:51,16,9,5.75,0
ORD,2018/1/30 11:51,16,9,3.45,0
ORD,2018/1/30 12:51,15.1,8.1,4.6,0
ORD,2018/1/30 13:51,16,9,5.75,0
ORD,2018/1/30 14:51,19,9,0,0
ORD,2018/1/30 15:51,23,10,6.9,0
ORD,2018/1/30 16:51,25,9,9.2,0
ORD,2018/1/30 17:51,27,10,6.9,0
ORD,2018/1/30 18:51,28,10.9,6.9,0
ORD,2018/1/30 19:51,30,12,9.2,0
ORD,2018/1/30 20:51,28.9,12,11.5,0
ORD,2018/1/30 21:51,30,12.9,13.8,0
ORD,2018/1/30 22:51,30,14,17.25,0
ORD,2018/1/30 23:51,30,15.1,17.25,0
ORD,2018/1/31 0:51,30,16,14.95,0
ORD,2018/1/31 1:51,30,16,17.25,0
ORD,2018/1/31 2:51,30,17.1,20.7,0
ORD,2018/1/31 3:51,30,16,24.15,0
ORD,2018/1/31 4:51,30.9,17.1,23,0
ORD,2018/1/31 5:51,30.9,18,19.55,0
ORD,2018/1/31 6:51,30.9,18,20.7,0
ORD,2018/1/31 8:51,32,18,16.1,0
ORD,2018/1/31 9:51,32,18,16.1,0
ORD,2018/1/31 10:51,33,19,17.25,0
ORD,2018/1/31 11:51,32,19,14.95,0
ORD,2018/1/31 12:51,32,19,19.55,0
ORD,2018/1/31 13:51,33,19.9,18.4,0
ORD,2018/1/31 14:51,35,21,16.1,0
ORD,2018/1/31 15:51,39,21.9,21.85,0
ORD,2018/1/31 16:51,42,23,18.4,0
ORD,2018/1/31 17:51,41,25,17.25,0
ORD,2018/1/31 18:51,41,25,13.8,0
ORD,2018/1/31 19:51,41,26.1,11.5,0
ORD,2018/1/31 20:51,42,27,11.5,0
ORD,2018/1/31 21:51,41,28,10.35,0
ORD,2018/1/31 22:51,40,28,11.5,0
ORD,2018/1/31 23:51,39,28,8.05,0
ORD,2018/2/1 0:51,39,28,8.05,0
ORD,2018/2/1 1:51,38,28,6.9,0
ORD,2018/2/1 2:51,37,28,6.9,0
ORD,2018/2/1 3:51,37,27,8.05,0
ORD,2018/2/1 4:51,36,26.1,8.05,0
ORD,2018/2/1 5:51,35,25,10.35,0
ORD,2018/2/1 6:51,34,25,10.35,0
ORD,2018/2/1 7:51,33,21.9,8.05,0
ORD,2018/2/1 8:51,33,21.9,9.2,0
ORD,2018/2/1 9:51,33,23,11.5,0
ORD,2018/2/1 10:51,32,24.1,9.2,0
ORD,2018/2/1 11:51,30.9,24.1,14.95,0
ORD,2018/2/1 12:51,30,21,23,0
ORD,2018/2/1 13:51,24.1,6,18.4,0
ORD,2018/2/1 14:51,21,4,19.55,0
ORD,2018/2/1 15:51,18,0,20.7,0
ORD,2018/2/1 16:51,18,-4,20.7,0
ORD,2018/2/1 17:51,18,-4,17.25,0
ORD,2018/2/1 18:51,18,-3,14.95,0
ORD,2018/2/1 19:51,17.1,-3,16.1,0
ORD,2018/2/1 20:51,17.1,-3,16.1,0
ORD,2018/2/1 21:51,16,-5,18.4,0
ORD,2018/2/1 22:51,14,-5,16.1,0
ORD,2018/2/1 23:51,12.9,-6,18.4,0
ORD,2018/2/2 0:51,12.9,-6,12.65,0
ORD,2018/2/2 1:51,12,-6,13.8,0
ORD,2018/2/2 2:51,10.9,-6,13.8,0
ORD,2018/2/2 3:51,10.9,-7,16.1,0
ORD,2018/2/2 4:51,9,-8,19.55,0
ORD,2018/2/2 5:51,8.1,-8,13.8,0
ORD,2018/2/2 6:51,7,-8,14.95,0
ORD,2018/2/2 7:51,6,-8,10.35,0
ORD,2018/2/2 8:51,5,-7,11.5,0
ORD,2018/2/2 9:51,5,-7,10.35,0
ORD,2018/2/2 10:51,5,-7,6.9,0
ORD,2018/2/2 11:51,5,-6,10.35,0
ORD,2018/2/2 12:51,5,-6,10.35,0
ORD,2018/2/2 13:51,5,-5,11.5,0
ORD,2018/2/2 14:51,7,-5,8.05,0
ORD,2018/2/2 15:51,10.9,-5,10.35,0
ORD,2018/2/2 16:51,12.9,-5,11.5,0
ORD,2018/2/2 17:51,14,-5,8.05,0
ORD,2018/2/2 18:51,16,-5,9.2,0
ORD,2018/2/2 19:51,18,-5,8.05,0
ORD,2018/2/2 20:51,19,-5,10.35,0
ORD,2018/2/2 21:51,19,-4,10.35,0
ORD,2018/2/2 22:51,19,-3,11.5,0
ORD,2018/2/2 23:51,18,-0.9,8.05,0
ORD,2018/2/3 0:51,19,0,10.35,0
ORD,2018/2/3 1:51,19,0,10.35,0
ORD,2018/2/3 2:51,19.9,0,10.35,0
ORD,2018/2/3 3:51,19.9,1,11.5,0
ORD,2018/2/3 4:51,21,1.9,11.5,0
ORD,2018/2/3 5:51,21.9,3,10.35,0
ORD,2018/2/3 6:51,21.9,5,11.5,0
ORD,2018/2/3 7:51,21.9,8.1,9.2,0
ORD,2018/2/3 8:51,21.9,10,8.05,0
ORD,2018/2/3 9:51,21.9,9,8.05,0
ORD,2018/2/3 10:51,21.9,9,9.2,0
ORD,2018/2/3 11:51,23,9,10.35,0
ORD,2018/2/3 12:51,24.1,10,9.2,0
ORD,2018/2/3 13:51,25,10.9,9.2,0
ORD,2018/2/3 14:51,26.1,12,14.95,0
ORD,2018/2/3 15:51,28.9,12.9,13.8,0
ORD,2018/2/3 16:51,30.9,14,14.95,0
ORD,2018/2/3 17:51,33,14,13.8,0
ORD,2018/2/3 18:51,34,14,17.25,0
ORD,2018/2/3 19:51,36,14,17.25,0
ORD,2018/2/3 20:51,39,12.9,14.95,0
ORD,2018/2/3 21:51,40,12.9,14.95,0
ORD,2018/2/3 22:51,40,12.9,18.4,0
ORD,2018/2/3 23:51,39,12.9,23,0
ORD,2018/2/4 0:51,38,12,20.7,0
ORD,2018/2/4 1:39,36,18,23,T
ORD,2018/2/4 1:51,34,21.9,17.25,T
ORD,2018/2/4 2:06,32,25,23,T
ORD,2018/2/4 2:23,32,26.1,17.25,T
ORD,2018/2/4 2:37,30.9,27,11.5,T
ORD,2018/2/4 2:51,30.9,28,12.65,0.25
ORD,2018/2/4 3:00,30.9,28,12.65,0.25
ORD,2018/2/4 3:10,30.9,28,11.5,0.25
ORD,2018/2/4 3:21,30.9,28,10.35,0.51
ORD,2018/2/4 3:26,30.9,28,10.35,0.51
ORD,2018/2/4 3:46,30.2,28.4,12.65,0.51
ORD,2018/2/4 3:51,30.9,28,10.35,0.51
ORD,2018/2/4 4:30,30.9,27,9.2,T
ORD,2018/2/4 4:51,30.9,27,8.05,T
ORD,2018/2/4 5:51,30.9,26.1,9.2,0
ORD,2018/2/4 6:51,30.9,26.1,4.6,0
ORD,2018/2/4 7:51,33,24.1,4.6,0
ORD,2018/2/4 8:51,34,24.1,11.5,0
ORD,2018/2/4 9:51,33,26.1,6.9,0
ORD,2018/2/4 10:10,32,27,8.05,T
ORD,2018/2/4 10:21,32,27,5.75,T
ORD,2018/2/4 10:27,32,27,6.9,T
ORD,2018/2/4 10:31,32,27,5.75,0.25
ORD,2018/2/4 10:37,32,28,6.9,0.25
ORD,2018/2/4 10:51,30.9,28,10.35,0.51
ORD,2018/2/4 11:21,28.9,25,14.95,0.25
ORD,2018/2/4 11:33,28,24.1,11.5,0.25
ORD,2018/2/4 11:39,28,24.1,12.65,0.25
ORD,2018/2/4 11:51,28,24.1,13.8,0.25
ORD,2018/2/4 11:59,28,23,12.65,T
ORD,2018/2/4 12:51,24.1,19,13.8,0.25
ORD,2018/2/4 13:51,21.9,17.1,17.25,T
ORD,2018/2/4 14:28,19.9,15.1,18.4,T
ORD,2018/2/4 14:51,19.9,16,14.95,T
ORD,2018/2/4 15:12,19,14,16.1,T
ORD,2018/2/4 15:51,18,12,18.4,0.25
ORD,2018/2/4 16:18,17.1,12,23,T
ORD,2018/2/4 16:27,18,12,19.55,T
ORD,2018/2/4 16:49,17.6,10.4,17.25,0.25
ORD,2018/2/4 16:50,17.1,12,17.25,0.25
ORD,2018/2/4 17:13,18,12,23,0.25
ORD,2018/2/4 17:29,17.1,10.9,19.55,0.25
ORD,2018/2/4 17:40,17.1,10.9,19.55,0.51
ORD,2018/2/4 17:51,17.1,10.9,18.4,0.51
ORD,2018/2/4 18:49,15.8,8.6,19.55,0.25
ORD,2018/2/4 18:51,15.1,9,20.7,0.25
ORD,2018/2/4 19:51,14,9,20.7,0.51
ORD,2018/2/4 20:20,14,9,19.55,T
ORD,2018/2/4 20:40,15.1,9,20.7,0.25
ORD,2018/2/4 20:51,15.1,9,17.25,0.25
ORD,2018/2/4 21:09,14,8.1,18.4,T
ORD,2018/2/4 21:22,14,8.1,17.25,T
ORD,2018/2/4 21:35,15.1,7,17.25,T
ORD,2018/2/4 21:51,15.1,8.1,16.1,T
ORD,2018/2/4 22:51,14,5,16.1,T
ORD,2018/2/4 23:51,12,3,16.1,0
ORD,2018/2/5 0:51,10.9,1,11.5,0
ORD,2018/2/5 1:51,10,0,9.2,0
ORD,2018/2/5 2:51,9,-0.9,11.5,0
ORD,2018/2/5 3:51,7,-4,9.2,0
ORD,2018/2/5 4:51,6,-6,12.65,0
ORD,2018/2/5 5:51,5,-7,9.2,0
ORD,2018/2/5 6:51,4,-7,9.2,0
ORD,2018/2/5 7:51,1.9,-8,10.35,0
ORD,2018/2/5 8:51,1,-9,6.9,0
ORD,2018/2/5 9:51,0,-9.9,5.75,0
ORD,2018/2/5 10:51,-2,-9,5.75,0
ORD,2018/2/5 11:51,-2,-9.9,5.75,0
ORD,2018/2/5 12:51,-2,-9,4.6,0
ORD,2018/2/5 13:51,-0.9,-8,4.6,0
ORD,2018/2/5 14:51,1.9,-7,4.6,0
ORD,2018/2/5 15:51,5,-4,5.75,0
ORD,2018/2/5 16:51,9,-4,6.9,0
ORD,2018/2/5 17:51,10.9,-4,8.05,0
ORD,2018/2/5 18:51,10.9,-5,8.05,0
ORD,2018/2/5 19:51,10.9,-4,9.2,0
ORD,2018/2/5 20:51,12,-2,9.2,0
ORD,2018/2/5 21:05,10.9,0,10.35,T
ORD,2018/2/5 21:12,10.9,1.9,10.35,T
ORD,2018/2/5 21:15,10.9,1.9,9.2,T
ORD,2018/2/5 21:24,10.9,3,9.2,T
ORD,2018/2/5 21:51,10.9,4,6.9,0.25
ORD,2018/2/5 22:16,10.9,5,6.9,T
ORD,2018/2/5 22:26,10.9,5,6.9,0.25
ORD,2018/2/5 22:51,10,5,5.75,0.51
ORD,2018/2/5 23:18,10,6,8.05,0.51
ORD,2018/2/5 23:26,10,6,6.9,0.51
ORD,2018/2/5 23:41,10,6,8.05,0.76
ORD,2018/2/5 23:51,10,6,6.9,1.02
ORD,2018/2/5 23:59,10,6,8.05,T
ORD,2018/2/6 0:18,10.9,6,6.9,0.25
ORD,2018/2/6 0:51,10.9,7,8.05,1.27
ORD,2018/2/6 1:31,10.9,6,8.05,1.02
ORD,2018/2/6 1:51,10.9,7,5.75,1.27
ORD,2018/2/6 2:51,10.9,7,5.75,0.76
ORD,2018/2/6 3:31,10.9,7,6.9,0.25
ORD,2018/2/6 3:46,10.4,6.8,8.05,0.25
ORD,2018/2/6 3:51,10.9,7,6.9,0.25
ORD,2018/2/6 4:13,10.9,6,9.2,0.25
ORD,2018/2/6 4:28,10.9,6,5.75,0.25
ORD,2018/2/6 4:51,10.9,6,6.9,0.25
ORD,2018/2/6 5:51,12,6,6.9,T
ORD,2018/2/6 6:51,10.9,6,9.2,T
ORD,2018/2/6 7:51,10,5,5.75,T
ORD,2018/2/6 8:51,9,4,6.9,0
ORD,2018/2/6 9:51,8.1,4,9.2,0
ORD,2018/2/6 10:51,6,1.9,6.9,0
ORD,2018/2/6 11:51,3,0,5.75,0
ORD,2018/2/6 12:51,6,1.9,10.35,0
ORD,2018/2/6 13:51,6,3,6.9,0
ORD,2018/2/6 14:51,10,4,10.35,0
ORD,2018/2/6 15:51,12.9,5,4.6,0
ORD,2018/2/6 16:51,15.1,5,0,0
ORD,2018/2/6 17:51,18,5,4.6,0
ORD,2018/2/6 18:51,19,4,0,0
ORD,2018/2/6 19:51,19,3,0,0
ORD,2018/2/6 20:51,18,4,0,0
ORD,2018/2/6 21:51,19,5,0,0
ORD,2018/2/6 22:51,19,5,0,0
ORD,2018/2/6 23:51,19,9,8.05,0
ORD,2018/2/7 0:51,19.9,9,4.6,0
ORD,2018/2/7 1:51,19,10,6.9,0
ORD,2018/2/7 2:51,19.9,10,5.75,0
ORD,2018/2/7 3:39,19,10.9,0,T
ORD,2018/2/7 3:51,19,10.9,5.75,T
ORD,2018/2/7 4:13,19,12,5.75,T
ORD,2018/2/7 4:46,17.6,12.2,9.2,T
ORD,2018/2/7 4:51,17.1,12,10.35,T
ORD,2018/2/7 4:59,16,10,10.35,T
ORD,2018/2/7 5:51,16,10.9,5.75,0.25
ORD,2018/2/7 5:59,16,12,6.9,0.25
ORD,2018/2/7 6:03,16,12,6.9,0.25
ORD,2018/2/7 6:24,16,12,6.9,0.51
ORD,2018/2/7 6:37,16,12,8.05,0.51
ORD,2018/2/7 6:51,15.1,10.9,8.05,0.76
ORD,2018/2/7 7:25,15.1,10,8.05,0.25
ORD,2018/2/7 7:51,15.1,10,8.05,0.76
ORD,2018/2/7 8:16,14,10,9.2,0.51
ORD,2018/2/7 8:46,14,10.4,8.05,0.76
ORD,2018/2/7 8:51,14,10,8.05,0.76
ORD,2018/2/7 9:21,14,10,11.5,0.25
ORD,2018/2/7 9:51,14,9,8.05,0.51
ORD,2018/2/7 10:06,14,9,8.05,T
ORD,2018/2/7 10:24,14,9,10.35,T
ORD,2018/2/7 10:51,14,10,5.75,T
ORD,2018/2/7 11:51,14,10,11.5,T
ORD,2018/2/7 12:37,14,10,9.2,T
ORD,2018/2/7 12:46,14,10.4,9.2,T
ORD,2018/2/7 12:51,14,10,9.2,T
ORD,2018/2/7 13:51,15.1,10,6.9,0.25
ORD,2018/2/7 14:51,16,9,8.05,T
ORD,2018/2/7 15:51,16,9,12.65,0
ORD,2018/2/7 16:51,17.1,9,12.65,T
ORD,2018/2/7 17:51,17.1,9,13.8,T
ORD,2018/2/7 18:51,18,9,11.5,T
ORD,2018/2/7 19:51,19,10,10.35,0
ORD,2018/2/7 20:51,18,9,17.25,0
ORD,2018/2/7 21:02,17.1,7,13.8,0
ORD,2018/2/7 21:51,18,8.1,10.35,T
ORD,2018/2/7 22:51,16,7,11.5,T
ORD,2018/2/7 23:51,16,6,11.5,T
ORD,2018/2/8 0:51,15.1,5,8.05,T
ORD,2018/2/8 1:51,14,3,9.2,0
ORD,2018/2/8 2:51,14,4,8.05,0
ORD,2018/2/8 3:51,12.9,3,5.75,0
ORD,2018/2/8 4:28,10.9,1.9,4.6,0
ORD,2018/2/8 4:51,10,1.9,4.6,0
ORD,2018/2/8 5:51,9,3,4.6,0
ORD,2018/2/8 6:51,8.1,1.9,4.6,0
ORD,2018/2/8 7:51,8.1,1.9,6.9,0
ORD,2018/2/8 8:51,8.1,1.9,5.75,0
ORD,2018/2/8 9:51,9,1.9,3.45,0
ORD,2018/2/8 10:51,9,1.9,4.6,0
ORD,2018/2/8 11:51,9,1.9,6.9,0
ORD,2018/2/8 12:51,10,1.9,5.75,0
ORD,2018/2/8 13:51,10.9,3,4.6,0
ORD,2018/2/8 14:51,12,3,8.05,0
ORD,2018/2/8 15:51,12.9,5,9.2,0
ORD,2018/2/8 16:51,15.1,5,11.5,0
ORD,2018/2/8 17:51,17.1,6,9.2,0
ORD,2018/2/8 18:51,18,7,10.35,0
ORD,2018/2/8 19:51,19,8.1,9.2,0
ORD,2018/2/8 20:51,19.9,9,5.75,0
ORD,2018/2/8 21:51,19.9,10,6.9,0
ORD,2018/2/8 22:51,21,10.9,8.05,0
ORD,2018/2/8 23:51,19.9,12,8.05,T
ORD,2018/2/9 0:09,19.9,12.9,3.45,T
ORD,2018/2/9 0:12,19.9,12.9,3.45,T
ORD,2018/2/9 0:51,19.9,15.1,8.05,T
ORD,2018/2/9 1:00,19,15.1,6.9,0.25
ORD,2018/2/9 1:51,19,15.1,4.6,0.51
ORD,2018/2/9 2:37,19,16,5.75,0.51
ORD,2018/2/9 2:51,19,16,4.6,0.51
ORD,2018/2/9 3:05,19.9,16,4.6,0.25
ORD,2018/2/9 3:51,19.9,17.1,6.9,1.02
ORD,2018/2/9 4:12,19.9,17.1,4.6,0.25
ORD,2018/2/9 4:29,19.9,17.1,5.75,0.51
ORD,2018/2/9 4:51,19.9,17.1,5.75,1.02
ORD,2018/2/9 4:58,21,17.1,8.05,T
ORD,2018/2/9 5:51,21,18,8.05,0.51
ORD,2018/2/9 6:18,21.9,18,5.75,0.51
ORD,2018/2/9 6:37,21.9,19,5.75,1.02
ORD,2018/2/9 6:51,21.9,19,6.9,1.27
ORD,2018/2/9 7:04,21.9,19,6.9,0.25
ORD,2018/2/9 7:13,21.9,19,6.9,0.51
ORD,2018/2/9 7:41,21.9,19,9.2,1.52
ORD,2018/2/9 7:51,21.9,19,11.5,1.78
ORD,2018/2/9 8:02,21.9,19,10.35,0.25
ORD,2018/2/9 8:12,21.9,19,10.35,0.51
ORD,2018/2/9 8:18,21.9,19,9.2,0.51
ORD,2018/2/9 8:41,23,19,8.05,1.02
ORD,2018/2/9 8:51,23,19,10.35,1.02
ORD,2018/2/9 9:05,23,19.9,10.35,0.51
ORD,2018/2/9 9:22,23,19.9,9.2,1.02
ORD,2018/2/9 9:51,23,19.9,6.9,2.03
ORD,2018/2/9 10:51,24.1,21,9.2,1.78
ORD,2018/2/9 10:58,24.1,21,9.2,0.25
ORD,2018/2/9 11:10,24.1,21,8.05,0.51
ORD,2018/2/9 11:51,25,21.9,10.35,1.27
ORD,2018/2/9 12:08,25,21.9,9.2,0.25
ORD,2018/2/9 12:22,25,23,5.75,0.76
ORD,2018/2/9 12:34,25,23,6.9,1.02
ORD,2018/2/9 12:44,26.1,23,6.9,1.27
ORD,2018/2/9 12:51,26.1,23,6.9,1.52
ORD,2018/2/9 13:09,26.1,23,9.2,0.25
ORD,2018/2/9 13:20,26.1,23,9.2,0.25
ORD,2018/2/9 13:36,26.1,23,10.35,0.51
ORD,2018/2/9 13:51,26.1,23,9.2,0.76
ORD,2018/2/9 14:05,26.1,23,9.2,0.25
ORD,2018/2/9 14:32,27,24.1,8.05,0.51
ORD,2018/2/9 14:41,27,24.1,9.2,0.51
ORD,2018/2/9 14:51,27,23,9.2,0.51
ORD,2018/2/9 15:21,27,24.1,6.9,0.51
ORD,2018/2/9 15:34,28,24.1,6.9,0.76
ORD,2018/2/9 15:51,28,24.1,9.2,1.02
ORD,2018/2/9 16:00,28,23,12.65,T
ORD,2018/2/9 16:09,28,23,14.95,T
ORD,2018/2/9 16:24,28,23,16.1,T
ORD,2018/2/9 16:33,28,24.1,13.8,0.25
ORD,2018/2/9 16:43,28,24.1,16.1,0.51
ORD,2018/2/9 16:51,28,24.1,16.1,0.51
ORD,2018/2/9 17:32,27,21.9,18.4,0.51
ORD,2018/2/9 17:51,27,21,14.95,0.51
ORD,2018/2/9 18:18,27,21.9,14.95,T
ORD,2018/2/9 18:42,27,21.9,12.65,0.76
ORD,2018/2/9 18:51,27,21,13.8,0.76
ORD,2018/2/9 18:59,27,19.9,13.8,T
ORD,2018/2/9 19:07,27,19.9,18.4,T
ORD,2018/2/9 19:51,27,19.9,12.65,T
ORD,2018/2/9 20:51,26.1,18,13.8,0
ORD,2018/2/9 21:51,25,19,11.5,T
ORD,2018/2/9 22:24,24.1,19,12.65,0
ORD,2018/2/9 22:51,24.1,19,10.35,T
ORD,2018/2/9 23:51,23,18,11.5,T
ORD,2018/2/10 0:51,21.9,16,10.35,0
ORD,2018/2/10 1:51,21.9,16,9.2,0
ORD,2018/2/10 2:51,21,14,10.35,0
ORD,2018/2/10 3:51,19.9,12.9,9.2,0
ORD,2018/2/10 4:51,19,12,10.35,0
ORD,2018/2/10 5:51,18,10,13.8,0
ORD,2018/2/10 6:51,18,9,11.5,0
ORD,2018/2/10 7:51,18,10,8.05,0
ORD,2018/2/10 8:51,18,7,11.5,0
ORD,2018/2/10 9:51,17.1,4,12.65,T
ORD,2018/2/10 10:19,16,5,16.1,T
ORD,2018/2/10 10:51,16,7,14.95,T
ORD,2018/2/10 11:08,15.1,8.1,14.95,0.25
ORD,2018/2/10 11:24,15.1,9,13.8,0.25
ORD,2018/2/10 11:32,15.1,9,10.35,0.25
ORD,2018/2/10 11:42,15.1,10,14.95,0.25
ORD,2018/2/10 11:51,15.1,9,12.65,0.51
ORD,2018/2/10 11:59,15.1,9,13.8,T
ORD,2018/2/10 12:51,15.1,9,11.5,T
ORD,2018/2/10 13:51,15.1,6,11.5,T
ORD,2018/2/10 14:51,15.1,8.1,8.05,T
ORD,2018/2/10 14:57,15.1,8.1,9.2,T
ORD,2018/2/10 15:00,15.1,8.1,9.2,T
ORD,2018/2/10 15:20,15.1,9,10.35,T
ORD,2018/2/10 15:28,15.1,9,9.2,0.25
ORD,2018/2/10 15:51,15.1,10,12.65,0.25
ORD,2018/2/10 16:51,18,10.9,9.2,T
ORD,2018/2/10 17:51,19.9,12,9.2,T
ORD,2018/2/10 18:51,21,12.9,8.05,T
ORD,2018/2/10 19:51,21,12.9,8.05,0
ORD,2018/2/10 20:51,21.9,12.9,9.2,0
ORD,2018/2/10 21:17,21,12.9,6.9,0
ORD,2018/2/10 21:51,21.9,12.9,11.5,0
ORD,2018/2/10 22:51,21,12.9,8.05,0
ORD,2018/2/10 23:51,19.9,12,8.05,0
ORD,2018/2/11 0:51,19,10.9,6.9,0
ORD,2018/2/11 1:51,19,10,6.9,0
ORD,2018/2/11 2:51,19,10.9,6.9,0
ORD,2018/2/11 3:14,19.9,10.9,6.9,0
ORD,2018/2/11 3:51,19.9,12,6.9,0
ORD,2018/2/11 4:51,19.9,12,8.05,0
ORD,2018/2/11 5:19,19.9,12.9,8.05,T
ORD,2018/2/11 5:28,19.9,12.9,6.9,T
ORD,2018/2/11 5:41,19.9,15.1,6.9,0.25
ORD,2018/2/11 5:51,19.9,15.1,5.75,0.51
ORD,2018/2/11 6:51,19,16,6.9,1.27
ORD,2018/2/11 7:16,19.9,16,8.05,0.76
ORD,2018/2/11 7:36,19,17.1,5.75,1.52
ORD,2018/2/11 7:51,19.9,16,5.75,2.29
ORD,2018/2/11 7:57,19,16,8.05,T
ORD,2018/2/11 8:14,19,16,8.05,T
ORD,2018/2/11 8:23,19,16,8.05,0.51
ORD,2018/2/11 8:43,19,15.1,8.05,0.76
ORD,2018/2/11 8:51,19,15.1,8.05,1.02
ORD,2018/2/11 9:05,19,15.1,8.05,0.25
ORD,2018/2/11 9:21,18,15.1,10.35,0.51
ORD,2018/2/11 9:37,18,14,11.5,0.76
ORD,2018/2/11 9:51,18,14,10.35,1.02
ORD,2018/2/11 10:47,17.6,14,13.8,0.25
ORD,2018/2/11 10:51,18,14,12.65,0.25
ORD,2018/2/11 11:42,17.1,14,12.65,0.76
ORD,2018/2/11 11:51,17.1,14,10.35,0.76
ORD,2018/2/11 12:51,18,14,12.65,1.27
ORD,2018/2/11 13:18,18,14,13.8,0.51
ORD,2018/2/11 13:51,18,14,11.5,0.76
ORD,2018/2/11 14:36,19,14,9.2,0.25
ORD,2018/2/11 14:51,19,15.1,12.65,0.51
ORD,2018/2/11 15:51,19.9,16,10.35,0.76
ORD,2018/2/11 16:06,19.9,16,11.5,T
ORD,2018/2/11 16:51,21,16,11.5,T
ORD,2018/2/11 17:03,19.9,15.1,11.5,T
ORD,2018/2/11 17:37,21,15.1,12.65,T
ORD,2018/2/11 17:51,21,15.1,11.5,T
ORD,2018/2/11 18:09,21,14,11.5,T
ORD,2018/2/11 18:51,21,12.9,13.8,T
ORD,2018/2/11 19:51,21,12.9,12.65,0
ORD,2018/2/11 20:51,21.9,12,9.2,0
ORD,2018/2/11 21:51,21.9,10.9,11.5,0
ORD,2018/2/11 22:51,19,10,10.35,0
ORD,2018/2/11 23:51,19,8.1,10.35,0
ORD,2018/2/12 0:51,16,8.1,8.05,0
ORD,2018/2/12 1:51,15.1,6,9.2,0
ORD,2018/2/12 2:51,12.9,4,6.9,0
ORD,2018/2/12 3:51,12,3,6.9,0
ORD,2018/2/12 4:51,12,1.9,4.6,0
ORD,2018/2/12 5:51,12,1.9,6.9,0
ORD,2018/2/12 6:51,10.9,1.9,6.9,0
ORD,2018/2/12 7:51,9,1,8.05,0
ORD,2018/2/12 8:51,8.1,0,3.45,0
ORD,2018/2/12 9:51,6,-0.9,4.6,0
ORD,2018/2/12 10:51,7,-0.9,5.75,0
ORD,2018/2/12 11:51,5,-0.9,9.2,0
ORD,2018/2/12 12:51,10,1,10.35,0
ORD,2018/2/12 13:51,12,1,9.2,0
ORD,2018/2/12 14:51,14,1.9,6.9,0
ORD,2018/2/12 15:51,17.1,3,8.05,0
ORD,2018/2/12 16:51,21.9,3,5.75,0
ORD,2018/2/12 17:51,21.9,3,6.9,0
ORD,2018/2/12 18:51,24.1,1.9,8.05,0
ORD,2018/2/12 19:51,25,1,6.9,0
ORD,2018/2/12 20:51,27,1.9,5.75,0
ORD,2018/2/12 21:51,24.1,5,6.9,0
ORD,2018/2/12 22:51,21.9,5,8.05,0
ORD,2018/2/12 23:51,21,4,6.9,0
ORD,2018/2/13 0:51,19.9,6,5.75,0
ORD,2018/2/13 1:51,14,4,3.45,0
ORD,2018/2/13 2:51,12.9,5,0,0
ORD,2018/2/13 3:51,15.1,5,6.9,0
ORD,2018/2/13 4:51,12.9,3,0,0
ORD,2018/2/13 5:51,12.9,3,6.9,0
ORD,2018/2/13 6:51,14,4,5.75,0
ORD,2018/2/13 7:51,12,3,0,0
ORD,2018/2/13 8:51,14,6,5.75,0
ORD,2018/2/13 9:51,10.9,4,0,0
ORD,2018/2/13 10:51,9,5,0,0
ORD,2018/2/13 11:51,12,7,0,0
ORD,2018/2/13 12:51,14,9,0,0
ORD,2018/2/13 13:51,19,12.9,4.6,0
ORD,2018/2/13 14:51,23,15.1,8.05,0
ORD,2018/2/13 15:51,25,14,9.2,0
ORD,2018/2/13 16:51,26.1,14,11.5,0
ORD,2018/2/13 17:51,27,12.9,9.2,0
ORD,2018/2/13 18:51,30.9,14,9.2,0
ORD,2018/2/13 19:51,35,12,11.5,0
ORD,2018/2/13 20:51,35,12.9,11.5,0
ORD,2018/2/13 21:51,33,17.1,5.75,0
ORD,2018/2/13 22:51,32,18,6.9,0
ORD,2018/2/13 23:51,28.9,16,6.9,0
ORD,2018/2/14 0:51,26.1,16,8.05,0
ORD,2018/2/14 1:51,25,17.1,3.45,0
ORD,2018/2/14 2:51,23,17.1,8.05,0
ORD,2018/2/14 3:51,26.1,18,8.05,0
ORD,2018/2/14 4:51,27,19.9,6.9,0
ORD,2018/2/14 5:51,28.9,23,8.05,0
ORD,2018/2/14 6:51,28.9,23,9.2,0
ORD,2018/2/14 7:51,28,23,9.2,0
ORD,2018/2/14 8:51,28,23,8.05,0
ORD,2018/2/14 9:51,28,23,6.9,0
ORD,2018/2/14 10:51,26.1,21.9,6.9,0
ORD,2018/2/14 11:51,27,23,5.75,0
ORD,2018/2/14 12:51,26.1,21.9,8.05,0
ORD,2018/2/14 13:51,28.9,25,10.35,0
ORD,2018/2/14 14:51,33,27,10.35,0
ORD,2018/2/14 15:51,37,28,12.65,0
ORD,2018/2/14 16:51,39,30,10.35,0
ORD,2018/2/14 17:51,41,30.9,9.2,0
ORD,2018/2/14 18:51,43,33,11.5,0
ORD,2018/2/14 19:51,43,34,16.1,0
ORD,2018/2/14 20:51,44,36,13.8,0
ORD,2018/2/14 21:22,43,36,12.65,0
ORD,2018/2/14 21:51,42,36,5.75,0
ORD,2018/2/14 22:51,41,37,13.8,0
ORD,2018/2/14 23:03,41,38,10.35,0
ORD,2018/2/14 23:51,40,38,8.05,T
ORD,2018/2/14 23:57,39,37,6.9,T
ORD,2018/2/15 0:08,39,37,6.9,T
ORD,2018/2/15 0:51,40,38,9.2,T
ORD,2018/2/15 1:46,39.2,39.2,11.5,T
ORD,2018/2/15 1:51,40,39,11.5,T
ORD,2018/2/15 2:29,40,39,9.2,T
ORD,2018/2/15 2:51,41,39,9.2,T
ORD,2018/2/15 3:10,41,39,9.2,T
ORD,2018/2/15 3:16,41,39,10.35,T
ORD,2018/2/15 3:28,40,39,8.05,T
ORD,2018/2/15 3:51,40,39,8.05,T
ORD,2018/2/15 4:01,40,39,10.35,T
ORD,2018/2/15 4:13,40,39,8.05,T
ORD,2018/2/15 4:39,39,38,8.05,T
ORD,2018/2/15 4:44,40,38,6.9,T
ORD,2018/2/15 4:51,39,38,8.05,T
ORD,2018/2/15 5:02,40,39,6.9,T
ORD,2018/2/15 5:11,40,39,6.9,T
ORD,2018/2/15 5:34,41,39,9.2,T
ORD,2018/2/15 5:51,41,40,10.35,T
ORD,2018/2/15 6:51,40,40,8.05,T
ORD,2018/2/15 7:01,40,39,9.2,T
ORD,2018/2/15 7:23,40,39,10.35,T
ORD,2018/2/15 7:31,40,39,9.2,T
ORD,2018/2/15 7:51,40,39,9.2,T
ORD,2018/2/15 8:39,39,38,9.2,0
ORD,2018/2/15 8:51,39,38,8.05,0
ORD,2018/2/15 9:28,38,37,9.2,0
ORD,2018/2/15 9:51,38,37,6.9,0
ORD,2018/2/15 10:51,38,37,8.05,0
ORD,2018/2/15 11:04,39,38,8.05,0
ORD,2018/2/15 11:20,39,38,8.05,0
ORD,2018/2/15 11:51,39,38,9.2,0
ORD,2018/2/15 12:01,39,38,8.05,0
ORD,2018/2/15 12:24,40,38,6.9,0
ORD,2018/2/15 12:51,39,38,8.05,0
ORD,2018/2/15 13:46,39.2,37.4,3.45,0
ORD,2018/2/15 13:51,39,37,0,0
ORD,2018/2/15 14:38,40,38,6.9,0
ORD,2018/2/15 14:46,41,39.2,5.75,0
ORD,2018/2/15 14:51,41,39,9.2,0
ORD,2018/2/15 15:05,41,39,9.2,0
ORD,2018/2/15 15:15,41,40,6.9,0
ORD,2018/2/15 15:51,41,40,8.05,0
ORD,2018/2/15 16:51,43,42,3.45,0
ORD,2018/2/15 17:27,43,41,3.45,0
ORD,2018/2/15 17:37,43,43,3.45,0
ORD,2018/2/15 17:51,43,42,3.45,0
ORD,2018/2/15 18:23,41,40,6.9,0
ORD,2018/2/15 18:47,42.8,42.8,0,0
ORD,2018/2/15 18:51,44,42,3.45,0
ORD,2018/2/15 19:11,43,41,12.65,0
ORD,2018/2/15 19:18,43,41,13.8,0
ORD,2018/2/15 19:34,43,41,3.45,0
ORD,2018/2/15 19:51,46,42,0,0
ORD,2018/2/15 20:29,46,41,6.9,0
ORD,2018/2/15 20:51,46,40,8.05,0
ORD,2018/2/15 21:51,46,39,6.9,0
ORD,2018/2/15 22:51,45,38,3.45,0
ORD,2018/2/15 23:51,45,36,0,0
ORD,2018/2/16 0:51,42,34,8.05,0
ORD,2018/2/16 1:51,42,33,9.2,0
ORD,2018/2/16 2:51,41,33,6.9,0
ORD,2018/2/16 3:51,40,33,8.05,0
ORD,2018/2/16 4:51,40,32,10.35,0
ORD,2018/2/16 5:51,39,30.9,12.65,0
ORD,2018/2/16 6:23,36,32,14.95,0
ORD,2018/2/16 6:34,36,30.9,13.8,0
ORD,2018/2/16 6:42,36,30.9,12.65,0
ORD,2018/2/16 6:51,36,30,11.5,0
ORD,2018/2/16 7:06,36,30,14.95,0
ORD,2018/2/16 7:51,35,28.9,13.8,0
ORD,2018/2/16 8:51,35,28.9,9.2,0
ORD,2018/2/16 9:51,35,28.9,6.9,0
ORD,2018/2/16 10:51,34,27,12.65,0
ORD,2018/2/16 11:04,35,27,11.5,0
ORD,2018/2/16 11:51,34,26.1,16.1,0
ORD,2018/2/16 12:24,33,23,14.95,0
ORD,2018/2/16 12:51,32,23,10.35,0
ORD,2018/2/16 13:32,32,21.9,14.95,0
ORD,2018/2/16 13:51,32,21.9,13.8,0
ORD,2018/2/16 14:23,32,21.9,10.35,0
ORD,2018/2/16 14:51,32,23,11.5,0
ORD,2018/2/16 15:51,32,21.9,11.5,0
ORD,2018/2/16 16:28,33,21,11.5,0
ORD,2018/2/16 16:51,33,21,11.5,0
ORD,2018/2/16 17:51,34,19,11.5,0
ORD,2018/2/16 18:51,34,19,13.8,0
ORD,2018/2/16 19:51,34,16,14.95,0
ORD,2018/2/16 20:51,33,12,13.8,0
ORD,2018/2/16 21:51,32,10.9,11.5,0
ORD,2018/2/16 22:51,30,9,8.05,0
ORD,2018/2/16 23:51,28.9,10,4.6,0
ORD,2018/2/17 0:51,27,10.9,10.35,0
ORD,2018/2/17 1:51,24.1,10,5.75,0
ORD,2018/2/17 2:51,23,10,4.6,0
ORD,2018/2/17 3:51,21.9,9,5.75,0
ORD,2018/2/17 4:51,21,8.1,4.6,0
ORD,2018/2/17 5:51,19.9,9,4.6,0
ORD,2018/2/17 6:51,19,9,6.9,0
ORD,2018/2/17 7:51,18,9,4.6,0
ORD,2018/2/17 8:51,17.1,9,5.75,0
ORD,2018/2/17 9:51,17.1,9,5.75,0
ORD,2018/2/17 10:51,18,9,5.75,0
ORD,2018/2/17 11:51,18,10,8.05,0
ORD,2018/2/17 12:51,19,9,3.45,0
ORD,2018/2/17 13:51,21,9,9.2,0
ORD,2018/2/17 14:51,23,12,6.9,0
ORD,2018/2/17 15:51,26.1,17.1,6.9,0
ORD,2018/2/17 16:51,30.9,21.9,14.95,0
ORD,2018/2/17 17:51,32,23,12.65,0
ORD,2018/2/17 18:51,34,24.1,12.65,0
ORD,2018/2/17 19:51,35,26.1,9.2,0
ORD,2018/2/17 20:38,35,26.1,10.35,0
ORD,2018/2/17 20:51,35,26.1,8.05,T
ORD,2018/2/17 21:02,34,27,13.8,T
ORD,2018/2/17 21:06,34,28,10.35,T
ORD,2018/2/17 21:16,33,28.9,9.2,T
ORD,2018/2/17 21:42,32,30,4.6,0.51
ORD,2018/2/17 21:49,32,30.2,4.6,0.76
ORD,2018/2/17 21:51,32,30.9,3.45,0.76
ORD,2018/2/17 22:30,32,30.9,0,1.52
ORD,2018/2/17 22:51,32,30.9,3.45,1.78
ORD,2018/2/17 23:01,32,30,3.45,T
ORD,2018/2/17 23:33,33,30,5.75,0.25
ORD,2018/2/17 23:51,32,30,5.75,0.25
ORD,2018/2/18 0:12,33,30,9.2,T
ORD,2018/2/18 0:51,33,28.9,12.65,T
ORD,2018/2/18 1:11,32,27,13.8,0
ORD,2018/2/18 1:51,30.9,26.1,17.25,0
ORD,2018/2/18 2:23,30,25,13.8,0
ORD,2018/2/18 2:51,30,25,14.95,0
ORD,2018/2/18 3:07,30,24.1,11.5,0
ORD,2018/2/18 3:51,28.9,23,10.35,0
ORD,2018/2/18 4:32,28,21.9,8.05,0
ORD,2018/2/18 4:51,27,21.9,6.9,0
ORD,2018/2/18 5:51,27,21.9,11.5,0
ORD,2018/2/18 6:51,26.1,21,5.75,0
ORD,2018/2/18 7:51,23,19,6.9,0
ORD,2018/2/18 8:51,21,18,5.75,0
ORD,2018/2/18 9:51,16,14,6.9,0
ORD,2018/2/18 10:51,16,14,5.75,0
ORD,2018/2/18 11:51,12.9,10.9,0,0
ORD,2018/2/18 12:29,14,12,3.45,0
ORD,2018/2/18 12:51,15.1,12,3.45,0
ORD,2018/2/18 13:51,21,19,4.6,0
ORD,2018/2/18 14:51,23,19.9,6.9,0
ORD,2018/2/18 15:36,27,21.9,10.35,0
ORD,2018/2/18 15:51,27,23,9.2,0
ORD,2018/2/18 16:51,28,24.1,11.5,0
ORD,2018/2/18 17:51,30,24.1,14.95,0
ORD,2018/2/18 18:51,33,25,12.65,0
ORD,2018/2/18 19:51,35,26.1,11.5,0
ORD,2018/2/18 20:51,37,26.1,16.1,0
ORD,2018/2/18 21:51,38,27,13.8,0
ORD,2018/2/18 22:51,37,27,14.95,0
ORD,2018/2/18 23:51,36,28.9,18.4,0
ORD,2018/2/19 0:51,37,30,14.95,0
ORD,2018/2/19 1:51,38,30,16.1,0
ORD,2018/2/19 2:51,38,30,16.1,0
ORD,2018/2/19 3:51,39,28.9,14.95,0
ORD,2018/2/19 4:51,39,30,16.1,0
ORD,2018/2/19 5:51,40,32,10.35,0.51
ORD,2018/2/19 6:51,39,32,10.35,T
ORD,2018/2/19 7:51,39,32,10.35,T
ORD,2018/2/19 8:06,39,33,10.35,0
ORD,2018/2/19 8:41,40,34,10.35,0
ORD,2018/2/19 8:51,40,34,11.5,0
ORD,2018/2/19 9:47,39.2,35.6,9.2,0
ORD,2018/2/19 9:51,39,36,6.9,0
ORD,2018/2/19 10:51,39,36,4.6,0
ORD,2018/2/19 11:34,38,36,6.9,0
ORD,2018/2/19 11:51,39,37,9.2,0
ORD,2018/2/19 12:47,39.2,37.4,8.05,T
ORD,2018/2/19 12:51,39,37,6.9,T
ORD,2018/2/19 13:51,39,36,9.2,T
ORD,2018/2/19 14:51,41,39,6.9,T
ORD,2018/2/19 15:05,41,39,8.05,T
ORD,2018/2/19 15:51,41,40,0,0.25
ORD,2018/2/19 15:59,41,40,0,T
ORD,2018/2/19 16:11,42,40,0,0.51
ORD,2018/2/19 16:51,44,42,6.9,1.02
ORD,2018/2/19 17:05,44,42,8.05,T
ORD,2018/2/19 17:51,43,41,5.75,0.76
ORD,2018/2/19 17:53,43,41,5.75,T
ORD,2018/2/19 18:22,45,43,5.75,0.25
ORD,2018/2/19 18:51,45,44,4.6,0.76
ORD,2018/2/19 19:28,47,45,9.2,0.25
ORD,2018/2/19 19:51,53,51,17.25,0.25
ORD,2018/2/19 19:59,53,51,16.1,0
ORD,2018/2/19 20:51,56,53,18.4,0
ORD,2018/2/19 21:22,57,53,19.55,0
ORD,2018/2/19 21:36,57,53,16.1,0
ORD,2018/2/19 21:51,57,53,18.4,0
ORD,2018/2/19 22:51,58,54,19.55,T
ORD,2018/2/19 23:51,57,54,20.7,0.25
ORD,2018/2/20 0:27,58,55,18.4,0.25
ORD,2018/2/20 0:51,58,55,20.7,0.25
ORD,2018/2/20 1:51,58,55,16.1,T
ORD,2018/2/20 2:51,57,54,16.1,1.27
ORD,2018/2/20 2:56,57,54,19.55,T
ORD,2018/2/20 3:27,58,55,19.55,1.02
ORD,2018/2/20 3:51,59,56,19.55,2.29
ORD,2018/2/20 4:12,59,55,18.4,0.25
ORD,2018/2/20 4:51,59,56,16.1,0.76
ORD,2018/2/20 5:06,59,56,14.95,0.76
ORD,2018/2/20 5:14,59,56,13.8,1.27
ORD,2018/2/20 5:51,59,56,14.95,5.08
ORD,2018/2/20 6:51,59,56,16.1,1.78
ORD,2018/2/20 7:41,60,57,19.55,1.78
ORD,2018/2/20 7:43,60,57,18.4,2.03
ORD,2018/2/20 7:51,60,58,16.1,3.56
ORD,2018/2/20 8:14,60,57,16.1,2.29
ORD,2018/2/20 8:51,60,58,13.8,3.05
ORD,2018/2/20 9:13,60,57,13.8,1.27
ORD,2018/2/20 9:24,60,57,12.65,2.54
ORD,2018/2/20 9:51,60,58,17.25,6.35
ORD,2018/2/20 10:46,60.8,57.2,19.55,1.78
ORD,2018/2/20 10:51,59,56,21.85,2.29
ORD,2018/2/20 11:20,58,56,14.95,3.05
ORD,2018/2/20 11:29,59,56,16.1,4.57
ORD,2018/2/20 11:51,59,56,11.5,6.6
ORD,2018/2/20 12:08,59,57,11.5,1.78
ORD,2018/2/20 12:51,58,57,9.2,7.62
ORD,2018/2/20 12:58,58,56,10.35,0.51
ORD,2018/2/20 13:13,59,57,10.35,1.02
ORD,2018/2/20 13:31,58,56,10.35,3.56
ORD,2018/2/20 13:51,59,56,9.2,3.56
ORD,2018/2/20 14:17,59,56,11.5,T
ORD,2018/2/20 14:51,60,57,16.1,T
ORD,2018/2/20 15:22,61,58,12.65,T
ORD,2018/2/20 15:51,63,58,19.55,T
ORD,2018/2/20 16:51,64,58,11.5,T
ORD,2018/2/20 17:51,65,58,23,0
ORD,2018/2/20 18:51,65,59,18.4,T
ORD,2018/2/20 19:06,65,59,20.7,T
ORD,2018/2/20 19:11,65,60,20.7,0.25
ORD,2018/2/20 19:24,57,55,20.7,2.79
ORD,2018/2/20 19:28,56,53,17.25,5.08
ORD,2018/2/20 19:47,55.4,51.8,11.5,6.35
ORD,2018/2/20 19:51,55,53,10.35,6.6
ORD,2018/2/20 20:18,55,52,9.2,2.29
ORD,2018/2/20 20:33,54,52,5.75,2.79
ORD,2018/2/20 20:51,54,52,5.75,3.05
ORD,2018/2/20 21:51,54,51,10.35,1.02
ORD,2018/2/20 22:51,49,45,17.25,0.76
ORD,2018/2/20 23:51,41,38,14.95,1.27
ORD,2018/2/21 0:21,39,35,11.5,0.51
ORD,2018/2/21 0:38,38,35,12.65,0.51
ORD,2018/2/21 0:51,38,35,10.35,0.76
ORD,2018/2/21 1:51,37,34,6.9,1.27
ORD,2018/2/21 2:51,36,32,10.35,0.51
ORD,2018/2/21 3:02,36,32,9.2,T
ORD,2018/2/21 3:51,34,30.9,6.9,0.76
ORD,2018/2/21 4:51,34,30.9,10.35,2.03
ORD,2018/2/21 5:51,34,30,10.35,0.76
ORD,2018/2/21 6:51,34,30,11.5,0.51
ORD,2018/2/21 7:51,32,27,14.95,0.51
ORD,2018/2/21 8:06,32,27,16.1,T
ORD,2018/2/21 8:17,32,25,12.65,T
ORD,2018/2/21 8:51,30.9,25,11.5,T
ORD,2018/2/21 9:51,30.9,24.1,13.8,0
ORD,2018/2/21 10:51,30,23,16.1,0
ORD,2018/2/21 11:51,28.9,21.9,14.95,0
ORD,2018/2/21 12:19,28,21,17.25,0
ORD,2018/2/21 12:51,28,19,11.5,0
ORD,2018/2/21 13:51,27,19,10.35,0
ORD,2018/2/21 14:51,28,18,11.5,0
ORD,2018/2/21 15:51,28.9,18,9.2,0
ORD,2018/2/21 16:51,30,18,9.2,0
ORD,2018/2/21 17:51,30.9,19,9.2,0
ORD,2018/2/21 18:51,32,18,5.75,0
ORD,2018/2/21 19:51,32,18,9.2,0
ORD,2018/2/21 20:51,32,19,8.05,0
ORD,2018/2/21 21:51,30.9,19,10.35,0
ORD,2018/2/21 22:51,30,19.9,11.5,0
ORD,2018/2/21 23:51,28.9,19,9.2,0
ORD,2018/2/22 0:51,28.9,19,11.5,0
ORD,2018/2/22 1:51,28.9,19.9,6.9,0
ORD,2018/2/22 2:51,28.9,19.9,8.05,0
ORD,2018/2/22 3:51,28.9,19,11.5,0
ORD,2018/2/22 4:51,28.9,19.9,12.65,0
ORD,2018/2/22 5:51,28.9,21,13.8,0
ORD,2018/2/22 6:51,30,21.9,12.65,0
ORD,2018/2/22 7:51,30.9,21.9,9.2,0
ORD,2018/2/22 8:51,30.9,23,12.65,0
ORD,2018/2/22 9:51,30.9,25,10.35,0
ORD,2018/2/22 10:51,32,25,10.35,0
ORD,2018/2/22 11:51,33,26.1,12.65,0
ORD,2018/2/22 12:51,33,27,13.8,0
ORD,2018/2/22 13:51,34,27,12.65,0
ORD,2018/2/22 14:51,36,28,13.8,0
ORD,2018/2/22 15:51,37,28.9,13.8,0
ORD,2018/2/22 16:51,38,28.9,13.8,0
ORD,2018/2/22 17:51,39,27,13.8,0
ORD,2018/2/22 18:51,39,28.9,14.95,0
ORD,2018/2/22 19:51,38,28,16.1,0
ORD,2018/2/22 20:51,38,28,16.1,0
ORD,2018/2/22 21:51,38,28,16.1,0
ORD,2018/2/22 22:51,39,28,12.65,0
ORD,2018/2/22 23:51,38,28,8.05,0
ORD,2018/2/23 0:04,38,28,10.35,0
ORD,2018/2/23 0:51,39,30,9.2,0
ORD,2018/2/23 1:51,40,32,14.95,0
ORD,2018/2/23 2:51,40,34,12.65,0
ORD,2018/2/23 3:17,40,34,16.1,0
ORD,2018/2/23 3:51,39,33,14.95,0
ORD,2018/2/23 4:51,39,35,16.1,0
ORD,2018/2/23 5:02,39,35,12.65,0
ORD,2018/2/23 5:51,39,35,12.65,0
ORD,2018/2/23 6:24,39,36,9.2,T
ORD,2018/2/23 6:51,39,37,9.2,T
ORD,2018/2/23 7:12,39,37,9.2,T
ORD,2018/2/23 7:51,39,37,9.2,T
ORD,2018/2/23 8:24,40,37,12.65,0
ORD,2018/2/23 8:41,40,37,11.5,0
ORD,2018/2/23 8:51,39,37,12.65,0
ORD,2018/2/23 8:58,39,37,9.2,0
ORD,2018/2/23 9:40,39,37,10.35,T
ORD,2018/2/23 9:51,39,37,9.2,0.25
ORD,2018/2/23 10:23,39,37,9.2,0.25
ORD,2018/2/23 10:38,39,37,9.2,0.51
ORD,2018/2/23 10:51,39,37,8.05,0.76
ORD,2018/2/23 11:51,40,38,6.9,0.25
ORD,2018/2/23 12:51,41,39,6.9,0.25
ORD,2018/2/23 13:26,42,40,10.35,T
ORD,2018/2/23 13:51,42,40,10.35,T
ORD,2018/2/23 14:28,43,41,9.2,T
ORD,2018/2/23 14:49,42.8,41,10.35,T
ORD,2018/2/23 14:51,43,41,11.5,T
ORD,2018/2/23 15:08,44,41,12.65,T
ORD,2018/2/23 15:31,44,40,13.8,T
ORD,2018/2/23 15:51,43,40,13.8,T
ORD,2018/2/23 16:51,41,37,13.8,0
ORD,2018/2/23 17:51,40,36,16.1,0
ORD,2018/2/23 18:26,40,35,18.4,0
ORD,2018/2/23 18:51,40,35,16.1,0
ORD,2018/2/23 19:51,39,35,10.35,0
ORD,2018/2/23 20:51,39,35,12.65,0
ORD,2018/2/23 21:51,38,33,12.65,0
ORD,2018/2/23 22:51,39,33,9.2,0
ORD,2018/2/23 23:51,39,30.9,6.9,0
ORD,2018/2/24 0:51,38,32,4.6,0
ORD,2018/2/24 1:28,38,32,5.75,0
ORD,2018/2/24 1:51,37,32,4.6,0
ORD,2018/2/24 2:51,37,30.9,8.05,0
ORD,2018/2/24 3:51,34,28.9,5.75,0
ORD,2018/2/24 4:51,34,28,0,0
ORD,2018/2/24 5:51,33,28,6.9,0
ORD,2018/2/24 6:51,33,27,8.05,0
ORD,2018/2/24 7:51,33,27,9.2,0
ORD,2018/2/24 8:51,33,28,6.9,0
ORD,2018/2/24 9:51,33,28,10.35,0
ORD,2018/2/24 10:51,34,28.9,12.65,0
ORD,2018/2/24 11:51,34,28,11.5,0
ORD,2018/2/24 12:51,35,28.9,16.1,0
ORD,2018/2/24 13:07,35,28.9,14.95,0
ORD,2018/2/24 13:51,34,28,13.8,0
ORD,2018/2/24 14:51,35,28.9,10.35,0
ORD,2018/2/24 15:51,36,30,12.65,0
ORD,2018/2/24 16:51,38,30,12.65,0
ORD,2018/2/24 17:51,39,30.9,13.8,0
ORD,2018/2/24 18:51,38,30.9,10.35,0
ORD,2018/2/24 19:51,40,32,12.65,0
ORD,2018/2/24 20:51,40,33,10.35,0
ORD,2018/2/24 21:39,41,34,10.35,0
ORD,2018/2/24 21:51,41,35,9.2,T
ORD,2018/2/24 22:34,40,37,14.95,T
ORD,2018/2/24 22:42,40,37,13.8,T
ORD,2018/2/24 22:51,40,37,16.1,T
ORD,2018/2/24 23:40,41,38,13.8,T
ORD,2018/2/24 23:51,41,38,16.1,T
ORD,2018/2/25 0:51,43,40,20.7,T
ORD,2018/2/25 1:51,44,41,17.25,T
ORD,2018/2/25 2:31,44,42,14.95,0.25
ORD,2018/2/25 2:51,45,42,14.95,0.25
ORD,2018/2/25 3:01,45,42,17.25,T
ORD,2018/2/25 3:51,46,43,17.25,T
ORD,2018/2/25 4:51,47,44,14.95,0
ORD,2018/2/25 5:28,48,46,12.65,T
ORD,2018/2/25 5:35,48,46,14.95,1.02
ORD,2018/2/25 5:51,49,46,19.55,2.54
ORD,2018/2/25 5:54,49,47,16.1,T
ORD,2018/2/25 6:01,50,47,13.8,1.27
ORD,2018/2/25 6:05,50,47,14.95,1.27
ORD,2018/2/25 6:32,48,44,21.85,1.52
ORD,2018/2/25 6:51,46,42,24.15,1.52
ORD,2018/2/25 7:51,38,32,26.45,0
ORD,2018/2/25 8:01,37,30.9,26.45,0
ORD,2018/2/25 8:51,36,28,19.55,0
ORD,2018/2/25 9:51,35,27,24.15,0
ORD,2018/2/25 10:51,34,26.1,24.15,0
ORD,2018/2/25 11:51,34,25,18.4,0
ORD,2018/2/25 12:37,34,25,14.95,0
ORD,2018/2/25 12:51,34,26.1,16.1,0
ORD,2018/2/25 13:51,34,25,20.7,0
ORD,2018/2/25 14:51,35,25,18.4,0
ORD,2018/2/25 15:51,37,26.1,19.55,0
ORD,2018/2/25 16:29,37,26.1,19.55,0
ORD,2018/2/25 16:51,38,25,19.55,0
ORD,2018/2/25 17:51,39,24.1,20.7,0
ORD,2018/2/25 18:51,41,23,18.4,0
ORD,2018/2/25 19:51,43,24.1,21.85,0
ORD,2018/2/25 20:51,44,24.1,20.7,0
ORD,2018/2/25 21:51,44,24.1,25.3,0
ORD,2018/2/25 22:51,44,23,21.85,0
ORD,2018/2/25 23:51,43,23,12.65,0
ORD,2018/2/26 0:51,41,25,11.5,0
ORD,2018/2/26 1:51,40,26.1,11.5,0
ORD,2018/2/26 2:51,39,25,9.2,0
ORD,2018/2/26 3:51,39,24.1,6.9,0
ORD,2018/2/26 4:51,37,24.1,9.2,0
ORD,2018/2/26 5:51,35,24.1,5.75,0
ORD,2018/2/26 6:51,34,24.1,4.6,0
ORD,2018/2/26 7:51,32,25,5.75,0
ORD,2018/2/26 8:51,32,25,3.45,0
ORD,2018/2/26 9:51,32,24.1,3.45,0
ORD,2018/2/26 10:51,30,23,0,0
ORD,2018/2/26 11:51,30.9,26.1,3.45,0
ORD,2018/2/26 12:51,30,25,3.45,0
ORD,2018/2/26 13:51,33,27,4.6,0
ORD,2018/2/26 14:51,39,28.9,5.75,0
ORD,2018/2/26 15:51,45,27,11.5,0
ORD,2018/2/26 16:51,48,27,12.65,0
ORD,2018/2/26 17:51,49,28,16.1,0
ORD,2018/2/26 18:51,50,28.9,16.1,0
ORD,2018/2/26 19:51,52,27,16.1,0
ORD,2018/2/26 20:51,53,28,17.25,0
ORD,2018/2/26 21:51,53,27,18.4,0
ORD,2018/2/26 22:51,52,28,11.5,0
ORD,2018/2/26 23:51,50,27,9.2,0
ORD,2018/2/27 0:51,47,28.9,6.9,0
ORD,2018/2/27 1:51,46,30,8.05,0
ORD,2018/2/27 2:51,45,30,6.9,0
ORD,2018/2/27 3:51,41,30,8.05,0
ORD,2018/2/27 4:51,38,30.9,8.05,0
ORD,2018/2/27 5:51,38,32,6.9,0
ORD,2018/2/27 6:51,43,32,9.2,0
ORD,2018/2/27 7:51,42,30.9,10.35,0
ORD,2018/2/27 8:51,41,30,10.35,0
ORD,2018/2/27 9:51,41,28.9,12.65,0
ORD,2018/2/27 10:51,42,28,10.35,0
ORD,2018/2/27 11:51,44,28,11.5,0
ORD,2018/2/27 12:51,44,28,13.8,0
ORD,2018/2/27 13:51,45,30,16.1,0
ORD,2018/2/27 14:51,47,30,17.25,0
ORD,2018/2/27 15:51,50,30.9,16.1,0
ORD,2018/2/27 16:51,54,34,14.95,0
ORD,2018/2/27 17:51,58,38,11.5,0
ORD,2018/2/27 18:51,59,38,16.1,0
ORD,2018/2/27 19:51,60,38,13.8,0
ORD,2018/2/27 20:51,61,36,16.1,0
ORD,2018/2/27 21:51,61,36,18.4,0
ORD,2018/2/27 22:51,59,34,16.1,0
ORD,2018/2/27 23:51,56,37,17.25,0
ORD,2018/2/28 0:51,54,38,14.95,0
ORD,2018/2/28 1:51,53,37,12.65,0
ORD,2018/2/28 2:51,52,37,14.95,0
ORD,2018/2/28 3:51,51,36,11.5,0
ORD,2018/2/28 4:51,51,36,12.65,0
ORD,2018/2/28 5:51,51,35,12.65,0
ORD,2018/2/28 6:51,50,35,10.35,0
ORD,2018/2/28 7:51,51,36,13.8,0
ORD,2018/2/28 8:51,51,36,12.65,0
ORD,2018/2/28 9:51,51,37,10.35,0
ORD,2018/2/28 10:51,51,37,12.65,0
ORD,2018/2/28 11:51,51,38,11.5,0
ORD,2018/2/28 12:51,49,38,4.6,0
ORD,2018/2/28 13:51,51,40,5.75,0
ORD,2018/2/28 14:51,54,43,12.65,0
ORD,2018/2/28 15:51,56,45,12.65,0
ORD,2018/2/28 16:51,58,46,10.35,0
ORD,2018/2/28 17:44,58,46,8.05,0
ORD,2018/2/28 17:51,58,46,8.05,0
ORD,2018/2/28 18:51,58,46,9.2,0
ORD,2018/2/28 19:27,52,38,12.65,0
ORD,2018/2/28 19:51,50,37,13.8,0
ORD,2018/2/28 20:51,41,34,17.25,0
ORD,2018/2/28 21:51,40,35,12.65,0
ORD,2018/2/28 22:14,39,34,12.65,0
ORD,2018/2/28 22:24,39,34,11.5,0
ORD,2018/2/28 22:51,37,34,17.25,0
ORD,2018/2/28 23:51,37,34,10.35,0
ORD,2018/3/1 0:12,37,34,10.35,0
ORD,2018/3/1 0:51,37,34,11.5,0
ORD,2018/3/1 1:22,37,34,14.95,0
ORD,2018/3/1 1:51,37,34,11.5,0
ORD,2018/3/1 2:51,38,34,11.5,0
ORD,2018/3/1 3:51,39,34,10.35,0
ORD,2018/3/1 4:51,39,34,8.05,0
ORD,2018/3/1 5:51,40,34,10.35,0
ORD,2018/3/1 6:51,40,34,10.35,0
ORD,2018/3/1 7:51,40,34,9.2,0
ORD,2018/3/1 8:51,40,35,11.5,0
ORD,2018/3/1 9:00,40,35,13.8,T
ORD,2018/3/1 9:47,39.2,35.6,11.5,1.02
ORD,2018/3/1 9:51,39,36,14.95,1.02
ORD,2018/3/1 10:47,39.2,35.6,11.5,2.79
ORD,2018/3/1 10:51,39,36,13.8,3.05
ORD,2018/3/1 11:51,38,35,19.55,7.62
ORD,2018/3/1 12:51,38,34,23,4.06
ORD,2018/3/1 13:27,37,34,20.7,2.79
ORD,2018/3/1 13:51,37,34,19.55,4.06
ORD,2018/3/1 14:51,37,33,20.7,0.76
ORD,2018/3/1 15:29,37,33,19.55,T
ORD,2018/3/1 15:46,37.4,33.8,18.4,T
ORD,2018/3/1 15:51,37,33,19.55,T
ORD,2018/3/1 16:51,38,32,18.4,0
ORD,2018/3/1 17:51,39,30.9,18.4,0
ORD,2018/3/1 18:51,41,30.9,17.25,0
ORD,2018/3/1 19:03,42,32,13.8,0
ORD,2018/3/1 19:44,44,32,14.95,0
ORD,2018/3/1 19:51,45,32,14.95,0
ORD,2018/3/1 20:51,43,33,9.2,0
ORD,2018/3/1 21:51,45,28,16.1,0
ORD,2018/3/1 22:51,44,23,13.8,0
ORD,2018/3/1 23:51,43,23,14.95,0
ORD,2018/3/2 0:51,40,21,9.2,0
ORD,2018/3/2 1:51,36,24.1,4.6,0
ORD,2018/3/2 2:51,36,25,6.9,0
ORD,2018/3/2 3:51,37,26.1,12.65,0
ORD,2018/3/2 4:51,36,27,12.65,0
ORD,2018/3/2 5:51,34,27,11.5,0
ORD,2018/3/2 6:51,33,27,6.9,0
ORD,2018/3/2 7:51,32,27,9.2,0
ORD,2018/3/2 8:51,32,27,9.2,0
ORD,2018/3/2 9:51,32,27,6.9,0
ORD,2018/3/2 10:51,30.9,26.1,6.9,0
ORD,2018/3/2 11:51,30,25,6.9,0
ORD,2018/3/2 12:51,30.9,26.1,6.9,0
ORD,2018/3/2 13:51,33,26.1,10.35,0
ORD,2018/3/2 14:51,36,23,8.05,0
ORD,2018/3/2 15:51,39,21.9,3.45,0
ORD,2018/3/2 16:51,42,19.9,5.75,0
ORD,2018/3/2 17:51,44,19,0,0
ORD,2018/3/2 18:51,45,19.9,5.75,0
ORD,2018/3/2 19:51,45,18,3.45,0
ORD,2018/3/2 20:51,46,16,8.05,0
ORD,2018/3/2 21:51,45,17.1,8.05,0
ORD,2018/3/2 22:51,43,18,10.35,0
ORD,2018/3/2 23:51,40,16,10.35,0
ORD,2018/3/3 0:51,38,16,6.9,0
ORD,2018/3/3 1:51,38,16,5.75,0
ORD,2018/3/3 2:51,37,17.1,0,0
ORD,2018/3/3 3:51,36,17.1,3.45,0
ORD,2018/3/3 4:51,34,19,3.45,0
ORD,2018/3/3 5:51,35,19.9,4.6,0
ORD,2018/3/3 6:51,34,21.9,3.45,0
ORD,2018/3/3 7:51,35,23,4.6,0
ORD,2018/3/3 8:51,34,24.1,3.45,0
ORD,2018/3/3 9:51,34,24.1,4.6,0
ORD,2018/3/3 10:51,35,25,5.75,0
ORD,2018/3/3 11:51,35,28,5.75,0
ORD,2018/3/3 12:51,35,28,6.9,0
ORD,2018/3/3 13:51,36,25,9.2,0
ORD,2018/3/3 14:51,38,24.1,11.5,0
ORD,2018/3/3 15:51,39,21,11.5,0
ORD,2018/3/3 16:51,41,19,8.05,0
ORD,2018/3/3 17:51,43,17.1,11.5,0
ORD,2018/3/3 18:51,42,16,12.65,0
ORD,2018/3/3 19:51,43,16,9.2,0
ORD,2018/3/3 20:51,43,14,12.65,0
ORD,2018/3/3 21:51,42,17.1,10.35,0
ORD,2018/3/3 22:51,39,21,10.35,0
ORD,2018/3/3 23:51,36,21,8.05,0
ORD,2018/3/4 0:51,35,23,6.9,0
ORD,2018/3/4 1:51,34,24.1,4.6,0
ORD,2018/3/4 2:51,35,24.1,6.9,0
ORD,2018/3/4 3:51,35,26.1,6.9,0
ORD,2018/3/4 4:51,35,27,5.75,0
ORD,2018/3/4 5:51,34,27,5.75,0
ORD,2018/3/4 6:51,35,25,9.2,0
ORD,2018/3/4 7:51,34,21.9,6.9,0
ORD,2018/3/4 8:51,33,21.9,6.9,0
ORD,2018/3/4 9:51,33,21.9,6.9,0
ORD,2018/3/4 10:51,33,21.9,11.5,0
ORD,2018/3/4 11:51,32,21.9,6.9,0
ORD,2018/3/4 12:51,34,21,9.2,0
ORD,2018/3/4 13:51,36,17.1,16.1,0
ORD,2018/3/4 14:51,39,14,13.8,0
ORD,2018/3/4 15:51,41,12.9,16.1,0
ORD,2018/3/4 16:51,42,15.1,9.2,0
ORD,2018/3/4 17:51,44,16,12.65,0
ORD,2018/3/4 18:51,44,16,13.8,0
ORD,2018/3/4 19:51,45,17.1,10.35,0
ORD,2018/3/4 20:51,46,17.1,13.8,0
ORD,2018/3/4 21:51,45,18,14.95,0
ORD,2018/3/4 22:51,44,19,14.95,0
ORD,2018/3/4 23:51,40,19.9,11.5,0
ORD,2018/3/5 0:51,39,24.1,9.2,0
ORD,2018/3/5 1:51,40,24.1,12.65,0
ORD,2018/3/5 2:51,40,21.9,14.95,0
ORD,2018/3/5 3:51,39,21.9,13.8,0
ORD,2018/3/5 4:51,38,19.9,18.4,0
ORD,2018/3/5 5:51,38,16,19.55,0
ORD,2018/3/5 6:51,37,17.1,17.25,0
ORD,2018/3/5 7:51,36,21,13.8,0
ORD,2018/3/5 8:51,34,21.9,14.95,0
ORD,2018/3/5 9:51,34,21,14.95,0
ORD,2018/3/5 10:51,34,19.9,19.55,0
ORD,2018/3/5 11:51,34,19.9,10.35,0
ORD,2018/3/5 12:51,34,19,14.95,0
ORD,2018/3/5 13:51,34,16,19.55,0
ORD,2018/3/5 14:51,34,18,20.7,0
ORD,2018/3/5 15:51,35,19.9,18.4,0
ORD,2018/3/5 16:51,37,21,18.4,0
ORD,2018/3/5 17:51,36,19.9,17.25,0
ORD,2018/3/5 18:51,37,19,21.85,0
ORD,2018/3/5 19:51,38,19,21.85,0
ORD,2018/3/5 20:51,38,19,21.85,0
ORD,2018/3/5 21:51,39,19,21.85,0
ORD,2018/3/5 22:51,39,19.9,24.15,T
ORD,2018/3/5 23:51,39,21,16.1,T
ORD,2018/3/6 0:51,35,27,18.4,0.51
ORD,2018/3/6 1:51,34,28.9,14.95,0.76
ORD,2018/3/6 1:57,34,30,14.95,0.25
ORD,2018/3/6 2:09,34,30,13.8,0.25
ORD,2018/3/6 2:21,34,30,13.8,0.25
ORD,2018/3/6 2:37,34,30,14.95,0.25
ORD,2018/3/6 2:51,34,30,13.8,0.51
ORD,2018/3/6 3:36,34,30,13.8,0.25
ORD,2018/3/6 3:44,34,30,14.95,0.25
ORD,2018/3/6 3:51,34,30.9,16.1,0.25
ORD,2018/3/6 4:51,33,30.9,13.8,0.51
ORD,2018/3/6 5:51,34,30.9,13.8,0.25
ORD,2018/3/6 6:07,34,30.9,12.65,T
ORD,2018/3/6 6:51,34,32,10.35,T
ORD,2018/3/6 7:51,34,32,6.9,0
ORD,2018/3/6 8:04,34,32,8.05,0
ORD,2018/3/6 8:36,34,30.9,9.2,0
ORD,2018/3/6 8:51,34,30.9,6.9,0
ORD,2018/3/6 8:58,34,30.9,6.9,0
ORD,2018/3/6 9:24,33,30.9,5.75,0
ORD,2018/3/6 9:51,33,30.9,4.6,0
ORD,2018/3/6 10:22,32,30.9,5.75,0
ORD,2018/3/6 10:51,33,30.9,3.45,0
ORD,2018/3/6 11:38,33,30.9,5.75,0
ORD,2018/3/6 11:51,33,30.9,3.45,T
ORD,2018/3/6 12:07,33,30.9,4.6,T
ORD,2018/3/6 12:40,34,30.9,6.9,T
ORD,2018/3/6 12:51,34,30.9,5.75,T
ORD,2018/3/6 13:49,33.8,32,10.35,0
ORD,2018/3/6 13:51,34,32,10.35,0
ORD,2018/3/6 14:08,35,32,6.9,0
ORD,2018/3/6 14:24,35,32,8.05,0
ORD,2018/3/6 14:51,35,32,9.2,0
ORD,2018/3/6 15:19,35,32,13.8,T
ORD,2018/3/6 15:22,35,30.9,12.65,T
ORD,2018/3/6 15:25,35,30.9,12.65,T
ORD,2018/3/6 15:29,34,30.9,9.2,0.25
ORD,2018/3/6 15:31,35,32,10.35,0.25
ORD,2018/3/6 15:44,35,32,6.9,0.25
ORD,2018/3/6 15:51,35,32,8.05,0.25
ORD,2018/3/6 16:04,35,32,9.2,T
ORD,2018/3/6 16:12,36,32,10.35,T
ORD,2018/3/6 16:34,36,32,10.35,T
ORD,2018/3/6 16:51,37,33,10.35,T
ORD,2018/3/6 17:34,40,33,5.75,0
ORD,2018/3/6 17:51,41,32,5.75,0
ORD,2018/3/6 18:21,40,30,5.75,0
ORD,2018/3/6 18:44,39,30.9,11.5,T
ORD,2018/3/6 18:51,39,33,9.2,T
ORD,2018/3/6 19:11,36,30.9,12.65,T
ORD,2018/3/6 19:19,34,30.9,12.65,0.25
ORD,2018/3/6 19:43,36,33,9.2,0.51
ORD,2018/3/6 19:51,37,33,6.9,0.51
ORD,2018/3/6 20:19,37,33,11.5,0
ORD,2018/3/6 20:23,36,32,12.65,T
ORD,2018/3/6 20:29,35,30.9,9.2,0.25
ORD,2018/3/6 20:41,37,33,9.2,0.25
ORD,2018/3/6 20:51,37,33,12.65,0.25
ORD,2018/3/6 21:51,37,30.9,13.8,0
ORD,2018/3/6 22:51,36,30,10.35,0
ORD,2018/3/6 23:38,35,28.9,9.2,0
ORD,2018/3/6 23:46,35.6,30.2,8.05,0
ORD,2018/3/6 23:51,35,30,6.9,0
ORD,2018/3/7 0:36,35,30.9,8.05,T
ORD,2018/3/7 0:51,35,30.9,6.9,T
ORD,2018/3/7 1:02,35,30.9,10.35,T
ORD,2018/3/7 1:08,34,30.9,9.2,T
ORD,2018/3/7 1:11,34,30.9,8.05,0.25
ORD,2018/3/7 1:17,34,32,9.2,0.51
ORD,2018/3/7 1:51,34,32,8.05,0.76
ORD,2018/3/7 2:02,34,32,8.05,T
ORD,2018/3/7 2:11,34,32,10.35,T
ORD,2018/3/7 2:39,35,30.9,6.9,T
ORD,2018/3/7 2:51,35,32,10.35,T
ORD,2018/3/7 3:51,34,28.9,12.65,T
ORD,2018/3/7 4:51,33,28,16.1,0
ORD,2018/3/7 5:51,32,27,12.65,T
ORD,2018/3/7 6:51,30.9,26.1,17.25,T
ORD,2018/3/7 7:51,30,24.1,14.95,T
ORD,2018/3/7 8:27,28.9,21.9,17.25,0
ORD,2018/3/7 8:51,28,21,19.55,0
ORD,2018/3/7 9:51,27,21,16.1,0
ORD,2018/3/7 10:51,27,19.9,13.8,0
ORD,2018/3/7 11:51,26.1,19,14.95,0
ORD,2018/3/7 12:33,26.1,19.9,13.8,0
ORD,2018/3/7 12:51,26.1,19,16.1,0
ORD,2018/3/7 13:34,27,18,16.1,0
ORD,2018/3/7 13:51,28,18,11.5,0
ORD,2018/3/7 14:51,28.9,19.9,12.65,0
ORD,2018/3/7 15:51,30,19,13.8,0
ORD,2018/3/7 16:51,30.9,19,16.1,0
ORD,2018/3/7 17:51,32,18,12.65,0
ORD,2018/3/7 18:51,33,18,16.1,0
ORD,2018/3/7 19:51,30.9,16,13.8,0
ORD,2018/3/7 20:51,33,16,13.8,0
ORD,2018/3/7 21:51,30.9,15.1,12.65,0
ORD,2018/3/7 22:51,30,15.1,13.8,0
ORD,2018/3/7 23:51,30,12.9,11.5,0
ORD,2018/3/8 0:51,30,14,10.35,0
ORD,2018/3/8 1:51,28,14,12.65,0
ORD,2018/3/8 2:51,28,12.9,13.8,0
ORD,2018/3/8 3:51,27,12.9,10.35,0
ORD,2018/3/8 4:51,26.1,12,12.65,0
ORD,2018/3/8 5:51,25,12.9,8.05,0
ORD,2018/3/8 6:51,25,12.9,8.05,0
ORD,2018/3/8 7:51,24.1,14,9.2,0
ORD,2018/3/8 8:51,24.1,14,11.5,0
ORD,2018/3/8 9:51,25,15.1,11.5,0
ORD,2018/3/8 10:51,25,14,13.8,0
ORD,2018/3/8 11:51,24.1,14,12.65,0
ORD,2018/3/8 12:51,24.1,12.9,9.2,0
ORD,2018/3/8 13:51,25,12.9,13.8,0
ORD,2018/3/8 14:51,26.1,12,14.95,0
ORD,2018/3/8 15:51,28,15.1,12.65,0
ORD,2018/3/8 16:51,30,16,12.65,0
ORD,2018/3/8 17:51,30.9,17.1,16.1,0
ORD,2018/3/8 18:51,32,16,12.65,0
ORD,2018/3/8 19:51,33,16,14.95,0
ORD,2018/3/8 20:51,34,16,12.65,0
ORD,2018/3/8 21:51,34,17.1,12.65,0
ORD,2018/3/8 22:51,32,16,10.35,0
ORD,2018/3/8 23:51,30.9,16,12.65,0
ORD,2018/3/9 0:51,30,16,8.05,0
ORD,2018/3/9 1:51,28.9,16,9.2,0
ORD,2018/3/9 2:51,28.9,17.1,5.75,0
ORD,2018/3/9 3:51,28.9,18,6.9,0
ORD,2018/3/9 4:51,27,18,6.9,0
ORD,2018/3/9 5:51,26.1,17.1,8.05,0
ORD,2018/3/9 6:51,25,17.1,5.75,0
ORD,2018/3/9 7:51,25,17.1,9.2,0
ORD,2018/3/9 8:51,25,17.1,6.9,0
ORD,2018/3/9 9:51,24.1,16,5.75,0
ORD,2018/3/9 10:51,23,16,5.75,0
ORD,2018/3/9 11:51,23,16,5.75,0
ORD,2018/3/9 12:51,24.1,15.1,6.9,0
ORD,2018/3/9 13:51,26.1,14,4.6,0
ORD,2018/3/9 14:51,30,14,6.9,0
ORD,2018/3/9 15:51,32,14,10.35,0
ORD,2018/3/9 16:51,34,12.9,9.2,0
ORD,2018/3/9 17:51,34,12,0,0
ORD,2018/3/9 18:51,38,14,4.6,0
ORD,2018/3/9 19:51,38,12.9,5.75,0
ORD,2018/3/9 20:51,40,12.9,6.9,0
ORD,2018/3/9 21:51,39,15.1,6.9,0
ORD,2018/3/9 22:51,35,15.1,10.35,0
ORD,2018/3/9 23:51,33,17.1,10.35,0
ORD,2018/3/10 0:51,32,16,9.2,0
ORD,2018/3/10 1:51,32,17.1,5.75,0
ORD,2018/3/10 2:51,30.9,18,5.75,0
ORD,2018/3/10 3:51,30,19,4.6,0
ORD,2018/3/10 4:51,30,19,4.6,0
ORD,2018/3/10 5:51,30,19,4.6,0
ORD,2018/3/10 6:51,30,19.9,3.45,0
ORD,2018/3/10 7:51,26.1,19.9,0,0
ORD,2018/3/10 8:51,26.1,21,0,0
ORD,2018/3/10 9:51,26.1,21,0,0
ORD,2018/3/10 10:51,25,19.9,3.45,0
ORD,2018/3/10 11:51,24.1,19.9,0,0
ORD,2018/3/10 12:51,27,21,3.45,0
ORD,2018/3/10 13:51,32,24.1,0,0
ORD,2018/3/10 14:51,35,16,9.2,0
ORD,2018/3/10 15:51,37,14,5.75,0
ORD,2018/3/10 16:51,38,12,4.6,0
ORD,2018/3/10 17:51,39,14,6.9,0
ORD,2018/3/10 18:51,40,14,8.05,0
ORD,2018/3/10 19:51,41,14,9.2,0
ORD,2018/3/10 20:51,40,14,8.05,0
ORD,2018/3/10 21:51,39,12,10.35,0
ORD,2018/3/10 22:51,38,12.9,11.5,0
ORD,2018/3/10 23:51,35,12.9,10.35,0
ORD,2018/3/11 0:51,35,14,8.05,0
ORD,2018/3/11 1:51,33,17.1,5.75,0
ORD,2018/3/11 2:51,33,18,6.9,0
ORD,2018/3/11 3:51,33,19.9,5.75,0
ORD,2018/3/11 4:51,32,21,5.75,0
ORD,2018/3/11 5:51,30.9,21.9,6.9,0
ORD,2018/3/11 6:51,30.9,23,6.9,0
ORD,2018/3/11 7:51,30.9,23,5.75,0
ORD,2018/3/11 8:51,32,23,5.75,0
ORD,2018/3/11 9:51,30.9,23,5.75,0
ORD,2018/3/11 10:51,30,23,5.75,0
ORD,2018/3/11 11:51,30,23,6.9,0
ORD,2018/3/11 12:51,30.9,23,8.05,0
ORD,2018/3/11 13:51,34,23,8.05,0
ORD,2018/3/11 14:51,35,21.9,10.35,0
ORD,2018/3/11 15:51,37,21,14.95,0
ORD,2018/3/11 16:51,38,19,14.95,0
ORD,2018/3/11 17:51,39,19,13.8,0
ORD,2018/3/11 18:51,38,18,12.65,0
ORD,2018/3/11 19:51,39,18,16.1,0
ORD,2018/3/11 20:51,39,18,13.8,0
ORD,2018/3/11 21:51,39,18,11.5,0
ORD,2018/3/11 22:51,38,18,9.2,0
ORD,2018/3/11 23:51,35,16,8.05,0
ORD,2018/3/12 0:51,33,18,5.75,0
ORD,2018/3/12 1:51,32,19.9,4.6,0
ORD,2018/3/12 2:51,30,21,0,0
ORD,2018/3/12 3:51,30,21,0,0
ORD,2018/3/12 4:51,30,21,3.45,0
ORD,2018/3/12 5:51,32,21,5.75,0
ORD,2018/3/12 6:51,32,19.9,5.75,0
ORD,2018/3/12 7:51,33,19,6.9,0
ORD,2018/3/12 8:51,34,18,8.05,0
ORD,2018/3/12 9:51,35,21.9,8.05,0
ORD,2018/3/12 10:51,35,25,9.2,0
ORD,2018/3/12 11:07,36,26.1,9.2,0
ORD,2018/3/12 11:29,36,28,10.35,0
ORD,2018/3/12 11:51,36,28.9,11.5,T
ORD,2018/3/12 12:47,35.6,28.4,13.8,T
ORD,2018/3/12 12:51,36,28.9,12.65,T
ORD,2018/3/12 13:51,37,28,13.8,0
ORD,2018/3/12 14:51,38,26.1,12.65,0
ORD,2018/3/12 15:51,40,21.9,21.85,0
ORD,2018/3/12 16:51,40,21.9,18.4,0
ORD,2018/3/12 17:51,43,21,13.8,0
ORD,2018/3/12 18:51,44,21,10.35,0
ORD,2018/3/12 19:51,45,19.9,13.8,0
ORD,2018/3/12 20:51,45,19,14.95,0
ORD,2018/3/12 21:51,44,18,19.55,0
ORD,2018/3/12 22:51,41,23,11.5,0
ORD,2018/3/12 23:51,40,21.9,12.65,0
ORD,2018/3/13 0:51,37,23,4.6,0
ORD,2018/3/13 1:51,37,24.1,6.9,0
ORD,2018/3/13 2:51,34,23,10.35,0
ORD,2018/3/13 3:51,33,21,6.9,0
ORD,2018/3/13 4:51,30.9,21,8.05,0
ORD,2018/3/13 5:51,32,21,8.05,0
ORD,2018/3/13 6:51,32,18,11.5,0
ORD,2018/3/13 7:51,30.9,18,9.2,0
ORD,2018/3/13 8:51,30,18,11.5,0
ORD,2018/3/13 9:51,30,17.1,10.35,0
ORD,2018/3/13 10:51,28,17.1,10.35,0
ORD,2018/3/13 11:51,28,17.1,8.05,0
ORD,2018/3/13 12:51,30,18,11.5,0
ORD,2018/3/13 13:51,30.9,17.1,12.65,T
ORD,2018/3/13 14:51,33,16,12.65,T
ORD,2018/3/13 15:51,34,16,11.5,0
ORD,2018/3/13 16:51,33,21,12.65,T
ORD,2018/3/13 17:12,30.9,23,11.5,T
ORD,2018/3/13 17:19,32,24.1,6.9,T
ORD,2018/3/13 17:22,33,24.1,9.2,T
ORD,2018/3/13 17:34,35,21,6.9,T
ORD,2018/3/13 17:51,33,21,14.95,T
ORD,2018/3/13 17:54,32,21.9,16.1,T
ORD,2018/3/13 17:57,30.9,24.1,14.95,T
ORD,2018/3/13 18:05,30.9,25,11.5,T
ORD,2018/3/13 18:26,32,25,8.05,T
ORD,2018/3/13 18:39,30.9,23,10.35,T
ORD,2018/3/13 18:48,28.4,24.8,12.65,0.25
ORD,2018/3/13 18:51,28,24.1,9.2,0.76
ORD,2018/3/13 19:00,28,26.1,10.35,1.52
ORD,2018/3/13 19:14,27,25,10.35,2.54
ORD,2018/3/13 19:18,28,25,11.5,2.79
ORD,2018/3/13 19:36,28.9,24.1,10.35,3.3
ORD,2018/3/13 19:44,28,24.1,12.65,3.3
ORD,2018/3/13 19:47,28.4,24.8,11.5,3.56
ORD,2018/3/13 19:51,28,25,8.05,3.56
ORD,2018/3/13 19:54,30,26.1,8.05,0.25
ORD,2018/3/13 19:59,30,25,9.2,0.25
ORD,2018/3/13 20:04,30,25,10.35,0.25
ORD,2018/3/13 20:27,28.9,24.1,9.2,0.25
ORD,2018/3/13 20:41,28.9,24.1,14.95,0.25
ORD,2018/3/13 20:51,28,24.1,17.25,0.51
ORD,2018/3/13 20:58,28,24.1,13.8,T
ORD,2018/3/13 21:09,28,23,13.8,T
ORD,2018/3/13 21:18,28,23,11.5,T
ORD,2018/3/13 21:36,28,24.1,11.5,0.51
ORD,2018/3/13 21:51,28.9,23,9.2,0.51
ORD,2018/3/13 22:09,28.9,21.9,10.35,0
ORD,2018/3/13 22:51,28.9,17.1,16.1,0.25
ORD,2018/3/13 23:51,28.9,12,14.95,0
ORD,2018/3/14 0:51,27,12.9,8.05,0
ORD,2018/3/14 1:51,26.1,10,10.35,0
ORD,2018/3/14 2:51,24.1,10,6.9,0
ORD,2018/3/14 3:51,21,9,6.9,0
ORD,2018/3/14 4:51,24.1,10.9,6.9,0
ORD,2018/3/14 5:51,23,10.9,6.9,0
ORD,2018/3/14 6:51,23,12,8.05,0
ORD,2018/3/14 7:51,21.9,12,8.05,0
ORD,2018/3/14 8:51,23,12.9,9.2,0
ORD,2018/3/14 9:51,23,12.9,9.2,0
ORD,2018/3/14 10:51,24.1,14,6.9,0
ORD,2018/3/14 11:51,24.1,14,8.05,0
ORD,2018/3/14 12:51,23,14,6.9,0
ORD,2018/3/14 13:51,26.1,16,8.05,0
ORD,2018/3/14 14:51,30,15.1,9.2,0
ORD,2018/3/14 15:51,33,16,11.5,0
ORD,2018/3/14 16:51,35,15.1,14.95,0
ORD,2018/3/14 17:51,39,18,17.25,0
ORD,2018/3/14 18:51,41,19,13.8,0
ORD,2018/3/14 19:51,43,21,14.95,0
ORD,2018/3/14 20:51,45,19,16.1,0
ORD,2018/3/14 21:51,47,19.9,20.7,0
ORD,2018/3/14 22:51,48,19.9,17.25,0
ORD,2018/3/14 23:51,46,23,10.35,0
ORD,2018/3/15 0:51,43,24.1,6.9,0
ORD,2018/3/15 1:51,42,24.1,4.6,0
ORD,2018/3/15 2:51,41,25,4.6,0
ORD,2018/3/15 3:51,40,27,10.35,0
ORD,2018/3/15 4:51,40,28,12.65,0
ORD,2018/3/15 5:51,40,27,14.95,0
ORD,2018/3/15 6:51,38,25,13.8,0
ORD,2018/3/15 7:51,35,25,9.2,0
ORD,2018/3/15 8:51,32,24.1,6.9,0
ORD,2018/3/15 9:51,30.9,23,5.75,0
ORD,2018/3/15 10:51,30,23,8.05,0
ORD,2018/3/15 11:51,30.9,23,4.6,0
ORD,2018/3/15 12:51,33,24.1,5.75,0
ORD,2018/3/15 13:51,37,25,4.6,0
ORD,2018/3/15 14:51,38,23,0,0
ORD,2018/3/15 15:51,41,24.1,4.6,0
ORD,2018/3/15 16:51,45,25,11.5,0
ORD,2018/3/15 17:51,47,23,12.65,0
ORD,2018/3/15 18:51,49,23,10.35,0
ORD,2018/3/15 19:51,46,27,12.65,0
ORD,2018/3/15 20:51,45,27,11.5,0
ORD,2018/3/15 21:51,42,25,11.5,0
ORD,2018/3/15 22:51,39,23,13.8,0
ORD,2018/3/15 23:51,35,27,11.5,0
ORD,2018/3/16 0:51,33,26.1,10.35,0
ORD,2018/3/16 1:51,32,25,8.05,0
ORD,2018/3/16 2:51,32,24.1,11.5,0
ORD,2018/3/16 3:37,32,23,13.8,0
ORD,2018/3/16 3:51,30.9,23,13.8,0
ORD,2018/3/16 4:51,30.9,21.9,10.35,0
ORD,2018/3/16 5:51,30,21.9,9.2,0
ORD,2018/3/16 6:51,28.9,21,4.6,0
ORD,2018/3/16 7:51,30,19.9,8.05,0
ORD,2018/3/16 8:51,30,19,11.5,0
ORD,2018/3/16 9:32,30,19,13.8,0
ORD,2018/3/16 9:51,30,19,11.5,0
ORD,2018/3/16 10:51,30,19,13.8,0
ORD,2018/3/16 11:51,28.9,19,11.5,0
ORD,2018/3/16 12:51,28.9,19,13.8,0
ORD,2018/3/16 13:29,30,19,13.8,0
ORD,2018/3/16 13:51,30,19,12.65,0
ORD,2018/3/16 14:51,30.9,19.9,13.8,0
ORD,2018/3/16 14:58,32,19.9,16.1,0
ORD,2018/3/16 15:51,34,19.9,10.35,0
ORD,2018/3/16 16:51,36,21,10.35,0
ORD,2018/3/16 17:51,36,21,11.5,0
ORD,2018/3/16 18:51,38,21.9,11.5,0
ORD,2018/3/16 19:51,36,21,11.5,0
ORD,2018/3/16 20:51,36,21,11.5,0
ORD,2018/3/16 21:51,35,21,12.65,0
ORD,2018/3/16 22:51,33,21.9,10.35,0
ORD,2018/3/16 23:51,32,21.9,13.8,0
ORD,2018/3/17 0:51,32,23,10.35,0
ORD,2018/3/17 1:51,32,23,12.65,0
ORD,2018/3/17 2:51,33,24.1,9.2,0
ORD,2018/3/17 3:51,33,24.1,6.9,0
ORD,2018/3/17 4:51,32,25,8.05,0
ORD,2018/3/17 5:51,33,26.1,10.35,0
ORD,2018/3/17 6:51,34,26.1,11.5,0
ORD,2018/3/17 7:51,34,25,10.35,0
ORD,2018/3/17 8:51,34,24.1,10.35,0
ORD,2018/3/17 9:51,35,24.1,8.05,0
ORD,2018/3/17 9:58,35,24.1,6.9,T
ORD,2018/3/17 10:16,35,25,9.2,T
ORD,2018/3/17 10:51,35,24.1,11.5,T
ORD,2018/3/17 11:51,35,25,11.5,0
ORD,2018/3/17 12:51,35,25,12.65,0
ORD,2018/3/17 13:51,36,21.9,11.5,0
ORD,2018/3/17 14:51,38,21,12.65,0
ORD,2018/3/17 15:51,40,21,11.5,0
ORD,2018/3/17 16:51,42,18,18.4,0
ORD,2018/3/17 17:51,44,18,14.95,0
ORD,2018/3/17 18:51,44,17.1,16.1,0
ORD,2018/3/17 19:51,45,16,14.95,0
ORD,2018/3/17 20:51,45,19,11.5,0
ORD,2018/3/17 21:51,45,15.1,12.65,0
ORD,2018/3/17 22:51,44,15.1,11.5,0
ORD,2018/3/17 23:51,41,14,8.05,0
ORD,2018/3/18 0:51,38,16,5.75,0
ORD,2018/3/18 1:51,33,16,4.6,0
ORD,2018/3/18 2:51,34,16,3.45,0
ORD,2018/3/18 3:51,32,17.1,3.45,0
ORD,2018/3/18 4:51,30.9,18,3.45,0
ORD,2018/3/18 5:51,30,18,0,0
ORD,2018/3/18 6:51,30,18,0,0
ORD,2018/3/18 7:51,30.9,17.1,4.6,0
ORD,2018/3/18 8:51,30,18,5.75,0
ORD,2018/3/18 9:51,30,17.1,3.45,0
ORD,2018/3/18 10:51,28,17.1,0,0
ORD,2018/3/18 11:51,28.9,19,0,0
ORD,2018/3/18 12:51,32,21.9,0,0
ORD,2018/3/18 13:51,37,24.1,5.75,0
ORD,2018/3/18 14:51,44,25,6.9,0
ORD,2018/3/18 15:51,48,24.1,5.75,0
ORD,2018/3/18 16:51,51,21.9,8.05,0
ORD,2018/3/18 17:51,53,21.9,6.9,0
ORD,2018/3/18 18:51,54,21,6.9,0
ORD,2018/3/18 19:51,55,19,4.6,0
ORD,2018/3/18 20:51,56,21,4.6,0
ORD,2018/3/18 21:51,56,21,5.75,0
ORD,2018/3/18 22:51,54,21.9,5.75,0
ORD,2018/3/18 23:51,52,21.9,4.6,0
ORD,2018/3/19 0:51,49,23,4.6,0
ORD,2018/3/19 1:51,46,25,6.9,0
ORD,2018/3/19 2:51,42,27,0,0
ORD,2018/3/19 3:51,42,25,4.6,0
ORD,2018/3/19 4:51,40,25,8.05,0
ORD,2018/3/19 5:51,40,21.9,6.9,0
ORD,2018/3/19 6:51,38,23,0,0
ORD,2018/3/19 7:51,34,23,4.6,0
ORD,2018/3/19 8:51,36,25,6.9,0
ORD,2018/3/19 9:51,35,24.1,6.9,0
ORD,2018/3/19 10:51,35,27,8.05,0
ORD,2018/3/19 11:51,36,28,9.2,0
ORD,2018/3/19 12:51,36,28,11.5,0
ORD,2018/3/19 13:51,38,27,14.95,0
ORD,2018/3/19 14:51,40,25,17.25,0
ORD,2018/3/19 15:51,42,23,18.4,0
ORD,2018/3/19 16:51,44,23,17.25,0
ORD,2018/3/19 17:51,45,23,18.4,0
ORD,2018/3/19 18:51,44,24.1,21.85,0
ORD,2018/3/19 19:51,43,24.1,23,0
ORD,2018/3/19 20:51,42,25,20.7,0
ORD,2018/3/19 21:51,40,27,18.4,0
ORD,2018/3/19 22:51,38,27,23,0
ORD,2018/3/19 23:51,36,27,17.25,0
ORD,2018/3/20 0:51,35,27,20.7,0
ORD,2018/3/20 1:51,35,27,19.55,0
ORD,2018/3/20 2:51,34,27,19.55,0
ORD,2018/3/20 3:51,35,28,14.95,0
ORD,2018/3/20 4:51,35,27,16.1,0
ORD,2018/3/20 5:51,34,24.1,19.55,0
ORD,2018/3/20 6:51,32,21.9,13.8,0
ORD,2018/3/20 7:51,32,19.9,12.65,0
ORD,2018/3/20 8:51,30.9,19,14.95,0
ORD,2018/3/20 9:51,30,17.1,21.85,0
ORD,2018/3/20 10:51,28.9,19,18.4,0
ORD,2018/3/20 11:51,28.9,19.9,13.8,0
ORD,2018/3/20 12:51,28.9,21,20.7,0
ORD,2018/3/20 13:51,30.9,21,17.25,0
ORD,2018/3/20 14:51,32,19.9,16.1,0
ORD,2018/3/20 15:51,34,19,17.25,0
ORD,2018/3/20 16:51,34,19.9,18.4,0
ORD,2018/3/20 17:51,36,21,19.55,0
ORD,2018/3/20 17:58,36,21,20.7,0
ORD,2018/3/20 18:51,35,21,23,0
ORD,2018/3/20 19:51,35,19.9,19.55,0
ORD,2018/3/20 20:51,35,19,21.85,0
ORD,2018/3/20 21:51,34,19.9,19.55,0
ORD,2018/3/20 22:51,33,19,19.55,0
ORD,2018/3/20 23:51,32,19,18.4,0
ORD,2018/3/21 0:51,30.9,19.9,19.55,0
ORD,2018/3/21 1:51,30.9,21,16.1,0
ORD,2018/3/21 2:51,30.9,21.9,16.1,0
ORD,2018/3/21 3:51,30.9,23,10.35,0
ORD,2018/3/21 4:51,30.9,23,11.5,0
ORD,2018/3/21 5:49,30.2,24.8,10.35,0
ORD,2018/3/21 5:51,30.9,24.1,10.35,0
ORD,2018/3/21 6:01,30.9,24.1,10.35,0
ORD,2018/3/21 6:51,33,19.9,10.35,0
ORD,2018/3/21 7:51,32,19.9,9.2,0
ORD,2018/3/21 8:51,32,19.9,9.2,0
ORD,2018/3/21 9:51,30.9,19.9,10.35,0
ORD,2018/3/21 10:51,30,21,10.35,0
ORD,2018/3/21 11:51,28.9,21,11.5,0
ORD,2018/3/21 12:51,28.9,21,10.35,0
ORD,2018/3/21 13:51,30.9,21,10.35,0
ORD,2018/3/21 14:51,33,19,16.1,0
ORD,2018/3/21 15:51,36,19,16.1,0
ORD,2018/3/21 16:51,37,19,14.95,0
ORD,2018/3/21 17:51,38,19,17.25,0
ORD,2018/3/21 18:51,39,19.9,14.95,0
ORD,2018/3/21 19:51,38,17.1,14.95,0
ORD,2018/3/21 20:51,39,15.1,13.8,0
ORD,2018/3/21 21:51,39,17.1,10.35,0
ORD,2018/3/21 22:51,36,19,11.5,0
ORD,2018/3/21 23:51,34,19.9,9.2,0
ORD,2018/3/22 0:51,32,21,8.05,0
ORD,2018/3/22 1:51,32,21,4.6,0
ORD,2018/3/22 2:51,30,21,4.6,0
ORD,2018/3/22 3:51,30,21,4.6,0
ORD,2018/3/22 4:51,27,19.9,3.45,0
ORD,2018/3/22 5:51,26.1,19,4.6,0
ORD,2018/3/22 6:51,27,19,4.6,0
ORD,2018/3/22 7:51,27,19,4.6,0
ORD,2018/3/22 8:51,26.1,19.9,3.45,0
ORD,2018/3/22 9:51,26.1,19,3.45,0
ORD,2018/3/22 10:51,26.1,19,4.6,0
ORD,2018/3/22 11:51,26.1,18,6.9,0
ORD,2018/3/22 12:51,28.9,19,6.9,0
ORD,2018/3/22 13:51,33,19.9,6.9,0
ORD,2018/3/22 14:51,36,19,4.6,0
ORD,2018/3/22 15:51,40,15.1,6.9,0
ORD,2018/3/22 16:51,43,12.9,5.75,0
ORD,2018/3/22 17:51,43,10.9,3.45,0
ORD,2018/3/22 18:51,46,10,3.45,0
ORD,2018/3/22 19:51,49,10,null,0
ORD,2018/3/22 20:51,46,17.1,11.5,0
ORD,2018/3/22 21:51,46,17.1,10.35,0
ORD,2018/3/22 22:51,44,17.1,11.5,0
ORD,2018/3/22 23:51,41,16,10.35,0
ORD,2018/3/23 0:51,38,19,9.2,0
ORD,2018/3/23 1:51,37,25,8.05,0
ORD,2018/3/23 2:51,36,25,11.5,0
ORD,2018/3/23 3:51,35,23,10.35,0
ORD,2018/3/23 4:51,34,21.9,5.75,0
ORD,2018/3/23 5:51,33,21.9,3.45,0
ORD,2018/3/23 6:51,30.9,21.9,0,0
ORD,2018/3/23 7:51,28,21,0,0
ORD,2018/3/23 8:51,25,19.9,3.45,0
ORD,2018/3/23 9:51,28,21.9,4.6,0
ORD,2018/3/23 10:51,28,21.9,4.6,0
ORD,2018/3/23 11:51,27,21,3.45,0
ORD,2018/3/23 12:51,30.9,25,5.75,0
ORD,2018/3/23 13:51,36,26.1,8.05,0
ORD,2018/3/23 14:51,39,23,10.35,0
ORD,2018/3/23 15:51,40,19,10.35,0
ORD,2018/3/23 16:51,42,19,13.8,0
ORD,2018/3/23 17:51,43,19,12.65,0
ORD,2018/3/23 18:51,43,19.9,12.65,0
ORD,2018/3/23 19:51,42,18,13.8,0
ORD,2018/3/23 20:51,41,19,16.1,0
ORD,2018/3/23 21:51,39,17.1,14.95,0
ORD,2018/3/23 22:51,37,21,11.5,0
ORD,2018/3/23 23:51,35,21,14.95,0
ORD,2018/3/24 0:51,34,21,12.65,0
ORD,2018/3/24 1:51,33,19.9,9.2,0
ORD,2018/3/24 2:51,33,24.1,11.5,0
ORD,2018/3/24 3:51,34,25,9.2,0
ORD,2018/3/24 4:51,34,26.1,8.05,0
ORD,2018/3/24 5:51,35,27,6.9,0
ORD,2018/3/24 6:51,35,27,9.2,0
ORD,2018/3/24 7:51,36,25,13.8,0
ORD,2018/3/24 8:51,36,21,11.5,0
ORD,2018/3/24 9:51,36,19.9,16.1,0
ORD,2018/3/24 10:51,36,19,19.55,0
ORD,2018/3/24 11:51,35,19.9,18.4,0
ORD,2018/3/24 12:51,35,21.9,23,0
ORD,2018/3/24 13:51,35,19.9,20.7,0
ORD,2018/3/24 14:51,35,21,16.1,0
ORD,2018/3/24 15:51,34,19.9,17.25,0
ORD,2018/3/24 16:51,35,18,19.55,0
ORD,2018/3/24 17:51,36,18,20.7,0
ORD,2018/3/24 18:51,37,18,20.7,0
ORD,2018/3/24 19:51,38,21.9,20.7,0
ORD,2018/3/24 20:51,39,21,18.4,0
ORD,2018/3/24 21:51,39,21,19.55,0
ORD,2018/3/24 22:51,40,21,19.55,0
ORD,2018/3/24 23:51,39,24.1,18.4,0
ORD,2018/3/25 0:51,38,23,18.4,0
ORD,2018/3/25 1:51,37,21.9,13.8,0
ORD,2018/3/25 2:51,35,19.9,17.25,0
ORD,2018/3/25 3:51,34,19.9,14.95,0
ORD,2018/3/25 4:51,32,19.9,16.1,0
ORD,2018/3/25 5:51,32,17.1,13.8,0
ORD,2018/3/25 6:51,30.9,15.1,13.8,0
ORD,2018/3/25 7:51,30,14,13.8,0
ORD,2018/3/25 8:51,28.9,14,12.65,0
ORD,2018/3/25 9:51,28.9,14,16.1,0
ORD,2018/3/25 10:51,28,12.9,14.95,0
ORD,2018/3/25 11:51,27,12.9,13.8,0
ORD,2018/3/25 12:51,28.9,14,16.1,0
ORD,2018/3/25 13:51,30.9,15.1,16.1,0
ORD,2018/3/25 14:51,33,16,12.65,0
ORD,2018/3/25 15:51,34,16,13.8,0
ORD,2018/3/25 16:51,35,15.1,12.65,0
ORD,2018/3/25 17:51,36,14,13.8,0
ORD,2018/3/25 18:51,38,14,14.95,0
ORD,2018/3/25 19:51,39,14,12.65,0
ORD,2018/3/25 20:51,39,15.1,16.1,0
ORD,2018/3/25 21:51,38,15.1,13.8,0
ORD,2018/3/25 22:51,39,15.1,13.8,0
ORD,2018/3/25 23:51,37,16,12.65,0
ORD,2018/3/26 0:51,36,18,12.65,0
ORD,2018/3/26 1:51,36,21,9.2,0
ORD,2018/3/26 2:51,38,17.1,14.95,0
ORD,2018/3/26 3:51,37,12.9,19.55,0
ORD,2018/3/26 4:51,35,16,17.25,0
ORD,2018/3/26 5:51,34,18,11.5,0
ORD,2018/3/26 6:51,32,17.1,10.35,0
ORD,2018/3/26 8:51,30.9,19,5.75,0
ORD,2018/3/26 9:51,30.9,19.9,5.75,0
ORD,2018/3/26 10:51,32,19.9,6.9,0
ORD,2018/3/26 11:51,32,19.9,6.9,0
ORD,2018/3/26 12:51,34,21.9,8.05,0
ORD,2018/3/26 13:51,39,19.9,10.35,0
ORD,2018/3/26 14:51,42,19.9,10.35,0
ORD,2018/3/26 15:51,44,19.9,4.6,0
ORD,2018/3/26 16:51,46,19.9,9.2,0
ORD,2018/3/26 17:51,47,21.9,10.35,0
ORD,2018/3/26 18:51,48,24.1,11.5,0
ORD,2018/3/26 19:51,49,25,11.5,0
ORD,2018/3/26 20:51,49,26.1,9.2,0
ORD,2018/3/26 21:51,51,28.9,8.05,0
ORD,2018/3/26 22:51,52,33,9.2,0
ORD,2018/3/26 23:51,51,40,13.8,T
ORD,2018/3/27 0:38,51,41,14.95,0.25
ORD,2018/3/27 0:51,50,41,16.1,0.25
ORD,2018/3/27 1:51,50,42,16.1,0
ORD,2018/3/27 2:11,48,43,17.25,T
ORD,2018/3/27 2:43,47,44,11.5,T
ORD,2018/3/27 2:47,46.4,44.6,13.8,T
ORD,2018/3/27 2:51,47,44,11.5,T
ORD,2018/3/27 3:13,47,44,10.35,0.25
ORD,2018/3/27 3:51,47,44,5.75,2.54
ORD,2018/3/27 4:02,47,44,8.05,0.51
ORD,2018/3/27 4:29,47,44,10.35,1.27
ORD,2018/3/27 4:51,48,45,10.35,2.03
ORD,2018/3/27 5:43,48,45,13.8,0.76
ORD,2018/3/27 5:51,48,46,12.65,0.76
ORD,2018/3/27 6:51,50,47,10.35,1.52
ORD,2018/3/27 7:51,50,47,10.35,1.27
ORD,2018/3/27 8:51,50,48,13.8,0.51
ORD,2018/3/27 9:16,50,48,11.5,T
ORD,2018/3/27 9:51,50,48,10.35,T
ORD,2018/3/27 10:17,50,48,10.35,T
ORD,2018/3/27 10:51,50,48,10.35,T
ORD,2018/3/27 11:31,50,48,9.2,0.25
ORD,2018/3/27 11:51,51,48,8.05,0.51
ORD,2018/3/27 12:51,51,49,8.05,0.25
ORD,2018/3/27 13:51,51,48,11.5,T
ORD,2018/3/27 14:51,50,46,9.2,0
ORD,2018/3/27 15:51,48,44,11.5,0
ORD,2018/3/27 16:04,49,44,10.35,0
ORD,2018/3/27 16:51,49,43,11.5,0
ORD,2018/3/27 17:46,48.2,42.8,13.8,0
ORD,2018/3/27 17:51,49,42,12.65,0
ORD,2018/3/27 18:51,48,41,12.65,0
ORD,2018/3/27 19:51,47,40,13.8,0
ORD,2018/3/27 20:51,46,39,11.5,0
ORD,2018/3/27 21:51,47,39,10.35,0
ORD,2018/3/27 22:51,47,38,9.2,0
ORD,2018/3/27 23:51,47,38,5.75,0
ORD,2018/3/28 0:51,47,37,8.05,0
ORD,2018/3/28 1:51,45,36,6.9,0
ORD,2018/3/28 2:14,45,35,6.9,0
ORD,2018/3/28 2:51,44,35,6.9,0
ORD,2018/3/28 3:51,41,34,3.45,0
ORD,2018/3/28 4:51,43,35,4.6,0
ORD,2018/3/28 5:51,41,35,4.6,0
ORD,2018/3/28 6:44,40,36,0,0
ORD,2018/3/28 6:51,41,36,0,0
ORD,2018/3/28 7:51,42,35,4.6,0
ORD,2018/3/28 8:51,41,34,4.6,0
ORD,2018/3/28 9:51,41,35,5.75,0
ORD,2018/3/28 10:51,41,34,4.6,0
ORD,2018/3/28 11:51,40,34,5.75,0
ORD,2018/3/28 12:51,40,34,4.6,0
ORD,2018/3/28 13:51,41,35,4.6,0
ORD,2018/3/28 14:51,45,35,3.45,0
ORD,2018/3/28 15:51,46,35,4.6,0
ORD,2018/3/28 16:51,47,35,3.45,0
ORD,2018/3/28 17:51,50,36,0,0
ORD,2018/3/28 18:51,51,35,0,0
ORD,2018/3/28 19:51,54,35,5.75,0
ORD,2018/3/28 20:51,51,37,11.5,0
ORD,2018/3/28 21:51,48,35,10.35,0
ORD,2018/3/28 22:51,48,36,9.2,0
ORD,2018/3/28 23:51,47,36,8.05,0
ORD,2018/3/29 0:51,48,37,4.6,0
ORD,2018/3/29 1:51,46,38,5.75,T
ORD,2018/3/29 2:51,46,39,0,T
ORD,2018/3/29 3:51,45,39,3.45,0
ORD,2018/3/29 4:51,45,39,0,0
ORD,2018/3/29 5:51,45,41,0,0.25
ORD,2018/3/29 6:39,45,41,3.45,0
ORD,2018/3/29 6:51,45,41,0,0
ORD,2018/3/29 7:51,45,41,0,T
ORD,2018/3/29 8:51,45,41,5.75,T
ORD,2018/3/29 9:51,45,41,4.6,1.02
ORD,2018/3/29 10:51,44,41,4.6,0.25
ORD,2018/3/29 11:42,44,41,4.6,0
ORD,2018/3/29 11:51,44,41,6.9,0
ORD,2018/3/29 12:51,45,41,3.45,0
ORD,2018/3/29 13:44,46,41,4.6,0
ORD,2018/3/29 13:51,46,41,4.6,0
ORD,2018/3/29 14:51,47,41,5.75,0
ORD,2018/3/29 15:51,49,42,5.75,0
ORD,2018/3/29 16:51,50,41,9.2,0
ORD,2018/3/29 17:51,47,36,14.95,0
ORD,2018/3/29 18:51,44,35,14.95,0
ORD,2018/3/29 19:51,42,34,13.8,0
ORD,2018/3/29 20:51,41,32,16.1,0
ORD,2018/3/29 21:51,40,30.9,17.25,0
ORD,2018/3/29 22:51,40,32,11.5,0
ORD,2018/3/29 23:51,39,30.9,11.5,0
ORD,2018/3/30 0:51,39,30,10.35,0
ORD,2018/3/30 1:51,38,28,12.65,0
ORD,2018/3/30 2:51,37,28.9,9.2,0
ORD,2018/3/30 3:51,36,28.9,10.35,0
ORD,2018/3/30 4:51,36,28.9,10.35,0
ORD,2018/3/30 5:51,35,28.9,9.2,0
ORD,2018/3/30 6:51,34,28.9,6.9,0
ORD,2018/3/30 7:51,34,28.9,6.9,0
ORD,2018/3/30 8:51,33,28.9,9.2,0
ORD,2018/3/30 9:51,34,28.9,8.05,0
ORD,2018/3/30 10:51,34,28.9,9.2,0
ORD,2018/3/30 11:21,34,28.9,6.9,0
ORD,2018/3/30 11:51,35,28,8.05,0
ORD,2018/3/30 12:51,35,27,10.35,0
ORD,2018/3/30 13:51,36,27,10.35,0
ORD,2018/3/30 14:44,38,26.1,9.2,0
ORD,2018/3/30 14:51,38,26.1,8.05,0
ORD,2018/3/30 15:51,40,24.1,9.2,0
ORD,2018/3/30 16:51,41,24.1,6.9,0
ORD,2018/3/30 17:51,42,21.9,0,0
ORD,2018/3/30 18:51,45,23,3.45,0
ORD,2018/3/30 19:51,46,24.1,6.9,0
ORD,2018/3/30 20:51,49,26.1,11.5,0
ORD,2018/3/30 21:51,48,25,12.65,0
ORD,2018/3/30 22:51,48,26.1,11.5,0
ORD,2018/3/30 23:51,47,25,14.95,0
ORD,2018/3/31 0:51,45,26.1,8.05,0
ORD,2018/3/31 1:51,45,24.1,8.05,0
ORD,2018/3/31 2:51,42,25,3.45,0
ORD,2018/3/31 3:51,40,24.1,4.6,0
ORD,2018/3/31 4:51,37,26.1,3.45,0
ORD,2018/3/31 5:51,36,26.1,4.6,0
ORD,2018/3/31 6:51,35,26.1,6.9,0
ORD,2018/3/31 7:51,38,27,8.05,0
ORD,2018/3/31 8:51,36,28.9,6.9,0
ORD,2018/3/31 9:51,37,30.9,9.2,0
ORD,2018/3/31 10:51,40,30.9,8.05,0
ORD,2018/3/31 11:51,41,30,14.95,0
ORD,2018/3/31 12:51,43,30.9,14.95,0
ORD,2018/3/31 13:22,41,34,20.7,0.51
ORD,2018/3/31 13:28,41,35,21.85,0.76
ORD,2018/3/31 13:51,40,36,19.55,2.29
ORD,2018/3/31 14:04,41,36,19.55,T
ORD,2018/3/31 14:45,42.8,35.6,21.85,T
ORD,2018/3/31 14:51,44,35,23,T
ORD,2018/3/31 15:51,47,36,26.45,0
ORD,2018/3/31 16:51,47,37,20.7,0
ORD,2018/3/31 17:51,54,40,19.55,0
ORD,2018/3/31 18:51,55,39,17.25,0
ORD,2018/3/31 19:51,57,39,24.15,0
ORD,2018/3/31 20:51,54,39,25.3,0
ORD,2018/3/31 21:51,52,34,23,0
ORD,2018/3/31 22:51,47,30,20.7,0
ORD,2018/3/31 23:51,44,28,17.25,0
ORD,2018/4/1 0:51,41,27,12.65,0
ORD,2018/4/1 1:51,39,26.1,14.95,0
ORD,2018/4/1 2:51,37,23,16.1,0
ORD,2018/4/1 3:51,35,21,13.8,0
ORD,2018/4/1 4:51,33,21.9,6.9,0
ORD,2018/4/1 5:51,33,19,11.5,0
ORD,2018/4/1 6:51,30.9,18,10.35,0
ORD,2018/4/1 7:51,30,17.1,9.2,0
ORD,2018/4/1 8:51,28.9,12.9,11.5,0
ORD,2018/4/1 9:51,27,10.9,10.35,0
ORD,2018/4/1 10:51,26.1,9,11.5,0
ORD,2018/4/1 11:51,25,10,9.2,0
ORD,2018/4/1 12:51,27,9,11.5,0
ORD,2018/4/1 13:51,28,10.9,8.05,0
ORD,2018/4/1 14:51,28,12,6.9,0
ORD,2018/4/1 15:51,28.9,14,6.9,0
ORD,2018/4/1 16:51,30.9,15.1,6.9,0
ORD,2018/4/1 17:51,33,15.1,9.2,0
ORD,2018/4/1 18:51,34,8.1,6.9,0
ORD,2018/4/1 19:51,34,10,9.2,0
ORD,2018/4/1 20:51,33,7,8.05,0
ORD,2018/4/1 21:51,34,9,5.75,0
ORD,2018/4/1 22:51,33,9,8.05,0
ORD,2018/4/1 23:51,32,10,8.05,0
ORD,2018/4/2 0:51,32,12.9,8.05,0
ORD,2018/4/2 1:51,30.9,12.9,5.75,0
ORD,2018/4/2 2:51,28.9,14,4.6,0
ORD,2018/4/2 3:51,28,15.1,4.6,0
ORD,2018/4/2 4:51,26.1,15.1,4.6,0
ORD,2018/4/2 5:51,25,16,4.6,0
ORD,2018/4/2 6:51,25,16,4.6,0
ORD,2018/4/2 7:51,25,16,5.75,0
ORD,2018/4/2 8:51,24.1,16,4.6,0
ORD,2018/4/2 9:51,24.1,16,6.9,0
ORD,2018/4/2 10:51,23,15.1,3.45,0
ORD,2018/4/2 11:51,23,17.1,3.45,0
ORD,2018/4/2 12:51,26.1,17.1,0,0
ORD,2018/4/2 13:51,30,17.1,0,0
ORD,2018/4/2 14:51,33,17.1,0,0
ORD,2018/4/2 15:51,36,14,6.9,0
ORD,2018/4/2 16:51,38,14,10.35,0
ORD,2018/4/2 17:51,39,12.9,8.05,0
ORD,2018/4/2 18:51,40,12,6.9,0
ORD,2018/4/2 19:51,42,12,9.2,0
ORD,2018/4/2 20:51,43,18,9.2,0
ORD,2018/4/2 21:51,43,21,13.8,0
ORD,2018/4/2 22:51,42,21.9,12.65,0
ORD,2018/4/2 23:51,41,23,12.65,0
ORD,2018/4/3 0:51,38,24.1,10.35,0
ORD,2018/4/3 1:51,38,25,10.35,0
ORD,2018/4/3 2:51,39,27,9.2,0
ORD,2018/4/3 3:33,39,28,6.9,0
ORD,2018/4/3 3:51,39,28.9,5.75,0
ORD,2018/4/3 4:51,40,28.9,4.6,0
ORD,2018/4/3 5:51,40,32,5.75,0
ORD,2018/4/3 6:51,40,30.9,9.2,0
ORD,2018/4/3 7:51,40,30,6.9,0
ORD,2018/4/3 8:51,40,32,6.9,0
ORD,2018/4/3 9:51,40,33,8.05,T
ORD,2018/4/3 10:42,39,35,12.65,T
ORD,2018/4/3 10:51,39,35,13.8,T
ORD,2018/4/3 11:41,39,37,8.05,T
ORD,2018/4/3 11:51,39,37,10.35,T
ORD,2018/4/3 12:22,39,36,11.5,0
ORD,2018/4/3 12:51,39,36,9.2,0
ORD,2018/4/3 13:51,39,36,10.35,T
ORD,2018/4/3 14:44,38,36,13.8,T
ORD,2018/4/3 14:51,38,36,12.65,T
ORD,2018/4/3 15:51,39,36,11.5,T
ORD,2018/4/3 16:07,39,37,11.5,0.25
ORD,2018/4/3 16:38,39,36,12.65,0.51
ORD,2018/4/3 16:51,39,36,13.8,0.51
ORD,2018/4/3 17:51,38,36,12.65,1.02
ORD,2018/4/3 18:22,39,36,13.8,0.25
ORD,2018/4/3 18:48,39.2,35.6,11.5,0.25
ORD,2018/4/3 18:51,39,36,13.8,0.25
ORD,2018/4/3 19:37,38,36,13.8,0.25
ORD,2018/4/3 19:51,38,36,12.65,0.51
ORD,2018/4/3 19:58,38,36,12.65,T
ORD,2018/4/3 20:26,38,36,12.65,1.52
ORD,2018/4/3 20:42,38,36,13.8,1.78
ORD,2018/4/3 20:51,38,36,13.8,1.78
ORD,2018/4/3 21:13,38,36,12.65,0.51
ORD,2018/4/3 21:51,38,35,17.25,0.76
ORD,2018/4/3 22:32,37,34,18.4,0
ORD,2018/4/3 22:40,37,34,17.25,T
ORD,2018/4/3 22:51,37,34,13.8,T
ORD,2018/4/3 23:14,36,33,18.4,T
ORD,2018/4/3 23:51,36,34,14.95,T
ORD,2018/4/4 0:51,36,34,11.5,0
ORD,2018/4/4 1:09,36,34,11.5,T
ORD,2018/4/4 1:51,36,34,10.35,0.25
ORD,2018/4/4 2:51,35,33,11.5,T
ORD,2018/4/4 3:51,35,32,13.8,T
ORD,2018/4/4 4:51,34,30.9,14.95,T
ORD,2018/4/4 5:22,34,30.9,12.65,T
ORD,2018/4/4 5:51,34,30.9,16.1,T
ORD,2018/4/4 6:51,33,28.9,18.4,T
ORD,2018/4/4 7:18,30,26.1,23,T
ORD,2018/4/4 7:30,30,25,21.85,T
ORD,2018/4/4 7:37,30,25,21.85,T
ORD,2018/4/4 7:51,28.9,25,20.7,T
ORD,2018/4/4 8:32,28,24.1,18.4,0.25
ORD,2018/4/4 8:43,27,23,18.4,0.25
ORD,2018/4/4 8:51,27,23,17.25,0.25
ORD,2018/4/4 9:08,28,21.9,18.4,T
ORD,2018/4/4 9:49,26.6,21.2,18.4,T
ORD,2018/4/4 9:51,27,21,17.25,T
ORD,2018/4/4 10:03,27,21,17.25,T
ORD,2018/4/4 10:24,27,19.9,17.25,T
ORD,2018/4/4 10:51,27,19.9,19.55,T
ORD,2018/4/4 11:51,27,19,20.7,0
ORD,2018/4/4 12:51,27,18,16.1,0
ORD,2018/4/4 13:51,28,17.1,20.7,0
ORD,2018/4/4 14:03,28,18,20.7,0
ORD,2018/4/4 14:51,30,17.1,21.85,0
ORD,2018/4/4 15:51,30.9,19,18.4,0
ORD,2018/4/4 16:51,30.9,19,18.4,0
ORD,2018/4/4 17:51,33,19.9,16.1,0
ORD,2018/4/4 18:51,34,21.9,16.1,T
ORD,2018/4/4 19:51,34,21,17.25,T
ORD,2018/4/4 20:51,33,18,17.25,0
ORD,2018/4/4 21:51,33,19,14.95,0
ORD,2018/4/4 22:51,33,18,14.95,0
ORD,2018/4/4 23:51,33,17.1,13.8,0
ORD,2018/4/5 0:51,32,18,8.05,0
ORD,2018/4/5 1:51,30.9,15.1,8.05,0
ORD,2018/4/5 2:51,28.9,16,6.9,0
ORD,2018/4/5 3:51,28.9,15.1,6.9,0
ORD,2018/4/5 4:51,28,15.1,9.2,0
ORD,2018/4/5 5:51,28,15.1,9.2,0
ORD,2018/4/5 6:51,27,12.9,12.65,0
ORD,2018/4/5 7:51,26.1,12,8.05,0
ORD,2018/4/5 8:51,26.1,12,6.9,0
ORD,2018/4/5 9:51,25,12,4.6,0
ORD,2018/4/5 10:51,24.1,12,0,0
ORD,2018/4/5 11:51,25,12.9,3.45,0
ORD,2018/4/5 12:51,26.1,12.9,3.45,0
ORD,2018/4/5 13:51,28.9,12,5.75,0
ORD,2018/4/5 14:51,32,10,4.6,0
ORD,2018/4/5 15:51,35,10.9,4.6,0
ORD,2018/4/5 16:51,38,15.1,6.9,0
ORD,2018/4/5 17:51,41,15.1,5.75,0
ORD,2018/4/5 18:51,42,18,10.35,0
ORD,2018/4/5 19:51,41,21,12.65,0
ORD,2018/4/5 20:51,40,23,13.8,0
ORD,2018/4/5 21:41,36,30,10.35,T
ORD,2018/4/5 21:51,36,30.9,11.5,T
ORD,2018/4/5 22:51,36,30.9,13.8,T
ORD,2018/4/5 23:41,36,30.9,9.2,0
ORD,2018/4/5 23:51,36,30.9,9.2,0
ORD,2018/4/6 0:51,36,32,9.2,T
ORD,2018/4/6 1:44,35,32,6.9,0.25
ORD,2018/4/6 1:51,34,32,8.05,0.25
ORD,2018/4/6 1:58,34,32,5.75,T
ORD,2018/4/6 2:06,34,32,4.6,0.25
ORD,2018/4/6 2:22,34,32,5.75,0.25
ORD,2018/4/6 2:27,34,32,5.75,0.51
ORD,2018/4/6 2:40,34,32,3.45,0.51
ORD,2018/4/6 2:51,33,32,0,1.02
ORD,2018/4/6 3:17,34,32,0,0.25
ORD,2018/4/6 3:49,33.8,32,10.35,0.51
ORD,2018/4/6 3:51,34,32,9.2,0.51
ORD,2018/4/6 4:49,35.6,33.8,6.9,T
ORD,2018/4/6 4:51,35,33,5.75,T
ORD,2018/4/6 5:51,35,32,4.6,0
ORD,2018/4/6 6:51,35,32,3.45,0
ORD,2018/4/6 7:51,36,33,8.05,0
ORD,2018/4/6 8:01,36,33,8.05,0
ORD,2018/4/6 8:32,36,34,11.5,0
ORD,2018/4/6 8:51,36,33,10.35,0
ORD,2018/4/6 9:07,36,33,13.8,0
ORD,2018/4/6 9:51,36,32,14.95,0
ORD,2018/4/6 10:51,36,30.9,12.65,0
ORD,2018/4/6 11:51,35,28,13.8,0
ORD,2018/4/6 12:51,35,26.1,13.8,0
ORD,2018/4/6 13:51,36,26.1,13.8,0
ORD,2018/4/6 14:51,35,19.9,18.4,0
ORD,2018/4/6 15:51,36,21,13.8,0
ORD,2018/4/6 16:51,36,19.9,21.85,0
ORD,2018/4/6 17:51,34,14,21.85,0
ORD,2018/4/6 18:51,35,16,16.1,0
ORD,2018/4/6 19:51,35,15.1,17.25,0
ORD,2018/4/6 20:51,35,10.9,21.85,0
ORD,2018/4/6 21:51,34,8.1,23,0
ORD,2018/4/6 22:51,32,8.1,20.7,0
ORD,2018/4/6 23:51,30.9,8.1,17.25,0
ORD,2018/4/7 0:51,30,9,11.5,0
ORD,2018/4/7 1:51,28.9,10,10.35,0
ORD,2018/4/7 2:51,28,10.9,8.05,0
ORD,2018/4/7 3:51,27,10.9,11.5,0
ORD,2018/4/7 4:51,27,10,10.35,0
ORD,2018/4/7 5:51,25,9,10.35,0
ORD,2018/4/7 6:51,24.1,9,9.2,0
ORD,2018/4/7 7:51,24.1,5,14.95,0
ORD,2018/4/7 8:51,23,3,12.65,0
ORD,2018/4/7 9:51,21.9,4,12.65,0
ORD,2018/4/7 10:51,21,4,9.2,0
ORD,2018/4/7 11:51,21,4,10.35,0
ORD,2018/4/7 12:51,21.9,5,10.35,0
ORD,2018/4/7 13:51,24.1,4,10.35,0
ORD,2018/4/7 14:51,26.1,6,5.75,0
ORD,2018/4/7 15:51,28,7,5.75,0
ORD,2018/4/7 16:51,30.9,10,14.95,0
ORD,2018/4/7 17:51,32,10.9,10.35,0
ORD,2018/4/7 18:51,34,12,10.35,0
ORD,2018/4/7 19:51,36,12.9,13.8,0
ORD,2018/4/7 20:51,37,10,10.35,0
ORD,2018/4/7 21:51,38,9,10.35,0
ORD,2018/4/7 22:51,38,9,11.5,0
ORD,2018/4/7 23:51,36,8.1,10.35,0
ORD,2018/4/8 0:51,33,9,9.2,0
ORD,2018/4/8 1:51,30.9,18,8.05,0
ORD,2018/4/8 2:51,30,18,4.6,0
ORD,2018/4/8 3:51,28,18,0,0
ORD,2018/4/8 4:51,27,18,0,0
ORD,2018/4/8 5:51,26.1,18,0,0
ORD,2018/4/8 6:51,25,18,3.45,0
ORD,2018/4/8 7:51,26.1,12,8.05,0
ORD,2018/4/8 8:51,25,10.9,6.9,0
ORD,2018/4/8 9:51,23,10,5.75,0
ORD,2018/4/8 10:51,21.9,10,5.75,0
ORD,2018/4/8 11:51,23,10.9,5.75,0
ORD,2018/4/8 12:51,28,10,6.9,0
ORD,2018/4/8 13:51,30.9,9,3.45,0
ORD,2018/4/8 14:51,30.9,6,4.6,0
ORD,2018/4/8 15:51,34,5,5.75,0
ORD,2018/4/8 16:51,36,1,0,0
ORD,2018/4/8 17:51,37,3,3.45,0
ORD,2018/4/8 18:51,39,12,9.2,0
ORD,2018/4/8 19:51,38,12.9,11.5,0
ORD,2018/4/8 20:51,38,10.9,10.35,0
ORD,2018/4/8 21:51,36,12.9,10.35,0
ORD,2018/4/8 22:51,35,15.1,10.35,0
ORD,2018/4/8 23:51,34,16,10.35,0
ORD,2018/4/9 0:51,34,18,11.5,0
ORD,2018/4/9 1:51,33,19,9.2,0
ORD,2018/4/9 2:51,34,18,5.75,0
ORD,2018/4/9 3:48,32,21.2,8.05,T
ORD,2018/4/9 3:51,32,21.9,6.9,T
ORD,2018/4/9 4:02,30.9,24.1,8.05,T
ORD,2018/4/9 4:33,30,26.1,8.05,0.25
ORD,2018/4/9 4:51,30,26.1,6.9,0.25
ORD,2018/4/9 5:21,30,26.1,6.9,T
ORD,2018/4/9 5:51,30,26.1,6.9,T
ORD,2018/4/9 6:51,30,27,8.05,T
ORD,2018/4/9 7:16,30.9,27,6.9,T
ORD,2018/4/9 7:51,30.9,27,8.05,0.25
ORD,2018/4/9 8:44,30.9,27,8.05,T
ORD,2018/4/9 8:51,30.9,27,9.2,T
ORD,2018/4/9 9:19,30.9,27,10.35,T
ORD,2018/4/9 9:51,30.9,27,8.05,T
ORD,2018/4/9 10:07,30.9,28,9.2,0.25
ORD,2018/4/9 10:47,30.2,28.4,8.05,0.25
ORD,2018/4/9 10:51,30.9,28,9.2,0.25
ORD,2018/4/9 11:27,30.9,28,9.2,T
ORD,2018/4/9 11:44,30.9,28,5.75,0.25
ORD,2018/4/9 11:51,30.9,28,6.9,0.25
ORD,2018/4/9 12:31,30.9,28.9,6.9,0.25
ORD,2018/4/9 12:51,32,28.9,6.9,0.25
ORD,2018/4/9 13:07,32,28.9,8.05,0.25
ORD,2018/4/9 13:51,32,30,5.75,0.76
ORD,2018/4/9 14:47,32,30.2,8.05,0.25
ORD,2018/4/9 14:51,32,30,6.9,0.51
ORD,2018/4/9 15:26,33,30,9.2,T
ORD,2018/4/9 15:49,33.8,30.2,9.2,T
ORD,2018/4/9 15:51,34,30,9.2,T
ORD,2018/4/9 16:09,34,30,10.35,T
ORD,2018/4/9 16:51,34,30,9.2,T
ORD,2018/4/9 17:28,34,30,10.35,T
ORD,2018/4/9 17:51,34,30,9.2,0.25
ORD,2018/4/9 18:08,35,30.9,9.2,T
ORD,2018/4/9 18:24,35,30,11.5,T
ORD,2018/4/9 18:51,36,30.9,9.2,T
ORD,2018/4/9 19:32,37,30,9.2,T
ORD,2018/4/9 19:51,37,30.9,9.2,T
ORD,2018/4/9 20:46,37.4,30.2,5.75,T
ORD,2018/4/9 20:51,37,28.9,5.75,T
ORD,2018/4/9 21:18,37,28.9,10.35,0
ORD,2018/4/9 21:51,35,30,8.05,T
ORD,2018/4/9 22:01,35,30,6.9,T
ORD,2018/4/9 22:12,35,30,5.75,T
ORD,2018/4/9 22:31,35,28.9,5.75,T
ORD,2018/4/9 22:51,36,30,5.75,T
ORD,2018/4/9 23:51,36,28,0,0
ORD,2018/4/10 0:51,35,28,0,0
ORD,2018/4/10 1:51,35,28,0,0
ORD,2018/4/10 2:51,33,28,0,0
ORD,2018/4/10 3:51,32,28,3.45,0
ORD,2018/4/10 4:51,32,28,4.6,0
ORD,2018/4/10 5:51,30.9,28,4.6,0
ORD,2018/4/10 6:51,30.9,26.1,4.6,0
ORD,2018/4/10 7:51,30,24.1,4.6,0
ORD,2018/4/10 8:51,30,23,6.9,0
ORD,2018/4/10 9:51,28,21.9,3.45,0
ORD,2018/4/10 10:51,28.9,21.9,5.75,0
ORD,2018/4/10 11:51,28.9,21.9,8.05,0
ORD,2018/4/10 12:51,30.9,23,8.05,0
ORD,2018/4/10 13:51,35,23,6.9,0
ORD,2018/4/10 14:51,38,23,4.6,0
ORD,2018/4/10 15:51,40,23,9.2,0
ORD,2018/4/10 16:51,41,21,8.05,0
ORD,2018/4/10 17:51,43,21,9.2,0
ORD,2018/4/10 18:51,44,21,13.8,0
ORD,2018/4/10 19:51,43,21,6.9,0
ORD,2018/4/10 20:51,44,21.9,14.95,0
ORD,2018/4/10 21:51,44,21.9,10.35,0
ORD,2018/4/10 22:51,44,21.9,10.35,0
ORD,2018/4/10 23:51,43,23,9.2,0
ORD,2018/4/11 0:51,43,24.1,6.9,0
ORD,2018/4/11 1:51,43,24.1,9.2,0
ORD,2018/4/11 2:51,42,26.1,11.5,0
ORD,2018/4/11 5:51,40,30.9,9.2,T
ORD,2018/4/11 6:51,40,30,8.05,0
ORD,2018/4/11 7:51,41,28.9,13.8,0
ORD,2018/4/11 8:51,41,28,12.65,0
ORD,2018/4/11 9:51,42,28,11.5,0
ORD,2018/4/11 10:51,40,28,11.5,0
ORD,2018/4/11 11:51,39,28,11.5,0
ORD,2018/4/11 12:51,41,30,13.8,0
ORD,2018/4/11 13:51,44,30.9,11.5,0
ORD,2018/4/11 14:51,48,33,13.8,0
ORD,2018/4/11 15:51,53,35,13.8,0
ORD,2018/4/11 16:51,57,37,12.65,0
ORD,2018/4/11 17:51,60,37,6.9,0
ORD,2018/4/11 18:51,64,38,6.9,0
ORD,2018/4/11 19:51,65,38,6.9,0
ORD,2018/4/11 20:51,65,37,0,0
ORD,2018/4/11 21:51,58,36,11.5,0
ORD,2018/4/11 22:51,55,36,12.65,0
ORD,2018/4/11 23:51,50,35,9.2,T
ORD,2018/4/12 0:51,49,34,9.2,0
ORD,2018/4/12 1:51,46,35,8.05,T
ORD,2018/4/12 2:51,46,35,5.75,T
ORD,2018/4/12 3:51,46,37,6.9,0.25
ORD,2018/4/12 4:51,44,38,9.2,T
ORD,2018/4/12 5:51,44,40,6.9,1.02
ORD,2018/4/12 6:51,45,42,0,T
ORD,2018/4/12 7:09,45,42,0,T
ORD,2018/4/12 7:51,45,42,11.5,0.76
ORD,2018/4/12 8:51,47,44,9.2,0
ORD,2018/4/12 9:51,54,42,17.25,0
ORD,2018/4/12 10:51,55,41,17.25,0
ORD,2018/4/12 11:51,55,40,17.25,0
ORD,2018/4/12 12:51,57,41,18.4,0
ORD,2018/4/12 13:51,61,42,21.85,0
ORD,2018/4/12 14:51,65,44,19.55,0
ORD,2018/4/12 15:51,67,45,17.25,0
ORD,2018/4/12 16:51,71,46,17.25,0
ORD,2018/4/12 17:51,71,45,13.8,0
ORD,2018/4/12 18:51,71,44,12.65,0
ORD,2018/4/12 19:51,72,44,5.75,0
ORD,2018/4/12 20:34,63,45,14.95,0
ORD,2018/4/12 20:51,63,45,11.5,0
ORD,2018/4/12 21:51,58,44,13.8,0
ORD,2018/4/12 22:51,52,42,18.4,0
ORD,2018/4/12 23:51,48,40,12.65,0
ORD,2018/4/13 0:51,46,38,13.8,0
ORD,2018/4/13 1:51,44,37,13.8,0
ORD,2018/4/13 2:51,44,37,13.8,0
ORD,2018/4/13 3:51,43,36,11.5,0
ORD,2018/4/13 4:51,42,35,13.8,0
ORD,2018/4/13 5:51,42,35,13.8,0
ORD,2018/4/13 6:51,41,35,12.65,0
ORD,2018/4/13 7:51,40,35,6.9,0
ORD,2018/4/13 8:51,40,35,12.65,0
ORD,2018/4/13 9:51,40,36,14.95,0
ORD,2018/4/13 10:51,41,36,11.5,0
ORD,2018/4/13 11:51,42,37,6.9,0
ORD,2018/4/13 12:51,43,38,10.35,0
ORD,2018/4/13 13:51,47,39,12.65,0
ORD,2018/4/13 14:51,47,39,10.35,0
ORD,2018/4/13 15:51,47,39,8.05,0
ORD,2018/4/13 16:51,45,38,13.8,0
ORD,2018/4/13 17:51,44,37,19.55,T
ORD,2018/4/13 18:32,43,36,20.7,0
ORD,2018/4/13 18:51,43,36,24.15,0
ORD,2018/4/13 19:51,42,37,13.8,T
ORD,2018/4/13 20:33,43,37,11.5,0
ORD,2018/4/13 20:51,44,38,12.65,0
ORD,2018/4/13 21:51,45,39,6.9,T
ORD,2018/4/13 22:51,43,39,5.75,T
ORD,2018/4/13 23:51,41,38,12.65,0.25
ORD,2018/4/14 0:29,40,38,19.55,0
ORD,2018/4/14 0:51,40,38,13.8,0
ORD,2018/4/14 1:12,40,38,18.4,0
ORD,2018/4/14 1:51,41,38,14.95,0
ORD,2018/4/14 2:51,40,38,13.8,0
ORD,2018/4/14 3:51,40,37,16.1,T
ORD,2018/4/14 4:51,39,37,20.7,1.02
ORD,2018/4/14 5:51,39,36,19.55,0.25
ORD,2018/4/14 6:51,39,36,19.55,1.78
ORD,2018/4/14 7:22,39,36,19.55,3.05
ORD,2018/4/14 7:51,39,36,20.7,5.59
ORD,2018/4/14 8:03,39,36,19.55,1.02
ORD,2018/4/14 8:51,39,36,18.4,2.79
ORD,2018/4/14 9:51,38,35,18.4,0.51
ORD,2018/4/14 10:51,38,36,19.55,1.02
ORD,2018/4/14 11:51,39,36,27.6,1.02
ORD,2018/4/14 12:51,39,36,25.3,0.25
ORD,2018/4/14 13:51,39,36,19.55,T
ORD,2018/4/14 14:34,39,36,24.15,T
ORD,2018/4/14 14:51,39,36,27.6,T
ORD,2018/4/14 15:22,39,36,19.55,T
ORD,2018/4/14 15:42,39,36,25.3,T
ORD,2018/4/14 15:51,39,36,18.4,T
ORD,2018/4/14 16:51,39,36,20.7,0.25
ORD,2018/4/14 17:51,38,35,24.15,T
ORD,2018/4/14 18:51,38,35,25.3,T
ORD,2018/4/14 19:51,38,35,21.85,T
ORD,2018/4/14 20:51,37,34,24.15,T
ORD,2018/4/14 21:51,36,33,24.15,T
ORD,2018/4/14 22:30,36,33,27.6,0.25
ORD,2018/4/14 22:38,36,32,24.15,0.25
ORD,2018/4/14 22:51,36,32,26.45,0.25
ORD,2018/4/14 23:51,36,32,17.25,0.51
ORD,2018/4/15 0:51,36,33,16.1,0.51
ORD,2018/4/15 1:51,36,32,19.55,0
ORD,2018/4/15 2:51,36,33,19.55,1.02
ORD,2018/4/15 3:11,36,33,20.7,4.57
ORD,2018/4/15 3:51,36,33,17.25,4.57
ORD,2018/4/15 4:31,36,32,18.4,0.25
ORD,2018/4/15 4:51,36,33,13.8,1.78
ORD,2018/4/15 5:11,36,33,16.1,2.03
ORD,2018/4/15 5:51,36,33,18.4,2.79
ORD,2018/4/15 6:09,36,33,18.4,0.51
ORD,2018/4/15 6:51,35,33,18.4,2.03
ORD,2018/4/15 7:51,35,32,19.55,0.76
ORD,2018/4/15 8:19,35,32,20.7,0.25
ORD,2018/4/15 8:51,35,32,19.55,0.76
ORD,2018/4/15 9:51,35,32,17.25,1.02
ORD,2018/4/15 10:51,35,32,17.25,1.52
ORD,2018/4/15 10:56,34,32,18.4,0.25
ORD,2018/4/15 11:51,34,30.9,14.95,2.03
ORD,2018/4/15 12:08,34,30.9,19.55,0.51
ORD,2018/4/15 12:51,34,30.9,17.25,1.27
ORD,2018/4/15 13:51,34,30.9,19.55,2.79
ORD,2018/4/15 14:51,34,30.9,16.1,2.79
ORD,2018/4/15 15:29,34,30.9,12.65,1.02
ORD,2018/4/15 15:51,34,30.9,12.65,1.02
ORD,2018/4/15 16:18,34,30.9,10.35,0.25
ORD,2018/4/15 16:51,34,32,10.35,1.02
ORD,2018/4/15 16:58,35,32,10.35,0.25
ORD,2018/4/15 17:22,35,33,11.5,0.25
ORD,2018/4/15 17:51,36,33,10.35,0.25
ORD,2018/4/15 18:07,36,33,10.35,T
ORD,2018/4/15 18:21,36,33,12.65,T
ORD,2018/4/15 18:51,37,34,11.5,T
ORD,2018/4/15 19:19,37,34,11.5,T
ORD,2018/4/15 19:51,36,32,9.2,T
ORD,2018/4/15 20:07,37,32,8.05,T
ORD,2018/4/15 20:51,36,32,9.2,T
ORD,2018/4/15 21:51,35,32,11.5,0.25
ORD,2018/4/15 22:16,35,32,12.65,T
ORD,2018/4/15 22:41,35,32,13.8,T
ORD,2018/4/15 22:51,35,32,10.35,T
ORD,2018/4/15 22:54,35,32,10.35,T
ORD,2018/4/15 23:41,35,32,11.5,T
ORD,2018/4/15 23:51,35,32,11.5,T
ORD,2018/4/16 0:51,34,30,11.5,T
ORD,2018/4/16 1:19,33,30,12.65,T
ORD,2018/4/16 1:51,33,28.9,12.65,T
ORD,2018/4/16 2:32,32,28.9,10.35,0.25
ORD,2018/4/16 2:51,30.9,28,10.35,0.51
ORD,2018/4/16 3:16,30.9,27,13.8,0.25
ORD,2018/4/16 3:42,30,27,13.8,0.51
ORD,2018/4/16 3:51,30,27,13.8,0.51
ORD,2018/4/16 4:17,28.9,26.1,17.25,T
ORD,2018/4/16 4:51,28.9,24.1,12.65,T
ORD,2018/4/16 5:51,28,24.1,11.5,0.25
ORD,2018/4/16 6:51,28,23,13.8,T
ORD,2018/4/16 7:51,28,23,13.8,T
ORD,2018/4/16 8:51,28,23,13.8,T
ORD,2018/4/16 9:07,27,23,12.65,T
ORD,2018/4/16 9:51,27,23,16.1,T
ORD,2018/4/16 10:17,28,21.9,12.65,T
ORD,2018/4/16 10:51,28,23,13.8,T
ORD,2018/4/16 11:51,28,23,13.8,T
ORD,2018/4/16 12:36,28,23,13.8,T
ORD,2018/4/16 12:51,28,23,12.65,T
ORD,2018/4/16 13:37,28,23,12.65,T
ORD,2018/4/16 13:51,28.9,23,14.95,T
ORD,2018/4/16 14:34,28.9,23,16.1,0.25
ORD,2018/4/16 14:51,28.9,23,17.25,0.25
ORD,2018/4/16 15:51,30,23,14.95,T
ORD,2018/4/16 16:51,30.9,23,16.1,0
ORD,2018/4/16 17:51,32,24.1,17.25,T
ORD,2018/4/16 18:51,33,24.1,16.1,T
ORD,2018/4/16 19:51,33,24.1,16.1,0
ORD,2018/4/16 20:33,33,24.1,16.1,0
ORD,2018/4/16 20:51,34,24.1,16.1,0
ORD,2018/4/16 21:28,34,23,16.1,0
ORD,2018/4/16 21:51,34,23,14.95,0
ORD,2018/4/16 22:51,34,23,14.95,0
ORD,2018/4/16 23:51,34,23,14.95,0
ORD,2018/4/17 0:51,34,23,14.95,0
ORD,2018/4/17 1:51,34,24.1,17.25,T
ORD,2018/4/17 2:51,33,23,13.8,T
ORD,2018/4/17 3:51,33,21.9,14.95,T
ORD,2018/4/17 4:51,32,21.9,13.8,T
ORD,2018/4/17 5:51,32,21,12.65,T
ORD,2018/4/17 6:51,32,21,11.5,0
ORD,2018/4/17 7:51,30.9,19.9,14.95,0
ORD,2018/4/17 8:51,30,19.9,11.5,0
ORD,2018/4/17 9:51,30,21,9.2,0
ORD,2018/4/17 10:51,30,21,8.05,0
ORD,2018/4/17 11:51,30.9,21,12.65,0
ORD,2018/4/17 12:51,30.9,19.9,20.7,0
ORD,2018/4/17 13:51,33,19.9,21.85,0
ORD,2018/4/17 14:51,33,18,19.55,0
ORD,2018/4/17 15:51,35,19.9,18.4,0
ORD,2018/4/17 16:51,37,19.9,16.1,0
ORD,2018/4/17 17:51,38,21,10.35,0
ORD,2018/4/17 18:51,40,21,10.35,0
ORD,2018/4/17 19:51,41,21,9.2,0
ORD,2018/4/17 20:51,43,21,11.5,0
ORD,2018/4/17 21:51,43,21.9,6.9,0
ORD,2018/4/17 22:51,43,21,6.9,0
ORD,2018/4/17 23:51,41,19.9,9.2,0
ORD,2018/4/18 0:51,40,21,9.2,0
ORD,2018/4/18 1:51,38,21.9,9.2,0
ORD,2018/4/18 2:51,36,23,9.2,0
ORD,2018/4/18 3:51,34,23,4.6,0
ORD,2018/4/18 4:51,33,24.1,4.6,0
ORD,2018/4/18 5:51,33,24.1,3.45,0
ORD,2018/4/18 6:51,32,24.1,4.6,0
ORD,2018/4/18 7:51,32,25,3.45,0
ORD,2018/4/18 8:51,30.9,24.1,0,0
ORD,2018/4/18 9:51,30,24.1,4.6,0
ORD,2018/4/18 10:51,30.9,24.1,8.05,0
ORD,2018/4/18 11:09,30.9,25,5.75,0
ORD,2018/4/18 11:51,34,26.1,11.5,0
ORD,2018/4/18 12:51,36,27,13.8,0
ORD,2018/4/18 13:36,36,26.1,13.8,0
ORD,2018/4/18 13:51,36,26.1,16.1,0
ORD,2018/4/18 14:51,36,26.1,18.4,0
ORD,2018/4/18 15:51,37,26.1,18.4,0
ORD,2018/4/18 16:51,35,26.1,19.55,0
ORD,2018/4/18 17:25,35,28,19.55,0
ORD,2018/4/18 17:51,35,28,21.85,0
ORD,2018/4/18 18:04,35,28,19.55,0
ORD,2018/4/18 18:51,35,27,16.1,0
ORD,2018/4/18 19:51,36,28,13.8,0
ORD,2018/4/18 20:27,36,28.9,13.8,0
ORD,2018/4/18 20:36,36,28.9,13.8,0
ORD,2018/4/18 20:51,34,30,13.8,0
ORD,2018/4/18 21:24,34,30,14.95,0
ORD,2018/4/18 21:51,34,30.9,14.95,0
ORD,2018/4/18 22:07,34,30.9,11.5,0
ORD,2018/4/18 22:51,34,32,11.5,0
ORD,2018/4/18 23:51,33,32,9.2,0
ORD,2018/4/19 0:12,33,32,9.2,0
ORD,2018/4/19 0:28,33,32,9.2,0
ORD,2018/4/19 0:41,32,30.9,9.2,0
ORD,2018/4/19 0:51,32,30.9,9.2,0
ORD,2018/4/19 1:03,32,30.9,8.05,0
ORD,2018/4/19 1:51,32,32,8.05,0
ORD,2018/4/19 2:39,32,32,9.2,0
ORD,2018/4/19 2:51,32,32,9.2,0
ORD,2018/4/19 3:01,32,32,11.5,0
ORD,2018/4/19 3:17,33,32,11.5,0
ORD,2018/4/19 3:51,33,32,12.65,0
ORD,2018/4/19 4:51,32,32,11.5,0
ORD,2018/4/19 5:51,32,32,10.35,0
ORD,2018/4/19 6:51,32,32,11.5,0
ORD,2018/4/19 7:51,33,33,12.65,0
ORD,2018/4/19 8:38,34,33,9.2,0
ORD,2018/4/19 8:51,34,33,10.35,0
ORD,2018/4/19 9:51,34,32,10.35,0
ORD,2018/4/19 10:51,32,28.9,10.35,0
ORD,2018/4/19 11:51,33,28,10.35,0
ORD,2018/4/19 12:51,34,26.1,10.35,0
ORD,2018/4/19 13:51,36,27,11.5,0
ORD,2018/4/19 14:51,41,28.9,12.65,0
ORD,2018/4/19 15:51,45,27,12.65,0
ORD,2018/4/19 16:51,48,27,12.65,0
ORD,2018/4/19 17:51,50,28,9.2,0
ORD,2018/4/19 18:51,52,27,10.35,0
ORD,2018/4/19 19:51,53,26.1,12.65,0
ORD,2018/4/19 20:51,54,21.9,12.65,0
ORD,2018/4/19 21:51,54,24.1,8.05,0
ORD,2018/4/19 22:51,53,21.9,5.75,0
ORD,2018/4/19 23:51,49,21.9,12.65,0
ORD,2018/4/20 0:51,45,23,8.05,0
ORD,2018/4/20 1:51,42,26.1,9.2,0
ORD,2018/4/20 2:51,42,24.1,5.75,0
ORD,2018/4/20 3:51,40,24.1,6.9,0
ORD,2018/4/20 4:51,40,23,6.9,0
ORD,2018/4/20 5:51,39,23,4.6,0
ORD,2018/4/20 6:51,37,23,4.6,0
ORD,2018/4/20 7:51,37,23,4.6,0
ORD,2018/4/20 8:51,37,23,5.75,0
ORD,2018/4/20 9:51,37,23,3.45,0
ORD,2018/4/20 10:51,36,23,5.75,0
ORD,2018/4/20 11:51,39,23,0,0
ORD,2018/4/20 12:51,43,24.1,4.6,0
ORD,2018/4/20 13:51,46,25,4.6,0
ORD,2018/4/20 14:51,49,25,3.45,0
ORD,2018/4/20 15:51,53,25,0,0
ORD,2018/4/20 16:51,56,19,3.45,0
ORD,2018/4/20 17:51,58,15.1,5.75,0
ORD,2018/4/20 18:51,58,17.1,0,0
ORD,2018/4/20 19:51,59,18,3.45,0
ORD,2018/4/20 20:51,61,21,8.05,0
ORD,2018/4/20 21:51,59,16,12.65,0
ORD,2018/4/20 22:51,56,10.9,13.8,0
ORD,2018/4/20 23:51,53,10.9,10.35,0
ORD,2018/4/21 0:51,50,10,8.05,0
ORD,2018/4/21 1:51,49,10.9,5.75,0
ORD,2018/4/21 2:51,47,12,3.45,0
ORD,2018/4/21 3:51,46,14,3.45,0
ORD,2018/4/21 4:51,44,17.1,0,0
ORD,2018/4/21 5:51,43,19,3.45,0
ORD,2018/4/21 6:51,42,19,0,0
ORD,2018/4/21 7:51,40,21,0,0
ORD,2018/4/21 8:51,41,21.9,3.45,0
ORD,2018/4/21 9:51,43,17.1,0,0
ORD,2018/4/21 10:51,42,21.9,0,0
ORD,2018/4/21 11:51,43,21.9,3.45,0
ORD,2018/4/21 12:51,45,19.9,3.45,0
ORD,2018/4/21 13:51,47,18,0,0
ORD,2018/4/21 14:51,48,19,0,0
ORD,2018/4/21 15:51,49,21,0,0
ORD,2018/4/21 16:51,50,25,3.45,0
ORD,2018/4/21 17:51,52,25,3.45,0
ORD,2018/4/21 18:51,52,26.1,5.75,0
ORD,2018/4/21 19:51,54,24.1,4.6,0
ORD,2018/4/21 20:51,54,21.9,8.05,0
ORD,2018/4/21 21:51,54,23,9.2,0
ORD,2018/4/21 22:51,51,19.9,9.2,0
ORD,2018/4/21 23:51,49,17.1,9.2,0
ORD,2018/4/22 0:51,48,17.1,6.9,0
ORD,2018/4/22 1:51,47,16,6.9,0
ORD,2018/4/22 2:51,47,16,4.6,0
ORD,2018/4/22 3:51,46,19,6.9,0
ORD,2018/4/22 4:51,45,19.9,4.6,0
ORD,2018/4/22 5:51,44,21,0,0
ORD,2018/4/22 6:51,44,21,6.9,0
ORD,2018/4/22 7:51,44,19.9,9.2,0
ORD,2018/4/22 8:51,44,19,4.6,0
ORD,2018/4/22 9:51,44,19.9,6.9,0
ORD,2018/4/22 10:51,42,24.1,8.05,0
ORD,2018/4/22 11:51,43,25,8.05,0
ORD,2018/4/22 12:51,45,27,6.9,0
ORD,2018/4/22 13:51,49,28,6.9,0
ORD,2018/4/22 14:51,53,21,9.2,0
ORD,2018/4/22 15:51,56,23,13.8,0
ORD,2018/4/22 16:51,58,24.1,14.95,0
ORD,2018/4/22 17:51,58,24.1,16.1,0
ORD,2018/4/22 18:51,60,24.1,14.95,0
ORD,2018/4/22 19:51,60,26.1,12.65,0
ORD,2018/4/22 20:51,60,25,16.1,0
ORD,2018/4/22 21:51,60,26.1,13.8,0
ORD,2018/4/22 22:51,57,25,13.8,0
ORD,2018/4/22 23:51,55,25,11.5,0
ORD,2018/4/23 0:51,51,26.1,11.5,0
ORD,2018/4/23 1:51,46,27,11.5,0
ORD,2018/4/23 2:51,46,28.9,9.2,0
ORD,2018/4/23 3:51,46,28,11.5,0
ORD,2018/4/23 4:51,45,28,8.05,0
ORD,2018/4/23 5:51,44,28.9,6.9,0
ORD,2018/4/23 6:51,46,28,5.75,0
ORD,2018/4/23 7:51,43,30,8.05,0
ORD,2018/4/23 8:51,46,26.1,8.05,0
ORD,2018/4/23 9:51,43,28,8.05,0
ORD,2018/4/23 10:51,43,27,10.35,0
ORD,2018/4/23 11:51,45,28,10.35,0
ORD,2018/4/23 12:51,47,28,12.65,0
ORD,2018/4/23 13:51,49,28,13.8,0
ORD,2018/4/23 14:51,51,28,13.8,0
ORD,2018/4/23 15:51,55,28.9,13.8,0
ORD,2018/4/23 16:51,57,28,16.1,0
ORD,2018/4/23 17:51,59,28.9,14.95,0
ORD,2018/4/23 18:51,59,28,17.25,0
ORD,2018/4/23 19:51,61,30,17.25,0
ORD,2018/4/23 20:51,62,30,16.1,0
ORD,2018/4/23 21:51,62,27,16.1,0
ORD,2018/4/23 22:51,59,25,13.8,0
ORD,2018/4/23 23:51,55,23,12.65,0
ORD,2018/4/24 0:51,54,25,13.8,0
ORD,2018/4/24 1:51,52,26.1,13.8,0
ORD,2018/4/24 2:51,50,28.9,10.35,0
ORD,2018/4/24 3:51,49,30.9,9.2,T
ORD,2018/4/24 4:51,49,30.9,4.6,0
ORD,2018/4/24 5:51,49,30.9,5.75,0
ORD,2018/4/24 6:51,49,33,4.6,0
ORD,2018/4/24 7:51,49,34,3.45,T
ORD,2018/4/24 8:31,50,35,4.6,0
ORD,2018/4/24 8:51,50,36,4.6,0
ORD,2018/4/24 9:34,50,35,6.9,0
ORD,2018/4/24 9:51,49,34,6.9,0
ORD,2018/4/24 10:51,48,35,6.9,T
ORD,2018/4/24 11:04,48,36,5.75,T
ORD,2018/4/24 11:51,49,37,5.75,T
ORD,2018/4/24 12:51,50,38,5.75,T
ORD,2018/4/24 13:51,52,41,6.9,0
ORD,2018/4/24 14:51,57,44,6.9,0
ORD,2018/4/24 15:51,59,46,6.9,0
ORD,2018/4/24 16:51,61,47,9.2,0
ORD,2018/4/24 17:51,64,48,9.2,0
ORD,2018/4/24 18:51,62,47,8.05,0
ORD,2018/4/24 19:51,64,47,13.8,0
ORD,2018/4/24 20:51,63,47,10.35,0
ORD,2018/4/24 21:51,63,47,10.35,0
ORD,2018/4/24 22:51,62,47,9.2,0
ORD,2018/4/24 23:51,59,47,8.05,0
ORD,2018/4/25 0:51,56,46,9.2,0
ORD,2018/4/25 1:51,53,46,8.05,0
ORD,2018/4/25 2:51,51,45,12.65,0
ORD,2018/4/25 3:51,48,44,10.35,0
ORD,2018/4/25 4:51,48,44,10.35,0
ORD,2018/4/25 5:51,48,37,13.8,0
ORD,2018/4/25 6:51,48,32,21.85,0
ORD,2018/4/25 7:51,47,28.9,25.3,0
ORD,2018/4/25 8:09,46,28.9,21.85,0
ORD,2018/4/25 8:51,46,28.9,20.7,0
ORD,2018/4/25 9:51,44,30,18.4,0
ORD,2018/4/25 10:51,43,30.9,16.1,0
ORD,2018/4/25 11:51,44,32,13.8,0
ORD,2018/4/25 12:51,45,33,19.55,0
ORD,2018/4/25 13:51,47,30.9,19.55,0
ORD,2018/4/25 14:51,49,30,18.4,0
ORD,2018/4/25 15:51,51,28.9,20.7,0
ORD,2018/4/25 16:51,51,30,16.1,0
ORD,2018/4/25 17:51,52,30,18.4,0
ORD,2018/4/25 18:51,51,30,11.5,0
ORD,2018/4/25 19:51,52,32,13.8,0
ORD,2018/4/25 20:51,49,30.9,12.65,0
ORD,2018/4/25 21:51,49,30,11.5,0
ORD,2018/4/25 22:51,47,28,12.65,0
ORD,2018/4/25 23:51,45,30,13.8,0
ORD,2018/4/26 0:51,42,30,11.5,0
ORD,2018/4/26 1:51,42,28.9,9.2,0
ORD,2018/4/26 2:51,41,28,3.45,0
ORD,2018/4/26 3:51,40,28,0,0
ORD,2018/4/26 4:51,39,28.9,3.45,0
ORD,2018/4/26 5:51,40,28.9,0,0
ORD,2018/4/26 6:51,38,28.9,0,0
ORD,2018/4/26 7:51,37,28.9,3.45,0
ORD,2018/4/26 8:51,37,28.9,3.45,0
ORD,2018/4/26 9:51,37,28.9,0,0
ORD,2018/4/26 10:51,36,28.9,3.45,0
ORD,2018/4/26 11:51,38,30.9,0,0
ORD,2018/4/26 12:51,45,30.9,0,0
ORD,2018/4/26 13:51,49,28.9,0,0
ORD,2018/4/26 14:51,54,30,0,0
ORD,2018/4/26 15:51,57,28,0,0
ORD,2018/4/26 16:51,58,26.1,4.6,0
ORD,2018/4/26 17:51,62,28,3.45,0
ORD,2018/4/26 18:51,64,28,0,0
ORD,2018/4/26 19:51,65,28,6.9,0
ORD,2018/4/26 20:51,65,28.9,9.2,0
ORD,2018/4/26 21:51,65,28,6.9,0
ORD,2018/4/26 22:51,65,27,9.2,0
ORD,2018/4/26 23:51,65,28,9.2,0
ORD,2018/4/27 0:51,63,28.9,0,0
ORD,2018/4/27 1:51,56,27,8.05,0
ORD,2018/4/27 2:51,55,28.9,5.75,0
ORD,2018/4/27 3:51,54,30.9,5.75,0
ORD,2018/4/27 4:51,56,30.9,5.75,0
ORD,2018/4/27 5:51,57,30,6.9,0
ORD,2018/4/27 6:51,56,30.9,8.05,0
ORD,2018/4/27 7:51,55,32,6.9,0
ORD,2018/4/27 8:41,53,34,28.75,0
ORD,2018/4/27 8:51,50,33,24.15,0
ORD,2018/4/27 9:51,45,33,18.4,0
ORD,2018/4/27 10:51,44,34,12.65,0
ORD,2018/4/27 11:51,44,35,9.2,0
ORD,2018/4/27 12:51,47,36,14.95,0
ORD,2018/4/27 13:51,49,36,14.95,0
ORD,2018/4/27 14:51,52,32,16.1,0
ORD,2018/4/27 15:51,54,27,12.65,0
ORD,2018/4/27 16:51,55,32,9.2,0
ORD,2018/4/27 17:51,56,30.9,12.65,0
ORD,2018/4/27 18:51,57,30,13.8,0
ORD,2018/4/27 19:51,55,30,10.35,0
ORD,2018/4/27 20:51,53,28,13.8,0
ORD,2018/4/27 21:51,50,26.1,11.5,0
ORD,2018/4/27 22:51,45,28.9,13.8,T
ORD,2018/4/27 23:51,42,33,17.25,0.25
ORD,2018/4/28 0:51,41,34,19.55,0.25
ORD,2018/4/28 1:51,41,34,13.8,0
ORD,2018/4/28 2:39,40,35,18.4,0
ORD,2018/4/28 2:51,40,35,20.7,0
ORD,2018/4/28 3:19,40,34,18.4,0
ORD,2018/4/28 3:51,40,34,18.4,0
ORD,2018/4/28 4:17,40,33,18.4,0
ORD,2018/4/28 4:36,40,33,10.35,0
ORD,2018/4/28 4:51,40,33,8.05,0
ORD,2018/4/28 5:51,39,33,9.2,0
ORD,2018/4/28 6:51,39,32,14.95,0
ORD,2018/4/28 7:51,38,30.9,12.65,0
ORD,2018/4/28 8:51,37,30,14.95,0
ORD,2018/4/28 9:51,36,30,12.65,0
ORD,2018/4/28 10:51,36,30.9,12.65,0
ORD,2018/4/28 11:51,37,30.9,13.8,0
ORD,2018/4/28 12:51,39,30,14.95,0
ORD,2018/4/28 13:51,42,28.9,13.8,0
ORD,2018/4/28 14:51,45,30,8.05,0
ORD,2018/4/28 15:51,47,28,12.65,0
ORD,2018/4/28 16:51,50,30.9,11.5,0
ORD,2018/4/28 17:51,49,28,16.1,0
ORD,2018/4/28 18:51,50,21,14.95,0
ORD,2018/4/28 19:51,49,21.9,16.1,0
ORD,2018/4/28 20:51,49,19.9,16.1,0
ORD,2018/4/28 21:51,47,19.9,19.55,0
ORD,2018/4/28 22:51,46,21,14.95,0
ORD,2018/4/28 23:51,44,18,11.5,0
ORD,2018/4/29 0:51,42,19,11.5,0
ORD,2018/4/29 1:51,40,21.9,9.2,0
ORD,2018/4/29 2:51,39,21.9,5.75,0
ORD,2018/4/29 3:51,38,21.9,6.9,0
ORD,2018/4/29 4:51,36,21.9,4.6,0
ORD,2018/4/29 5:51,34,21.9,6.9,0
ORD,2018/4/29 6:51,34,23,4.6,0
ORD,2018/4/29 7:51,33,23,8.05,0
ORD,2018/4/29 8:51,32,23,5.75,0
ORD,2018/4/29 9:51,32,23,5.75,0
ORD,2018/4/29 10:51,30.9,23,6.9,0
ORD,2018/4/29 11:51,34,25,5.75,0
ORD,2018/4/29 12:51,39,28,6.9,0
ORD,2018/4/29 13:51,43,27,3.45,0
ORD,2018/4/29 14:51,48,21.9,6.9,0
ORD,2018/4/29 15:51,51,19.9,5.75,0
ORD,2018/4/29 16:51,52,19,6.9,0
ORD,2018/4/29 17:51,53,18,5.75,0
ORD,2018/4/29 18:51,54,16,4.6,0
ORD,2018/4/29 19:51,56,17.1,5.75,0
ORD,2018/4/29 20:51,58,17.1,5.75,0
ORD,2018/4/29 21:51,59,17.1,8.05,0
ORD,2018/4/29 22:51,58,16,9.2,0
ORD,2018/4/29 23:51,56,14,10.35,0
ORD,2018/4/30 0:51,51,12,8.05,0
ORD,2018/4/30 1:51,48,9,8.05,0
ORD,2018/4/30 2:51,46,9,6.9,0
ORD,2018/4/30 3:51,45,10.9,6.9,0
ORD,2018/4/30 4:51,43,19,5.75,0
ORD,2018/4/30 5:51,42,21,8.05,0
ORD,2018/4/30 6:51,43,18,5.75,0
ORD,2018/4/30 7:51,42,15.1,5.75,0
ORD,2018/4/30 8:51,41,14,4.6,0
ORD,2018/4/30 9:51,40,16,4.6,0
ORD,2018/4/30 10:51,41,18,5.75,0
ORD,2018/4/30 11:51,45,19.9,8.05,0
ORD,2018/4/30 12:51,52,23,8.05,0
ORD,2018/4/30 13:51,58,21,13.8,0
ORD,2018/4/30 14:51,61,21.9,16.1,0
ORD,2018/4/30 15:51,66,23,14.95,0
ORD,2018/4/30 16:51,69,25,13.8,0
ORD,2018/4/30 17:51,71,25,14.95,0
ORD,2018/4/30 18:51,74,25,14.95,0
ORD,2018/4/30 19:51,77,25,14.95,0
ORD,2018/4/30 20:51,79,26.1,17.25,0
ORD,2018/4/30 21:51,79,27,16.1,0
ORD,2018/4/30 22:51,79,28,13.8,0
ORD,2018/4/30 23:51,78,30,13.8,0
ORD,2018/5/1 0:51,75,30,13.8,0
ORD,2018/5/1 1:51,72,30,14.95,0
ORD,2018/5/1 2:51,70,30,14.95,0
ORD,2018/5/1 3:51,68,30,17.25,0
ORD,2018/5/1 4:51,66,30.9,17.25,0
ORD,2018/5/1 5:51,65,32,13.8,0
ORD,2018/5/1 6:51,64,32,9.2,0
ORD,2018/5/1 7:51,65,32,13.8,0
ORD,2018/5/1 8:51,63,33,13.8,0
ORD,2018/5/1 9:51,61,34,9.2,0
ORD,2018/5/1 10:51,60,35,12.65,0
ORD,2018/5/1 11:51,61,36,12.65,0
ORD,2018/5/1 12:51,63,37,11.5,0
ORD,2018/5/1 13:51,68,41,11.5,0
ORD,2018/5/1 14:51,72,44,12.65,0
ORD,2018/5/1 15:51,76,46,16.1,0
ORD,2018/5/1 16:51,80,48,17.25,0
ORD,2018/5/1 17:51,83,48,18.4,0
ORD,2018/5/1 18:51,84,47,13.8,0
ORD,2018/5/1 19:51,85,45,21.85,0
ORD,2018/5/1 20:51,85,44,17.25,0
ORD,2018/5/1 21:51,84,44,17.25,0
ORD,2018/5/1 22:51,84,44,21.85,0
ORD,2018/5/1 23:51,82,43,19.55,0
ORD,2018/5/2 0:51,80,46,12.65,0
ORD,2018/5/2 1:51,79,47,17.25,0
ORD,2018/5/2 2:51,77,48,16.1,0
ORD,2018/5/2 3:51,76,48,19.55,0
ORD,2018/5/2 4:51,75,49,18.4,0
ORD,2018/5/2 5:51,74,49,16.1,0
ORD,2018/5/2 6:51,73,49,20.7,0
ORD,2018/5/2 7:51,72,49,19.55,0
ORD,2018/5/2 8:51,72,49,16.1,0
ORD,2018/5/2 9:51,71,50,12.65,0
ORD,2018/5/2 10:51,70,50,14.95,0
ORD,2018/5/2 11:51,70,50,12.65,0
ORD,2018/5/2 12:51,71,50,13.8,0
ORD,2018/5/2 13:51,74,50,19.55,0
ORD,2018/5/2 14:51,76,51,16.1,0
ORD,2018/5/2 15:51,77,51,18.4,0
ORD,2018/5/2 16:51,79,51,23,0
ORD,2018/5/2 17:51,82,53,23,0
ORD,2018/5/2 18:51,85,56,14.95,0
ORD,2018/5/2 19:51,86,57,12.65,0
ORD,2018/5/2 20:51,84,56,10.35,0
ORD,2018/5/2 21:31,84,57,10.35,0
ORD,2018/5/2 21:40,82,59,17.25,T
ORD,2018/5/2 21:51,78,62,18.4,T
ORD,2018/5/2 22:17,76,65,10.35,T
ORD,2018/5/2 22:51,76,65,4.6,T
ORD,2018/5/2 23:15,75,65,4.6,0
ORD,2018/5/2 23:24,76,65,4.6,T
ORD,2018/5/2 23:51,73,64,0,T
ORD,2018/5/3 0:09,74,64,8.05,0
ORD,2018/5/3 0:15,75,64,8.05,T
ORD,2018/5/3 0:51,66,58,0,T
ORD,2018/5/3 1:05,65,58,17.25,T
ORD,2018/5/3 1:11,63,61,26.45,4.06
ORD,2018/5/3 1:14,63,61,23,8.13
ORD,2018/5/3 1:17,63,62,11.5,12.7
ORD,2018/5/3 1:19,63,62,11.5,12.7
ORD,2018/5/3 1:51,65,60,9.2,12.7
ORD,2018/5/3 2:04,65,61,3.45,0
ORD,2018/5/3 2:51,65,61,0,0
ORD,2018/5/3 3:18,66,62,5.75,0
ORD,2018/5/3 3:51,66,62,8.05,0.76
ORD,2018/5/3 4:09,65,62,8.05,0.25
ORD,2018/5/3 4:17,65,63,3.45,4.83
ORD,2018/5/3 4:23,65,63,3.45,6.86
ORD,2018/5/3 4:31,65,63,9.2,8.38
ORD,2018/5/3 4:40,66,63,8.05,13.21
ORD,2018/5/3 4:49,64.4,62.6,5.75,13.72
ORD,2018/5/3 4:51,65,63,3.45,13.72
ORD,2018/5/3 5:04,66,63,10.35,0.25
ORD,2018/5/3 5:17,65,63,5.75,4.83
ORD,2018/5/3 5:26,65,63,4.6,5.08
ORD,2018/5/3 5:51,65,62,4.6,6.1
ORD,2018/5/3 6:04,65,62,3.45,0.51
ORD,2018/5/3 6:51,64,61,4.6,1.02
ORD,2018/5/3 7:51,64,62,3.45,0
ORD,2018/5/3 8:11,65,62,6.9,0.51
ORD,2018/5/3 8:27,65,62,0,2.03
ORD,2018/5/3 8:51,64,62,0,3.05
ORD,2018/5/3 9:39,63,61,9.2,7.37
ORD,2018/5/3 9:51,63,60,4.6,8.64
ORD,2018/5/3 10:09,63,59,5.75,0.76
ORD,2018/5/3 10:51,63,60,4.6,0.76
ORD,2018/5/3 11:51,63,60,5.75,0
ORD,2018/5/3 12:25,63,61,9.2,T
ORD,2018/5/3 12:43,63,61,8.05,T
ORD,2018/5/3 12:51,63,61,8.05,T
ORD,2018/5/3 13:02,63,61,9.2,0.25
ORD,2018/5/3 13:33,64,62,3.45,0.25
ORD,2018/5/3 13:44,65,62,5.75,0.25
ORD,2018/5/3 13:51,65,62,5.75,0.25
ORD,2018/5/3 14:43,67,61,0,0
ORD,2018/5/3 14:51,68,62,0,0
ORD,2018/5/3 15:51,70,62,6.9,0
ORD,2018/5/3 16:46,62.6,55.4,10.35,0
ORD,2018/5/3 16:51,62,54,10.35,0
ORD,2018/5/3 17:51,64,53,6.9,0
ORD,2018/5/3 18:51,66,54,9.2,0
ORD,2018/5/3 19:51,63,52,9.2,0
ORD,2018/5/3 20:51,59,54,8.05,0.25
ORD,2018/5/3 21:39,59,54,5.75,0
ORD,2018/5/3 21:42,59,54,5.75,T
ORD,2018/5/3 21:51,58,55,6.9,0.51
ORD,2018/5/3 22:13,59,55,6.9,T
ORD,2018/5/3 22:51,60,55,4.6,T
ORD,2018/5/3 23:36,59,54,6.9,T
ORD,2018/5/3 23:51,58,53,6.9,T
ORD,2018/5/4 0:51,57,52,5.75,0
ORD,2018/5/4 1:34,56,50,6.9,0
ORD,2018/5/4 1:51,56,50,5.75,0
ORD,2018/5/4 2:24,55,50,4.6,T
ORD,2018/5/4 2:41,55,51,3.45,0.25
ORD,2018/5/4 2:51,55,51,5.75,0.25
ORD,2018/5/4 3:51,68,61,14.95,0
ORD,2018/5/4 4:02,68,61,14.95,0
ORD,2018/5/4 4:51,67,61,14.95,0
ORD,2018/5/4 5:04,67,61,20.7,0
ORD,2018/5/4 5:51,68,60,20.7,0
ORD,2018/5/4 6:25,67,61,17.25,0
ORD,2018/5/4 6:51,68,61,20.7,0
ORD,2018/5/4 7:51,67,61,20.7,0
ORD,2018/5/4 8:51,66,61,17.25,0
ORD,2018/5/4 9:11,66,60,16.1,0
ORD,2018/5/4 9:47,66.2,60.8,20.7,0
ORD,2018/5/4 9:51,66,60,21.85,0
ORD,2018/5/4 10:51,65,59,20.7,0
ORD,2018/5/4 11:51,66,58,17.25,0
ORD,2018/5/4 12:19,64,53,29.9,0
ORD,2018/5/4 12:51,62,52,29.9,0
ORD,2018/5/4 13:51,62,51,20.7,0
ORD,2018/5/4 14:36,62,50,18.4,0
ORD,2018/5/4 14:51,62,50,17.25,0
ORD,2018/5/4 15:51,63,50,14.95,0
ORD,2018/5/4 16:51,67,51,13.8,0
ORD,2018/5/4 17:51,67,49,11.5,0
ORD,2018/5/4 18:51,69,48,12.65,0
ORD,2018/5/4 19:51,71,49,12.65,0
ORD,2018/5/4 20:51,73,47,13.8,0
ORD,2018/5/4 21:51,74,46,10.35,0
ORD,2018/5/4 22:51,73,47,13.8,0
ORD,2018/5/4 23:51,73,45,10.35,0
ORD,2018/5/5 0:51,72,44,9.2,0
ORD,2018/5/5 1:51,69,47,5.75,0
ORD,2018/5/5 2:51,67,47,5.75,0
ORD,2018/5/5 3:51,66,46,5.75,0
ORD,2018/5/5 4:51,66,45,8.05,0
ORD,2018/5/5 5:51,64,46,6.9,0
ORD,2018/5/5 6:51,61,46,5.75,0
ORD,2018/5/5 7:51,61,46,8.05,0
ORD,2018/5/5 8:51,60,46,8.05,0
ORD,2018/5/5 9:51,59,45,6.9,0
ORD,2018/5/5 10:51,58,46,0,0
ORD,2018/5/5 11:51,59,46,5.75,0
ORD,2018/5/5 12:51,63,46,5.75,0
ORD,2018/5/5 13:51,67,45,5.75,0
ORD,2018/5/5 14:51,73,41,8.05,0
ORD,2018/5/5 15:51,76,39,9.2,0
ORD,2018/5/5 16:51,77,39,9.2,0
ORD,2018/5/5 17:51,78,40,6.9,0
ORD,2018/5/5 18:51,79,42,10.35,0
ORD,2018/5/5 19:51,81,44,10.35,0
ORD,2018/5/5 20:51,81,43,9.2,0
ORD,2018/5/5 21:51,82,43,12.65,0
ORD,2018/5/5 22:51,81,41,14.95,0
ORD,2018/5/5 23:51,77,42,19.55,0
ORD,2018/5/6 0:51,73,42,14.95,0
ORD,2018/5/6 1:51,65,42,11.5,0
ORD,2018/5/6 2:51,62,44,8.05,0
ORD,2018/5/6 3:51,61,43,8.05,0
ORD,2018/5/6 4:51,60,42,3.45,0
ORD,2018/5/6 5:51,58,42,3.45,0
ORD,2018/5/6 6:51,58,41,0,0
ORD,2018/5/6 7:51,57,43,3.45,0
ORD,2018/5/6 8:51,56,44,0,0
ORD,2018/5/6 9:51,55,44,5.75,0
ORD,2018/5/6 10:51,55,42,4.6,0
ORD,2018/5/6 11:51,56,43,3.45,0
ORD,2018/5/6 12:51,58,45,10.35,T
ORD,2018/5/6 13:51,61,43,4.6,0
ORD,2018/5/6 14:51,64,44,8.05,0
ORD,2018/5/6 15:51,63,44,11.5,0
ORD,2018/5/6 16:51,63,43,12.65,0
ORD,2018/5/6 17:51,66,43,14.95,0
ORD,2018/5/6 18:51,67,43,13.8,0
ORD,2018/5/6 19:51,67,42,17.25,0
ORD,2018/5/6 20:51,66,39,21.85,0
ORD,2018/5/6 21:51,65,40,18.4,0
ORD,2018/5/6 22:51,62,38,17.25,0
ORD,2018/5/6 23:51,60,41,16.1,0
ORD,2018/5/7 0:51,55,40,17.25,0
ORD,2018/5/7 1:51,53,40,11.5,0
ORD,2018/5/7 2:51,53,38,9.2,0
ORD,2018/5/7 3:51,52,38,6.9,0
ORD,2018/5/7 4:51,51,38,4.6,0
ORD,2018/5/7 5:51,50,39,3.45,0
ORD,2018/5/7 6:51,50,39,4.6,0
ORD,2018/5/7 7:51,49,39,6.9,0
ORD,2018/5/7 8:51,48,39,5.75,0
ORD,2018/5/7 9:51,47,38,5.75,0
ORD,2018/5/7 10:51,48,38,4.6,0
ORD,2018/5/7 11:51,50,38,6.9,0
ORD,2018/5/7 12:51,54,40,0,0
ORD,2018/5/7 13:51,59,42,0,0
ORD,2018/5/7 14:51,64,42,0,0
ORD,2018/5/7 15:51,68,43,0,0
ORD,2018/5/7 16:51,69,42,0,0
ORD,2018/5/7 17:51,71,41,4.6,0
ORD,2018/5/7 18:51,73,42,4.6,0
ORD,2018/5/7 19:51,74,42,5.75,0
ORD,2018/5/7 20:51,75,43,10.35,0
ORD,2018/5/7 21:51,73,41,13.8,0
ORD,2018/5/7 22:51,71,39,11.5,0
ORD,2018/5/7 23:51,70,39,9.2,0
ORD,2018/5/8 0:51,67,37,9.2,0
ORD,2018/5/8 1:51,65,37,6.9,0
ORD,2018/5/8 2:51,64,38,6.9,0
ORD,2018/5/8 3:51,63,39,4.6,0
ORD,2018/5/8 4:51,63,39,6.9,0
ORD,2018/5/8 5:51,62,40,4.6,0
ORD,2018/5/8 6:51,61,39,4.6,0
ORD,2018/5/8 7:51,61,39,4.6,0
ORD,2018/5/8 8:51,59,40,5.75,0
ORD,2018/5/8 9:51,59,40,4.6,0
ORD,2018/5/8 10:51,57,41,4.6,0
ORD,2018/5/8 11:51,59,41,4.6,0
ORD,2018/5/8 12:51,64,40,8.05,0
ORD,2018/5/8 13:51,69,38,10.35,0
ORD,2018/5/8 14:51,72,39,10.35,0
ORD,2018/5/8 15:51,75,40,8.05,0
ORD,2018/5/8 16:51,76,42,9.2,0
ORD,2018/5/8 17:51,78,41,4.6,0
ORD,2018/5/8 18:51,80,41,0,0
ORD,2018/5/8 19:51,81,42,0,0
ORD,2018/5/8 20:51,81,43,6.9,0
ORD,2018/5/8 21:51,81,43,10.35,0
ORD,2018/5/8 22:51,78,43,13.8,0
ORD,2018/5/8 23:51,77,42,10.35,0
ORD,2018/5/9 0:51,74,42,11.5,0
ORD,2018/5/9 1:51,70,42,8.05,0
ORD,2018/5/9 2:51,68,41,8.05,0
ORD,2018/5/9 3:51,67,42,5.75,0
ORD,2018/5/9 7:51,64,41,4.6,0
ORD,2018/5/9 8:51,63,40,6.9,0
ORD,2018/5/9 9:51,63,39,8.05,0
ORD,2018/5/9 10:51,64,39,13.8,0
ORD,2018/5/9 11:22,64,39,10.35,0
ORD,2018/5/9 11:51,66,41,10.35,T
ORD,2018/5/9 12:18,60,50,6.9,1.02
ORD,2018/5/9 12:21,60,50,10.35,1.27
ORD,2018/5/9 12:32,59,51,4.6,3.56
ORD,2018/5/9 12:39,57,52,6.9,6.1
ORD,2018/5/9 12:51,58,52,11.5,6.1
ORD,2018/5/9 13:51,62,52,17.25,T
ORD,2018/5/9 14:51,64,52,9.2,T
ORD,2018/5/9 15:51,69,54,19.55,0
ORD,2018/5/9 16:51,74,55,13.8,0
ORD,2018/5/9 17:51,77,57,19.55,0
ORD,2018/5/9 18:51,78,59,20.7,0
ORD,2018/5/9 19:51,78,60,21.85,0
ORD,2018/5/9 20:51,80,60,21.85,0
ORD,2018/5/9 21:29,80,58,17.25,0
ORD,2018/5/9 21:33,80,58,16.1,0
ORD,2018/5/9 21:51,78,59,13.8,0
ORD,2018/5/9 22:08,76,63,12.65,0.25
ORD,2018/5/9 22:47,77,60.8,12.65,0.25
ORD,2018/5/9 22:51,78,60,16.1,0.25
ORD,2018/5/9 23:11,81,56,24.15,0
ORD,2018/5/9 23:21,80,56,19.55,0
ORD,2018/5/9 23:36,80,56,17.25,0
ORD,2018/5/9 23:51,79,56,17.25,0
ORD,2018/5/10 0:51,77,53,16.1,0
ORD,2018/5/10 1:51,71,57,10.35,0
ORD,2018/5/10 2:51,70,56,16.1,0
ORD,2018/5/10 3:51,68,56,6.9,0
ORD,2018/5/10 6:51,62,54,9.2,0
ORD,2018/5/10 7:51,61,54,5.75,0
ORD,2018/5/10 8:51,60,54,10.35,0
ORD,2018/5/10 9:51,59,53,8.05,0
ORD,2018/5/10 10:51,58,53,5.75,0
ORD,2018/5/10 11:51,59,53,5.75,0
ORD,2018/5/10 12:51,62,53,11.5,0
ORD,2018/5/10 13:22,62,53,13.8,0
ORD,2018/5/10 13:51,62,52,12.65,0
ORD,2018/5/10 14:51,63,52,11.5,0
ORD,2018/5/10 15:07,64,52,5.75,0
ORD,2018/5/10 15:51,66,52,5.75,0
ORD,2018/5/10 16:51,69,53,4.6,0
ORD,2018/5/10 17:51,70,52,8.05,0
ORD,2018/5/10 18:51,73,52,8.05,0
ORD,2018/5/10 19:51,70,53,8.05,0
ORD,2018/5/10 20:51,66,51,12.65,0
ORD,2018/5/10 21:51,66,51,10.35,0
ORD,2018/5/10 22:51,65,50,8.05,0
ORD,2018/5/10 23:51,65,50,8.05,0
ORD,2018/5/11 0:51,63,49,8.05,0
ORD,2018/5/11 1:51,61,50,8.05,0
ORD,2018/5/11 2:51,60,49,10.35,0
ORD,2018/5/11 3:51,57,48,8.05,0
ORD,2018/5/11 4:51,52,46,14.95,0
ORD,2018/5/11 5:51,50,40,16.1,0
ORD,2018/5/11 6:51,49,38,18.4,0
ORD,2018/5/11 7:51,48,38,18.4,0
ORD,2018/5/11 8:51,48,34,16.1,0
ORD,2018/5/11 9:51,48,34,13.8,0
ORD,2018/5/11 10:51,47,39,17.25,0.25
ORD,2018/5/11 11:51,47,40,13.8,T
ORD,2018/5/11 12:51,48,39,13.8,0
ORD,2018/5/11 13:51,50,39,16.1,0
ORD,2018/5/11 14:51,50,40,16.1,0
ORD,2018/5/11 15:51,50,40,17.25,0
ORD,2018/5/11 16:51,49,40,10.35,0
ORD,2018/5/11 17:51,48,43,12.65,T
ORD,2018/5/11 18:51,50,45,11.5,0.25
ORD,2018/5/11 19:51,51,46,10.35,0.51
ORD,2018/5/11 20:51,50,44,14.95,T
ORD,2018/5/11 21:51,51,43,17.25,0
ORD,2018/5/11 22:51,49,41,19.55,0
ORD,2018/5/11 23:51,47,41,18.4,0
ORD,2018/5/12 0:02,46,40,18.4,0
ORD,2018/5/12 0:51,46,40,16.1,0
ORD,2018/5/12 1:51,46,41,12.65,0
ORD,2018/5/12 2:51,46,41,13.8,0
ORD,2018/5/12 3:51,47,42,12.65,0
ORD,2018/5/12 4:51,47,42,11.5,0
ORD,2018/5/12 5:51,47,42,16.1,0
ORD,2018/5/12 5:58,46,41,16.1,0
ORD,2018/5/12 6:51,45,41,14.95,0
ORD,2018/5/12 7:51,45,41,12.65,0
ORD,2018/5/12 8:51,45,41,13.8,0
ORD,2018/5/12 9:51,44,41,14.95,T
ORD,2018/5/12 10:51,44,41,13.8,0
ORD,2018/5/12 11:51,44,41,16.1,0
ORD,2018/5/12 12:51,45,42,10.35,T
ORD,2018/5/12 13:51,46,42,11.5,T
ORD,2018/5/12 14:51,46,42,11.5,0
ORD,2018/5/12 15:51,48,42,10.35,0
ORD,2018/5/12 16:41,48,42,12.65,0
ORD,2018/5/12 16:51,49,42,13.8,0
ORD,2018/5/12 17:51,50,42,11.5,0
ORD,2018/5/12 18:27,49,42,12.65,0
ORD,2018/5/12 18:47,48.2,42.8,10.35,T
ORD,2018/5/12 18:51,48,41,11.5,T
ORD,2018/5/12 19:02,47,42,6.9,0.25
ORD,2018/5/12 19:10,47,42,13.8,1.78
ORD,2018/5/12 19:14,47,43,9.2,2.29
ORD,2018/5/12 19:19,47,43,10.35,4.06
ORD,2018/5/12 19:38,47,43,9.2,7.62
ORD,2018/5/12 19:51,47,44,10.35,7.87
ORD,2018/5/12 20:12,47,43,12.65,0
ORD,2018/5/12 20:51,47,43,16.1,0
ORD,2018/5/12 21:51,48,43,19.55,0
ORD,2018/5/12 22:51,49,44,13.8,T
ORD,2018/5/12 23:51,49,44,3.45,T
ORD,2018/5/13 0:00,49,43,6.9,T
ORD,2018/5/13 0:43,49,44,10.35,T
ORD,2018/5/13 0:51,48,44,8.05,T
ORD,2018/5/13 1:02,48,44,10.35,T
ORD,2018/5/13 1:21,48,44,11.5,T
ORD,2018/5/13 1:51,47,44,12.65,T
ORD,2018/5/13 2:51,46,43,12.65,0
ORD,2018/5/13 3:51,47,43,10.35,0
ORD,2018/5/13 4:51,47,44,10.35,0.51
ORD,2018/5/13 5:41,46,43,16.1,T
ORD,2018/5/13 5:51,46,42,18.4,T
ORD,2018/5/13 6:39,46,43,5.75,0
ORD,2018/5/13 6:51,46,43,6.9,T
ORD,2018/5/13 7:21,47,45,11.5,0.25
ORD,2018/5/13 7:35,48,46,11.5,0.25
ORD,2018/5/13 7:40,48,46,9.2,1.52
ORD,2018/5/13 7:51,48,46,8.05,3.56
ORD,2018/5/13 8:10,49,47,0,0.76
ORD,2018/5/13 8:25,48,47,8.05,5.33
ORD,2018/5/13 8:37,49,47,3.45,6.6
ORD,2018/5/13 8:51,48,47,6.9,12.7
ORD,2018/5/13 9:18,49,47,0,3.81
ORD,2018/5/13 9:51,49,47,10.35,4.83
ORD,2018/5/13 10:21,47,46,9.2,1.02
ORD,2018/5/13 10:51,47,45,11.5,1.52
ORD,2018/5/13 11:18,47,45,9.2,0.51
ORD,2018/5/13 11:51,48,46,10.35,0.51
ORD,2018/5/13 12:07,48,46,5.75,0
ORD,2018/5/13 12:51,49,47,4.6,0
ORD,2018/5/13 13:51,50,48,5.75,0
ORD,2018/5/13 14:51,52,48,5.75,0
ORD,2018/5/13 15:51,54,49,4.6,0
ORD,2018/5/13 16:39,56,50,5.75,0
ORD,2018/5/13 16:51,57,51,4.6,0
ORD,2018/5/13 17:29,59,52,5.75,0
ORD,2018/5/13 17:51,60,52,6.9,0
ORD,2018/5/13 18:36,61,53,5.75,0
ORD,2018/5/13 18:51,62,53,4.6,0
ORD,2018/5/13 19:51,64,54,4.6,0
ORD,2018/5/13 20:51,66,55,4.6,0
ORD,2018/5/13 21:51,64,53,8.05,0
ORD,2018/5/13 22:51,61,50,11.5,0
ORD,2018/5/13 23:51,55,48,11.5,0
ORD,2018/5/14 0:51,54,49,3.45,0
ORD,2018/5/14 1:51,55,49,0,0
ORD,2018/5/14 2:51,55,49,5.75,0
ORD,2018/5/14 3:51,55,49,5.75,0
ORD,2018/5/14 4:51,55,49,0,0
ORD,2018/5/14 5:51,55,49,3.45,0
ORD,2018/5/14 6:51,55,49,3.45,0
ORD,2018/5/14 7:51,55,50,0,0
ORD,2018/5/14 8:51,55,50,17.25,0
ORD,2018/5/14 8:58,54,50,11.5,0
ORD,2018/5/14 9:22,54,49,10.35,0
ORD,2018/5/14 9:51,53,49,6.9,0
ORD,2018/5/14 10:38,54,50,3.45,0
ORD,2018/5/14 10:51,54,51,13.8,0
ORD,2018/5/14 11:16,55,52,17.25,0.25
ORD,2018/5/14 11:22,55,52,6.9,0.51
ORD,2018/5/14 11:31,55,53,5.75,7.37
ORD,2018/5/14 11:51,55,53,4.6,11.43
ORD,2018/5/14 11:58,55,54,4.6,0.25
ORD,2018/5/14 12:20,55,53,9.2,1.02
ORD,2018/5/14 12:24,55,53,5.75,1.27
ORD,2018/5/14 12:51,56,54,4.6,1.78
ORD,2018/5/14 13:20,58,56,13.8,T
ORD,2018/5/14 13:41,59,57,8.05,T
ORD,2018/5/14 13:51,60,57,11.5,T
ORD,2018/5/14 14:43,62,59,4.6,0.25
ORD,2018/5/14 14:51,62,59,9.2,0.76
ORD,2018/5/14 15:28,61,59,14.95,1.27
ORD,2018/5/14 15:47,62.6,60.8,8.05,1.27
ORD,2018/5/14 15:51,62,60,9.2,1.27
ORD,2018/5/14 16:51,68,63,12.65,0
ORD,2018/5/14 17:51,73,63,9.2,0
ORD,2018/5/14 18:51,78,63,10.35,0
ORD,2018/5/14 19:51,81,61,13.8,0
ORD,2018/5/14 20:51,83,62,12.65,0
ORD,2018/5/14 21:51,81,63,6.9,0
ORD,2018/5/14 22:35,77,65,11.5,0
ORD,2018/5/14 22:40,77,64,13.8,0
ORD,2018/5/14 22:51,73,62,17.25,T
ORD,2018/5/14 22:59,71,63,10.35,0.25
ORD,2018/5/14 23:03,71,60,9.2,3.56
ORD,2018/5/14 23:08,70,60,13.8,6.35
ORD,2018/5/14 23:14,67,60,13.8,9.65
ORD,2018/5/14 23:19,66,60,9.2,12.45
ORD,2018/5/14 23:51,66,61,0,12.95
ORD,2018/5/15 0:08,66,62,9.2,T
ORD,2018/5/15 0:51,66,60,5.75,T
ORD,2018/5/15 1:51,64,59,6.9,0
ORD,2018/5/15 2:09,63,59,5.75,0
ORD,2018/5/15 2:20,64,59,3.45,0
ORD,2018/5/15 2:51,63,60,18.4,0.25
ORD,2018/5/15 3:01,63,61,14.95,1.27
ORD,2018/5/15 3:07,64,61,3.45,1.78
ORD,2018/5/15 3:14,64,61,5.75,7.87
ORD,2018/5/15 3:19,64,61,12.65,9.14
ORD,2018/5/15 3:23,63,61,9.2,9.65
ORD,2018/5/15 3:32,63,61,6.9,9.91
ORD,2018/5/15 3:51,63,61,0,10.16
ORD,2018/5/15 4:09,63,61,5.75,0.51
ORD,2018/5/15 4:51,63,61,4.6,0.51
ORD,2018/5/15 5:18,63,61,0,T
ORD,2018/5/15 5:51,63,60,0,T
ORD,2018/5/15 6:51,63,60,3.45,0
ORD,2018/5/15 7:51,63,60,4.6,0
ORD,2018/5/15 8:25,63,61,8.05,0
ORD,2018/5/15 8:51,64,62,5.75,0
ORD,2018/5/15 9:51,64,62,4.6,0
ORD,2018/5/15 10:36,64,62,3.45,0
ORD,2018/5/15 10:51,65,62,3.45,0
ORD,2018/5/15 11:28,64,61,6.9,0
ORD,2018/5/15 11:51,65,61,8.05,0
ORD,2018/5/15 12:41,63,59,9.2,0
ORD,2018/5/15 12:51,63,59,11.5,0
ORD,2018/5/15 13:51,62,57,17.25,0
ORD,2018/5/15 14:49,64.4,57.2,9.2,0
ORD,2018/5/15 14:51,64,58,9.2,0
ORD,2018/5/15 15:51,66,58,9.2,0
ORD,2018/5/15 16:51,67,57,14.95,0
ORD,2018/5/15 17:51,70,58,16.1,0
ORD,2018/5/15 18:51,70,57,10.35,0
ORD,2018/5/15 19:51,61,52,18.4,0
ORD,2018/5/15 20:51,58,46,16.1,0
ORD,2018/5/15 21:51,59,44,16.1,0
ORD,2018/5/15 22:51,60,43,16.1,0
ORD,2018/5/15 23:51,59,42,20.7,0
ORD,2018/5/16 0:51,57,41,13.8,0
ORD,2018/5/16 1:51,56,40,12.65,0
ORD,2018/5/16 2:51,55,40,11.5,0
ORD,2018/5/16 3:51,54,39,8.05,0
ORD,2018/5/16 4:51,53,38,8.05,0
ORD,2018/5/16 5:51,51,39,4.6,0
ORD,2018/5/16 6:51,50,39,5.75,0
ORD,2018/5/16 7:51,50,39,3.45,0
ORD,2018/5/16 8:51,48,40,5.75,0
ORD,2018/5/16 9:51,47,40,8.05,0
ORD,2018/5/16 10:51,49,40,4.6,0
ORD,2018/5/16 11:51,53,42,4.6,0
ORD,2018/5/16 12:51,57,43,4.6,0
ORD,2018/5/16 13:51,63,46,3.45,0
ORD,2018/5/16 14:51,67,49,0,0
ORD,2018/5/16 15:51,72,54,4.6,0
ORD,2018/5/16 16:51,75,55,4.6,0
ORD,2018/5/16 17:51,77,50,8.05,0
ORD,2018/5/16 18:51,78,48,10.35,0
ORD,2018/5/16 19:51,79,46,8.05,0
ORD,2018/5/16 20:51,78,46,10.35,0
ORD,2018/5/16 21:51,78,43,8.05,0
ORD,2018/5/16 22:51,78,42,6.9,0
ORD,2018/5/16 23:51,76,42,9.2,0
ORD,2018/5/17 0:51,73,41,9.2,0
ORD,2018/5/17 1:51,69,41,3.45,0
ORD,2018/5/17 2:51,68,44,0,0
ORD,2018/5/17 3:51,65,46,3.45,0
ORD,2018/5/17 4:51,63,46,0,0
ORD,2018/5/17 5:51,60,47,0,0
ORD,2018/5/17 6:51,59,47,0,0
ORD,2018/5/17 7:51,57,48,3.45,0
ORD,2018/5/17 8:51,57,48,0,0
ORD,2018/5/17 9:51,57,48,0,0
ORD,2018/5/17 10:51,56,48,0,0
ORD,2018/5/17 11:51,62,48,0,0
ORD,2018/5/17 12:51,65,48,10.35,0
ORD,2018/5/17 13:51,62,47,11.5,0
ORD,2018/5/17 14:51,63,47,9.2,0
ORD,2018/5/17 15:51,62,47,10.35,0
ORD,2018/5/17 16:51,64,48,12.65,0
ORD,2018/5/17 17:51,67,49,10.35,0
ORD,2018/5/17 18:51,67,49,13.8,0
ORD,2018/5/17 19:51,63,47,16.1,0
ORD,2018/5/17 20:51,62,46,14.95,0
ORD,2018/5/17 21:51,61,46,13.8,0
ORD,2018/5/17 22:51,58,44,13.8,0
ORD,2018/5/17 23:51,58,43,11.5,0
ORD,2018/5/18 0:51,55,41,13.8,0
ORD,2018/5/18 1:51,54,42,10.35,0
ORD,2018/5/18 2:51,53,41,13.8,0
ORD,2018/5/18 3:51,53,42,10.35,0
ORD,2018/5/18 4:51,53,44,10.35,0
ORD,2018/5/18 5:51,53,45,9.2,0
ORD,2018/5/18 6:51,53,46,9.2,0
ORD,2018/5/18 7:51,54,47,9.2,0
ORD,2018/5/18 8:51,53,45,9.2,0
ORD,2018/5/18 9:51,52,44,10.35,0
ORD,2018/5/18 10:51,52,42,11.5,0
ORD,2018/5/18 11:51,53,42,13.8,0
ORD,2018/5/18 12:51,57,42,12.65,0
ORD,2018/5/18 13:51,60,44,11.5,0
ORD,2018/5/18 14:51,60,44,14.95,0
ORD,2018/5/18 15:51,63,46,11.5,0
ORD,2018/5/18 16:51,65,47,10.35,0
ORD,2018/5/18 17:51,62,44,13.8,0
ORD,2018/5/18 18:51,64,46,12.65,0
ORD,2018/5/18 19:51,62,45,14.95,T
ORD,2018/5/18 20:51,60,46,13.8,T
ORD,2018/5/18 21:51,59,44,11.5,T
ORD,2018/5/18 22:51,59,45,11.5,T
ORD,2018/5/18 23:43,57,48,9.2,T
ORD,2018/5/18 23:51,56,50,10.35,T
ORD,2018/5/19 0:02,56,52,10.35,T
ORD,2018/5/19 0:14,55,53,9.2,T
ORD,2018/5/19 0:22,56,53,6.9,T
ORD,2018/5/19 0:41,57,54,9.2,0.25
ORD,2018/5/19 0:51,57,55,9.2,0.51
ORD,2018/5/19 1:12,57,55,10.35,T
ORD,2018/5/19 1:21,57,55,11.5,T
ORD,2018/5/19 1:31,57,55,11.5,T
ORD,2018/5/19 1:37,58,56,10.35,T
ORD,2018/5/19 1:42,58,56,10.35,T
ORD,2018/5/19 1:51,58,56,10.35,0.25
ORD,2018/5/19 1:57,58,56,11.5,T
ORD,2018/5/19 2:38,59,57,8.05,0.51
ORD,2018/5/19 2:51,59,57,8.05,0.51
ORD,2018/5/19 3:51,58,56,8.05,0.25
ORD,2018/5/19 4:51,58,56,8.05,0.76
ORD,2018/5/19 5:13,58,56,8.05,T
ORD,2018/5/19 5:32,58,56,6.9,T
ORD,2018/5/19 5:51,58,55,6.9,0.25
ORD,2018/5/19 6:16,57,55,9.2,0.25
ORD,2018/5/19 6:22,57,55,9.2,0.25
ORD,2018/5/19 6:51,57,55,8.05,0.51
ORD,2018/5/19 7:51,56,54,8.05,T
ORD,2018/5/19 8:42,55,53,5.75,0
ORD,2018/5/19 8:51,55,53,5.75,0
ORD,2018/5/19 9:51,55,53,5.75,0
ORD,2018/5/19 10:51,55,53,5.75,0
ORD,2018/5/19 11:23,54,53,4.6,0
ORD,2018/5/19 11:51,55,54,3.45,0
ORD,2018/5/19 12:29,55,54,0,0
ORD,2018/5/19 12:44,56,54,0,0
ORD,2018/5/19 12:51,56,54,0,0
ORD,2018/5/19 13:31,58,55,0,0
ORD,2018/5/19 13:51,58,55,0,0
ORD,2018/5/19 14:44,59,56,0,0
ORD,2018/5/19 14:51,60,56,0,0
ORD,2018/5/19 15:51,63,58,4.6,0
ORD,2018/5/19 16:41,66,59,9.2,0
ORD,2018/5/19 16:51,66,59,8.05,0
ORD,2018/5/19 17:08,66,59,9.2,0
ORD,2018/5/19 17:51,66,59,8.05,0
ORD,2018/5/19 18:51,68,60,6.9,0
ORD,2018/5/19 19:51,68,59,8.05,0
ORD,2018/5/19 20:51,68,59,6.9,0
ORD,2018/5/19 21:51,68,60,5.75,0
ORD,2018/5/19 22:51,67,56,5.75,0
ORD,2018/5/19 23:51,65,55,5.75,0
ORD,2018/5/20 0:09,65,55,6.9,0
ORD,2018/5/20 0:51,64,55,5.75,0
ORD,2018/5/20 1:27,62,54,5.75,0
ORD,2018/5/20 1:51,61,54,6.9,0
ORD,2018/5/20 2:51,60,55,3.45,0
ORD,2018/5/20 3:51,61,55,0,0
ORD,2018/5/20 4:51,60,55,5.75,0
ORD,2018/5/20 5:42,56,53,16.1,0
ORD,2018/5/20 5:51,56,53,14.95,0
ORD,2018/5/20 6:06,54,51,17.25,0
ORD,2018/5/20 6:47,51.8,48.2,19.55,0
ORD,2018/5/20 6:51,52,48,18.4,0
ORD,2018/5/20 7:26,50,44,16.1,0
ORD,2018/5/20 7:51,49,41,18.4,0
ORD,2018/5/20 8:16,49,40,18.4,0
ORD,2018/5/20 8:51,48,40,19.55,0
ORD,2018/5/20 9:51,47,40,18.4,0
ORD,2018/5/20 9:58,47,40,21.85,0
ORD,2018/5/20 10:51,46,39,14.95,0
ORD,2018/5/20 11:51,44,41,18.4,0.25
ORD,2018/5/20 12:09,44,41,14.95,T
ORD,2018/5/20 12:24,44,41,16.1,T
ORD,2018/5/20 12:51,45,41,19.55,T
ORD,2018/5/20 13:28,45,41,14.95,0
ORD,2018/5/20 13:51,45,41,16.1,0
ORD,2018/5/20 14:51,46,41,17.25,0
ORD,2018/5/20 15:51,45,41,13.8,0.76
ORD,2018/5/20 16:47,44.6,42.8,11.5,0.25
ORD,2018/5/20 16:51,45,42,11.5,0.51
ORD,2018/5/20 16:55,45,42,11.5,0.76
ORD,2018/5/20 17:03,45,43,10.35,4.32
ORD,2018/5/20 17:05,45,43,9.2,4.57
ORD,2018/5/20 17:14,45,43,6.9,4.83
ORD,2018/5/20 17:27,46,43,14.95,5.33
ORD,2018/5/20 17:51,46,43,13.8,5.33
ORD,2018/5/20 18:51,47,43,13.8,T
ORD,2018/5/20 19:27,49,44,11.5,0
ORD,2018/5/20 19:51,50,43,13.8,0
ORD,2018/5/20 20:07,50,44,11.5,0
ORD,2018/5/20 20:51,50,43,12.65,0
ORD,2018/5/20 21:51,49,42,14.95,0
ORD,2018/5/20 22:51,49,41,13.8,0
ORD,2018/5/20 23:51,49,41,12.65,0
ORD,2018/5/21 0:36,48,41,12.65,0
ORD,2018/5/21 0:51,48,41,6.9,0
ORD,2018/5/21 1:51,48,41,5.75,0
ORD,2018/5/21 2:51,48,42,8.05,0
ORD,2018/5/21 3:51,49,42,8.05,0
ORD,2018/5/21 4:03,49,42,6.9,0
ORD,2018/5/21 4:51,49,42,8.05,0
ORD,2018/5/21 5:04,49,42,8.05,0
ORD,2018/5/21 5:23,50,42,3.45,0
ORD,2018/5/21 5:51,49,42,6.9,0
ORD,2018/5/21 6:51,49,42,8.05,0
ORD,2018/5/21 7:51,49,43,9.2,0
ORD,2018/5/21 8:51,50,43,8.05,0
ORD,2018/5/21 9:51,50,44,9.2,0
ORD,2018/5/21 10:22,50,44,8.05,0
ORD,2018/5/21 10:43,50,45,10.35,0
ORD,2018/5/21 10:51,50,45,9.2,0
ORD,2018/5/21 11:34,49,46,8.05,T
ORD,2018/5/21 11:51,49,47,10.35,0.51
ORD,2018/5/21 12:01,50,47,3.45,1.52
ORD,2018/5/21 12:04,50,48,3.45,2.03
ORD,2018/5/21 12:09,49,48,9.2,3.81
ORD,2018/5/21 12:20,50,48,12.65,8.38
ORD,2018/5/21 12:28,50,48,11.5,8.89
ORD,2018/5/21 12:32,50,48,12.65,9.4
ORD,2018/5/21 12:51,51,49,3.45,10.41
ORD,2018/5/21 13:06,52,50,0,0.25
ORD,2018/5/21 13:13,52,50,0,0.76
ORD,2018/5/21 13:51,54,52,11.5,3.3
ORD,2018/5/21 14:11,54,52,11.5,0.51
ORD,2018/5/21 14:51,54,52,12.65,1.27
ORD,2018/5/21 15:18,55,53,10.35,1.52
ORD,2018/5/21 15:29,55,53,5.75,6.86
ORD,2018/5/21 15:33,55,53,6.9,9.65
ORD,2018/5/21 15:37,55,53,5.75,10.41
ORD,2018/5/21 15:43,54,53,9.2,14.22
ORD,2018/5/21 15:47,53.6,53.6,6.9,21.84
ORD,2018/5/21 15:51,54,53,5.75,23.11
ORD,2018/5/21 15:53,55,53,8.05,0.51
ORD,2018/5/21 16:03,55,54,6.9,2.54
ORD,2018/5/21 16:27,55,54,5.75,3.56
ORD,2018/5/21 16:51,56,55,5.75,3.81
ORD,2018/5/21 17:08,56,54,8.05,0.51
ORD,2018/5/21 17:51,57,55,5.75,2.54
ORD,2018/5/21 18:04,57,55,8.05,1.02
ORD,2018/5/21 18:37,57,56,6.9,3.3
ORD,2018/5/21 18:51,58,56,4.6,3.3
ORD,2018/5/21 19:51,61,58,0,1.27
ORD,2018/5/21 20:51,63,60,4.6,0
ORD,2018/5/21 21:18,63,60,3.45,0
ORD,2018/5/21 21:51,63,60,4.6,T
ORD,2018/5/21 22:51,61,59,4.6,0.25
ORD,2018/5/21 23:13,63,60,3.45,0
ORD,2018/5/21 23:51,63,60,0,0
ORD,2018/5/22 0:51,60,58,5.75,0
ORD,2018/5/22 1:17,59,57,9.2,0
ORD,2018/5/22 1:21,59,57,8.05,0
ORD,2018/5/22 1:33,59,57,8.05,0
ORD,2018/5/22 1:51,58,56,8.05,0
ORD,2018/5/22 2:14,58,56,4.6,0
ORD,2018/5/22 2:51,57,55,5.75,0
ORD,2018/5/22 3:14,57,55,5.75,0
ORD,2018/5/22 3:51,55,53,3.45,0
ORD,2018/5/22 4:51,55,53,6.9,0
ORD,2018/5/22 5:02,55,53,8.05,0
ORD,2018/5/22 5:09,55,54,5.75,0
ORD,2018/5/22 5:13,55,54,4.6,0
ORD,2018/5/22 5:35,54,53,3.45,0
ORD,2018/5/22 5:51,54,53,4.6,0
ORD,2018/5/22 6:03,54,53,3.45,0
ORD,2018/5/22 6:51,54,53,0,0
ORD,2018/5/22 7:33,54,53,6.9,0
ORD,2018/5/22 7:46,53.6,53.6,5.75,T
ORD,2018/5/22 7:51,54,53,3.45,T
ORD,2018/5/22 8:51,55,54,4.6,0
ORD,2018/5/22 9:18,55,54,3.45,0
ORD,2018/5/22 9:38,55,54,5.75,0
ORD,2018/5/22 9:51,55,53,5.75,0
ORD,2018/5/22 10:07,55,53,4.6,0
ORD,2018/5/22 10:14,55,54,4.6,0
ORD,2018/5/22 10:31,55,54,3.45,0
ORD,2018/5/22 10:42,55,54,4.6,0
ORD,2018/5/22 10:51,55,54,3.45,0
ORD,2018/5/22 11:00,55,54,4.6,0
ORD,2018/5/22 11:46,55.4,53.6,3.45,0
ORD,2018/5/22 11:51,56,54,0,0
ORD,2018/5/22 12:32,56,54,4.6,0
ORD,2018/5/22 12:47,55.4,53.6,3.45,0
ORD,2018/5/22 12:51,57,54,4.6,0
ORD,2018/5/22 13:49,57.2,55.4,6.9,0
ORD,2018/5/22 13:50,57,55,6.9,0
ORD,2018/5/22 14:51,59,56,4.6,0
ORD,2018/5/22 15:13,60,57,4.6,0
ORD,2018/5/22 15:31,62,57,6.9,0
ORD,2018/5/22 15:51,63,57,4.6,0
ORD,2018/5/22 16:51,66,58,3.45,0
ORD,2018/5/22 17:39,64,55,13.8,0
ORD,2018/5/22 17:51,63,54,10.35,0
ORD,2018/5/22 18:51,63,54,8.05,0
ORD,2018/5/22 19:51,64,55,4.6,0
ORD,2018/5/22 20:07,64,55,5.75,0
ORD,2018/5/22 20:51,65,55,6.9,0
ORD,2018/5/22 21:51,64,54,4.6,0
ORD,2018/5/22 22:51,64,55,5.75,0
ORD,2018/5/22 23:51,65,54,4.6,0
ORD,2018/5/23 0:51,62,53,6.9,0
ORD,2018/5/23 1:51,58,51,4.6,0
ORD,2018/5/23 2:51,57,51,4.6,0
ORD,2018/5/23 3:51,56,50,0,0
ORD,2018/5/23 4:51,54,51,0,0
ORD,2018/5/23 5:51,54,51,3.45,0
ORD,2018/5/23 6:51,53,50,0,0
ORD,2018/5/23 7:51,53,50,0,0
ORD,2018/5/23 8:51,53,50,0,0
ORD,2018/5/23 9:51,52,50,0,0
ORD,2018/5/23 10:51,53,50,0,0
ORD,2018/5/23 11:51,56,52,4.6,0
ORD,2018/5/23 12:51,59,54,3.45,0
ORD,2018/5/23 13:51,65,57,0,0
ORD,2018/5/23 14:51,68,57,0,0
ORD,2018/5/23 15:51,71,57,3.45,0
ORD,2018/5/23 16:51,74,55,3.45,0
ORD,2018/5/23 17:51,76,51,3.45,0
ORD,2018/5/23 18:51,78,48,0,0
ORD,2018/5/23 19:51,79,57,8.05,0
ORD,2018/5/23 20:51,78,53,9.2,0
ORD,2018/5/23 21:51,79,49,9.2,0
ORD,2018/5/23 22:51,78,47,9.2,0
ORD,2018/5/23 23:51,76,47,9.2,0
ORD,2018/5/24 0:51,72,47,6.9,0
ORD,2018/5/24 1:51,68,47,8.05,0
ORD,2018/5/24 2:51,64,50,4.6,0
ORD,2018/5/24 3:51,63,50,4.6,0
ORD,2018/5/24 4:51,61,51,5.75,0
ORD,2018/5/24 5:51,61,52,3.45,0
ORD,2018/5/24 6:51,60,52,0,0
ORD,2018/5/24 7:51,60,52,0,0
ORD,2018/5/24 8:51,59,52,0,0
ORD,2018/5/24 9:51,58,52,0,0
ORD,2018/5/24 10:51,59,53,0,0
ORD,2018/5/24 11:51,63,54,3.45,0
ORD,2018/5/24 12:51,69,54,4.6,0
ORD,2018/5/24 13:51,74,54,9.2,0
ORD,2018/5/24 14:51,77,53,9.2,0
ORD,2018/5/24 15:51,80,55,10.35,0
ORD,2018/5/24 16:51,82,55,6.9,0
ORD,2018/5/24 17:51,82,55,4.6,0
ORD,2018/5/24 18:51,84,55,5.75,0
ORD,2018/5/24 19:51,85,55,5.75,0
ORD,2018/5/24 20:51,85,54,9.2,0
ORD,2018/5/24 21:51,85,55,9.2,0
ORD,2018/5/24 22:51,85,55,9.2,0
ORD,2018/5/24 23:51,82,54,9.2,0
ORD,2018/5/25 0:51,79,53,9.2,0
ORD,2018/5/25 1:51,75,52,8.05,0
ORD,2018/5/25 2:51,73,53,4.6,0
ORD,2018/5/25 3:51,72,53,5.75,0
ORD,2018/5/25 4:51,71,54,4.6,0
ORD,2018/5/25 5:51,70,54,4.6,0
ORD,2018/5/25 6:51,69,52,4.6,0
ORD,2018/5/25 7:51,69,51,6.9,0
ORD,2018/5/25 8:51,68,51,5.75,0
ORD,2018/5/25 9:51,68,51,5.75,0
ORD,2018/5/25 10:51,69,53,4.6,0
ORD,2018/5/25 11:51,71,54,9.2,0
ORD,2018/5/25 12:51,74,56,10.35,0
ORD,2018/5/25 13:51,78,58,10.35,0
ORD,2018/5/25 14:51,81,58,11.5,0
ORD,2018/5/25 15:51,84,59,10.35,0
ORD,2018/5/25 16:51,85,58,11.5,0
ORD,2018/5/25 17:51,87,57,10.35,0
ORD,2018/5/25 18:51,88,57,11.5,0
ORD,2018/5/25 19:51,88,57,6.9,0
ORD,2018/5/25 20:51,89,54,9.2,0
ORD,2018/5/25 21:51,88,55,8.05,0
ORD,2018/5/25 22:51,85,61,9.2,0
ORD,2018/5/25 23:51,82,64,11.5,0
ORD,2018/5/26 0:51,81,61,9.2,0
ORD,2018/5/26 1:51,79,63,8.05,0
ORD,2018/5/26 2:51,79,64,4.6,0
ORD,2018/5/26 3:51,77,64,10.35,0
ORD,2018/5/26 4:51,76,65,12.65,0
ORD,2018/5/26 5:51,74,64,10.35,0
ORD,2018/5/26 6:51,73,64,10.35,0
ORD,2018/5/26 7:51,71,65,8.05,0
ORD,2018/5/26 8:51,71,64,10.35,0
ORD,2018/5/26 9:51,71,63,9.2,0
ORD,2018/5/26 10:51,70,62,9.2,0
ORD,2018/5/26 11:51,70,62,8.05,0
ORD,2018/5/26 12:51,72,61,8.05,0
ORD,2018/5/26 13:51,75,60,5.75,0
ORD,2018/5/26 14:51,79,63,5.75,0
ORD,2018/5/26 15:51,81,62,6.9,0
ORD,2018/5/26 16:51,84,61,5.75,0
ORD,2018/5/26 17:51,86,62,4.6,0
ORD,2018/5/26 18:51,87,59,6.9,0
ORD,2018/5/26 19:51,88,61,8.05,0
ORD,2018/5/26 20:51,89,59,8.05,0
ORD,2018/5/26 21:51,89,59,9.2,0
ORD,2018/5/26 22:51,89,59,8.05,0
ORD,2018/5/26 23:51,89,60,8.05,0
ORD,2018/5/27 0:51,83,59,9.2,0
ORD,2018/5/27 1:51,79,58,5.75,0
ORD,2018/5/27 2:51,77,58,5.75,0
ORD,2018/5/27 3:51,77,58,3.45,0
ORD,2018/5/27 4:51,76,58,3.45,0
ORD,2018/5/27 5:51,75,58,0,0
ORD,2018/5/27 6:51,74,59,0,0
ORD,2018/5/27 7:51,73,62,0,0
ORD,2018/5/27 8:51,73,63,6.9,0
ORD,2018/5/27 9:51,73,65,5.75,0
ORD,2018/5/27 10:51,71,65,0,0
ORD,2018/5/27 11:51,75,67,3.45,0
ORD,2018/5/27 12:51,78,68,6.9,0
ORD,2018/5/27 13:51,83,68,3.45,0
ORD,2018/5/27 14:51,86,67,0,0
ORD,2018/5/27 15:51,89,64,6.9,0
ORD,2018/5/27 16:51,91,62,4.6,0
ORD,2018/5/27 17:51,93,59,8.05,0
ORD,2018/5/27 18:51,94,55,5.75,0
ORD,2018/5/27 19:51,95,59,3.45,0
ORD,2018/5/27 20:51,97,58,3.45,0
ORD,2018/5/27 21:51,95,63,9.2,0
ORD,2018/5/27 22:51,92,60,9.2,0
ORD,2018/5/27 23:51,91,59,10.35,0
ORD,2018/5/28 0:51,87,60,5.75,0
ORD,2018/5/28 1:51,84,59,6.9,0
ORD,2018/5/28 2:51,83,59,5.75,0
ORD,2018/5/28 3:51,81,60,4.6,0
ORD,2018/5/28 4:51,81,60,0,0
ORD,2018/5/28 5:51,78,62,0,0
ORD,2018/5/28 6:51,76,61,0,0
ORD,2018/5/28 7:51,75,61,0,0
ORD,2018/5/28 8:51,74,62,0,0
ORD,2018/5/28 9:51,74,63,3.45,0
ORD,2018/5/28 10:51,74,64,0,0
ORD,2018/5/28 11:51,76,65,3.45,0
ORD,2018/5/28 12:51,81,65,4.6,0
ORD,2018/5/28 13:51,86,66,5.75,0
ORD,2018/5/28 14:51,86,65,20.7,0
ORD,2018/5/28 15:51,82,59,27.6,0
ORD,2018/5/28 16:51,81,60,21.85,0
ORD,2018/5/28 17:51,83,59,11.5,0
ORD,2018/5/28 18:51,86,59,9.2,0
ORD,2018/5/28 19:51,89,57,10.35,0
ORD,2018/5/28 20:51,91,62,6.9,0
ORD,2018/5/28 21:51,93,61,0,0
ORD,2018/5/28 22:51,94,62,3.45,0
ORD,2018/5/28 23:51,94,60,0,0
ORD,2018/5/29 0:51,87,62,6.9,0
ORD,2018/5/29 1:51,79,60,9.2,0
ORD,2018/5/29 2:51,75,59,6.9,0
ORD,2018/5/29 3:51,74,59,5.75,0
ORD,2018/5/29 4:51,72,58,5.75,0
ORD,2018/5/29 5:51,71,55,8.05,0
ORD,2018/5/29 6:51,70,54,6.9,0
ORD,2018/5/29 7:51,67,56,5.75,0
ORD,2018/5/29 8:51,67,56,3.45,0
ORD,2018/5/29 9:51,67,56,5.75,0
ORD,2018/5/29 10:51,66,57,5.75,0
ORD,2018/5/29 11:51,70,56,5.75,0
ORD,2018/5/29 12:51,72,58,9.2,0
ORD,2018/5/29 13:51,76,60,5.75,0
ORD,2018/5/29 14:51,79,62,6.9,0
ORD,2018/5/29 15:51,79,62,6.9,0
ORD,2018/5/29 16:51,81,62,6.9,0
ORD,2018/5/29 17:51,82,64,5.75,0
ORD,2018/5/29 18:51,85,65,4.6,0
ORD,2018/5/29 19:51,85,65,8.05,0
ORD,2018/5/29 20:51,81,64,10.35,0
ORD,2018/5/29 21:51,80,63,6.9,0
ORD,2018/5/29 22:51,81,63,6.9,0
ORD,2018/5/29 23:51,75,61,8.05,0
ORD,2018/5/30 0:51,76,60,5.75,0
ORD,2018/5/30 1:51,76,60,5.75,0
ORD,2018/5/30 2:51,76,60,6.9,0
ORD,2018/5/30 3:51,72,59,9.2,0
ORD,2018/5/30 4:51,69,58,8.05,0
ORD,2018/5/30 5:51,67,57,6.9,0
ORD,2018/5/30 6:51,67,58,5.75,0
ORD,2018/5/30 7:51,68,59,6.9,T
ORD,2018/5/30 8:51,68,60,4.6,T
ORD,2018/5/30 9:51,68,61,4.6,0
ORD,2018/5/30 10:51,71,63,4.6,T
ORD,2018/5/30 11:51,74,64,6.9,0
ORD,2018/5/30 12:51,76,65,8.05,0
ORD,2018/5/30 13:51,77,66,6.9,0
ORD,2018/5/30 14:51,80,68,9.2,0
ORD,2018/5/30 15:51,81,68,4.6,0
ORD,2018/5/30 16:51,84,69,4.6,0
ORD,2018/5/30 17:51,84,68,9.2,0
ORD,2018/5/30 18:51,84,68,12.65,0
ORD,2018/5/30 19:51,81,70,16.1,T
ORD,2018/5/30 20:34,83,69,10.35,T
ORD,2018/5/30 20:51,83,68,10.35,T
ORD,2018/5/30 21:51,80,67,14.95,T
ORD,2018/5/30 22:07,79,69,9.2,T
ORD,2018/5/30 22:44,70,67,12.65,4.32
ORD,2018/5/30 22:51,71,68,9.2,5.33
ORD,2018/5/30 23:12,72,69,10.35,3.81
ORD,2018/5/30 23:22,72,69,10.35,6.6
ORD,2018/5/30 23:51,71,69,3.45,16.76
ORD,2018/5/30 23:57,72,70,4.6,T
ORD,2018/5/31 0:51,72,69,3.45,0.76
ORD,2018/5/31 1:51,72,70,9.2,0
ORD,2018/5/31 2:51,72,69,6.9,0
ORD,2018/5/31 3:51,72,68,9.2,0
ORD,2018/5/31 4:51,71,68,10.35,0
ORD,2018/5/31 5:51,72,68,11.5,0
ORD,2018/5/31 6:51,72,67,11.5,0
ORD,2018/5/31 7:51,71,66,8.05,0
ORD,2018/5/31 8:51,70,66,6.9,0
ORD,2018/5/31 9:51,69,65,6.9,0
ORD,2018/5/31 10:51,70,65,8.05,0
ORD,2018/5/31 11:51,71,64,9.2,0
ORD,2018/5/31 12:51,74,65,9.2,0
ORD,2018/5/31 13:51,77,65,11.5,0
ORD,2018/5/31 14:51,81,65,11.5,0
ORD,2018/5/31 15:51,83,65,12.65,0
ORD,2018/5/31 16:51,85,66,13.8,0
ORD,2018/5/31 17:51,86,65,12.65,0
ORD,2018/5/31 18:51,87,64,14.95,0
ORD,2018/5/31 19:51,87,64,12.65,0
ORD,2018/5/31 20:51,88,62,13.8,0
ORD,2018/5/31 21:51,87,64,12.65,0
ORD,2018/5/31 22:51,86,66,9.2,0
ORD,2018/5/31 23:51,84,65,11.5,0
ORD,2018/6/1 0:51,83,64,8.05,0
ORD,2018/6/1 1:51,81,63,4.6,0
ORD,2018/6/1 2:51,81,63,3.45,0
ORD,2018/6/1 3:51,78,64,4.6,0
ORD,2018/6/1 4:51,78,63,4.6,0
ORD,2018/6/1 5:51,76,64,5.75,0
ORD,2018/6/1 6:51,73,64,3.45,0
ORD,2018/6/1 7:51,71,64,6.9,0
ORD,2018/6/1 8:51,72,64,0,0
ORD,2018/6/1 9:51,71,64,0,0
ORD,2018/6/1 10:51,70,64,0,0
ORD,2018/6/1 11:51,74,65,5.75,0
ORD,2018/6/1 12:51,74,64,14.95,0
ORD,2018/6/1 13:51,64,56,13.8,0
ORD,2018/6/1 14:51,62,54,20.7,0
ORD,2018/6/1 15:51,64,55,17.25,0
ORD,2018/6/1 16:07,62,55,20.7,0
ORD,2018/6/1 16:51,65,55,20.7,0
ORD,2018/6/1 17:51,63,54,18.4,0
ORD,2018/6/1 18:38,64,53,14.95,0
ORD,2018/6/1 18:51,65,54,14.95,0
ORD,2018/6/1 19:51,64,51,18.4,0
ORD,2018/6/1 20:51,63,50,20.7,0
ORD,2018/6/1 21:51,62,48,21.85,0
ORD,2018/6/1 22:51,61,48,18.4,0
ORD,2018/6/1 23:51,60,47,17.25,0
ORD,2018/6/2 0:51,58,46,16.1,0
ORD,2018/6/2 1:51,56,45,16.1,0
ORD,2018/6/2 2:51,56,45,16.1,0
ORD,2018/6/2 3:51,56,45,10.35,0
ORD,2018/6/2 4:51,54,45,13.8,0
ORD,2018/6/2 5:51,53,45,12.65,0
ORD,2018/6/2 6:51,53,45,10.35,0
ORD,2018/6/2 7:51,53,45,11.5,0
ORD,2018/6/2 8:51,53,47,10.35,0
ORD,2018/6/2 9:51,53,47,11.5,0
ORD,2018/6/2 10:19,53,47,11.5,0
ORD,2018/6/2 10:51,54,48,12.65,0
ORD,2018/6/2 11:51,55,49,9.2,0
ORD,2018/6/2 12:51,57,52,10.35,0
ORD,2018/6/2 13:43,60,53,10.35,0
ORD,2018/6/2 13:51,60,53,8.05,0
ORD,2018/6/2 14:51,62,55,10.35,0
ORD,2018/6/2 15:51,63,55,6.9,0
ORD,2018/6/2 16:51,65,56,8.05,0
ORD,2018/6/2 17:51,66,57,10.35,0
ORD,2018/6/2 18:51,66,57,10.35,0
ORD,2018/6/2 19:51,68,59,10.35,0
ORD,2018/6/2 20:51,68,59,6.9,0
ORD,2018/6/2 21:26,69,59,6.9,0
ORD,2018/6/2 21:51,69,58,8.05,0
ORD,2018/6/2 22:51,69,59,8.05,0
ORD,2018/6/2 23:51,67,58,8.05,0
ORD,2018/6/3 0:51,64,56,10.35,0
ORD,2018/6/3 1:51,63,54,8.05,0
ORD,2018/6/3 2:51,62,54,8.05,T
ORD,2018/6/3 3:51,60,56,4.6,0.76
ORD,2018/6/3 3:58,60,55,3.45,0
ORD,2018/6/3 4:35,60,56,0,0.25
ORD,2018/6/3 4:51,59,56,5.75,7.11
ORD,2018/6/3 5:04,59,56,5.75,T
ORD,2018/6/3 5:31,60,56,4.6,T
ORD,2018/6/3 5:51,60,57,0,T
ORD,2018/6/3 6:51,60,57,3.45,0
ORD,2018/6/3 7:03,60,57,10.35,0
ORD,2018/6/3 7:09,60,58,10.35,0
ORD,2018/6/3 7:51,60,58,8.05,0
ORD,2018/6/3 8:13,60,58,6.9,0
ORD,2018/6/3 8:51,60,58,6.9,0
ORD,2018/6/3 9:51,61,58,8.05,0
ORD,2018/6/3 10:51,63,57,8.05,0
ORD,2018/6/3 11:51,63,54,10.35,0
ORD,2018/6/3 12:51,64,54,17.25,0
ORD,2018/6/3 13:51,66,53,14.95,0
ORD,2018/6/3 14:51,70,51,14.95,0
ORD,2018/6/3 15:51,72,50,14.95,0
ORD,2018/6/3 16:51,74,48,17.25,0
ORD,2018/6/3 17:51,77,48,16.1,0
ORD,2018/6/3 18:51,77,49,19.55,0
ORD,2018/6/3 19:51,75,51,21.85,0
ORD,2018/6/3 20:51,74,51,21.85,0
ORD,2018/6/3 21:51,74,52,21.85,0
ORD,2018/6/3 22:51,71,49,23,0
ORD,2018/6/3 23:51,70,50,19.55,0
ORD,2018/6/4 0:51,68,49,17.25,0
ORD,2018/6/4 1:51,65,49,12.65,0
ORD,2018/6/4 2:51,65,49,12.65,0
ORD,2018/6/4 3:51,63,49,9.2,0
ORD,2018/6/4 4:51,62,48,11.5,0
ORD,2018/6/4 5:51,60,47,11.5,0
ORD,2018/6/4 6:51,59,48,5.75,0
ORD,2018/6/4 7:51,57,48,4.6,0
ORD,2018/6/4 8:51,56,48,6.9,0
ORD,2018/6/4 9:51,56,48,4.6,0
ORD,2018/6/4 10:51,56,49,4.6,0
ORD,2018/6/4 11:51,59,49,9.2,0
ORD,2018/6/4 12:51,63,50,9.2,0
ORD,2018/6/4 13:51,65,48,10.35,0
ORD,2018/6/4 14:51,68,48,12.65,0
ORD,2018/6/4 15:51,70,47,11.5,0
ORD,2018/6/4 16:51,72,47,14.95,0
ORD,2018/6/4 17:51,73,45,11.5,0
ORD,2018/6/4 18:51,75,45,14.95,0
ORD,2018/6/4 19:51,78,47,12.65,0
ORD,2018/6/4 20:51,79,47,16.1,0
ORD,2018/6/4 21:51,78,47,17.25,0
ORD,2018/6/4 22:51,80,49,9.2,0
ORD,2018/6/4 23:51,79,48,10.35,0
ORD,2018/6/5 0:51,78,48,6.9,0
ORD,2018/6/5 1:51,76,48,6.9,0
ORD,2018/6/5 2:51,74,48,9.2,0
ORD,2018/6/5 3:51,74,47,11.5,0
ORD,2018/6/5 4:51,73,48,14.95,0
ORD,2018/6/5 5:51,72,48,6.9,0
ORD,2018/6/5 6:51,71,48,6.9,0
ORD,2018/6/5 7:51,70,47,9.2,0
ORD,2018/6/5 8:51,70,48,10.35,0
ORD,2018/6/5 9:51,66,53,6.9,0.25
ORD,2018/6/5 10:51,68,53,8.05,T
ORD,2018/6/5 11:51,68,53,9.2,0
ORD,2018/6/5 12:51,69,53,6.9,0
ORD,2018/6/5 13:51,64,51,16.1,0
ORD,2018/6/5 14:02,63,50,14.95,0
ORD,2018/6/5 14:51,60,47,14.95,0
ORD,2018/6/5 15:51,60,45,14.95,0
ORD,2018/6/5 16:51,60,45,16.1,0
ORD,2018/6/5 17:51,57,44,18.4,0
ORD,2018/6/5 18:51,58,45,13.8,0
ORD,2018/6/5 19:51,59,47,13.8,T
ORD,2018/6/5 20:51,60,45,19.55,T
ORD,2018/6/5 21:51,61,46,16.1,0
ORD,2018/6/5 22:51,60,42,18.4,0
ORD,2018/6/5 23:51,58,40,18.4,0
ORD,2018/6/6 0:51,58,38,21.85,0
ORD,2018/6/6 1:51,56,40,16.1,0
ORD,2018/6/6 2:51,54,41,13.8,0
ORD,2018/6/6 3:51,54,41,9.2,0
ORD,2018/6/6 4:51,55,39,8.05,0
ORD,2018/6/6 5:51,54,39,10.35,0
ORD,2018/6/6 6:51,52,40,5.75,0
ORD,2018/6/6 7:51,52,40,6.9,0
ORD,2018/6/6 8:51,51,42,6.9,0
ORD,2018/6/6 9:51,50,43,4.6,0
ORD,2018/6/6 10:51,50,44,4.6,0
ORD,2018/6/6 11:51,54,46,4.6,0
ORD,2018/6/6 12:51,58,48,4.6,0
ORD,2018/6/6 13:51,63,49,3.45,0
ORD,2018/6/6 14:51,67,50,5.75,0
ORD,2018/6/6 15:51,69,50,6.9,0
ORD,2018/6/6 16:51,71,50,6.9,0
ORD,2018/6/6 17:51,66,55,4.6,2.03
ORD,2018/6/6 18:51,69,57,8.05,0.51
ORD,2018/6/6 19:51,73,55,9.2,0
ORD,2018/6/6 20:51,76,56,5.75,0
ORD,2018/6/6 21:51,75,57,6.9,T
ORD,2018/6/6 22:51,77,56,6.9,T
ORD,2018/6/6 23:51,78,55,5.75,0
ORD,2018/6/7 0:51,77,56,6.9,0
ORD,2018/6/7 1:51,76,57,0,0
ORD,2018/6/7 2:51,71,58,6.9,0
ORD,2018/6/7 3:51,68,57,6.9,0
ORD,2018/6/7 4:51,63,55,6.9,0
ORD,2018/6/7 5:51,64,53,4.6,0
ORD,2018/6/7 6:51,62,54,4.6,0
ORD,2018/6/7 7:51,62,54,4.6,0
ORD,2018/6/7 8:51,62,54,0,0
ORD,2018/6/7 9:51,62,54,4.6,0
ORD,2018/6/7 10:51,63,54,4.6,0
ORD,2018/6/7 11:51,65,55,6.9,0
ORD,2018/6/7 12:51,69,57,9.2,0
ORD,2018/6/7 13:51,72,57,10.35,0
ORD,2018/6/7 14:51,75,57,9.2,0
ORD,2018/6/7 15:51,77,58,8.05,0
ORD,2018/6/7 16:51,78,58,8.05,0
ORD,2018/6/7 17:51,79,58,9.2,0
ORD,2018/6/7 18:51,80,57,8.05,0
ORD,2018/6/7 19:51,81,58,9.2,0
ORD,2018/6/7 20:51,79,57,11.5,0
ORD,2018/6/7 21:51,77,56,11.5,0
ORD,2018/6/7 22:51,74,58,12.65,0
ORD,2018/6/7 23:51,68,56,12.65,0
ORD,2018/6/8 0:51,66,55,12.65,0
ORD,2018/6/8 1:51,62,51,11.5,0
ORD,2018/6/8 2:51,61,52,11.5,0
ORD,2018/6/8 3:51,61,49,10.35,0
ORD,2018/6/8 4:51,61,48,11.5,0
ORD,2018/6/8 5:51,61,47,9.2,0
ORD,2018/6/8 6:51,62,50,8.05,0
ORD,2018/6/8 7:51,61,51,5.75,0
ORD,2018/6/8 8:51,61,51,10.35,0
ORD,2018/6/8 9:51,61,51,9.2,0
ORD,2018/6/8 10:51,60,52,12.65,0
ORD,2018/6/8 11:51,60,52,10.35,0
ORD,2018/6/8 12:51,60,52,11.5,0
ORD,2018/6/8 13:24,60,52,10.35,0
ORD,2018/6/8 13:51,62,53,9.2,0
ORD,2018/6/8 14:17,63,54,3.45,0
ORD,2018/6/8 14:51,64,55,4.6,T
ORD,2018/6/8 15:51,63,58,11.5,T
ORD,2018/6/8 16:51,67,57,4.6,T
ORD,2018/6/8 17:51,69,58,11.5,T
ORD,2018/6/8 18:51,71,58,5.75,0
ORD,2018/6/8 19:51,70,56,10.35,0
ORD,2018/6/8 20:51,67,56,6.9,T
ORD,2018/6/8 21:51,70,56,5.75,0
ORD,2018/6/8 22:51,72,56,5.75,0
ORD,2018/6/8 23:51,71,56,5.75,0
ORD,2018/6/9 0:51,65,54,11.5,0
ORD,2018/6/9 1:51,63,53,9.2,0
ORD,2018/6/9 2:51,63,53,8.05,0
ORD,2018/6/9 3:51,62,52,5.75,0
ORD,2018/6/9 4:51,60,52,5.75,0
ORD,2018/6/9 5:51,59,51,9.2,0
ORD,2018/6/9 6:51,59,50,6.9,0
ORD,2018/6/9 7:20,58,51,6.9,T
ORD,2018/6/9 7:51,57,51,8.05,T
ORD,2018/6/9 8:26,58,53,20.7,0.76
ORD,2018/6/9 8:33,60,57,16.1,6.35
ORD,2018/6/9 8:37,60,57,10.35,7.87
ORD,2018/6/9 8:51,58,55,10.35,7.87
ORD,2018/6/9 9:27,61,58,9.2,0
ORD,2018/6/9 9:51,62,58,0,0
ORD,2018/6/9 10:11,62,59,8.05,0.25
ORD,2018/6/9 10:15,62,59,5.75,0.76
ORD,2018/6/9 10:19,62,59,5.75,3.05
ORD,2018/6/9 10:32,61,59,8.05,14.48
ORD,2018/6/9 10:51,63,61,4.6,15.49
ORD,2018/6/9 10:53,63,61,4.6,0.25
ORD,2018/6/9 11:03,63,61,0,1.02
ORD,2018/6/9 11:21,64,62,0,2.54
ORD,2018/6/9 11:37,64,62,4.6,3.81
ORD,2018/6/9 11:51,64,62,4.6,4.06
ORD,2018/6/9 12:51,65,63,4.6,2.03
ORD,2018/6/9 13:19,65,63,0,1.52
ORD,2018/6/9 13:51,66,64,0,2.79
ORD,2018/6/9 14:29,66,63,0,0.76
ORD,2018/6/9 14:51,66,64,0,1.02
ORD,2018/6/9 15:44,67,64,8.05,T
ORD,2018/6/9 15:51,66,63,9.2,T
ORD,2018/6/9 16:51,66,62,4.6,0
ORD,2018/6/9 17:37,69,62,3.45,T
ORD,2018/6/9 17:51,69,63,6.9,T
ORD,2018/6/9 18:12,72,65,4.6,0
ORD,2018/6/9 18:51,73,64,4.6,0
ORD,2018/6/9 19:51,75,64,0,0
ORD,2018/6/9 20:51,78,64,4.6,0
ORD,2018/6/9 21:51,78,62,0,0
ORD,2018/6/9 22:51,77,63,9.2,0
ORD,2018/6/9 23:34,72,61,12.65,0
ORD,2018/6/9 23:51,68,59,11.5,0
ORD,2018/6/10 0:51,63,58,9.2,0
ORD,2018/6/10 1:14,62,58,9.2,0
ORD,2018/6/10 1:51,62,58,12.65,0
ORD,2018/6/10 2:51,61,58,6.9,0
ORD,2018/6/10 3:51,61,58,5.75,0
ORD,2018/6/10 4:16,61,59,3.45,0
ORD,2018/6/10 4:51,62,59,8.05,0
ORD,2018/6/10 5:51,62,59,6.9,0
ORD,2018/6/10 6:23,62,59,6.9,0
ORD,2018/6/10 6:51,62,60,4.6,0
ORD,2018/6/10 7:05,62,60,4.6,0
ORD,2018/6/10 7:10,62,60,3.45,0
ORD,2018/6/10 7:32,63,60,0,0
ORD,2018/6/10 7:51,63,60,5.75,0
ORD,2018/6/10 8:02,63,61,6.9,0
ORD,2018/6/10 8:40,63,61,13.8,1.02
ORD,2018/6/10 8:51,64,62,11.5,6.86
ORD,2018/6/10 9:03,64,64,0,11.94
ORD,2018/6/10 9:19,65,63,4.6,14.73
ORD,2018/6/10 9:51,65,63,8.05,18.03
ORD,2018/6/10 10:51,65,63,5.75,2.29
ORD,2018/6/10 11:51,66,64,0,0.76
ORD,2018/6/10 12:33,66,64,9.2,0.25
ORD,2018/6/10 12:51,66,64,9.2,0.51
ORD,2018/6/10 13:51,67,64,3.45,T
ORD,2018/6/10 13:54,67,64,0,0.25
ORD,2018/6/10 14:19,67,64,0,2.29
ORD,2018/6/10 14:51,67,64,0,2.79
ORD,2018/6/10 15:19,68,64,0,0
ORD,2018/6/10 15:38,68,65,0,0.25
ORD,2018/6/10 15:51,68,65,0,1.27
ORD,2018/6/10 16:26,68,65,3.45,0.25
ORD,2018/6/10 16:44,69,65,5.75,0.25
ORD,2018/6/10 16:51,69,65,6.9,0.25
ORD,2018/6/10 17:11,71,66,6.9,0.25
ORD,2018/6/10 17:51,66,63,10.35,0.25
ORD,2018/6/10 18:38,65,62,8.05,0.25
ORD,2018/6/10 18:51,65,63,8.05,0.51
ORD,2018/6/10 19:11,67,63,10.35,0.25
ORD,2018/6/10 19:21,66,63,8.05,0.25
ORD,2018/6/10 19:51,65,61,16.1,0.25
ORD,2018/6/10 20:48,62.6,59,12.65,0
ORD,2018/6/10 20:51,62,59,11.5,0
ORD,2018/6/10 21:27,62,59,8.05,0
ORD,2018/6/10 21:36,62,59,8.05,0
ORD,2018/6/10 21:51,62,59,8.05,0
ORD,2018/6/10 22:51,64,60,8.05,0
ORD,2018/6/10 23:51,64,60,11.5,0
ORD,2018/6/11 0:10,63,60,12.65,0
ORD,2018/6/11 0:51,61,58,11.5,0
ORD,2018/6/11 1:51,60,58,8.05,0
ORD,2018/6/11 2:51,61,59,6.9,0
ORD,2018/6/11 3:51,61,60,8.05,0
ORD,2018/6/11 4:08,62,60,5.75,0
ORD,2018/6/11 4:38,63,61,10.35,0
ORD,2018/6/11 4:51,63,61,11.5,0
ORD,2018/6/11 5:51,64,62,11.5,0.25
ORD,2018/6/11 6:51,63,61,10.35,0.25
ORD,2018/6/11 7:12,64,61,9.2,T
ORD,2018/6/11 7:51,63,60,13.8,1.27
ORD,2018/6/11 8:20,62,59,10.35,T
ORD,2018/6/11 8:51,62,59,9.2,T
ORD,2018/6/11 9:43,63,60,9.2,0
ORD,2018/6/11 9:51,63,60,8.05,0
ORD,2018/6/11 10:36,62,59,9.2,0
ORD,2018/6/11 10:51,62,59,10.35,0
ORD,2018/6/11 11:51,62,58,10.35,T
ORD,2018/6/11 12:29,61,59,8.05,T
ORD,2018/6/11 12:49,62.6,57.2,8.05,T
ORD,2018/6/11 12:51,62,59,8.05,T
ORD,2018/6/11 13:51,63,60,6.9,T
ORD,2018/6/11 14:17,63,60,8.05,T
ORD,2018/6/11 14:51,64,60,8.05,T
ORD,2018/6/11 15:10,63,60,11.5,T
ORD,2018/6/11 15:51,64,60,11.5,T
ORD,2018/6/11 16:51,65,60,11.5,0
ORD,2018/6/11 17:49,66.2,60.8,13.8,0
ORD,2018/6/11 17:51,65,59,13.8,0
ORD,2018/6/11 18:51,67,60,12.65,0
ORD,2018/6/11 19:51,68,61,10.35,0
ORD,2018/6/11 20:51,69,62,12.65,0
ORD,2018/6/11 21:51,69,63,8.05,0
ORD,2018/6/11 22:51,69,63,10.35,0
ORD,2018/6/11 23:51,68,63,11.5,0
ORD,2018/6/12 0:51,67,62,9.2,0
ORD,2018/6/12 1:47,66.2,60.8,11.5,0
ORD,2018/6/12 1:51,66,61,10.35,0
ORD,2018/6/12 2:33,63,59,8.05,0
ORD,2018/6/12 2:51,63,58,8.05,0
ORD,2018/6/12 3:51,63,58,8.05,0
ORD,2018/6/12 4:09,63,58,8.05,0
ORD,2018/6/12 4:46,62.6,57.2,8.05,0.25
ORD,2018/6/12 4:51,62,58,5.75,0.51
ORD,2018/6/12 5:06,62,59,6.9,0.25
ORD,2018/6/12 5:51,62,59,6.9,0.51
ORD,2018/6/12 6:51,63,61,5.75,0
ORD,2018/6/12 7:06,63,61,5.75,0
ORD,2018/6/12 8:46,64.4,62.6,5.75,0
ORD,2018/6/12 8:51,65,62,4.6,0
ORD,2018/6/12 9:29,65,63,5.75,0
ORD,2018/6/12 9:51,65,63,0,0
ORD,2018/6/12 10:16,66,63,5.75,0
ORD,2018/6/12 10:51,67,64,4.6,0
ORD,2018/6/12 11:17,67,64,3.45,0
ORD,2018/6/12 11:27,67,64,4.6,0
ORD,2018/6/12 11:49,68,65,4.6,0
ORD,2018/6/12 12:51,69,65,6.9,0
ORD,2018/6/12 13:03,70,66,6.9,0
ORD,2018/6/12 13:51,70,66,9.2,0
ORD,2018/6/12 14:51,72,66,4.6,0
ORD,2018/6/12 15:07,72,66,0,0
ORD,2018/6/12 15:44,74,67,4.6,0
ORD,2018/6/12 15:51,74,67,4.6,0
ORD,2018/6/12 16:51,74,67,4.6,0
ORD,2018/6/12 17:51,74,67,0,T
ORD,2018/6/12 18:51,75,67,10.35,0
ORD,2018/6/12 19:15,76,68,6.9,T
ORD,2018/6/12 19:26,77,68,3.45,T
ORD,2018/6/12 19:51,79,69,0,T
ORD,2018/6/12 20:07,79,68,5.75,0
ORD,2018/6/12 20:36,79,67,4.6,0
ORD,2018/6/12 20:51,79,68,0,0
ORD,2018/6/12 21:51,79,67,0,0
ORD,2018/6/12 22:51,76,67,8.05,0
ORD,2018/6/12 23:51,75,67,5.75,0
ORD,2018/6/13 0:51,75,66,4.6,0
ORD,2018/6/13 1:51,74,67,0,0
ORD,2018/6/13 2:51,74,67,0,0
ORD,2018/6/13 3:51,71,67,0,0
ORD,2018/6/13 4:51,71,67,3.45,0
ORD,2018/6/13 5:51,71,68,5.75,0
ORD,2018/6/13 6:51,71,68,6.9,0
ORD,2018/6/13 7:28,71,68,8.05,0
ORD,2018/6/13 7:51,71,68,6.9,0
ORD,2018/6/13 8:51,70,68,4.6,0
ORD,2018/6/13 9:46,69.8,66.2,5.75,0
ORD,2018/6/13 9:51,70,67,6.9,0
ORD,2018/6/13 10:51,70,67,6.9,0
ORD,2018/6/13 11:16,71,67,9.2,0
ORD,2018/6/13 11:24,71,67,9.2,0
ORD,2018/6/13 11:51,72,67,5.75,0
ORD,2018/6/13 12:51,74,66,14.95,0
ORD,2018/6/13 13:51,75,64,12.65,0
ORD,2018/6/13 14:51,null,null,14.95,0
ORD,2018/6/13 15:51,77,51,17.25,0
ORD,2018/6/13 16:51,77,50,16.1,0
ORD,2018/6/13 17:51,79,49,12.65,0
ORD,2018/6/13 18:51,80,50,10.35,0
ORD,2018/6/13 19:51,80,49,12.65,0
ORD,2018/6/13 20:51,80,47,9.2,0
ORD,2018/6/13 21:51,80,48,9.2,0
ORD,2018/6/13 22:51,79,48,11.5,0
ORD,2018/6/13 23:51,79,47,9.2,0
ORD,2018/6/14 0:51,76,46,5.75,0
ORD,2018/6/14 1:51,72,49,3.45,0
ORD,2018/6/14 2:51,70,49,5.75,0
ORD,2018/6/14 3:51,69,49,0,0
ORD,2018/6/14 4:51,66,51,0,0
ORD,2018/6/14 5:51,66,50,5.75,0
ORD,2018/6/14 6:51,65,51,4.6,0
ORD,2018/6/14 7:51,65,51,6.9,0
ORD,2018/6/14 8:51,66,52,5.75,0
ORD,2018/6/14 9:51,66,52,0,0
ORD,2018/6/14 10:51,65,53,0,0
ORD,2018/6/14 11:51,68,54,0,0
ORD,2018/6/14 12:51,73,53,0,0
ORD,2018/6/14 13:51,77,48,0,0
ORD,2018/6/14 14:51,78,47,4.6,0
ORD,2018/6/14 15:51,79,46,4.6,0
ORD,2018/6/14 16:51,79,47,6.9,0
ORD,2018/6/14 17:51,80,49,3.45,0
ORD,2018/6/14 18:51,80,50,5.75,0
ORD,2018/6/14 19:51,79,53,8.05,0
ORD,2018/6/14 20:51,78,54,6.9,0
ORD,2018/6/14 21:51,78,54,8.05,0
ORD,2018/6/14 22:51,78,53,0,0
ORD,2018/6/14 23:51,76,49,10.35,0
ORD,2018/6/15 0:51,74,48,6.9,0
ORD,2018/6/15 1:51,72,48,6.9,0
ORD,2018/6/15 2:51,70,49,6.9,0
ORD,2018/6/15 3:51,70,49,3.45,0
ORD,2018/6/15 4:51,69,48,0,0
ORD,2018/6/15 5:51,68,49,4.6,0
ORD,2018/6/15 6:51,66,51,3.45,0
ORD,2018/6/15 7:51,67,53,3.45,0
ORD,2018/6/15 8:51,65,54,3.45,0
ORD,2018/6/15 9:51,65,54,4.6,0
ORD,2018/6/15 10:51,66,55,4.6,0
ORD,2018/6/15 11:51,70,54,9.2,0
ORD,2018/6/15 12:51,72,54,8.05,0
ORD,2018/6/15 13:51,75,53,5.75,0
ORD,2018/6/15 14:51,75,55,5.75,0
ORD,2018/6/15 15:51,74,57,6.9,0
ORD,2018/6/15 16:51,76,59,8.05,0
ORD,2018/6/15 17:51,80,61,5.75,0
ORD,2018/6/15 18:51,85,62,5.75,0
ORD,2018/6/15 19:51,87,63,0,0
ORD,2018/6/15 20:51,88,64,6.9,0
ORD,2018/6/15 21:51,88,64,11.5,0
ORD,2018/6/15 22:51,88,66,9.2,0
ORD,2018/6/15 23:51,86,64,8.05,0
ORD,2018/6/16 0:51,86,66,11.5,0
ORD,2018/6/16 1:51,84,66,9.2,0
ORD,2018/6/16 2:51,82,67,6.9,0
ORD,2018/6/16 3:51,82,67,10.35,0
ORD,2018/6/16 4:51,80,68,5.75,0
ORD,2018/6/16 5:51,79,69,6.9,0
ORD,2018/6/16 6:41,74,65,21.85,0
ORD,2018/6/16 6:51,74,64,24.15,0
ORD,2018/6/16 7:02,73,64,23,0
ORD,2018/6/16 7:09,73,64,8.05,0
ORD,2018/6/16 7:28,71,66,11.5,0.25
ORD,2018/6/16 7:36,70,66,20.7,0.25
ORD,2018/6/16 7:51,70,67,20.7,0.51
ORD,2018/6/16 8:05,70,67,17.25,4.83
ORD,2018/6/16 8:26,69,67,10.35,10.67
ORD,2018/6/16 8:33,69,68,0,10.67
ORD,2018/6/16 8:51,69,68,3.45,15.49
ORD,2018/6/16 9:08,69,67,10.35,0.25
ORD,2018/6/16 9:40,70,67,4.6,0.51
ORD,2018/6/16 9:51,70,67,5.75,0.51
ORD,2018/6/16 10:51,71,66,10.35,0
ORD,2018/6/16 11:51,71,67,4.6,0
ORD,2018/6/16 12:51,74,67,10.35,0
ORD,2018/6/16 13:51,80,68,11.5,0
ORD,2018/6/16 14:51,82,69,10.35,0
ORD,2018/6/16 15:51,85,70,8.05,0
ORD,2018/6/16 16:51,87,71,4.6,0
ORD,2018/6/16 17:51,84,69,12.65,0
ORD,2018/6/16 18:51,85,68,11.5,0
ORD,2018/6/16 19:51,87,69,10.35,0
ORD,2018/6/16 20:51,89,70,8.05,0
ORD,2018/6/16 21:51,91,70,11.5,0
ORD,2018/6/16 22:51,91,70,11.5,0
ORD,2018/6/16 23:51,91,68,9.2,0
ORD,2018/6/17 0:51,89,69,9.2,0
ORD,2018/6/17 1:51,87,69,6.9,0
ORD,2018/6/17 2:51,85,69,5.75,0
ORD,2018/6/17 3:51,83,70,5.75,0
ORD,2018/6/17 4:51,82,71,8.05,0
ORD,2018/6/17 5:51,83,71,9.2,0
ORD,2018/6/17 6:51,82,70,8.05,0
ORD,2018/6/17 7:51,81,70,10.35,0
ORD,2018/6/17 8:51,80,69,10.35,0
ORD,2018/6/17 9:51,79,69,6.9,0
ORD,2018/6/17 10:51,78,69,8.05,0
ORD,2018/6/17 11:51,80,70,10.35,0
ORD,2018/6/17 12:51,83,70,9.2,0
ORD,2018/6/17 13:51,84,70,11.5,0
ORD,2018/6/17 14:51,86,71,10.35,0
ORD,2018/6/17 15:51,89,71,11.5,0
ORD,2018/6/17 16:51,91,70,12.65,0
ORD,2018/6/17 17:51,92,70,10.35,0
ORD,2018/6/17 18:51,93,69,13.8,0
ORD,2018/6/17 19:51,93,70,11.5,T
ORD,2018/6/17 20:51,92,71,11.5,T
ORD,2018/6/17 21:51,90,70,20.7,0
ORD,2018/6/17 22:51,89,69,12.65,0
ORD,2018/6/17 23:51,89,69,11.5,0
ORD,2018/6/18 0:51,88,70,10.35,0
ORD,2018/6/18 1:51,86,71,10.35,0
ORD,2018/6/18 2:51,85,72,8.05,0
ORD,2018/6/18 3:51,85,70,10.35,0
ORD,2018/6/18 4:51,84,69,8.05,0
ORD,2018/6/18 5:51,83,70,9.2,0
ORD,2018/6/18 6:51,82,70,10.35,0
ORD,2018/6/18 7:51,81,70,10.35,0
ORD,2018/6/18 8:51,81,70,9.2,0
ORD,2018/6/18 9:51,80,70,9.2,0
ORD,2018/6/18 10:51,80,70,10.35,0
ORD,2018/6/18 11:51,80,71,11.5,0
ORD,2018/6/18 12:51,82,72,8.05,0
ORD,2018/6/18 13:51,85,72,11.5,0
ORD,2018/6/18 14:51,87,72,11.5,0
ORD,2018/6/18 15:51,89,72,12.65,0
ORD,2018/6/18 16:51,91,71,12.65,0
ORD,2018/6/18 17:51,92,70,13.8,0
ORD,2018/6/18 18:51,93,70,12.65,0
ORD,2018/6/18 19:51,94,70,13.8,0
ORD,2018/6/18 20:51,93,69,18.4,0
ORD,2018/6/18 21:51,94,69,19.55,0
ORD,2018/6/18 22:51,92,69,25.3,0
ORD,2018/6/18 23:11,80,68,25.3,0
ORD,2018/6/18 23:45,75.2,69.8,19.55,T
ORD,2018/6/18 23:49,73.4,69.8,13.8,0.76
ORD,2018/6/18 23:51,75,70,10.35,1.27
ORD,2018/6/18 23:55,76,70,13.8,T
ORD,2018/6/19 0:46,73.4,69.8,20.7,0.76
ORD,2018/6/19 0:51,73,69,20.7,1.02
ORD,2018/6/19 1:04,72,68,17.25,2.29
ORD,2018/6/19 1:51,74,68,10.35,2.79
ORD,2018/6/19 2:51,73,70,13.8,0.25
ORD,2018/6/19 3:31,73,70,8.05,T
ORD,2018/6/19 3:44,73,70,8.05,T
ORD,2018/6/19 3:51,73,70,10.35,T
ORD,2018/6/19 4:51,71,68,10.35,T
ORD,2018/6/19 5:51,67,64,9.2,3.3
ORD,2018/6/19 6:51,66,63,11.5,0.76
ORD,2018/6/19 7:17,65,63,11.5,0
ORD,2018/6/19 7:42,65,62,10.35,0
ORD,2018/6/19 7:51,65,62,8.05,0
ORD,2018/6/19 8:51,65,62,3.45,0.25
ORD,2018/6/19 9:48,64.4,62.6,6.9,T
ORD,2018/6/19 9:51,64,62,4.6,T
ORD,2018/6/19 10:51,63,61,9.2,0
ORD,2018/6/19 11:24,64,61,8.05,0
ORD,2018/6/19 11:51,64,61,6.9,0
ORD,2018/6/19 12:51,65,62,8.05,0
ORD,2018/6/19 13:07,65,62,0,0
ORD,2018/6/19 13:23,66,63,0,0
ORD,2018/6/19 13:51,68,63,5.75,T
ORD,2018/6/19 14:51,70,65,4.6,0
ORD,2018/6/19 15:03,68,64,18.4,0
ORD,2018/6/19 15:29,70,65,8.05,0
ORD,2018/6/19 15:51,74,66,6.9,0
ORD,2018/6/19 16:51,78,68,5.75,0
ORD,2018/6/19 17:51,81,69,4.6,0
ORD,2018/6/19 18:29,80,68,6.9,0
ORD,2018/6/19 18:51,80,69,9.2,0
ORD,2018/6/19 19:26,80,69,12.65,0
ORD,2018/6/19 19:51,78,67,13.8,0
ORD,2018/6/19 20:51,73,65,11.5,0
ORD,2018/6/19 21:51,71,64,11.5,0
ORD,2018/6/19 22:51,69,64,10.35,0
ORD,2018/6/19 23:27,67,63,10.35,0
ORD,2018/6/19 23:51,68,63,9.2,0
ORD,2018/6/20 0:51,67,62,11.5,0
ORD,2018/6/20 1:51,67,62,13.8,0
ORD,2018/6/20 2:34,67,62,10.35,0
ORD,2018/6/20 2:51,67,62,9.2,0
ORD,2018/6/20 3:22,67,61,13.8,0
ORD,2018/6/20 3:49,66.2,60.8,11.5,0
ORD,2018/6/20 3:51,65,60,10.35,0
ORD,2018/6/20 4:24,65,60,9.2,0
ORD,2018/6/20 4:51,65,61,11.5,0
ORD,2018/6/20 5:51,66,61,8.05,0
ORD,2018/6/20 6:51,65,61,8.05,T
ORD,2018/6/20 7:51,66,62,5.75,0
ORD,2018/6/20 8:51,66,62,5.75,0
ORD,2018/6/20 9:34,66,61,8.05,0
ORD,2018/6/20 9:51,66,61,6.9,0
ORD,2018/6/20 10:51,66,62,5.75,0
ORD,2018/6/20 11:49,66.2,62.6,6.9,0
ORD,2018/6/20 11:51,66,62,6.9,0
ORD,2018/6/20 12:51,67,62,6.9,0
ORD,2018/6/20 13:51,68,62,6.9,0
ORD,2018/6/20 14:51,70,62,0,0
ORD,2018/6/20 15:51,73,63,5.75,0
ORD,2018/6/20 16:51,73,63,8.05,0
ORD,2018/6/20 17:51,74,64,6.9,0
ORD,2018/6/20 18:23,76,64,8.05,0
ORD,2018/6/20 18:51,77,64,5.75,0
ORD,2018/6/20 19:51,75,63,11.5,0
ORD,2018/6/20 20:51,73,63,12.65,0
ORD,2018/6/20 21:51,73,62,11.5,0
ORD,2018/6/20 22:51,72,61,9.2,0
ORD,2018/6/20 23:51,70,60,8.05,0
ORD,2018/6/21 0:51,68,59,11.5,0
ORD,2018/6/21 1:51,66,57,12.65,0
ORD,2018/6/21 2:41,65,57,14.95,0
ORD,2018/6/21 2:51,65,57,11.5,0
ORD,2018/6/21 3:24,65,58,12.65,0
ORD,2018/6/21 3:51,66,58,12.65,0
ORD,2018/6/21 4:51,66,58,8.05,0
ORD,2018/6/21 5:51,66,59,4.6,T
ORD,2018/6/21 6:08,64,60,6.9,1.27
ORD,2018/6/21 6:15,64,61,8.05,3.3
ORD,2018/6/21 6:37,64,61,13.8,8.38
ORD,2018/6/21 6:51,64,61,14.95,9.4
ORD,2018/6/21 6:58,64,60,14.95,0.25
ORD,2018/6/21 7:39,65,62,8.05,0.76
ORD,2018/6/21 7:51,64,62,9.2,0.76
ORD,2018/6/21 8:51,65,63,9.2,T
ORD,2018/6/21 9:51,65,63,12.65,T
ORD,2018/6/21 10:41,66,63,9.2,0
ORD,2018/6/21 10:51,66,63,9.2,0
ORD,2018/6/21 11:51,66,63,9.2,0
ORD,2018/6/21 12:51,66,64,8.05,T
ORD,2018/6/21 12:59,66,64,5.75,T
ORD,2018/6/21 13:51,66,64,12.65,7.87
ORD,2018/6/21 14:34,66,64,11.5,4.83
ORD,2018/6/21 14:51,66,64,13.8,6.35
ORD,2018/6/21 15:43,66,64,12.65,3.81
ORD,2018/6/21 15:51,66,63,14.95,4.06
ORD,2018/6/21 16:47,64.4,62.6,11.5,2.79
ORD,2018/6/21 16:51,65,62,12.65,3.3
ORD,2018/6/21 17:51,65,62,12.65,3.56
ORD,2018/6/21 18:51,65,62,14.95,0.51
ORD,2018/6/21 19:51,65,62,14.95,T
ORD,2018/6/21 20:51,66,63,13.8,T
ORD,2018/6/21 21:23,66,62,11.5,0
ORD,2018/6/21 21:51,66,62,13.8,0
ORD,2018/6/21 22:51,66,62,16.1,0
ORD,2018/6/21 23:12,66,61,13.8,0
ORD,2018/6/21 23:51,66,61,10.35,0
ORD,2018/6/22 0:36,66,61,12.65,0
ORD,2018/6/22 0:51,65,61,16.1,0
ORD,2018/6/22 1:07,65,60,14.95,0
ORD,2018/6/22 1:51,66,60,13.8,0
ORD,2018/6/22 2:51,65,60,14.95,T
ORD,2018/6/22 3:51,65,58,11.5,T
ORD,2018/6/22 4:51,64,60,10.35,T
ORD,2018/6/22 5:51,62,58,16.1,T
ORD,2018/6/22 6:51,63,59,14.95,T
ORD,2018/6/22 7:15,64,60,10.35,T
ORD,2018/6/22 7:18,63,60,6.9,0.51
ORD,2018/6/22 7:22,63,60,13.8,3.3
ORD,2018/6/22 7:26,63,60,16.1,4.57
ORD,2018/6/22 7:51,63,60,16.1,7.62
ORD,2018/6/22 8:19,62,60,16.1,2.29
ORD,2018/6/22 8:39,62,60,18.4,2.29
ORD,2018/6/22 8:51,62,59,19.55,2.29
ORD,2018/6/22 9:51,62,59,17.25,T
ORD,2018/6/22 10:19,61,58,13.8,0.76
ORD,2018/6/22 10:48,60.8,57.2,18.4,2.79
ORD,2018/6/22 10:51,60,58,17.25,3.3
ORD,2018/6/22 11:44,61,58,11.5,3.05
ORD,2018/6/22 11:51,60,58,10.35,3.3
ORD,2018/6/22 12:51,60,58,12.65,4.06
ORD,2018/6/22 13:51,60,57,13.8,4.83
ORD,2018/6/22 14:51,60,57,14.95,2.54
ORD,2018/6/22 15:21,59,57,14.95,0.76
ORD,2018/6/22 15:51,60,57,17.25,0.76
ORD,2018/6/22 16:08,60,57,17.25,2.54
ORD,2018/6/22 16:18,60,57,18.4,2.54
ORD,2018/6/22 16:51,61,57,17.25,2.54
ORD,2018/6/22 17:51,61,57,14.95,T
ORD,2018/6/22 18:51,62,58,16.1,T
ORD,2018/6/22 19:51,63,58,14.95,0
ORD,2018/6/22 20:51,62,57,12.65,0
ORD,2018/6/22 21:17,61,57,13.8,T
ORD,2018/6/22 21:40,60,57,10.35,T
ORD,2018/6/22 21:51,60,57,11.5,T
ORD,2018/6/22 22:15,61,57,10.35,T
ORD,2018/6/22 22:51,61,57,9.2,T
ORD,2018/6/22 23:51,62,57,11.5,0
ORD,2018/6/23 0:51,62,58,12.65,0
ORD,2018/6/23 1:29,62,58,12.65,0
ORD,2018/6/23 1:51,62,59,12.65,0
ORD,2018/6/23 2:51,62,59,10.35,T
ORD,2018/6/23 3:14,63,60,9.2,T
ORD,2018/6/23 3:51,64,60,14.95,T
ORD,2018/6/23 4:51,62,58,10.35,0
ORD,2018/6/23 5:11,62,58,9.2,0
ORD,2018/6/23 5:51,62,58,6.9,0
ORD,2018/6/23 6:51,62,58,6.9,0
ORD,2018/6/23 7:51,62,58,3.45,0
ORD,2018/6/23 8:51,63,59,4.6,0
ORD,2018/6/23 9:51,63,58,8.05,0
ORD,2018/6/23 10:51,62,58,9.2,T
ORD,2018/6/23 11:51,63,59,5.75,0
ORD,2018/6/23 12:51,66,57,8.05,0
ORD,2018/6/23 13:51,68,56,3.45,0
ORD,2018/6/23 14:51,71,56,0,0
ORD,2018/6/23 15:51,71,57,3.45,0
ORD,2018/6/23 16:51,75,55,0,0
ORD,2018/6/23 17:51,76,55,3.45,0
ORD,2018/6/23 18:51,78,56,3.45,0
ORD,2018/6/23 19:51,78,53,0,0
ORD,2018/6/23 20:51,79,53,4.6,0
ORD,2018/6/23 21:51,80,55,4.6,0
ORD,2018/6/23 22:51,79,56,6.9,0
ORD,2018/6/23 23:51,77,55,8.05,0
ORD,2018/6/24 0:51,75,57,8.05,0
ORD,2018/6/24 1:51,74,58,5.75,0
ORD,2018/6/24 2:51,72,63,10.35,0
ORD,2018/6/24 3:51,72,63,5.75,0
ORD,2018/6/24 4:51,71,64,6.9,0
ORD,2018/6/24 5:51,67,56,5.75,0
ORD,2018/6/24 6:51,65,56,5.75,0
ORD,2018/6/24 7:51,66,54,3.45,0
ORD,2018/6/24 8:51,66,54,4.6,0
ORD,2018/6/24 9:51,65,54,4.6,0
ORD,2018/6/24 10:51,65,56,3.45,0
ORD,2018/6/24 11:51,68,57,0,0
ORD,2018/6/24 12:51,72,58,4.6,0
ORD,2018/6/24 13:51,75,60,5.75,0
ORD,2018/6/24 14:51,77,61,3.45,0
ORD,2018/6/24 15:51,78,61,5.75,0
ORD,2018/6/24 16:51,80,62,10.35,0
ORD,2018/6/24 17:51,79,63,8.05,0
ORD,2018/6/24 18:51,79,63,11.5,0
ORD,2018/6/24 19:51,79,63,10.35,0
ORD,2018/6/24 20:51,77,61,14.95,0
ORD,2018/6/24 21:51,74,60,14.95,0
ORD,2018/6/24 22:51,73,61,18.4,0
ORD,2018/6/24 23:51,71,61,17.25,0
ORD,2018/6/25 0:51,69,61,13.8,0
ORD,2018/6/25 1:51,67,61,11.5,0
ORD,2018/6/25 2:51,65,59,12.65,0
ORD,2018/6/25 3:02,65,59,11.5,0
ORD,2018/6/25 3:51,65,58,6.9,0
ORD,2018/6/25 4:51,64,57,9.2,0
ORD,2018/6/25 5:51,64,56,10.35,0
ORD,2018/6/25 6:51,63,56,9.2,0
ORD,2018/6/25 7:51,61,56,8.05,0
ORD,2018/6/25 8:51,61,56,8.05,0
ORD,2018/6/25 9:51,61,56,10.35,0
ORD,2018/6/25 10:51,61,57,9.2,0
ORD,2018/6/25 11:51,64,59,11.5,0
ORD,2018/6/25 12:51,69,61,10.35,0
ORD,2018/6/25 13:51,72,61,6.9,0
ORD,2018/6/25 14:51,73,61,11.5,0
ORD,2018/6/25 15:51,73,61,12.65,0
ORD,2018/6/25 16:51,74,61,14.95,0
ORD,2018/6/25 17:51,74,60,14.95,0
ORD,2018/6/25 18:51,75,61,13.8,0
ORD,2018/6/25 19:51,77,61,13.8,0
ORD,2018/6/25 20:51,77,60,12.65,0
ORD,2018/6/25 21:51,77,59,16.1,0
ORD,2018/6/25 22:51,77,59,12.65,0
ORD,2018/6/25 23:51,75,58,12.65,0
ORD,2018/6/26 0:51,74,59,10.35,0
ORD,2018/6/26 1:51,73,59,9.2,0
ORD,2018/6/26 2:51,73,60,5.75,0
ORD,2018/6/26 3:51,73,60,8.05,0
ORD,2018/6/26 4:51,73,61,13.8,0
ORD,2018/6/26 5:51,71,61,14.95,0
ORD,2018/6/26 6:51,70,61,11.5,0
ORD,2018/6/26 7:51,69,61,11.5,0
ORD,2018/6/26 8:51,68,59,13.8,0
ORD,2018/6/26 9:51,67,58,11.5,0
ORD,2018/6/26 10:51,67,57,12.65,0
ORD,2018/6/26 11:51,68,58,10.35,0
ORD,2018/6/26 12:24,69,59,12.65,0
ORD,2018/6/26 12:51,68,60,8.05,0.76
ORD,2018/6/26 12:54,67,61,9.2,0.76
ORD,2018/6/26 12:59,67,61,8.05,2.29
ORD,2018/6/26 13:06,67,62,5.75,2.54
ORD,2018/6/26 13:22,68,62,8.05,2.79
ORD,2018/6/26 13:38,67,62,5.75,2.79
ORD,2018/6/26 13:51,67,62,6.9,2.79
ORD,2018/6/26 13:59,66,62,5.75,T
ORD,2018/6/26 14:07,66,62,6.9,0.51
ORD,2018/6/26 14:28,67,63,6.9,0.51
ORD,2018/6/26 14:43,68,63,8.05,0.51
ORD,2018/6/26 14:51,68,63,8.05,0.51
ORD,2018/6/26 15:51,71,65,6.9,T
ORD,2018/6/26 16:51,75,68,9.2,0
ORD,2018/6/26 17:51,79,69,6.9,0
ORD,2018/6/26 18:26,80,69,5.75,0
ORD,2018/6/26 18:40,80,69,10.35,0
ORD,2018/6/26 18:51,81,69,11.5,0
ORD,2018/6/26 19:51,83,69,9.2,0
ORD,2018/6/26 20:51,83,66,12.65,0
ORD,2018/6/26 21:51,82,67,16.1,0
ORD,2018/6/26 22:51,82,66,12.65,0
ORD,2018/6/26 23:51,72,67,3.45,T
ORD,2018/6/26 23:57,72,67,9.2,0.25
ORD,2018/6/27 0:02,71,68,13.8,2.54
ORD,2018/6/27 0:19,71,68,8.05,7.87
ORD,2018/6/27 0:45,71.6,68,6.9,7.87
ORD,2018/6/27 0:51,70,68,3.45,10.92
ORD,2018/6/27 1:14,71,69,0,3.81
ORD,2018/6/27 1:27,72,68,0,4.32
ORD,2018/6/27 1:51,72,68,4.6,4.32
ORD,2018/6/27 2:51,72,68,5.75,0
ORD,2018/6/27 3:51,71,68,0,0
ORD,2018/6/27 4:51,72,67,8.05,0
ORD,2018/6/27 5:43,71,67,6.9,0
ORD,2018/6/27 5:51,71,67,8.05,0
ORD,2018/6/27 5:59,71,67,9.2,0
ORD,2018/6/27 6:51,71,68,4.6,T
ORD,2018/6/27 7:02,71,68,5.75,T
ORD,2018/6/27 7:51,71,68,6.9,T
ORD,2018/6/27 8:51,71,68,8.05,0.76
ORD,2018/6/27 9:51,70,66,8.05,0
ORD,2018/6/27 10:24,69,66,8.05,0
ORD,2018/6/27 10:51,69,66,5.75,0
ORD,2018/6/27 11:38,69,66,8.05,0
ORD,2018/6/27 11:49,69.8,66.2,9.2,0
ORD,2018/6/27 11:51,69,66,10.35,0
ORD,2018/6/27 12:51,70,65,9.2,0
ORD,2018/6/27 13:51,71,64,13.8,0
ORD,2018/6/27 14:51,72,64,11.5,0
ORD,2018/6/27 15:51,74,65,11.5,0
ORD,2018/6/27 16:18,74,65,13.8,0
ORD,2018/6/27 16:51,76,65,11.5,0
ORD,2018/6/27 17:51,77,66,9.2,0
ORD,2018/6/27 18:51,79,66,4.6,0
ORD,2018/6/27 19:51,78,66,9.2,0
ORD,2018/6/27 20:51,76,66,9.2,0
ORD,2018/6/27 21:51,75,65,10.35,0
ORD,2018/6/27 22:51,77,65,4.6,0
ORD,2018/6/27 23:51,78,65,0,0
ORD,2018/6/28 0:51,75,63,4.6,0
ORD,2018/6/28 1:51,73,62,4.6,0
ORD,2018/6/28 2:51,72,62,3.45,0
ORD,2018/6/28 3:51,72,62,0,0
ORD,2018/6/28 4:51,70,63,0,0
ORD,2018/6/28 5:51,69,63,0,0
ORD,2018/6/28 6:51,68,64,0,0
ORD,2018/6/28 7:51,68,64,5.75,0
ORD,2018/6/28 8:51,68,64,3.45,0
ORD,2018/6/28 9:51,68,64,4.6,0
ORD,2018/6/28 10:26,68,64,0,0
ORD,2018/6/28 10:51,68,64,0,0
ORD,2018/6/28 11:28,70,65,0,0
ORD,2018/6/28 11:46,69.8,64.4,0,0
ORD,2018/6/28 11:51,71,65,0,0
ORD,2018/6/28 12:51,75,66,3.45,0
ORD,2018/6/28 13:51,79,66,0,0
ORD,2018/6/28 14:51,81,64,3.45,0
ORD,2018/6/28 15:51,81,65,0,0
ORD,2018/6/28 16:51,84,65,4.6,0
ORD,2018/6/28 17:51,86,65,6.9,0
ORD,2018/6/28 18:51,87,67,8.05,0
ORD,2018/6/28 19:51,85,67,9.2,0
ORD,2018/6/28 20:51,85,67,10.35,0
ORD,2018/6/28 21:51,84,67,8.05,0
ORD,2018/6/28 22:51,83,66,9.2,0
ORD,2018/6/28 23:51,82,66,9.2,0
ORD,2018/6/29 0:51,80,65,11.5,0
ORD,2018/6/29 1:51,78,65,4.6,0
ORD,2018/6/29 2:51,77,65,4.6,0
ORD,2018/6/29 3:51,77,65,3.45,0
ORD,2018/6/29 4:51,77,65,0,0
ORD,2018/6/29 5:51,74,66,0,0
ORD,2018/6/29 6:51,74,66,0,0
ORD,2018/6/29 7:51,74,68,0,0
ORD,2018/6/29 8:51,73,68,4.6,0
ORD,2018/6/29 9:51,73,68,8.05,0
ORD,2018/6/29 10:51,74,68,8.05,0
ORD,2018/6/29 11:51,76,69,5.75,0
ORD,2018/6/29 12:51,78,70,11.5,0
ORD,2018/6/29 13:51,81,70,8.05,0
ORD,2018/6/29 14:51,84,68,12.65,0
ORD,2018/6/29 15:51,87,69,12.65,0
ORD,2018/6/29 16:51,89,72,11.5,0
ORD,2018/6/29 17:51,91,73,13.8,0
ORD,2018/6/29 18:51,93,72,12.65,0
ORD,2018/6/29 19:51,95,71,13.8,0
ORD,2018/6/29 20:51,95,73,13.8,0
ORD,2018/6/29 21:51,95,73,14.95,0
ORD,2018/6/29 22:51,94,75,10.35,0
ORD,2018/6/29 23:51,93,74,9.2,0
ORD,2018/6/30 0:51,90,77,11.5,0
ORD,2018/6/30 1:51,89,76,13.8,0
ORD,2018/6/30 2:51,87,76,8.05,0
ORD,2018/6/30 3:51,86,77,9.2,0
ORD,2018/6/30 4:51,85,76,11.5,0
ORD,2018/6/30 5:51,84,76,13.8,0
ORD,2018/6/30 6:51,83,75,13.8,0
ORD,2018/6/30 7:51,82,75,11.5,0
ORD,2018/6/30 8:51,82,74,11.5,0
ORD,2018/6/30 9:51,81,74,10.35,0
ORD,2018/6/30 10:51,80,73,8.05,0
ORD,2018/6/30 11:51,81,74,8.05,0
ORD,2018/6/30 12:51,82,75,10.35,0
ORD,2018/6/30 13:51,85,75,11.5,0
ORD,2018/6/30 14:51,87,74,10.35,0
ORD,2018/6/30 15:51,88,75,5.75,0
ORD,2018/6/30 16:51,90,75,6.9,0
ORD,2018/6/30 17:51,91,75,10.35,0
ORD,2018/6/30 18:51,93,74,11.5,0
ORD,2018/6/30 19:51,92,73,10.35,0
ORD,2018/6/30 20:51,93,72,16.1,0
ORD,2018/6/30 21:51,93,74,13.8,0
ORD,2018/6/30 22:51,93,74,16.1,0
ORD,2018/6/30 23:51,90,73,14.95,0
ORD,2018/7/1 0:51,89,73,11.5,0
ORD,2018/7/1 1:51,87,73,16.1,0
ORD,2018/7/1 2:51,86,73,11.5,0
ORD,2018/7/1 3:51,84,72,11.5,0
ORD,2018/7/1 4:51,83,72,8.05,0
ORD,2018/7/1 5:51,82,71,8.05,0
ORD,2018/7/1 6:51,82,71,6.9,0
ORD,2018/7/1 7:51,80,71,6.9,0
ORD,2018/7/1 8:51,79,71,8.05,0
ORD,2018/7/1 9:51,79,71,6.9,0
ORD,2018/7/1 10:51,79,71,5.75,0
ORD,2018/7/1 11:51,78,71,6.9,0
ORD,2018/7/1 12:51,81,72,12.65,0
ORD,2018/7/1 13:51,84,73,12.65,0
ORD,2018/7/1 14:51,86,73,14.95,0
ORD,2018/7/1 15:51,88,74,18.4,0
ORD,2018/7/1 16:22,88,74,14.95,0
ORD,2018/7/1 16:51,89,74,17.25,0
ORD,2018/7/1 17:51,91,73,18.4,0
ORD,2018/7/1 18:51,93,72,18.4,0
ORD,2018/7/1 19:51,93,71,16.1,0
ORD,2018/7/1 20:51,92,72,18.4,0
ORD,2018/7/1 21:51,89,71,31.05,T
ORD,2018/7/1 21:55,84,70,35.65,0
ORD,2018/7/1 21:57,81,70,29.9,T
ORD,2018/7/1 22:05,78,73,23,5.84
ORD,2018/7/1 22:14,78,73,19.55,6.1
ORD,2018/7/1 22:51,78,70,11.5,6.1
ORD,2018/7/1 23:51,76,70,10.35,T
ORD,2018/7/2 0:51,78,71,9.2,T
ORD,2018/7/2 1:51,77,71,8.05,0
ORD,2018/7/2 2:51,77,71,10.35,0
ORD,2018/7/2 3:51,77,71,5.75,0
ORD,2018/7/2 4:51,77,71,6.9,0
ORD,2018/7/2 5:51,76,69,11.5,0
ORD,2018/7/2 6:51,74,67,6.9,0
ORD,2018/7/2 7:51,73,65,6.9,0
ORD,2018/7/2 8:51,71,64,8.05,0
ORD,2018/7/2 9:51,70,63,6.9,0
ORD,2018/7/2 10:51,69,62,8.05,0
ORD,2018/7/2 11:51,70,63,8.05,0
ORD,2018/7/2 12:51,72,62,6.9,0
ORD,2018/7/2 13:51,74,62,8.05,0
ORD,2018/7/2 14:51,77,62,0,0
ORD,2018/7/2 15:51,78,61,4.6,0
ORD,2018/7/2 16:51,80,58,3.45,0
ORD,2018/7/2 17:51,82,56,3.45,0
ORD,2018/7/2 18:51,83,59,4.6,0
ORD,2018/7/2 19:51,84,60,5.75,0
ORD,2018/7/2 20:51,85,55,6.9,0
ORD,2018/7/2 21:51,84,50,6.9,0
ORD,2018/7/2 22:51,84,53,9.2,0
ORD,2018/7/2 23:51,81,49,8.05,0
ORD,2018/7/3 0:51,79,49,9.2,0
ORD,2018/7/3 1:51,76,51,8.05,0
ORD,2018/7/3 2:51,73,52,4.6,0
ORD,2018/7/3 3:51,73,52,3.45,0
ORD,2018/7/3 4:51,71,55,3.45,0
ORD,2018/7/3 5:51,70,54,0,0
ORD,2018/7/3 6:51,68,54,0,0
ORD,2018/7/3 7:51,67,54,0,0
ORD,2018/7/3 8:51,65,55,4.6,0
ORD,2018/7/3 9:51,65,59,5.75,0
ORD,2018/7/3 10:51,66,61,4.6,0
ORD,2018/7/3 11:51,70,64,6.9,0
ORD,2018/7/3 12:51,73,65,3.45,0
ORD,2018/7/3 13:51,78,66,3.45,0
ORD,2018/7/3 14:51,83,66,4.6,0
ORD,2018/7/3 15:51,85,67,9.2,0
ORD,2018/7/3 16:51,87,68,6.9,0
ORD,2018/7/3 17:51,88,68,8.05,0
ORD,2018/7/3 18:51,88,67,11.5,0
ORD,2018/7/3 19:51,88,68,10.35,0
ORD,2018/7/3 20:51,89,70,9.2,0
ORD,2018/7/3 21:51,89,69,10.35,0
ORD,2018/7/3 22:51,88,69,10.35,0
ORD,2018/7/3 23:51,85,68,9.2,0
ORD,2018/7/4 0:51,84,68,8.05,0
ORD,2018/7/4 1:51,82,68,9.2,0
ORD,2018/7/4 2:51,81,68,5.75,0
ORD,2018/7/4 3:51,81,68,3.45,0
ORD,2018/7/4 4:51,80,68,3.45,0
ORD,2018/7/4 5:51,79,69,3.45,0
ORD,2018/7/4 6:51,80,71,5.75,0
ORD,2018/7/4 7:51,79,71,6.9,0
ORD,2018/7/4 8:51,77,71,3.45,0
ORD,2018/7/4 9:51,77,71,5.75,0
ORD,2018/7/4 10:51,76,71,5.75,0
ORD,2018/7/4 11:51,77,72,9.2,0
ORD,2018/7/4 12:51,79,72,6.9,0
ORD,2018/7/4 13:51,82,73,6.9,0
ORD,2018/7/4 14:51,85,74,4.6,0
ORD,2018/7/4 15:51,88,74,4.6,0
ORD,2018/7/4 16:51,88,72,5.75,0
ORD,2018/7/4 17:51,90,72,9.2,0
ORD,2018/7/4 18:51,91,73,10.35,0
ORD,2018/7/4 19:51,92,72,9.2,0
ORD,2018/7/4 20:51,91,74,11.5,0
ORD,2018/7/4 21:51,88,71,10.35,0
ORD,2018/7/4 22:51,90,72,9.2,0
ORD,2018/7/4 23:51,89,73,10.35,0
ORD,2018/7/5 0:51,88,74,4.6,0
ORD,2018/7/5 1:51,86,74,6.9,0
ORD,2018/7/5 2:51,85,70,14.95,0
ORD,2018/7/5 3:51,80,71,10.35,T
ORD,2018/7/5 3:54,80,71,8.05,T
ORD,2018/7/5 4:19,77,71,6.9,0.25
ORD,2018/7/5 4:51,77,71,5.75,0.25
ORD,2018/7/5 5:51,76,69,5.75,0
ORD,2018/7/5 6:51,76,70,5.75,0
ORD,2018/7/5 7:51,76,70,6.9,0
ORD,2018/7/5 8:51,75,70,8.05,0
ORD,2018/7/5 9:51,75,70,3.45,0
ORD,2018/7/5 10:51,75,71,3.45,0
ORD,2018/7/5 11:51,76,71,5.75,0
ORD,2018/7/5 12:51,79,70,5.75,0
ORD,2018/7/5 13:51,83,72,6.9,0
ORD,2018/7/5 14:51,87,73,5.75,0
ORD,2018/7/5 15:51,89,71,5.75,0
ORD,2018/7/5 16:51,92,70,4.6,0
ORD,2018/7/5 17:51,91,70,4.6,0
ORD,2018/7/5 18:24,89,70,8.05,0
ORD,2018/7/5 18:47,82.4,75.2,10.35,0.25
ORD,2018/7/5 18:51,81,74,10.35,0.25
ORD,2018/7/5 19:19,80,68,6.9,T
ORD,2018/7/5 19:37,79,68,9.2,T
ORD,2018/7/5 19:51,78,69,10.35,T
ORD,2018/7/5 20:51,78,69,8.05,0
ORD,2018/7/5 21:51,80,69,6.9,0
ORD,2018/7/5 22:51,79,72,4.6,0.25
ORD,2018/7/5 23:51,80,73,4.6,T
ORD,2018/7/6 0:51,80,73,5.75,0
ORD,2018/7/6 1:51,79,69,6.9,0
ORD,2018/7/6 2:51,78,70,3.45,0
ORD,2018/7/6 3:51,77,70,5.75,0
ORD,2018/7/6 4:51,77,66,12.65,0
ORD,2018/7/6 5:51,75,61,10.35,0
ORD,2018/7/6 6:51,72,60,9.2,0
ORD,2018/7/6 7:51,72,60,8.05,0
ORD,2018/7/6 8:51,70,63,19.55,0
ORD,2018/7/6 9:51,70,56,16.1,0
ORD,2018/7/6 10:51,69,56,13.8,0
ORD,2018/7/6 11:51,70,56,14.95,0
ORD,2018/7/6 12:51,71,57,14.95,0
ORD,2018/7/6 13:51,72,55,20.7,0
ORD,2018/7/6 14:51,73,50,20.7,0
ORD,2018/7/6 15:51,73,48,16.1,0
ORD,2018/7/6 16:51,73,48,14.95,0
ORD,2018/7/6 17:51,74,49,16.1,0
ORD,2018/7/6 18:51,74,51,14.95,0
ORD,2018/7/6 19:51,74,53,10.35,0
ORD,2018/7/6 20:51,74,53,14.95,0
ORD,2018/7/6 21:51,74,51,13.8,0
ORD,2018/7/6 22:51,74,48,14.95,0
ORD,2018/7/6 23:51,72,49,14.95,0
ORD,2018/7/7 0:51,69,49,13.8,0
ORD,2018/7/7 1:51,67,50,13.8,0
ORD,2018/7/7 2:51,66,53,12.65,0
ORD,2018/7/7 3:51,65,55,8.05,0
ORD,2018/7/7 4:51,64,56,6.9,0
ORD,2018/7/7 5:51,64,55,5.75,0
ORD,2018/7/7 6:51,62,55,3.45,0
ORD,2018/7/7 7:51,61,55,4.6,0
ORD,2018/7/7 8:51,60,56,4.6,0
ORD,2018/7/7 9:51,60,56,3.45,0
ORD,2018/7/7 10:51,60,56,4.6,0
ORD,2018/7/7 11:51,64,58,4.6,0
ORD,2018/7/7 12:51,69,56,5.75,0
ORD,2018/7/7 13:51,72,48,9.2,0
ORD,2018/7/7 14:51,75,45,10.35,0
ORD,2018/7/7 15:51,78,42,8.05,0
ORD,2018/7/7 16:51,79,36,10.35,0
ORD,2018/7/7 17:51,80,32,12.65,0
ORD,2018/7/7 18:51,81,33,10.35,0
ORD,2018/7/7 19:51,81,34,6.9,0
ORD,2018/7/7 20:51,82,42,8.05,0
ORD,2018/7/7 21:51,82,41,10.35,0
ORD,2018/7/7 22:51,80,42,10.35,0
ORD,2018/7/7 23:51,79,44,8.05,0
ORD,2018/7/8 0:51,76,48,8.05,0
ORD,2018/7/8 1:51,74,49,5.75,0
ORD,2018/7/8 2:51,71,49,6.9,0
ORD,2018/7/8 3:51,69,52,5.75,0
ORD,2018/7/8 4:51,68,54,4.6,0
ORD,2018/7/8 5:51,67,53,0,0
ORD,2018/7/8 6:51,67,54,0,0
ORD,2018/7/8 7:51,65,54,0,0
ORD,2018/7/8 8:51,64,55,0,0
ORD,2018/7/8 9:51,64,57,0,0
ORD,2018/7/8 10:51,64,57,0,0
ORD,2018/7/8 11:51,67,58,3.45,0
ORD,2018/7/8 12:51,71,57,3.45,0
ORD,2018/7/8 13:51,75,54,4.6,0
ORD,2018/7/8 14:51,78,53,4.6,0
ORD,2018/7/8 15:51,80,52,6.9,0
ORD,2018/7/8 16:51,82,51,null,0
ORD,2018/7/8 17:51,83,50,3.45,0
ORD,2018/7/8 18:51,84,49,0,0
ORD,2018/7/8 19:51,86,44,5.75,0
ORD,2018/7/8 20:51,87,47,8.05,0
ORD,2018/7/8 21:51,87,49,10.35,0
ORD,2018/7/8 22:51,86,52,10.35,0
ORD,2018/7/8 23:51,84,53,9.2,0
ORD,2018/7/9 0:51,82,54,8.05,0
ORD,2018/7/9 1:51,80,56,8.05,0
ORD,2018/7/9 2:51,78,56,6.9,0
ORD,2018/7/9 3:51,76,57,4.6,0
ORD,2018/7/9 4:51,74,58,3.45,0
ORD,2018/7/9 5:51,72,58,0,0
ORD,2018/7/9 6:51,71,59,0,0
ORD,2018/7/9 7:51,69,59,0,0
ORD,2018/7/9 8:51,68,60,3.45,0
ORD,2018/7/9 9:51,67,60,3.45,0
ORD,2018/7/9 10:51,68,61,4.6,0
ORD,2018/7/9 11:51,71,62,4.6,0
ORD,2018/7/9 12:51,75,62,8.05,0
ORD,2018/7/9 13:51,79,63,11.5,0
ORD,2018/7/9 14:51,82,61,11.5,0
ORD,2018/7/9 15:51,86,58,11.5,0
ORD,2018/7/9 16:51,87,57,12.65,0
ORD,2018/7/9 17:51,87,60,8.05,0
ORD,2018/7/9 18:51,89,58,8.05,0
ORD,2018/7/9 19:51,91,56,8.05,0
ORD,2018/7/9 20:51,90,58,14.95,0
ORD,2018/7/9 21:51,90,63,11.5,0
ORD,2018/7/9 22:51,89,60,9.2,0
ORD,2018/7/9 23:51,88,64,16.1,0
ORD,2018/7/10 0:51,86,63,8.05,0
ORD,2018/7/10 1:51,85,62,9.2,0
ORD,2018/7/10 2:51,83,63,5.75,0
ORD,2018/7/10 3:51,82,64,4.6,0
ORD,2018/7/10 4:51,81,65,5.75,0
ORD,2018/7/10 5:51,81,65,8.05,0
ORD,2018/7/10 6:51,79,67,8.05,0
ORD,2018/7/10 7:51,79,67,6.9,0
ORD,2018/7/10 8:51,78,66,5.75,0
ORD,2018/7/10 9:51,77,67,5.75,0
ORD,2018/7/10 10:51,76,67,6.9,0
ORD,2018/7/10 11:51,79,69,4.6,0
ORD,2018/7/10 12:51,80,69,8.05,0
ORD,2018/7/10 13:51,80,69,12.65,0
ORD,2018/7/10 14:51,81,68,14.95,0
ORD,2018/7/10 15:51,83,67,12.65,0
ORD,2018/7/10 16:51,83,64,13.8,0
ORD,2018/7/10 17:51,85,58,17.25,0
ORD,2018/7/10 18:51,86,47,17.25,0
ORD,2018/7/10 19:51,86,48,16.1,0
ORD,2018/7/10 20:51,86,48,14.95,0
ORD,2018/7/10 21:51,84,48,18.4,0
ORD,2018/7/10 22:51,82,48,13.8,0
ORD,2018/7/10 23:51,80,46,11.5,0
ORD,2018/7/11 0:51,78,48,10.35,0
ORD,2018/7/11 1:51,76,50,8.05,0
ORD,2018/7/11 2:51,75,54,9.2,0
ORD,2018/7/11 3:51,75,52,8.05,0
ORD,2018/7/11 4:51,71,53,6.9,0
ORD,2018/7/11 5:51,71,54,4.6,0
ORD,2018/7/11 6:51,70,53,4.6,0
ORD,2018/7/11 7:51,69,53,3.45,0
ORD,2018/7/11 8:51,68,54,0,0
ORD,2018/7/11 9:51,68,55,5.75,0
ORD,2018/7/11 10:51,67,57,4.6,0
ORD,2018/7/11 11:51,72,60,3.45,0
ORD,2018/7/11 12:51,75,59,6.9,0
ORD,2018/7/11 13:51,78,59,6.9,0
ORD,2018/7/11 14:51,80,58,null,0
ORD,2018/7/11 15:51,83,55,5.75,0
ORD,2018/7/11 16:51,85,53,6.9,0
ORD,2018/7/11 17:51,86,53,4.6,0
ORD,2018/7/11 18:51,86,54,8.05,0
ORD,2018/7/11 19:51,86,54,11.5,0
ORD,2018/7/11 20:51,85,54,12.65,0
ORD,2018/7/11 21:51,84,53,9.2,0
ORD,2018/7/11 22:51,84,54,8.05,0
ORD,2018/7/11 23:51,82,53,8.05,0
ORD,2018/7/12 0:51,79,56,8.05,0
ORD,2018/7/12 1:51,77,57,6.9,0
ORD,2018/7/12 2:51,76,56,5.75,0
ORD,2018/7/12 3:51,75,56,5.75,0
ORD,2018/7/12 4:51,74,60,5.75,0
ORD,2018/7/12 5:51,73,60,5.75,0
ORD,2018/7/12 6:51,73,61,4.6,0
ORD,2018/7/12 7:51,72,60,4.6,0
ORD,2018/7/12 8:51,72,61,0,0
ORD,2018/7/12 9:51,71,61,0,0
ORD,2018/7/12 10:51,71,61,3.45,0
ORD,2018/7/12 11:51,73,62,4.6,0
ORD,2018/7/12 12:51,77,60,8.05,0
ORD,2018/7/12 13:51,80,59,5.75,0
ORD,2018/7/12 14:51,81,58,10.35,0
ORD,2018/7/12 15:51,84,58,11.5,0
ORD,2018/7/12 16:51,84,58,11.5,0
ORD,2018/7/12 17:51,85,56,10.35,0
ORD,2018/7/12 18:51,86,57,8.05,0
ORD,2018/7/12 19:51,86,58,9.2,0
ORD,2018/7/12 20:51,86,59,9.2,0
ORD,2018/7/12 21:51,85,60,10.35,0
ORD,2018/7/12 22:51,85,61,13.8,0
ORD,2018/7/12 23:51,84,61,11.5,0
ORD,2018/7/13 0:51,83,62,9.2,0
ORD,2018/7/13 1:51,82,61,4.6,0
ORD,2018/7/13 2:51,80,62,6.9,0
ORD,2018/7/13 3:51,78,63,5.75,0
ORD,2018/7/13 4:51,78,63,5.75,0
ORD,2018/7/13 5:51,77,62,8.05,0
ORD,2018/7/13 6:51,76,62,9.2,0
ORD,2018/7/13 7:51,75,62,5.75,0
ORD,2018/7/13 8:51,73,62,5.75,0
ORD,2018/7/13 9:51,72,62,6.9,0
ORD,2018/7/13 10:51,72,62,4.6,0
ORD,2018/7/13 11:51,74,61,8.05,0
ORD,2018/7/13 12:51,76,61,9.2,0
ORD,2018/7/13 13:51,80,60,12.65,0
ORD,2018/7/13 14:51,83,61,13.8,0
ORD,2018/7/13 15:51,85,62,11.5,0
ORD,2018/7/13 16:51,87,62,9.2,0
ORD,2018/7/13 17:51,89,60,6.9,0
ORD,2018/7/13 18:51,91,58,8.05,0
ORD,2018/7/13 19:51,93,57,8.05,0
ORD,2018/7/13 20:51,93,58,11.5,0
ORD,2018/7/13 21:51,93,60,8.05,0
ORD,2018/7/13 22:51,92,61,14.95,0
ORD,2018/7/13 23:51,90,62,11.5,0
ORD,2018/7/14 0:51,87,60,11.5,0
ORD,2018/7/14 1:51,86,60,8.05,0
ORD,2018/7/14 2:51,83,61,5.75,0
ORD,2018/7/14 3:51,83,64,8.05,0
ORD,2018/7/14 4:51,79,64,4.6,0
ORD,2018/7/14 5:51,79,64,4.6,0
ORD,2018/7/14 6:51,78,64,0,0
ORD,2018/7/14 7:51,77,65,5.75,T
ORD,2018/7/14 8:51,76,66,5.75,T
ORD,2018/7/14 9:51,75,68,3.45,T
ORD,2018/7/14 10:51,74,68,4.6,T
ORD,2018/7/14 11:51,73,69,5.75,1.78
ORD,2018/7/14 12:51,72,69,5.75,3.81
ORD,2018/7/14 13:51,73,69,8.05,0.25
ORD,2018/7/14 14:51,74,69,3.45,0
ORD,2018/7/14 15:51,75,69,3.45,0
ORD,2018/7/14 16:51,75,70,6.9,T
ORD,2018/7/14 17:51,76,70,6.9,0.76
ORD,2018/7/14 18:51,77,69,3.45,T
ORD,2018/7/14 19:51,77,68,0,T
ORD,2018/7/14 20:51,79,69,6.9,T
ORD,2018/7/14 21:51,80,69,6.9,0
ORD,2018/7/14 22:51,81,69,3.45,0
ORD,2018/7/14 23:51,82,69,3.45,0
ORD,2018/7/15 0:51,80,69,6.9,0
ORD,2018/7/15 1:51,79,69,4.6,0
ORD,2018/7/15 2:51,77,69,6.9,0
ORD,2018/7/15 3:51,76,68,4.6,0
ORD,2018/7/15 4:51,76,69,5.75,0
ORD,2018/7/15 5:51,75,68,0,0
ORD,2018/7/15 6:51,75,69,3.45,0
ORD,2018/7/15 7:51,74,69,0,0
ORD,2018/7/15 8:51,73,68,0,0
ORD,2018/7/15 9:51,72,69,0,0
ORD,2018/7/15 10:36,72,69,0,0
ORD,2018/7/15 10:51,72,69,0,0
ORD,2018/7/15 11:26,73,70,0,0
ORD,2018/7/15 11:51,74,70,0,0
ORD,2018/7/15 12:51,77,68,0,0
ORD,2018/7/15 13:51,81,67,0,0
ORD,2018/7/15 14:51,83,68,5.75,0
ORD,2018/7/15 15:51,85,68,10.35,0
ORD,2018/7/15 16:51,86,67,6.9,0
ORD,2018/7/15 17:51,87,68,6.9,0
ORD,2018/7/15 18:51,88,68,4.6,0
ORD,2018/7/15 19:51,89,68,8.05,0
ORD,2018/7/15 20:51,89,68,6.9,0
ORD,2018/7/15 21:51,87,70,9.2,T
ORD,2018/7/15 22:51,87,70,3.45,T
ORD,2018/7/15 23:51,85,71,8.05,0
ORD,2018/7/16 0:51,84,72,5.75,0
ORD,2018/7/16 1:51,83,71,6.9,0
ORD,2018/7/16 2:51,83,71,3.45,T
ORD,2018/7/16 3:51,81,71,3.45,T
ORD,2018/7/16 4:51,80,72,0,0
ORD,2018/7/16 5:51,80,72,3.45,0
ORD,2018/7/16 6:51,79,72,4.6,0
ORD,2018/7/16 7:51,78,72,0,0
ORD,2018/7/16 8:51,77,71,4.6,0
ORD,2018/7/16 9:51,76,71,3.45,0
ORD,2018/7/16 10:51,76,71,3.45,0
ORD,2018/7/16 11:51,78,71,0,0
ORD,2018/7/16 12:51,80,71,0,0
ORD,2018/7/16 13:51,82,72,3.45,0
ORD,2018/7/16 14:51,84,72,5.75,0
ORD,2018/7/16 15:51,86,69,9.2,0
ORD,2018/7/16 16:51,88,68,0,0
ORD,2018/7/16 17:51,90,68,6.9,0
ORD,2018/7/16 18:51,89,71,16.1,T
ORD,2018/7/16 19:02,85,67,16.1,0
ORD,2018/7/16 19:51,79,70,4.6,0.51
ORD,2018/7/16 20:51,88,69,5.75,1.52
ORD,2018/7/16 21:51,86,70,8.05,0
ORD,2018/7/16 22:51,88,66,11.5,0
ORD,2018/7/16 23:51,86,61,16.1,0
ORD,2018/7/17 0:51,83,58,10.35,0
ORD,2018/7/17 1:51,79,56,10.35,0
ORD,2018/7/17 2:51,77,57,8.05,0
ORD,2018/7/17 3:51,76,56,5.75,0
ORD,2018/7/17 4:51,74,56,6.9,0
ORD,2018/7/17 5:51,73,56,6.9,0
ORD,2018/7/17 6:51,71,57,5.75,0
ORD,2018/7/17 7:51,70,58,6.9,0
ORD,2018/7/17 8:51,71,58,8.05,0
ORD,2018/7/17 9:51,71,58,6.9,0
ORD,2018/7/17 10:51,70,58,6.9,0
ORD,2018/7/17 11:51,72,59,6.9,0
ORD,2018/7/17 12:51,74,59,8.05,0
ORD,2018/7/17 13:51,77,60,3.45,0
ORD,2018/7/17 14:51,79,59,4.6,0
ORD,2018/7/17 15:51,80,60,12.65,0
ORD,2018/7/17 16:51,80,58,12.65,0
ORD,2018/7/17 17:51,79,59,14.95,0
ORD,2018/7/17 18:51,80,56,13.8,0
ORD,2018/7/17 19:51,80,56,13.8,0
ORD,2018/7/17 20:51,80,53,12.65,0
ORD,2018/7/17 21:51,79,54,11.5,0
ORD,2018/7/17 22:51,78,54,16.1,0
ORD,2018/7/17 23:51,75,57,11.5,0
ORD,2018/7/18 0:51,72,58,13.8,0
ORD,2018/7/18 1:51,70,58,11.5,0
ORD,2018/7/18 2:51,70,58,9.2,0
ORD,2018/7/18 3:51,69,58,9.2,0
ORD,2018/7/18 4:51,69,58,8.05,0
ORD,2018/7/18 5:51,68,57,8.05,0
ORD,2018/7/18 6:51,67,57,5.75,0
ORD,2018/7/18 7:51,65,57,4.6,0
ORD,2018/7/18 8:51,65,57,3.45,0
ORD,2018/7/18 9:51,64,57,0,0
ORD,2018/7/18 10:51,64,57,4.6,0
ORD,2018/7/18 11:51,68,55,5.75,0
ORD,2018/7/18 12:51,71,51,8.05,0
ORD,2018/7/18 13:51,73,49,10.35,0
ORD,2018/7/18 14:51,76,49,10.35,0
ORD,2018/7/18 15:51,77,51,11.5,0
ORD,2018/7/18 16:51,78,51,11.5,0
ORD,2018/7/18 17:51,79,51,9.2,0
ORD,2018/7/18 18:51,78,50,11.5,0
ORD,2018/7/18 19:51,79,51,9.2,0
ORD,2018/7/18 20:51,79,50,11.5,0
ORD,2018/7/18 21:51,77,50,5.75,0
ORD,2018/7/18 22:51,77,50,11.5,0
ORD,2018/7/18 23:51,75,51,11.5,0
ORD,2018/7/19 0:51,73,51,9.2,0
ORD,2018/7/19 1:51,73,50,6.9,0
ORD,2018/7/19 2:51,72,50,6.9,0
ORD,2018/7/19 3:51,71,53,0,0
ORD,2018/7/19 4:51,71,54,3.45,0
ORD,2018/7/19 5:51,70,56,4.6,0
ORD,2018/7/19 6:51,69,57,4.6,0
ORD,2018/7/19 7:51,68,56,3.45,0
ORD,2018/7/19 8:51,68,56,3.45,0
ORD,2018/7/19 9:51,68,58,4.6,0
ORD,2018/7/19 10:51,68,56,4.6,0
ORD,2018/7/19 11:51,71,58,4.6,0
ORD,2018/7/19 12:51,73,58,9.2,0
ORD,2018/7/19 13:51,76,58,9.2,0
ORD,2018/7/19 14:51,80,57,9.2,0
ORD,2018/7/19 15:51,83,55,13.8,0
ORD,2018/7/19 16:51,82,56,13.8,0
ORD,2018/7/19 17:51,85,57,13.8,0
ORD,2018/7/19 18:51,86,55,13.8,0
ORD,2018/7/19 19:51,87,54,13.8,0
ORD,2018/7/19 20:51,85,56,11.5,0
ORD,2018/7/19 21:51,84,58,10.35,0
ORD,2018/7/19 22:51,80,61,5.75,0
ORD,2018/7/19 23:51,82,59,13.8,0
ORD,2018/7/20 0:51,79,61,10.35,0.25
ORD,2018/7/20 1:51,79,62,9.2,0
ORD,2018/7/20 2:51,79,62,14.95,0
ORD,2018/7/20 3:51,79,63,14.95,0
ORD,2018/7/20 4:51,78,64,13.8,T
ORD,2018/7/20 5:51,78,63,18.4,0.51
ORD,2018/7/20 6:51,78,63,16.1,0
ORD,2018/7/20 7:51,76,63,10.35,0
ORD,2018/7/20 8:51,75,64,14.95,0
ORD,2018/7/20 9:51,75,63,13.8,0
ORD,2018/7/20 10:51,74,62,10.35,0
ORD,2018/7/20 11:51,73,63,16.1,0
ORD,2018/7/20 12:43,74,64,9.2,0
ORD,2018/7/20 12:51,74,65,13.8,0
ORD,2018/7/20 13:51,75,65,11.5,0
ORD,2018/7/20 14:14,78,65,11.5,0
ORD,2018/7/20 14:51,77,63,11.5,0
ORD,2018/7/20 15:36,71,66,10.35,0.25
ORD,2018/7/20 15:46,71.6,66.2,6.9,0.51
ORD,2018/7/20 15:51,71,66,10.35,0.51
ORD,2018/7/20 16:51,76,65,8.05,0
ORD,2018/7/20 17:51,76,64,18.4,T
ORD,2018/7/20 18:22,71,67,13.8,T
ORD,2018/7/20 18:37,71,67,10.35,T
ORD,2018/7/20 18:51,71,67,6.9,0.51
ORD,2018/7/20 19:51,72,67,12.65,1.02
ORD,2018/7/20 20:03,72,68,13.8,0.25
ORD,2018/7/20 20:29,73,67,12.65,0.25
ORD,2018/7/20 20:51,73,67,9.2,0.25
ORD,2018/7/20 21:51,74,66,12.65,T
ORD,2018/7/20 22:51,74,66,8.05,T
ORD,2018/7/20 23:39,73,65,12.65,0
ORD,2018/7/20 23:51,73,65,17.25,0
ORD,2018/7/21 0:06,72,65,14.95,0
ORD,2018/7/21 0:51,72,65,11.5,0
ORD,2018/7/21 1:51,70,66,12.65,T
ORD,2018/7/21 2:14,70,67,10.35,T
ORD,2018/7/21 2:44,71,66,10.35,T
ORD,2018/7/21 2:51,71,66,9.2,T
ORD,2018/7/21 3:51,70,67,10.35,1.52
ORD,2018/7/21 4:51,70,67,5.75,T
ORD,2018/7/21 5:51,70,67,6.9,T
ORD,2018/7/21 6:51,70,66,11.5,0
ORD,2018/7/21 7:06,70,66,8.05,0
ORD,2018/7/21 7:51,70,66,9.2,0
ORD,2018/7/21 8:51,70,66,11.5,0
ORD,2018/7/21 9:17,69,65,10.35,0
ORD,2018/7/21 9:51,69,65,8.05,T
ORD,2018/7/21 9:53,69,65,10.35,T
ORD,2018/7/21 10:51,69,65,12.65,T
ORD,2018/7/21 11:27,69,65,12.65,T
ORD,2018/7/21 11:51,69,66,11.5,T
ORD,2018/7/21 12:04,69,66,13.8,T
ORD,2018/7/21 12:42,69,66,12.65,0.25
ORD,2018/7/21 12:51,69,66,11.5,0.25
ORD,2018/7/21 13:06,69,66,12.65,T
ORD,2018/7/21 13:19,69,66,16.1,T
ORD,2018/7/21 13:51,69,66,17.25,0.51
ORD,2018/7/21 14:16,69,66,19.55,T
ORD,2018/7/21 14:26,69,66,18.4,T
ORD,2018/7/21 14:51,69,65,18.4,T
ORD,2018/7/21 15:51,71,66,14.95,0
ORD,2018/7/21 16:51,75,66,13.8,0
ORD,2018/7/21 17:34,75,65,16.1,0
ORD,2018/7/21 17:51,75,64,16.1,0
ORD,2018/7/21 18:51,74,66,17.25,0.25
ORD,2018/7/21 19:34,76,66,16.1,0
ORD,2018/7/21 19:51,73,66,16.1,T
ORD,2018/7/21 20:26,71,67,12.65,0.76
ORD,2018/7/21 20:51,74,68,10.35,0.76
ORD,2018/7/21 21:51,75,67,9.2,0
ORD,2018/7/21 22:51,74,65,11.5,0
ORD,2018/7/21 23:44,75,64,20.7,0
ORD,2018/7/21 23:51,75,64,19.55,0
ORD,2018/7/22 0:48,71.6,64.4,18.4,T
ORD,2018/7/22 0:51,70,66,13.8,T
ORD,2018/7/22 1:05,70,66,12.65,T
ORD,2018/7/22 1:39,69,66,12.65,T
ORD,2018/7/22 1:51,69,66,12.65,T
ORD,2018/7/22 2:17,70,66,12.65,T
ORD,2018/7/22 2:51,69,66,13.8,0.51
ORD,2018/7/22 3:07,69,66,10.35,T
ORD,2018/7/22 3:51,70,66,11.5,T
ORD,2018/7/22 3:58,69,66,12.65,T
ORD,2018/7/22 4:18,69,66,17.25,0.76
ORD,2018/7/22 4:51,69,65,13.8,0.76
ORD,2018/7/22 5:51,69,66,13.8,0
ORD,2018/7/22 6:24,69,66,13.8,T
ORD,2018/7/22 6:51,69,66,14.95,T
ORD,2018/7/22 7:51,69,66,13.8,T
ORD,2018/7/22 7:56,69,66,12.65,0
ORD,2018/7/22 8:04,69,66,11.5,0
ORD,2018/7/22 8:41,69,66,12.65,0
ORD,2018/7/22 8:51,69,66,12.65,T
ORD,2018/7/22 9:51,69,66,13.8,T
ORD,2018/7/22 10:51,69,66,16.1,0.25
ORD,2018/7/22 11:51,69,66,11.5,1.02
ORD,2018/7/22 12:51,69,65,13.8,0
ORD,2018/7/22 13:43,69,66,18.4,T
ORD,2018/7/22 13:46,69.8,66.2,14.95,0.25
ORD,2018/7/22 13:51,69,66,17.25,1.78
ORD,2018/7/22 14:01,70,67,14.95,0.25
ORD,2018/7/22 14:51,69,66,17.25,0.25
ORD,2018/7/22 15:51,70,67,14.95,T
ORD,2018/7/22 16:51,72,67,14.95,0
ORD,2018/7/22 17:06,72,67,17.25,0
ORD,2018/7/22 17:51,73.4,66.2,17.25,T
ORD,2018/7/22 18:51,74,66,23,T
ORD,2018/7/22 19:38,73.4,66.2,18.4,0
ORD,2018/7/22 19:51,74,66,18.4,0
ORD,2018/7/22 20:14,75,66,20.7,0
ORD,2018/7/22 20:51,75,65,19.55,0
ORD,2018/7/22 21:51,74,65,23,0
ORD,2018/7/22 22:51,72,64,19.55,0
ORD,2018/7/22 23:51,72,64,16.1,0
ORD,2018/7/23 0:51,70,64,12.65,0
ORD,2018/7/23 1:51,70,63,9.2,0
ORD,2018/7/23 2:51,69,64,13.8,0
ORD,2018/7/23 3:51,68,64,10.35,0
ORD,2018/7/23 4:51,68,64,5.75,0
ORD,2018/7/23 5:51,68,63,9.2,0
ORD,2018/7/23 6:51,68,62,10.35,0
ORD,2018/7/23 7:51,68,62,8.05,0
ORD,2018/7/23 8:51,67,61,9.2,0
ORD,2018/7/23 9:51,68,61,4.6,0
ORD,2018/7/23 10:51,66,60,5.75,0
ORD,2018/7/23 11:51,67,60,6.9,0
ORD,2018/7/23 12:51,70,61,9.2,0
ORD,2018/7/23 13:51,74,62,11.5,0
ORD,2018/7/23 14:51,76,61,10.35,0
ORD,2018/7/23 15:51,78,61,14.95,0
ORD,2018/7/23 16:51,81,62,13.8,0
ORD,2018/7/23 17:51,80,61,17.25,0
ORD,2018/7/23 18:51,80,64,8.05,0
ORD,2018/7/23 19:51,79,64,12.65,0
ORD,2018/7/23 20:51,77,64,12.65,0
ORD,2018/7/23 21:51,76,63,9.2,0
ORD,2018/7/23 22:51,75,63,12.65,0
ORD,2018/7/23 23:51,75,63,11.5,0
ORD,2018/7/24 0:51,73,63,10.35,0
ORD,2018/7/24 1:51,72,62,10.35,0
ORD,2018/7/24 2:51,71,63,4.6,0
ORD,2018/7/24 3:51,71,63,3.45,0
ORD,2018/7/24 4:51,69,63,0,0
ORD,2018/7/24 5:51,68,63,0,0
ORD,2018/7/24 6:51,67,63,0,0
ORD,2018/7/24 7:51,67,63,0,0
ORD,2018/7/24 8:51,67,63,0,0
ORD,2018/7/24 9:51,67,63,0,0
ORD,2018/7/24 10:51,67,62,0,0
ORD,2018/7/24 11:51,69,64,0,0
ORD,2018/7/24 12:51,72,63,3.45,0
ORD,2018/7/24 13:51,74,64,3.45,0
ORD,2018/7/24 14:51,79,65,5.75,0
ORD,2018/7/24 15:51,81,64,5.75,0
ORD,2018/7/24 16:51,86,63,12.65,0
ORD,2018/7/24 17:51,86,60,5.75,0
ORD,2018/7/24 18:51,85,62,5.75,0
ORD,2018/7/24 19:51,84,63,5.75,0
ORD,2018/7/24 20:51,84,62,6.9,0
ORD,2018/7/24 21:51,84,62,6.9,0
ORD,2018/7/24 22:51,85,61,6.9,0
ORD,2018/7/24 23:51,82,61,4.6,0
ORD,2018/7/25 0:51,83,62,5.75,0
ORD,2018/7/25 1:51,81,62,9.2,0
ORD,2018/7/25 2:51,79,62,8.05,0
ORD,2018/7/25 3:51,77,61,6.9,0
ORD,2018/7/25 4:51,75,61,8.05,0
ORD,2018/7/25 5:51,74,61,9.2,0
ORD,2018/7/25 6:51,72,60,9.2,0
ORD,2018/7/25 7:51,70,59,5.75,0
ORD,2018/7/25 8:51,69,59,8.05,0
ORD,2018/7/25 9:51,68,59,8.05,0
ORD,2018/7/25 10:51,68,58,8.05,0
ORD,2018/7/25 11:51,71,58,4.6,0
ORD,2018/7/25 12:51,74,59,5.75,0
ORD,2018/7/25 13:51,77,59,8.05,0
ORD,2018/7/25 14:51,80,56,10.35,0
ORD,2018/7/25 15:51,82,55,3.45,0
ORD,2018/7/25 16:51,84,55,6.9,0
ORD,2018/7/25 17:51,85,55,10.35,0
ORD,2018/7/25 18:51,86,55,9.2,0
ORD,2018/7/25 19:51,87,56,6.9,0
ORD,2018/7/25 20:51,89,54,8.05,0
ORD,2018/7/25 21:51,89,56,10.35,0
ORD,2018/7/25 22:51,88,56,9.2,0
ORD,2018/7/25 23:51,85,61,9.2,0
ORD,2018/7/26 0:51,83,60,9.2,0
ORD,2018/7/26 1:51,81,61,4.6,0
ORD,2018/7/26 2:51,79,63,6.9,0
ORD,2018/7/26 3:51,78,63,6.9,0
ORD,2018/7/26 4:51,77,63,10.35,0
ORD,2018/7/26 5:51,76,63,6.9,0
ORD,2018/7/26 6:51,76,63,8.05,0
ORD,2018/7/26 7:51,73,65,5.75,0.76
ORD,2018/7/26 8:51,72,64,6.9,0
ORD,2018/7/26 9:51,71,64,6.9,0
ORD,2018/7/26 10:51,70,64,9.2,0
ORD,2018/7/26 11:51,71,63,9.2,0
ORD,2018/7/26 12:51,71,62,10.35,0
ORD,2018/7/26 13:51,74,60,12.65,0
ORD,2018/7/26 14:51,76,55,11.5,0
ORD,2018/7/26 15:51,78,53,14.95,0
ORD,2018/7/26 16:51,79,53,12.65,0
ORD,2018/7/26 17:51,78,54,12.65,0
ORD,2018/7/26 18:51,80,53,12.65,0
ORD,2018/7/26 19:51,78,53,12.65,0
ORD,2018/7/26 20:51,78,53,11.5,0
ORD,2018/7/26 21:51,78,54,10.35,0
ORD,2018/7/26 22:51,77,54,13.8,0
ORD,2018/7/26 23:51,76,54,10.35,0
ORD,2018/7/27 0:51,74,56,9.2,0
ORD,2018/7/27 1:51,73,55,9.2,0
ORD,2018/7/27 2:51,72,55,11.5,0
ORD,2018/7/27 3:51,70,55,8.05,0
ORD,2018/7/27 4:51,68,54,9.2,0
ORD,2018/7/27 5:51,66,54,6.9,0
ORD,2018/7/27 6:51,65,54,6.9,0
ORD,2018/7/27 7:51,65,55,6.9,0
ORD,2018/7/27 8:51,64,55,9.2,0
ORD,2018/7/27 9:51,63,55,5.75,0
ORD,2018/7/27 10:51,62,56,8.05,0
ORD,2018/7/27 11:51,63,56,6.9,0
ORD,2018/7/27 12:51,65,57,9.2,0
ORD,2018/7/27 13:51,67,57,9.2,0
ORD,2018/7/27 14:51,69,56,5.75,0
ORD,2018/7/27 15:51,72,55,6.9,0
ORD,2018/7/27 16:51,74,54,11.5,0
ORD,2018/7/27 17:51,75,53,11.5,0
ORD,2018/7/27 18:51,75,52,9.2,0
ORD,2018/7/27 19:51,77,53,9.2,0
ORD,2018/7/27 20:51,78,52,16.1,0
ORD,2018/7/27 21:51,76,52,11.5,0
ORD,2018/7/27 22:51,76,51,6.9,0
ORD,2018/7/27 23:51,76,53,9.2,0
ORD,2018/7/28 0:51,74,53,9.2,0
ORD,2018/7/28 1:51,72,53,5.75,0
ORD,2018/7/28 2:51,71,54,3.45,0
ORD,2018/7/28 3:51,69,55,5.75,0
ORD,2018/7/28 4:51,67,54,5.75,0
ORD,2018/7/28 5:51,66,54,4.6,0
ORD,2018/7/28 6:51,64,54,4.6,0
ORD,2018/7/28 7:51,62,54,5.75,0
ORD,2018/7/28 8:51,62,53,5.75,0
ORD,2018/7/28 9:51,61,53,3.45,0
ORD,2018/7/28 10:51,61,53,0,0
ORD,2018/7/28 11:51,62,53,4.6,0
ORD,2018/7/28 12:51,67,53,4.6,0
ORD,2018/7/28 13:51,72,53,0,0
ORD,2018/7/28 14:51,75,50,6.9,0
ORD,2018/7/28 15:51,76,49,6.9,0
ORD,2018/7/28 16:51,76,50,10.35,0
ORD,2018/7/28 17:51,77,50,4.6,0
ORD,2018/7/28 18:51,80,51,9.2,0
ORD,2018/7/28 19:51,80,50,9.2,0
ORD,2018/7/28 20:51,81,50,8.05,0
ORD,2018/7/28 21:51,80,51,6.9,0
ORD,2018/7/28 22:51,78,53,9.2,0
ORD,2018/7/28 23:51,76,53,8.05,0
ORD,2018/7/29 0:51,75,53,8.05,0
ORD,2018/7/29 1:51,74,54,8.05,0
ORD,2018/7/29 2:51,72,55,5.75,0
ORD,2018/7/29 3:51,71,56,0,0
ORD,2018/7/29 4:51,68,56,3.45,0
ORD,2018/7/29 5:51,67,56,0,0
ORD,2018/7/29 6:51,66,56,0,0
ORD,2018/7/29 7:51,66,56,0,0
ORD,2018/7/29 8:51,64,56,0,0
ORD,2018/7/29 9:51,63,56,0,0
ORD,2018/7/29 10:51,63,56,0,0
ORD,2018/7/29 11:51,64,56,0,0
ORD,2018/7/29 12:51,68,57,0,0
ORD,2018/7/29 13:51,72,58,0,0
ORD,2018/7/29 14:51,76,55,3.45,0
ORD,2018/7/29 15:51,77,54,0,0
ORD,2018/7/29 16:51,77,52,3.45,0
ORD,2018/7/29 17:51,81,51,0,0
ORD,2018/7/29 18:51,80,53,6.9,0
ORD,2018/7/29 19:51,79,54,11.5,0
ORD,2018/7/29 20:51,79,54,6.9,0
ORD,2018/7/29 21:51,77,56,12.65,0
ORD,2018/7/29 22:51,71,62,3.45,1.78
ORD,2018/7/29 23:51,73,60,5.75,T
ORD,2018/7/30 0:51,73,59,5.75,T
ORD,2018/7/30 1:51,72,61,5.75,0
ORD,2018/7/30 2:51,70,61,0,0
ORD,2018/7/30 3:51,69,61,0,0
ORD,2018/7/30 4:51,69,61,0,0
ORD,2018/7/30 5:51,68,61,3.45,0
ORD,2018/7/30 6:51,67,61,0,0
ORD,2018/7/30 7:51,66,61,0,0
ORD,2018/7/30 8:51,64,60,0,0
ORD,2018/7/30 9:51,64,59,0,0
ORD,2018/7/30 10:51,63,59,0,0
ORD,2018/7/30 11:51,65,60,0,0
ORD,2018/7/30 12:51,67,61,3.45,0
ORD,2018/7/30 13:51,73,61,5.75,0
ORD,2018/7/30 14:51,75,59,8.05,0
ORD,2018/7/30 15:51,78,56,10.35,0
ORD,2018/7/30 16:51,80,55,9.2,0
ORD,2018/7/30 17:51,80,53,8.05,0
ORD,2018/7/30 18:51,81,54,9.2,0
ORD,2018/7/30 19:51,81,54,11.5,0
ORD,2018/7/30 20:51,81,56,12.65,0
ORD,2018/7/30 21:51,80,56,9.2,0
ORD,2018/7/30 22:51,80,54,6.9,0
ORD,2018/7/30 23:51,77,57,10.35,0
ORD,2018/7/31 0:51,76,55,9.2,0
ORD,2018/7/31 1:51,74,56,8.05,0
ORD,2018/7/31 2:51,73,58,6.9,0
ORD,2018/7/31 3:51,72,61,5.75,0
ORD,2018/7/31 4:51,71,61,4.6,0
ORD,2018/7/31 5:51,68,61,4.6,0
ORD,2018/7/31 6:51,69,62,3.45,0
ORD,2018/7/31 7:51,67,62,5.75,0
ORD,2018/7/31 8:51,67,63,5.75,0
ORD,2018/7/31 9:51,66,63,9.2,0
ORD,2018/7/31 10:51,66,62,6.9,0
ORD,2018/7/31 11:51,68,64,8.05,0
ORD,2018/7/31 12:51,70,64,10.35,0
ORD,2018/7/31 13:02,70,65,10.35,0
ORD,2018/7/31 13:29,71,65,11.5,0
ORD,2018/7/31 13:51,72,66,11.5,0
ORD,2018/7/31 14:46,73.4,66.2,12.65,0
ORD,2018/7/31 14:51,74,66,13.8,0
ORD,2018/7/31 15:38,77,64,11.5,0
ORD,2018/7/31 15:51,77,63,13.8,0
ORD,2018/7/31 16:42,77,62,9.2,0
ORD,2018/7/31 16:51,79,61,9.2,0
ORD,2018/7/31 17:51,79,60,9.2,0
ORD,2018/7/31 18:51,78,59,9.2,0
ORD,2018/7/31 19:51,79,58,10.35,0
ORD,2018/7/31 20:51,78,58,12.65,0
ORD,2018/7/31 21:51,77,59,9.2,0
ORD,2018/7/31 22:51,76,59,8.05,0
ORD,2018/7/31 23:51,76,59,8.05,0
ORD,2018/8/1 0:51,74,59,9.2,0
ORD,2018/8/1 1:51,74,59,5.75,0
ORD,2018/8/1 2:51,73,60,0,0
ORD,2018/8/1 3:51,70,60,0,0
ORD,2018/8/1 4:51,68,61,0,0
ORD,2018/8/1 5:51,67,60,0,0
ORD,2018/8/1 6:51,65,60,0,0
ORD,2018/8/1 7:51,65,59,4.6,0
ORD,2018/8/1 8:51,64,59,3.45,0
ORD,2018/8/1 9:51,63,59,4.6,0
ORD,2018/8/1 10:51,63,59,4.6,0
ORD,2018/8/1 11:51,65,59,4.6,0
ORD,2018/8/1 12:51,69,59,8.05,0
ORD,2018/8/1 13:51,74,58,6.9,0
ORD,2018/8/1 14:51,78,58,8.05,0
ORD,2018/8/1 15:51,81,58,9.2,0
ORD,2018/8/1 16:51,83,58,10.35,0
ORD,2018/8/1 17:51,81,58,6.9,0
ORD,2018/8/1 18:51,83,58,8.05,0
ORD,2018/8/1 19:51,84,57,14.95,0
ORD,2018/8/1 20:12,82,59,12.65,0
ORD,2018/8/1 20:51,77,57,13.8,0
ORD,2018/8/1 21:10,76,61,8.05,T
ORD,2018/8/1 21:19,76,60,8.05,T
ORD,2018/8/1 21:51,80,60,5.75,T
ORD,2018/8/1 22:47,82.4,60.8,10.35,0
ORD,2018/8/1 22:51,83,61,19.55,0
ORD,2018/8/1 23:02,79,60,12.65,0
ORD,2018/8/1 23:51,79,57,10.35,0
ORD,2018/8/2 0:51,76,60,4.6,0
ORD,2018/8/2 1:51,75,62,0,T
ORD,2018/8/2 2:51,74,64,4.6,0
ORD,2018/8/2 3:51,74,64,5.75,0
ORD,2018/8/2 4:51,75,63,11.5,0
ORD,2018/8/2 5:51,74,63,10.35,0
ORD,2018/8/2 6:51,73,63,11.5,0
ORD,2018/8/2 7:51,72,62,9.2,0
ORD,2018/8/2 8:51,72,62,8.05,0
ORD,2018/8/2 9:51,71,62,6.9,0
ORD,2018/8/2 10:51,70,62,6.9,0
ORD,2018/8/2 11:51,71,61,10.35,0
ORD,2018/8/2 12:51,73,61,14.95,0
ORD,2018/8/2 13:51,75,62,12.65,0
ORD,2018/8/2 14:14,75,61,11.5,0
ORD,2018/8/2 14:29,76,62,10.35,0
ORD,2018/8/2 14:51,77,62,11.5,0
ORD,2018/8/2 15:51,81,62,10.35,0
ORD,2018/8/2 16:51,82,61,11.5,0
ORD,2018/8/2 17:51,83,62,6.9,0
ORD,2018/8/2 18:51,83,63,11.5,0
ORD,2018/8/2 19:51,83,64,12.65,0
ORD,2018/8/2 20:51,83,64,8.05,0
ORD,2018/8/2 21:51,84,60,8.05,0
ORD,2018/8/2 22:51,83,58,8.05,0
ORD,2018/8/2 23:51,82,58,5.75,0
ORD,2018/8/3 0:51,80,58,6.9,0
ORD,2018/8/3 1:51,76,63,8.05,0
ORD,2018/8/3 2:51,75,64,5.75,0
ORD,2018/8/3 3:51,74,66,5.75,0
ORD,2018/8/3 4:51,74,67,6.9,0
ORD,2018/8/3 5:51,74,64,4.6,0
ORD,2018/8/3 6:51,73,65,4.6,0
ORD,2018/8/3 7:51,72,65,0,0
ORD,2018/8/3 8:51,70,66,0,0
ORD,2018/8/3 9:51,68,65,0,0
ORD,2018/8/3 10:51,68,64,0,0
ORD,2018/8/3 11:51,69,65,0,0
ORD,2018/8/3 12:51,73,65,0,0
ORD,2018/8/3 13:51,76,56,0,0
ORD,2018/8/3 14:51,77,54,5.75,0
ORD,2018/8/3 15:51,79,52,0,0
ORD,2018/8/3 16:51,81,53,4.6,0
ORD,2018/8/3 17:51,83,48,4.6,0
ORD,2018/8/3 18:51,85,51,0,0
ORD,2018/8/3 19:51,87,50,3.45,0
ORD,2018/8/3 20:51,88,58,9.2,0
ORD,2018/8/3 21:51,85,62,9.2,0
ORD,2018/8/3 22:51,82,62,9.2,0
ORD,2018/8/3 23:51,80,61,9.2,0
ORD,2018/8/4 0:51,78,61,9.2,0
ORD,2018/8/4 1:51,76,62,8.05,0
ORD,2018/8/4 2:51,76,61,3.45,0
ORD,2018/8/4 3:51,75,62,5.75,0
ORD,2018/8/4 4:51,75,62,4.6,0
ORD,2018/8/4 5:51,74,60,4.6,0
ORD,2018/8/4 6:51,74,63,6.9,0
ORD,2018/8/4 7:51,74,64,3.45,0
ORD,2018/8/4 8:51,73,65,5.75,0
ORD,2018/8/4 9:51,73,66,5.75,0
ORD,2018/8/4 10:51,72,66,0,0
ORD,2018/8/4 11:51,73,67,4.6,0
ORD,2018/8/4 12:51,78,68,6.9,0
ORD,2018/8/4 13:51,82,68,10.35,0
ORD,2018/8/4 14:51,86,66,5.75,0
ORD,2018/8/4 15:51,90,64,10.35,0
ORD,2018/8/4 16:51,93,62,10.35,0
ORD,2018/8/4 17:51,95,61,10.35,0
ORD,2018/8/4 18:51,96,61,13.8,0
ORD,2018/8/4 19:51,95,59,14.95,0
ORD,2018/8/4 20:51,94,61,13.8,0
ORD,2018/8/4 21:51,94,64,10.35,0
ORD,2018/8/4 22:51,91,64,16.1,0
ORD,2018/8/4 23:51,91,63,13.8,0
ORD,2018/8/5 0:51,89,61,16.1,0
ORD,2018/8/5 1:51,86,63,9.2,0
ORD,2018/8/5 2:51,84,65,9.2,0
ORD,2018/8/5 3:51,82,66,10.35,0
ORD,2018/8/5 4:51,81,67,11.5,0
ORD,2018/8/5 5:51,80,67,10.35,0
ORD,2018/8/5 6:51,79,67,9.2,0
ORD,2018/8/5 7:51,79,67,9.2,0
ORD,2018/8/5 8:51,79,66,11.5,0
ORD,2018/8/5 9:51,78,65,10.35,0
ORD,2018/8/5 10:51,79,65,9.2,0
ORD,2018/8/5 11:51,79,65,13.8,0
ORD,2018/8/5 12:51,78,65,11.5,0
ORD,2018/8/5 13:51,80,66,13.8,0
ORD,2018/8/5 14:51,83,66,13.8,0
ORD,2018/8/5 15:51,85,66,14.95,0
ORD,2018/8/5 16:51,89,63,11.5,0
ORD,2018/8/5 17:51,90,63,17.25,0
ORD,2018/8/5 18:51,91,61,19.55,0
ORD,2018/8/5 19:51,93,60,17.25,0
ORD,2018/8/5 20:51,93,61,23,0
ORD,2018/8/5 21:51,92,61,17.25,0
ORD,2018/8/5 22:51,92,64,12.65,0
ORD,2018/8/5 23:51,89,65,13.8,0
ORD,2018/8/6 0:51,88,66,11.5,0
ORD,2018/8/6 1:51,87,67,8.05,0
ORD,2018/8/6 2:51,86,67,19.55,0
ORD,2018/8/6 3:51,79,64,8.05,0
ORD,2018/8/6 4:51,76,68,3.45,T
ORD,2018/8/6 5:51,76,68,0,0
ORD,2018/8/6 6:51,76,67,6.9,0
ORD,2018/8/6 7:51,76,67,9.2,0
ORD,2018/8/6 8:51,77,67,3.45,0
ORD,2018/8/6 9:51,76,66,19.55,0
ORD,2018/8/6 10:02,76,63,23,0
ORD,2018/8/6 10:51,70,66,6.9,1.27
ORD,2018/8/6 11:51,72,66,3.45,0
ORD,2018/8/6 12:51,73,65,9.2,0
ORD,2018/8/6 13:30,74,64,0,0
ORD,2018/8/6 13:51,72,66,10.35,0.51
ORD,2018/8/6 14:33,71,67,6.9,0.76
ORD,2018/8/6 14:36,70,67,6.9,1.27
ORD,2018/8/6 14:41,69,67,9.2,4.57
ORD,2018/8/6 14:45,69.8,66.2,9.2,5.08
ORD,2018/8/6 14:51,69,67,9.2,5.59
ORD,2018/8/6 15:00,70,66,9.2,1.02
ORD,2018/8/6 15:47,71.6,66.2,9.2,1.27
ORD,2018/8/6 15:51,72,67,9.2,1.27
ORD,2018/8/6 16:51,75,69,10.35,0
ORD,2018/8/6 17:51,76,68,8.05,0
ORD,2018/8/6 18:37,79,68,3.45,0
ORD,2018/8/6 18:51,80,69,3.45,0
ORD,2018/8/6 19:51,78,69,11.5,0
ORD,2018/8/6 20:51,80,69,0,0
ORD,2018/8/6 21:51,79,69,6.9,T
ORD,2018/8/6 22:07,80,70,3.45,0
ORD,2018/8/6 22:51,80,69,6.9,0
ORD,2018/8/6 23:51,80,68,9.2,0
ORD,2018/8/7 0:51,79,67,null,0
ORD,2018/8/7 1:51,77,69,6.9,0
ORD,2018/8/7 2:51,76,69,4.6,0
ORD,2018/8/7 3:51,76,69,0,0
ORD,2018/8/7 4:51,74,69,4.6,0
ORD,2018/8/7 5:51,73,68,0,0
ORD,2018/8/7 6:51,73,67,3.45,0
ORD,2018/8/7 7:51,72,67,3.45,0
ORD,2018/8/7 8:51,71,67,0,0
ORD,2018/8/7 9:51,71,67,0,0
ORD,2018/8/7 10:51,70,67,3.45,0
ORD,2018/8/7 11:51,72,67,0,0
ORD,2018/8/7 12:51,74,67,6.9,0
ORD,2018/8/7 13:51,76,67,3.45,0
ORD,2018/8/7 14:51,80,67,0,0
ORD,2018/8/7 15:51,80,65,3.45,0
ORD,2018/8/7 16:51,82,65,6.9,0
ORD,2018/8/7 17:51,83,64,5.75,0
ORD,2018/8/7 18:51,80,67,5.75,T
ORD,2018/8/7 19:14,80,67,5.75,T
ORD,2018/8/7 19:51,75,71,13.8,T
ORD,2018/8/7 20:27,73,70,13.8,T
ORD,2018/8/7 20:39,72,70,11.5,16.26
ORD,2018/8/7 20:43,71,69,5.75,25.65
ORD,2018/8/7 20:51,71,70,6.9,42.93
ORD,2018/8/7 20:53,71,70,5.75,3.81
ORD,2018/8/7 21:01,71,70,10.35,6.6
ORD,2018/8/7 21:09,71,69,10.35,12.45
ORD,2018/8/7 21:15,71,69,6.9,14.48
ORD,2018/8/7 21:22,70,69,5.75,15.75
ORD,2018/8/7 21:26,70,69,8.05,16.51
ORD,2018/8/7 21:44,71,69,9.2,16.51
ORD,2018/8/7 21:51,70,68,12.65,16.51
ORD,2018/8/7 22:18,70,66,6.9,0
ORD,2018/8/7 22:51,70,67,10.35,0
ORD,2018/8/7 23:05,71,66,5.75,0
ORD,2018/8/7 23:51,71,65,8.05,0
ORD,2018/8/8 0:51,70,63,6.9,0
ORD,2018/8/8 1:51,70,65,4.6,0
ORD,2018/8/8 2:51,70,65,3.45,0
ORD,2018/8/8 3:51,70,66,0,T
ORD,2018/8/8 4:03,71,67,3.45,0.25
ORD,2018/8/8 4:44,70,66,3.45,0.51
ORD,2018/8/8 4:51,70,66,4.6,0.51
ORD,2018/8/8 5:37,69,66,5.75,T
ORD,2018/8/8 5:51,69,66,4.6,T
ORD,2018/8/8 6:48,69.8,66.2,5.75,0
ORD,2018/8/8 6:51,69,67,5.75,0
ORD,2018/8/8 7:51,70,67,4.6,0
ORD,2018/8/8 8:51,70,66,0,0
ORD,2018/8/8 9:51,69,67,4.6,0
ORD,2018/8/8 10:51,69,67,0,0
ORD,2018/8/8 11:49,69.8,66.2,4.6,0
ORD,2018/8/8 11:51,69,66,4.6,0
ORD,2018/8/8 12:51,72,66,5.75,0
ORD,2018/8/8 13:51,73,67,9.2,0
ORD,2018/8/8 14:41,74,66,5.75,0
ORD,2018/8/8 14:48,73.4,66.2,4.6,0
ORD,2018/8/8 14:51,74,66,5.75,0
ORD,2018/8/8 15:51,77,65,5.75,0
ORD,2018/8/8 16:51,78,64,9.2,0
ORD,2018/8/8 17:51,80,64,3.45,0
ORD,2018/8/8 18:51,81,64,8.05,0
ORD,2018/8/8 19:51,83,64,10.35,0
ORD,2018/8/8 20:51,83,63,6.9,0
ORD,2018/8/8 21:51,83,62,6.9,0
ORD,2018/8/8 22:51,84,60,9.2,0
ORD,2018/8/8 23:51,82,60,6.9,0
ORD,2018/8/9 0:51,80,61,3.45,0
ORD,2018/8/9 1:51,77,62,4.6,0
ORD,2018/8/9 2:51,76,63,8.05,0
ORD,2018/8/9 3:51,74,63,6.9,0
ORD,2018/8/9 4:51,73,63,4.6,0
ORD,2018/8/9 5:51,72,64,4.6,0
ORD,2018/8/9 6:51,70,64,4.6,0
ORD,2018/8/9 7:51,70,64,4.6,0
ORD,2018/8/9 8:51,69,64,5.75,0
ORD,2018/8/9 9:51,70,64,5.75,0
ORD,2018/8/9 10:51,69,64,5.75,0
ORD,2018/8/9 11:51,70,64,8.05,0
ORD,2018/8/9 12:51,73,64,11.5,0
ORD,2018/8/9 13:51,76,64,13.8,0
ORD,2018/8/9 14:51,79,64,14.95,0
ORD,2018/8/9 15:51,82,66,14.95,0
ORD,2018/8/9 16:51,86,68,12.65,0
ORD,2018/8/9 17:51,87,69,13.8,0
ORD,2018/8/9 18:51,87,70,8.05,0
ORD,2018/8/9 19:51,87,70,10.35,0
ORD,2018/8/9 20:51,88,70,11.5,0
ORD,2018/8/9 21:51,89,68,16.1,0
ORD,2018/8/9 22:51,83,67,18.4,0
ORD,2018/8/9 23:06,81,66,13.8,0
ORD,2018/8/9 23:51,79,66,12.65,0
ORD,2018/8/10 0:09,79,66,12.65,0
ORD,2018/8/10 0:22,78,67,16.1,0
ORD,2018/8/10 0:35,73,68,18.4,T
ORD,2018/8/10 0:39,73,65,18.4,2.79
ORD,2018/8/10 0:42,72,65,20.7,5.59
ORD,2018/8/10 0:48,71.6,64.4,9.2,10.16
ORD,2018/8/10 0:51,72,64,8.05,10.92
ORD,2018/8/10 1:06,72,66,4.6,T
ORD,2018/8/10 1:34,73,67,4.6,T
ORD,2018/8/10 1:51,73,68,6.9,T
ORD,2018/8/10 2:51,74,68,9.2,T
ORD,2018/8/10 3:51,73,67,6.9,0
ORD,2018/8/10 4:51,73,67,5.75,0
ORD,2018/8/10 5:51,73,67,0,0
ORD,2018/8/10 6:51,73,68,3.45,0
ORD,2018/8/10 7:51,72,69,6.9,0
ORD,2018/8/10 8:51,71,68,4.6,0
ORD,2018/8/10 9:51,71,69,5.75,0
ORD,2018/8/10 10:11,72,69,6.9,0
ORD,2018/8/10 10:51,72,69,5.75,0
ORD,2018/8/10 11:51,73,69,9.2,0
ORD,2018/8/10 12:51,73,69,5.75,0
ORD,2018/8/10 13:21,76,69,4.6,0
ORD,2018/8/10 13:51,77,69,4.6,0
ORD,2018/8/10 14:51,79,69,6.9,0
ORD,2018/8/10 15:51,81,65,10.35,0
ORD,2018/8/10 16:51,82,66,10.35,0
ORD,2018/8/10 17:51,82,66,13.8,0
ORD,2018/8/10 18:51,81,64,17.25,0
ORD,2018/8/10 19:51,81,64,14.95,0
ORD,2018/8/10 20:51,81,65,18.4,0
ORD,2018/8/10 21:51,80,65,14.95,0
ORD,2018/8/10 22:51,80,65,16.1,0
ORD,2018/8/10 23:51,79,65,11.5,0
ORD,2018/8/11 0:51,76,64,9.2,0
ORD,2018/8/11 1:51,75,63,8.05,0
ORD,2018/8/11 2:51,74,61,6.9,0
ORD,2018/8/11 3:51,73,64,8.05,0
ORD,2018/8/11 4:51,72,65,3.45,0
ORD,2018/8/11 5:51,71,64,5.75,0
ORD,2018/8/11 6:51,70,64,4.6,0
ORD,2018/8/11 7:51,70,64,3.45,0
ORD,2018/8/11 8:51,69,63,4.6,0
ORD,2018/8/11 9:51,69,63,0,0
ORD,2018/8/11 10:51,69,63,0,0
ORD,2018/8/11 11:51,70,60,3.45,0
ORD,2018/8/11 12:51,73,61,5.75,0
ORD,2018/8/11 13:51,78,58,4.6,0
ORD,2018/8/11 14:51,81,61,4.6,0
ORD,2018/8/11 15:51,83,59,5.75,0
ORD,2018/8/11 16:51,85,60,6.9,0
ORD,2018/8/11 17:51,86,60,4.6,0
ORD,2018/8/11 18:51,85,60,4.6,0
ORD,2018/8/11 19:51,87,61,4.6,0
ORD,2018/8/11 20:51,84,62,17.25,0
ORD,2018/8/11 21:51,83,62,10.35,0
ORD,2018/8/11 22:51,84,57,11.5,0
ORD,2018/8/11 23:51,84,56,4.6,0
ORD,2018/8/12 0:51,80,57,5.75,0
ORD,2018/8/12 1:51,79,58,0,0
ORD,2018/8/12 2:51,76,60,0,0
ORD,2018/8/12 3:51,75,61,3.45,0
ORD,2018/8/12 4:51,74,60,0,0
ORD,2018/8/12 5:51,74,60,0,0
ORD,2018/8/12 6:51,73,61,0,0
ORD,2018/8/12 7:51,72,62,0,0
ORD,2018/8/12 8:51,71,63,4.6,0
ORD,2018/8/12 9:51,71,64,3.45,0
ORD,2018/8/12 10:51,70,66,5.75,0
ORD,2018/8/12 11:51,71,66,3.45,0
ORD,2018/8/12 12:51,75,66,5.75,0
ORD,2018/8/12 13:51,78,61,6.9,0
ORD,2018/8/12 14:51,81,63,3.45,0
ORD,2018/8/12 15:51,84,62,6.9,0
ORD,2018/8/12 16:51,85,57,12.65,0
ORD,2018/8/12 17:51,86,58,11.5,0
ORD,2018/8/12 18:51,87,58,9.2,0
ORD,2018/8/12 19:51,87,57,9.2,0
ORD,2018/8/12 20:51,86,59,13.8,0
ORD,2018/8/12 21:51,85,58,12.65,0
ORD,2018/8/12 22:51,84,56,10.35,0
ORD,2018/8/12 23:51,83,53,9.2,0
ORD,2018/8/13 0:51,78,54,8.05,0
ORD,2018/8/13 1:51,79,56,6.9,0
ORD,2018/8/13 2:51,73,63,3.45,0
ORD,2018/8/13 3:51,74,64,0,0
ORD,2018/8/13 4:51,72,66,0,0
ORD,2018/8/13 5:51,71,63,0,0
ORD,2018/8/13 6:51,70,64,0,0
ORD,2018/8/13 7:51,69,64,0,0
ORD,2018/8/13 8:51,68,64,3.45,0
ORD,2018/8/13 9:51,67,64,3.45,0
ORD,2018/8/13 10:51,67,63,0,0
ORD,2018/8/13 11:51,67,64,0,0
ORD,2018/8/13 12:09,68,65,0,0
ORD,2018/8/13 12:51,71,66,0,0
ORD,2018/8/13 13:09,72,67,0,0
ORD,2018/8/13 13:51,75,66,4.6,0
ORD,2018/8/13 14:51,79,61,3.45,0
ORD,2018/8/13 15:51,83,61,0,0
ORD,2018/8/13 16:51,85,58,6.9,0
ORD,2018/8/13 17:51,86,60,4.6,0
ORD,2018/8/13 18:51,87,58,0,0
ORD,2018/8/13 19:51,88,57,0,0
ORD,2018/8/13 20:51,88,58,3.45,0
ORD,2018/8/13 21:51,87,60,11.5,0
ORD,2018/8/13 22:51,85,59,8.05,0
ORD,2018/8/13 23:51,84,59,8.05,0
ORD,2018/8/14 0:51,82,58,5.75,0
ORD,2018/8/14 1:51,81,59,0,0
ORD,2018/8/14 2:51,79,59,3.45,0
ORD,2018/8/14 3:51,77,60,3.45,0
ORD,2018/8/14 4:51,76,60,0,0
ORD,2018/8/14 5:51,75,60,0,0
ORD,2018/8/14 6:51,73,59,3.45,0
ORD,2018/8/14 7:51,73,60,0,0
ORD,2018/8/14 8:51,72,61,4.6,0
ORD,2018/8/14 9:51,71,61,3.45,0
ORD,2018/8/14 10:51,71,62,5.75,0
ORD,2018/8/14 11:51,72,62,5.75,0
ORD,2018/8/14 12:51,74,63,3.45,0
ORD,2018/8/14 13:51,78,63,5.75,0
ORD,2018/8/14 14:51,81,64,8.05,0
ORD,2018/8/14 15:51,83,63,5.75,0
ORD,2018/8/14 16:51,85,63,6.9,0
ORD,2018/8/14 17:51,85,63,6.9,0
ORD,2018/8/14 18:51,86,62,10.35,0
ORD,2018/8/14 19:51,86,62,3.45,0
ORD,2018/8/14 20:51,86,63,6.9,0
ORD,2018/8/14 21:51,86,63,5.75,0
ORD,2018/8/14 22:51,86,61,6.9,0
ORD,2018/8/14 23:51,84,61,5.75,0
ORD,2018/8/15 0:51,82,63,3.45,0
ORD,2018/8/15 1:51,82,63,0,0
ORD,2018/8/15 2:51,80,64,3.45,0
ORD,2018/8/15 3:51,79,64,3.45,0
ORD,2018/8/15 4:51,79,64,8.05,0
ORD,2018/8/15 5:51,78,62,4.6,0
ORD,2018/8/15 6:51,76,63,0,0
ORD,2018/8/15 7:51,75,63,3.45,0
ORD,2018/8/15 8:51,75,64,4.6,0
ORD,2018/8/15 9:51,75,65,0,0
ORD,2018/8/15 10:51,74,65,3.45,0
ORD,2018/8/15 11:51,74,65,4.6,0
ORD,2018/8/15 12:51,76,67,6.9,0
ORD,2018/8/15 13:51,79,68,4.6,0
ORD,2018/8/15 14:51,80,68,6.9,0
ORD,2018/8/15 15:51,80,68,5.75,0
ORD,2018/8/15 16:51,82,67,6.9,0
ORD,2018/8/15 17:51,85,66,8.05,0
ORD,2018/8/15 18:51,84,66,4.6,0
ORD,2018/8/15 19:51,85,66,11.5,0
ORD,2018/8/15 20:51,85,68,12.65,0
ORD,2018/8/15 21:51,83,68,8.05,0
ORD,2018/8/15 22:51,83,67,5.75,0
ORD,2018/8/15 23:10,83,67,5.75,0
ORD,2018/8/15 23:16,82,68,16.1,0
ORD,2018/8/15 23:51,79,69,8.05,0
ORD,2018/8/16 0:22,79,70,9.2,0
ORD,2018/8/16 0:31,78,70,8.05,T
ORD,2018/8/16 0:43,78,70,6.9,0.25
ORD,2018/8/16 0:51,78,71,4.6,0.25
ORD,2018/8/16 1:18,76,71,0,T
ORD,2018/8/16 1:51,77,68,9.2,T
ORD,2018/8/16 2:18,76,68,9.2,0
ORD,2018/8/16 2:51,75,68,9.2,T
ORD,2018/8/16 3:51,74,69,4.6,T
ORD,2018/8/16 4:03,74,68,5.75,0
ORD,2018/8/16 4:51,74,68,4.6,0
ORD,2018/8/16 5:17,73,68,5.75,0
ORD,2018/8/16 5:51,73,68,3.45,0
ORD,2018/8/16 6:51,72,68,3.45,0
ORD,2018/8/16 7:51,73,68,0,0
ORD,2018/8/16 8:06,73,68,3.45,0
ORD,2018/8/16 8:49,73.4,68,0,0
ORD,2018/8/16 8:51,73,68,3.45,0
ORD,2018/8/16 9:39,73,68,3.45,0
ORD,2018/8/16 9:51,73,68,3.45,0
ORD,2018/8/16 10:51,73,68,0,0
ORD,2018/8/16 11:51,73,68,0,0
ORD,2018/8/16 12:51,74,68,0,0
ORD,2018/8/16 13:51,77,68,3.45,0
ORD,2018/8/16 14:51,78,68,6.9,0
ORD,2018/8/16 15:47,78.8,68,5.75,0
ORD,2018/8/16 15:51,79,68,6.9,0
ORD,2018/8/16 16:51,82,68,4.6,0
ORD,2018/8/16 17:04,82,68,10.35,0
ORD,2018/8/16 17:51,82,68,3.45,0
ORD,2018/8/16 18:51,82,67,4.6,0
ORD,2018/8/16 19:51,83,67,0,0
ORD,2018/8/16 20:51,83,67,3.45,0
ORD,2018/8/16 21:51,85,68,8.05,0
ORD,2018/8/16 22:51,83,68,8.05,0
ORD,2018/8/16 23:51,81,67,8.05,0
ORD,2018/8/17 0:51,79,66,9.2,0
ORD,2018/8/17 1:51,77,66,4.6,0
ORD,2018/8/17 2:51,77,68,6.9,0
ORD,2018/8/17 3:51,77,69,5.75,0
ORD,2018/8/17 4:51,77,69,4.6,T
ORD,2018/8/17 5:20,72,66,12.65,T
ORD,2018/8/17 5:27,70,67,6.9,6.6
ORD,2018/8/17 5:47,69.8,66.2,4.6,11.43
ORD,2018/8/17 5:51,69,66,5.75,12.19
ORD,2018/8/17 6:12,68,66,0,1.27
ORD,2018/8/17 6:49,69.8,66.2,5.75,2.79
ORD,2018/8/17 6:51,69,66,4.6,3.05
ORD,2018/8/17 7:51,69,67,0,0.25
ORD,2018/8/17 8:51,69,66,4.6,0
ORD,2018/8/17 9:51,69,67,3.45,0
ORD,2018/8/17 10:51,69,67,5.75,0
ORD,2018/8/17 11:26,69,67,3.45,0
ORD,2018/8/17 11:44,69,67,3.45,0
ORD,2018/8/17 11:51,70,67,3.45,0
ORD,2018/8/17 12:08,70,67,3.45,0
ORD,2018/8/17 12:14,70,67,0,0
ORD,2018/8/17 12:41,70,67,0,0
ORD,2018/8/17 12:51,70,67,3.45,0
ORD,2018/8/17 13:08,70,67,3.45,0
ORD,2018/8/17 13:51,71,67,3.45,T
ORD,2018/8/17 14:16,71,68,3.45,T
ORD,2018/8/17 14:38,71,67,0,T
ORD,2018/8/17 14:51,73,68,0,T
ORD,2018/8/17 15:29,74,68,3.45,0
ORD,2018/8/17 15:51,74,68,0,0
ORD,2018/8/17 16:23,76,69,3.45,0
ORD,2018/8/17 16:51,76,68,3.45,0
ORD,2018/8/17 17:18,79,68,3.45,0
ORD,2018/8/17 17:51,78,67,4.6,0
ORD,2018/8/17 18:17,80,67,3.45,0
ORD,2018/8/17 18:51,78,66,9.2,0
ORD,2018/8/17 19:51,81,68,4.6,0
ORD,2018/8/17 20:51,83,67,3.45,0
ORD,2018/8/17 21:51,82,67,9.2,0
ORD,2018/8/17 22:51,80,67,12.65,0
ORD,2018/8/17 23:51,79,65,9.2,0
ORD,2018/8/18 0:51,77,65,6.9,0
ORD,2018/8/18 1:51,76,67,8.05,0
ORD,2018/8/18 2:51,76,69,9.2,0
ORD,2018/8/18 3:51,76,69,11.5,0
ORD,2018/8/18 4:51,74,69,5.75,0
ORD,2018/8/18 5:51,73,69,4.6,0
ORD,2018/8/18 6:51,72,69,6.9,0
ORD,2018/8/18 7:51,71,68,5.75,0
ORD,2018/8/18 8:51,71,68,6.9,0
ORD,2018/8/18 9:51,71,69,6.9,0
ORD,2018/8/18 10:46,69.8,69.8,5.75,0
ORD,2018/8/18 10:51,70,68,5.75,0
ORD,2018/8/18 11:14,70,68,5.75,0
ORD,2018/8/18 11:51,70,68,5.75,0
ORD,2018/8/18 12:42,72,69,8.05,0
ORD,2018/8/18 12:51,72,69,6.9,0
ORD,2018/8/18 13:51,75,68,10.35,0
ORD,2018/8/18 14:51,76,68,9.2,0
ORD,2018/8/18 15:51,77,66,13.8,0
ORD,2018/8/18 16:51,79,66,14.95,0
ORD,2018/8/18 17:51,78,65,11.5,0
ORD,2018/8/18 18:51,79,65,9.2,0
ORD,2018/8/18 19:51,79,65,12.65,0
ORD,2018/8/18 20:51,79,65,10.35,0
ORD,2018/8/18 21:51,79,65,11.5,0
ORD,2018/8/18 22:51,78,65,10.35,0
ORD,2018/8/18 23:51,77,65,9.2,0
ORD,2018/8/19 0:51,74,66,10.35,0
ORD,2018/8/19 1:51,73,67,6.9,0
ORD,2018/8/19 2:51,73,67,6.9,0
ORD,2018/8/19 3:51,72,67,6.9,0
ORD,2018/8/19 4:51,72,67,4.6,0
ORD,2018/8/19 5:51,71,67,0,0
ORD,2018/8/19 6:51,69,66,6.9,0
ORD,2018/8/19 7:51,69,66,3.45,0
ORD,2018/8/19 8:51,69,66,0,0
ORD,2018/8/19 9:51,69,66,0,0
ORD,2018/8/19 10:51,68,65,4.6,0
ORD,2018/8/19 11:51,70,66,4.6,0
ORD,2018/8/19 12:51,73,67,4.6,0
ORD,2018/8/19 13:51,76,67,5.75,0
ORD,2018/8/19 14:51,78,66,4.6,0
ORD,2018/8/19 15:51,81,65,4.6,0
ORD,2018/8/19 16:51,82,64,4.6,0
ORD,2018/8/19 17:51,82,63,3.45,0
ORD,2018/8/19 18:51,84,64,3.45,0
ORD,2018/8/19 19:51,85,65,9.2,0
ORD,2018/8/19 20:51,85,64,12.65,0
ORD,2018/8/19 21:51,82,67,12.65,0
ORD,2018/8/19 22:51,80,66,11.5,0
ORD,2018/8/19 23:51,78,67,10.35,0
ORD,2018/8/20 0:51,77,67,9.2,0
ORD,2018/8/20 1:51,77,67,9.2,0
ORD,2018/8/20 2:51,77,69,9.2,0
ORD,2018/8/20 3:51,77,69,5.75,0
ORD,2018/8/20 4:51,76,69,6.9,0
ORD,2018/8/20 5:51,75,66,9.2,0
ORD,2018/8/20 6:51,74,64,8.05,0
ORD,2018/8/20 7:51,73,64,6.9,0
ORD,2018/8/20 8:51,72,63,8.05,0
ORD,2018/8/20 9:51,72,63,6.9,0
ORD,2018/8/20 10:51,71,63,5.75,0
ORD,2018/8/20 11:51,73,63,10.35,0
ORD,2018/8/20 12:51,73,64,10.35,0
ORD,2018/8/20 13:51,75,64,12.65,0
ORD,2018/8/20 14:51,76,64,12.65,0
ORD,2018/8/20 15:51,77,65,11.5,0
ORD,2018/8/20 16:51,76,66,14.95,T
ORD,2018/8/20 17:11,74,68,13.8,0.51
ORD,2018/8/20 17:51,73,69,11.5,4.06
ORD,2018/8/20 18:51,75,70,13.8,1.02
ORD,2018/8/20 19:28,75,70,18.4,T
ORD,2018/8/20 19:43,76,69,13.8,T
ORD,2018/8/20 19:51,76,69,13.8,T
ORD,2018/8/20 20:29,76,69,18.4,0
ORD,2018/8/20 20:44,77,70,18.4,0
ORD,2018/8/20 20:51,77,70,16.1,0
ORD,2018/8/20 21:22,76,70,17.25,0.25
ORD,2018/8/20 21:42,75,71,16.1,0.76
ORD,2018/8/20 21:51,76,71,16.1,0.76
ORD,2018/8/20 22:51,77,71,13.8,0
ORD,2018/8/20 23:18,77,70,16.1,0
ORD,2018/8/20 23:32,77,70,12.65,0
ORD,2018/8/20 23:51,77,70,14.95,0
ORD,2018/8/21 0:21,76,71,10.35,T
ORD,2018/8/21 0:27,76,71,10.35,T
ORD,2018/8/21 0:46,71.6,66.2,6.9,0.25
ORD,2018/8/21 0:51,71,67,5.75,0.51
ORD,2018/8/21 1:05,70,67,4.6,2.79
ORD,2018/8/21 1:11,70,67,5.75,5.33
ORD,2018/8/21 1:23,69,67,11.5,12.95
ORD,2018/8/21 1:26,69,66,11.5,13.46
ORD,2018/8/21 1:51,70,65,6.9,13.46
ORD,2018/8/21 2:12,71,65,6.9,0
ORD,2018/8/21 2:51,70,67,6.9,1.02
ORD,2018/8/21 3:51,70,67,0,0
ORD,2018/8/21 4:51,70,67,5.75,T
ORD,2018/8/21 6:51,70,68,3.45,0
ORD,2018/8/21 7:51,70,68,6.9,0
ORD,2018/8/21 8:18,70,68,3.45,0
ORD,2018/8/21 8:51,70,68,0,0
ORD,2018/8/21 9:03,70,68,0,0
ORD,2018/8/21 9:51,70,68,4.6,0
ORD,2018/8/21 10:51,70,68,4.6,0
ORD,2018/8/21 11:23,70,68,4.6,0
ORD,2018/8/21 11:51,70,68,3.45,0
ORD,2018/8/21 12:51,70,68,5.75,0
ORD,2018/8/21 13:51,70,68,6.9,0.51
ORD,2018/8/21 14:21,70,68,10.35,2.54
ORD,2018/8/21 14:51,71,68,9.2,2.79
ORD,2018/8/21 15:51,70,66,20.7,T
ORD,2018/8/21 16:07,72,65,18.4,0
ORD,2018/8/21 16:24,73,63,27.6,0
ORD,2018/8/21 16:31,73,63,26.45,0
ORD,2018/8/21 16:51,72,63,23,0
ORD,2018/8/21 17:51,72,61,16.1,0
ORD,2018/8/21 18:51,75,62,20.7,0
ORD,2018/8/21 19:51,75,61,14.95,0
ORD,2018/8/21 20:51,76,63,16.1,0
ORD,2018/8/21 21:51,76,64,10.35,0
ORD,2018/8/21 22:51,76,63,10.35,0
ORD,2018/8/21 23:51,75,62,11.5,0
ORD,2018/8/22 0:51,74,63,9.2,0
ORD,2018/8/22 1:51,71,62,10.35,0
ORD,2018/8/22 2:51,69,61,11.5,0
ORD,2018/8/22 3:51,68,61,9.2,0
ORD,2018/8/22 4:51,67,60,8.05,0
ORD,2018/8/22 5:51,66,55,14.95,0
ORD,2018/8/22 6:51,64,53,12.65,0
ORD,2018/8/22 7:51,62,53,10.35,0
ORD,2018/8/22 8:51,61,51,10.35,0
ORD,2018/8/22 9:51,59,52,8.05,0
ORD,2018/8/22 10:51,58,52,6.9,0
ORD,2018/8/22 11:51,59,52,6.9,0
ORD,2018/8/22 12:51,63,53,8.05,0
ORD,2018/8/22 13:51,67,54,9.2,0
ORD,2018/8/22 14:51,70,55,9.2,0
ORD,2018/8/22 15:51,74,55,11.5,0
ORD,2018/8/22 16:51,76,54,6.9,0
ORD,2018/8/22 17:51,78,49,10.35,0
ORD,2018/8/22 18:51,77,48,12.65,0
ORD,2018/8/22 19:51,76,48,12.65,0
ORD,2018/8/22 20:51,78,49,11.5,0
ORD,2018/8/22 21:51,77,48,12.65,0
ORD,2018/8/22 22:51,76,47,11.5,0
ORD,2018/8/22 23:51,75,47,11.5,0
ORD,2018/8/23 0:51,72,48,5.75,0
ORD,2018/8/23 1:51,71,49,4.6,0
ORD,2018/8/23 2:51,68,51,3.45,0
ORD,2018/8/23 3:51,66,51,3.45,0
ORD,2018/8/23 4:51,65,52,3.45,0
ORD,2018/8/23 5:51,63,52,4.6,0
ORD,2018/8/23 6:51,62,53,4.6,0
ORD,2018/8/23 7:51,62,53,3.45,0
ORD,2018/8/23 8:51,61,53,5.75,0
ORD,2018/8/23 9:51,60,53,0,0
ORD,2018/8/23 10:51,60,53,3.45,0
ORD,2018/8/23 11:51,61,53,3.45,0
ORD,2018/8/23 12:51,65,53,3.45,0
ORD,2018/8/23 13:51,70,54,4.6,0
ORD,2018/8/23 14:51,73,53,6.9,0
ORD,2018/8/23 15:51,75,51,8.05,0
ORD,2018/8/23 16:51,76,50,12.65,0
ORD,2018/8/23 17:51,78,51,13.8,0
ORD,2018/8/23 18:51,79,52,10.35,0
ORD,2018/8/23 19:51,79,51,8.05,0
ORD,2018/8/23 20:51,79,52,8.05,0
ORD,2018/8/23 21:51,79,52,8.05,0
ORD,2018/8/23 22:51,79,52,11.5,0
ORD,2018/8/23 23:51,77,52,6.9,0
ORD,2018/8/24 0:51,75,53,5.75,0
ORD,2018/8/24 1:51,72,54,3.45,0
ORD,2018/8/24 2:51,71,54,4.6,0
ORD,2018/8/24 3:51,69,54,5.75,0
ORD,2018/8/24 4:51,69,54,6.9,0
ORD,2018/8/24 5:51,67,54,5.75,0
ORD,2018/8/24 6:51,66,54,4.6,0
ORD,2018/8/24 7:51,65,55,6.9,0
ORD,2018/8/24 8:51,65,55,8.05,0
ORD,2018/8/24 9:51,65,55,6.9,0
ORD,2018/8/24 10:51,66,55,8.05,0
ORD,2018/8/24 11:51,67,54,10.35,0
ORD,2018/8/24 12:51,67,55,11.5,0
ORD,2018/8/24 13:51,69,55,13.8,0
ORD,2018/8/24 14:51,67,57,11.5,T
ORD,2018/8/24 15:51,63,59,10.35,0.51
ORD,2018/8/24 16:51,63,58,13.8,0.25
ORD,2018/8/24 17:51,67,58,10.35,T
ORD,2018/8/24 18:51,69,58,13.8,0
ORD,2018/8/24 19:51,71,58,16.1,0
ORD,2018/8/24 20:51,72,58,13.8,0
ORD,2018/8/24 21:51,70,57,17.25,0
ORD,2018/8/24 22:37,69,58,18.4,0
ORD,2018/8/24 22:51,69,58,18.4,0
ORD,2018/8/24 23:11,68,59,14.95,T
ORD,2018/8/24 23:51,65,62,10.35,T
ORD,2018/8/25 0:51,65,61,13.8,T
ORD,2018/8/25 1:51,65,61,13.8,0
ORD,2018/8/25 2:09,64,62,10.35,T
ORD,2018/8/25 2:26,64,62,9.2,T
ORD,2018/8/25 2:51,64,62,11.5,0.25
ORD,2018/8/25 2:58,64,62,11.5,T
ORD,2018/8/25 3:33,64,63,12.65,T
ORD,2018/8/25 3:51,65,63,11.5,T
ORD,2018/8/25 4:21,65,63,10.35,T
ORD,2018/8/25 4:42,65,63,11.5,T
ORD,2018/8/25 4:51,65,63,12.65,T
ORD,2018/8/25 4:56,65,63,10.35,T
ORD,2018/8/25 5:36,65,64,12.65,T
ORD,2018/8/25 5:51,66,64,12.65,T
ORD,2018/8/25 6:01,66,64,13.8,0
ORD,2018/8/25 6:14,66,64,13.8,0
ORD,2018/8/25 6:51,66,64,10.35,0
ORD,2018/8/25 6:57,66,64,10.35,0
ORD,2018/8/25 7:51,66,64,6.9,0.25
ORD,2018/8/25 8:51,66,63,9.2,0.76
ORD,2018/8/25 9:28,66,63,6.9,0.25
ORD,2018/8/25 9:34,66,63,5.75,0.51
ORD,2018/8/25 9:51,66,63,5.75,0.51
ORD,2018/8/25 10:51,66,64,4.6,0
ORD,2018/8/25 11:51,67,64,5.75,0
ORD,2018/8/25 12:03,67,65,9.2,0
ORD,2018/8/25 12:51,68,66,8.05,0
ORD,2018/8/25 13:51,70,67,9.2,0
ORD,2018/8/25 14:51,72,68,9.2,0
ORD,2018/8/25 15:51,73,69,10.35,0
ORD,2018/8/25 16:37,74,69,6.9,0
ORD,2018/8/25 16:51,75,70,6.9,0
ORD,2018/8/25 17:34,78,70,6.9,0
ORD,2018/8/25 17:51,79,70,9.2,0
ORD,2018/8/25 18:51,81,69,9.2,0
ORD,2018/8/25 19:29,82,69,10.35,0
ORD,2018/8/25 19:51,83,69,10.35,0
ORD,2018/8/25 20:51,84,69,10.35,0
ORD,2018/8/25 21:51,86,69,8.05,0
ORD,2018/8/25 22:51,85,69,8.05,0
ORD,2018/8/25 23:51,84,72,4.6,0
ORD,2018/8/26 0:51,82,72,4.6,0
ORD,2018/8/26 1:51,80,73,3.45,0
ORD,2018/8/26 2:51,79,73,0,0
ORD,2018/8/26 3:51,78,73,3.45,0
ORD,2018/8/26 4:51,77,73,0,0
ORD,2018/8/26 5:51,76,73,0,0
ORD,2018/8/26 6:06,75,72,0,0
ORD,2018/8/26 6:51,74,72,0,0
ORD,2018/8/26 7:51,73,71,0,0
ORD,2018/8/26 8:48,71.6,71.6,0,0
ORD,2018/8/26 8:51,72,71,3.45,0
ORD,2018/8/26 9:02,73,71,0,0
ORD,2018/8/26 9:51,72,70,3.45,0
ORD,2018/8/26 10:51,74,72,5.75,0
ORD,2018/8/26 11:51,73,71,0,0
ORD,2018/8/26 12:08,73,72,4.6,0
ORD,2018/8/26 12:30,74,72,3.45,0
ORD,2018/8/26 12:42,74,72,4.6,0
ORD,2018/8/26 12:51,74,73,5.75,0
ORD,2018/8/26 13:01,74,73,5.75,0
ORD,2018/8/26 13:31,75,74,5.75,0
ORD,2018/8/26 13:51,75,74,8.05,0
ORD,2018/8/26 14:12,75,74,8.05,0
ORD,2018/8/26 14:51,81,74,5.75,0
ORD,2018/8/26 15:51,84,73,6.9,0
ORD,2018/8/26 16:51,87,73,8.05,0
ORD,2018/8/26 17:51,89,73,10.35,0
ORD,2018/8/26 18:51,89,74,10.35,0
ORD,2018/8/26 19:51,91,74,10.35,0
ORD,2018/8/26 20:51,92,74,10.35,0
ORD,2018/8/26 21:51,92,71,16.1,0
ORD,2018/8/26 22:51,92,70,11.5,0
ORD,2018/8/26 23:51,91,70,13.8,0
ORD,2018/8/27 0:51,89,70,10.35,0
ORD,2018/8/27 1:51,88,71,10.35,0
ORD,2018/8/27 2:51,86,74,13.8,0
ORD,2018/8/27 3:51,85,74,13.8,0
ORD,2018/8/27 4:51,84,74,19.55,0
ORD,2018/8/27 5:51,83,74,14.95,T
ORD,2018/8/27 6:51,82,73,16.1,0
ORD,2018/8/27 7:51,82,73,16.1,0
ORD,2018/8/27 8:51,81,72,11.5,0
ORD,2018/8/27 9:51,80,71,11.5,0
ORD,2018/8/27 10:51,79,71,11.5,0
ORD,2018/8/27 11:51,78,70,12.65,0
ORD,2018/8/27 12:51,79,70,13.8,0
ORD,2018/8/27 13:51,82,70,14.95,0
ORD,2018/8/27 14:51,83,71,13.8,0
ORD,2018/8/27 15:51,85,71,18.4,0
ORD,2018/8/27 16:51,86,71,13.8,0
ORD,2018/8/27 17:51,87,71,12.65,0
ORD,2018/8/27 18:51,91,69,21.85,0
ORD,2018/8/27 19:51,92,69,17.25,0
ORD,2018/8/27 20:51,92,68,14.95,0
ORD,2018/8/27 21:51,93,68,23,0
ORD,2018/8/27 22:51,92,67,20.7,0
ORD,2018/8/27 23:51,90,69,16.1,0
ORD,2018/8/28 0:51,88,70,19.55,0
ORD,2018/8/28 1:51,86,69,14.95,0
ORD,2018/8/28 2:51,85,70,19.55,0
ORD,2018/8/28 3:51,84,70,19.55,0
ORD,2018/8/28 4:51,83,70,18.4,0
ORD,2018/8/28 5:51,82,70,17.25,0
ORD,2018/8/28 6:51,82,71,16.1,0
ORD,2018/8/28 7:51,81,71,18.4,0
ORD,2018/8/28 8:51,80,71,16.1,0
ORD,2018/8/28 9:51,80,71,11.5,0
ORD,2018/8/28 10:51,79,71,16.1,0
ORD,2018/8/28 11:51,79,71,8.05,0
ORD,2018/8/28 11:58,79,71,4.6,0
ORD,2018/8/28 12:20,76,69,18.4,0
ORD,2018/8/28 12:36,73,68,13.8,T
ORD,2018/8/28 12:42,72,68,14.95,1.02
ORD,2018/8/28 12:48,71.6,69.8,17.25,4.57
ORD,2018/8/28 12:51,71,69,16.1,4.57
ORD,2018/8/28 13:22,71,69,11.5,0.51
ORD,2018/8/28 13:51,71,68,10.35,0.76
ORD,2018/8/28 14:51,73,69,6.9,T
ORD,2018/8/28 15:44,77,71,9.2,0
ORD,2018/8/28 15:51,78,72,9.2,0
ORD,2018/8/28 16:48,82.4,73.4,8.05,0
ORD,2018/8/28 16:51,83,73,10.35,0
ORD,2018/8/28 17:09,84,73,11.5,0
ORD,2018/8/28 17:51,85,72,17.25,0
ORD,2018/8/28 18:51,87,72,19.55,0
ORD,2018/8/28 19:51,87,72,21.85,0
ORD,2018/8/28 20:51,89,72,18.4,0
ORD,2018/8/28 21:51,88,72,11.5,0
ORD,2018/8/28 22:24,87,73,19.55,0
ORD,2018/8/28 22:51,82,69,10.35,T
ORD,2018/8/28 23:20,80,69,6.9,T
ORD,2018/8/28 23:51,79,68,6.9,T
ORD,2018/8/29 0:51,79,69,3.45,0
ORD,2018/8/29 1:51,78,69,3.45,0
ORD,2018/8/29 2:36,74,67,12.65,0
ORD,2018/8/29 2:51,73,67,20.7,T
ORD,2018/8/29 2:55,71,67,32.2,T
ORD,2018/8/29 2:59,67,65,20.7,0.76
ORD,2018/8/29 3:22,67,66,5.75,16.76
ORD,2018/8/29 3:30,68,66,0,17.02
ORD,2018/8/29 3:51,68,66,4.6,17.78
ORD,2018/8/29 4:06,69,66,0,0.25
ORD,2018/8/29 4:35,69,66,4.6,1.02
ORD,2018/8/29 4:51,69,66,3.45,2.79
ORD,2018/8/29 5:02,69,66,0,0.25
ORD,2018/8/29 5:09,70,67,10.35,0.25
ORD,2018/8/29 5:28,68,66,5.75,6.1
ORD,2018/8/29 5:51,69,67,4.6,9.14
ORD,2018/8/29 6:51,68,66,10.35,0.76
ORD,2018/8/29 7:51,69,67,8.05,1.27
ORD,2018/8/29 8:51,70,67,11.5,3.81
ORD,2018/8/29 9:51,70,67,18.4,4.57
ORD,2018/8/29 10:16,70,67,14.95,0.25
ORD,2018/8/29 10:23,70,67,12.65,0.25
ORD,2018/8/29 10:31,70,67,12.65,0.25
ORD,2018/8/29 10:51,70,67,8.05,0.25
ORD,2018/8/29 11:32,70,66,6.9,T
ORD,2018/8/29 11:51,69,66,8.05,T
ORD,2018/8/29 12:51,69,66,3.45,0
ORD,2018/8/29 13:51,71,67,6.9,0
ORD,2018/8/29 14:51,73,66,9.2,0
ORD,2018/8/29 15:21,73,66,10.35,0
ORD,2018/8/29 15:51,72,67,9.2,0
ORD,2018/8/29 16:12,70,66,17.25,T
ORD,2018/8/29 16:23,66,63,14.95,0.25
ORD,2018/8/29 16:30,66,63,11.5,0.25
ORD,2018/8/29 16:47,66.2,62.6,11.5,0.25
ORD,2018/8/29 16:51,67,62,11.5,0.25
ORD,2018/8/29 17:51,69,64,3.45,T
ORD,2018/8/29 18:07,70,63,4.6,0
ORD,2018/8/29 18:48,71.6,62.6,10.35,0
ORD,2018/8/29 18:51,71,62,11.5,0
ORD,2018/8/29 19:07,71,63,9.2,T
ORD,2018/8/29 19:51,73,62,9.2,T
ORD,2018/8/29 20:51,75,61,6.9,0
ORD,2018/8/29 21:51,74,59,10.35,0
ORD,2018/8/29 22:51,72,59,9.2,0
ORD,2018/8/29 23:51,71,61,11.5,0
ORD,2018/8/30 0:44,69,61,14.95,0
ORD,2018/8/30 0:51,68,61,13.8,0
ORD,2018/8/30 1:22,68,60,13.8,0
ORD,2018/8/30 1:51,67,60,12.65,0
ORD,2018/8/30 2:19,67,59,12.65,0
ORD,2018/8/30 2:51,67,59,12.65,0
ORD,2018/8/30 3:51,66,58,6.9,0
ORD,2018/8/30 4:51,66,58,6.9,0
ORD,2018/8/30 5:24,66,58,5.75,0
ORD,2018/8/30 5:51,66,58,6.9,0
ORD,2018/8/30 6:51,65,57,6.9,0
ORD,2018/8/30 7:51,65,56,4.6,0
ORD,2018/8/30 8:51,63,56,3.45,0
ORD,2018/8/30 9:51,62,56,4.6,0
ORD,2018/8/30 10:51,61,55,3.45,0
ORD,2018/8/30 11:51,64,56,5.75,0
ORD,2018/8/30 12:51,66,56,5.75,0
ORD,2018/8/30 13:51,68,56,10.35,0
ORD,2018/8/30 14:51,69,56,11.5,0
ORD,2018/8/30 15:51,70,56,12.65,0
ORD,2018/8/30 16:51,70,56,8.05,0
ORD,2018/8/30 17:51,72,55,8.05,0
ORD,2018/8/30 18:51,71,55,9.2,0
ORD,2018/8/30 19:51,72,56,5.75,0
ORD,2018/8/30 20:51,72,55,8.05,0
ORD,2018/8/30 21:51,71,54,9.2,0
ORD,2018/8/30 22:51,70,54,9.2,0
ORD,2018/8/30 23:51,68,54,11.5,0
ORD,2018/8/31 0:51,66,53,10.35,0
ORD,2018/8/31 1:51,65,53,6.9,0
ORD,2018/8/31 2:51,64,53,0,0
ORD,2018/8/31 3:51,63,54,0,0
ORD,2018/8/31 4:51,64,53,3.45,0
ORD,2018/8/31 5:51,63,54,0,0
ORD,2018/8/31 6:51,61,55,0,0
ORD,2018/8/31 7:51,60,55,0,0
ORD,2018/8/31 8:51,61,56,0,0
ORD,2018/8/31 9:51,60,56,0,0
ORD,2018/8/31 10:51,60,56,4.6,0
ORD,2018/8/31 11:51,61,57,4.6,0
ORD,2018/8/31 12:51,65,58,3.45,0
ORD,2018/8/31 13:51,69,59,5.75,0
ORD,2018/8/31 14:51,74,62,8.05,0
ORD,2018/8/31 15:51,77,63,5.75,0
ORD,2018/8/31 16:51,79,63,8.05,0
ORD,2018/8/31 17:51,80,64,10.35,0
ORD,2018/8/31 18:51,83,65,9.2,0
ORD,2018/8/31 19:51,83,67,9.2,0
ORD,2018/8/31 20:51,84,68,11.5,0
ORD,2018/8/31 21:51,84,69,10.35,0
ORD,2018/8/31 22:51,84,69,12.65,0
ORD,2018/8/31 23:51,83,69,10.35,0
ORD,2018/9/1 0:51,82,69,10.35,0
ORD,2018/9/1 1:12,82,69,6.9,0
ORD,2018/9/1 1:19,82,69,6.9,0
ORD,2018/9/1 1:35,79,70,19.55,T
ORD,2018/9/1 1:40,76,71,12.65,T
ORD,2018/9/1 1:43,76,71,24.15,T
ORD,2018/9/1 1:45,75.2,71.6,21.85,T
ORD,2018/9/1 1:51,75,70,16.1,T
ORD,2018/9/1 2:04,74,69,11.5,0
ORD,2018/9/1 2:30,74,69,11.5,T
ORD,2018/9/1 2:51,74,69,14.95,T
ORD,2018/9/1 3:51,73,68,12.65,0
ORD,2018/9/1 4:51,73,68,11.5,0
ORD,2018/9/1 5:51,74,68,8.05,0
ORD,2018/9/1 6:51,74,68,8.05,0
ORD,2018/9/1 7:51,73,68,10.35,0
ORD,2018/9/1 8:51,73,68,9.2,0
ORD,2018/9/1 9:51,73,68,9.2,0
ORD,2018/9/1 10:51,73,68,9.2,0
ORD,2018/9/1 11:51,73,69,11.5,0
ORD,2018/9/1 12:51,73,69,9.2,T
ORD,2018/9/1 12:58,73,70,9.2,0.25
ORD,2018/9/1 13:19,73,70,10.35,0.76
ORD,2018/9/1 13:26,73,70,8.05,0.76
ORD,2018/9/1 13:37,73,70,8.05,1.02
ORD,2018/9/1 13:51,73,70,6.9,1.02
ORD,2018/9/1 14:03,73,70,10.35,0
ORD,2018/9/1 14:16,73,70,6.9,0.25
ORD,2018/9/1 14:23,73,70,9.2,2.54
ORD,2018/9/1 14:25,73,70,9.2,2.54
ORD,2018/9/1 14:30,73,70,9.2,2.79
ORD,2018/9/1 14:44,72,69,8.05,3.05
ORD,2018/9/1 14:51,72,69,6.9,3.05
ORD,2018/9/1 14:56,72,69,6.9,0
ORD,2018/9/1 15:51,74,71,6.9,T
ORD,2018/9/1 16:13,74,71,6.9,0
ORD,2018/9/1 16:40,74,71,6.9,T
ORD,2018/9/1 16:51,75,71,4.6,T
ORD,2018/9/1 17:25,75,72,6.9,T
ORD,2018/9/1 17:51,76,72,4.6,T
ORD,2018/9/1 18:51,79,71,14.95,0
ORD,2018/9/1 19:51,82,70,13.8,0
ORD,2018/9/1 20:51,85,70,16.1,0
ORD,2018/9/1 21:51,85,69,9.2,0
ORD,2018/9/1 22:51,84,70,4.6,0
ORD,2018/9/1 23:51,84,71,0,T
ORD,2018/9/2 0:13,83,72,6.9,0
ORD,2018/9/2 0:51,82,73,5.75,T
ORD,2018/9/2 1:51,78,73,3.45,T
ORD,2018/9/2 2:39,75,71,5.75,0
ORD,2018/9/2 2:51,75,71,6.9,0
ORD,2018/9/2 3:14,76,72,4.6,0
ORD,2018/9/2 3:51,77,72,6.9,0
ORD,2018/9/2 4:51,76,72,0,0
ORD,2018/9/2 5:51,80,71,9.2,0
ORD,2018/9/2 6:35,79,71,5.75,0
ORD,2018/9/2 6:51,79,71,10.35,0
ORD,2018/9/2 7:51,70,67,10.35,T
ORD,2018/9/2 8:28,71,66,12.65,0
ORD,2018/9/2 8:51,71,65,4.6,0
ORD,2018/9/2 9:51,71,66,3.45,0
ORD,2018/9/2 10:26,72,66,6.9,0
ORD,2018/9/2 10:51,72,66,8.05,0
ORD,2018/9/2 11:51,72,66,5.75,0
ORD,2018/9/2 12:51,74,66,6.9,0
ORD,2018/9/2 13:34,76,68,3.45,0
ORD,2018/9/2 13:51,78,70,8.05,0
ORD,2018/9/2 14:51,80,71,8.05,0
ORD,2018/9/2 15:51,82,71,12.65,0
ORD,2018/9/2 16:51,84,71,12.65,0
ORD,2018/9/2 17:51,87,70,18.4,0
ORD,2018/9/2 18:51,89,69,18.4,0
ORD,2018/9/2 19:51,90,69,13.8,0
ORD,2018/9/2 20:51,90,67,14.95,0
ORD,2018/9/2 21:51,89,68,13.8,0
ORD,2018/9/2 22:51,87,68,10.35,T
ORD,2018/9/2 23:51,87,68,8.05,T
ORD,2018/9/3 0:51,86,67,8.05,0
ORD,2018/9/3 1:51,84,67,8.05,0
ORD,2018/9/3 2:51,77,67,13.8,0
ORD,2018/9/3 3:51,76,68,0,0.25
ORD,2018/9/3 4:51,74,70,0,0.25
ORD,2018/9/3 5:51,74,69,6.9,T
ORD,2018/9/3 6:12,74,69,5.75,0
ORD,2018/9/3 6:29,74,69,11.5,T
ORD,2018/9/3 6:33,73,69,17.25,1.27
ORD,2018/9/3 6:36,72,68,19.55,3.05
ORD,2018/9/3 6:42,71,68,12.65,4.57
ORD,2018/9/3 6:45,69.8,68,14.95,5.08
ORD,2018/9/3 6:51,70,67,12.65,8.64
ORD,2018/9/3 7:51,71,68,0,T
ORD,2018/9/3 8:51,72,68,3.45,0
ORD,2018/9/3 9:51,71,68,8.05,0
ORD,2018/9/3 10:31,71,69,11.5,0
ORD,2018/9/3 10:51,71,69,5.75,0
ORD,2018/9/3 11:14,72,69,0,0
ORD,2018/9/3 11:42,72,69,5.75,0
ORD,2018/9/3 11:51,73,69,6.9,0
ORD,2018/9/3 12:51,73,69,3.45,0
ORD,2018/9/3 13:51,77,70,10.35,0
ORD,2018/9/3 14:51,79,70,5.75,0
ORD,2018/9/3 15:51,82,71,4.6,0
ORD,2018/9/3 16:51,85,72,0,0
ORD,2018/9/3 17:51,86,71,0,0
ORD,2018/9/3 18:17,84,72,11.5,0
ORD,2018/9/3 18:24,83,72,10.35,0
ORD,2018/9/3 18:35,81,72,10.35,T
ORD,2018/9/3 18:39,79,73,16.1,2.03
ORD,2018/9/3 18:45,75.2,73.4,16.1,10.67
ORD,2018/9/3 18:51,76,71,17.25,24.13
ORD,2018/9/3 18:59,75,72,11.5,6.86
ORD,2018/9/3 19:13,75,72,20.7,8.13
ORD,2018/9/3 19:16,74,71,17.25,8.13
ORD,2018/9/3 19:19,74,71,13.8,8.13
ORD,2018/9/3 19:28,74,70,19.55,8.13
ORD,2018/9/3 19:51,75,71,6.9,8.13
ORD,2018/9/3 20:07,76,69,8.05,0
ORD,2018/9/3 20:17,77,70,6.9,0
ORD,2018/9/3 20:33,76,70,6.9,0
ORD,2018/9/3 20:47,73.4,69.8,9.2,0
ORD,2018/9/3 20:51,74,70,9.2,0
ORD,2018/9/3 21:22,73,70,4.6,T
ORD,2018/9/3 21:25,73,70,4.6,0.51
ORD,2018/9/3 21:31,73,70,8.05,4.32
ORD,2018/9/3 21:51,74,70,3.45,4.57
ORD,2018/9/3 22:00,74,71,6.9,T
ORD,2018/9/3 22:51,75,72,10.35,T
ORD,2018/9/3 23:51,74,71,8.05,0
ORD,2018/9/4 0:51,74,70,5.75,0
ORD,2018/9/4 1:51,73,70,4.6,0
ORD,2018/9/4 2:51,73,70,6.9,0
ORD,2018/9/4 3:51,73,71,6.9,0
ORD,2018/9/4 4:51,73,70,9.2,0
ORD,2018/9/4 5:51,73,69,8.05,0
ORD,2018/9/4 6:51,73,69,8.05,0
ORD,2018/9/4 7:51,72,69,8.05,0
ORD,2018/9/4 8:51,72,69,6.9,0
ORD,2018/9/4 9:51,72,69,0,0
ORD,2018/9/4 10:51,72,69,0,0
ORD,2018/9/4 11:51,72,69,6.9,0
ORD,2018/9/4 12:51,76,70,5.75,0
ORD,2018/9/4 13:51,80,71,4.6,0
ORD,2018/9/4 14:51,84,71,8.05,0
ORD,2018/9/4 15:51,86,71,10.35,0
ORD,2018/9/4 16:51,88,71,11.5,0
ORD,2018/9/4 17:51,89,69,9.2,0
ORD,2018/9/4 18:51,90,69,10.35,0
ORD,2018/9/4 19:51,91,69,9.2,0
ORD,2018/9/4 20:51,91,67,9.2,0
ORD,2018/9/4 21:51,91,67,11.5,0
ORD,2018/9/4 22:51,90,66,9.2,0
ORD,2018/9/4 23:51,88,66,6.9,0
ORD,2018/9/5 0:51,86,67,5.75,0
ORD,2018/9/5 1:51,84,67,8.05,0
ORD,2018/9/5 2:51,83,66,9.2,0
ORD,2018/9/5 3:51,82,66,9.2,0
ORD,2018/9/5 4:51,81,66,8.05,0
ORD,2018/9/5 5:51,80,66,9.2,0
ORD,2018/9/5 6:51,79,67,6.9,0
ORD,2018/9/5 7:51,78,67,6.9,0
ORD,2018/9/5 8:51,78,67,9.2,0
ORD,2018/9/5 9:51,77,68,6.9,0
ORD,2018/9/5 10:51,77,68,8.05,0
ORD,2018/9/5 11:51,77,68,9.2,0
ORD,2018/9/5 12:51,79,69,11.5,0
ORD,2018/9/5 13:51,81,69,13.8,0
ORD,2018/9/5 14:51,83,70,11.5,0
ORD,2018/9/5 15:51,85,70,13.8,0
ORD,2018/9/5 16:51,87,69,13.8,0
ORD,2018/9/5 17:51,89,68,17.25,0
ORD,2018/9/5 18:51,90,67,16.1,0
ORD,2018/9/5 19:51,91,67,18.4,0
ORD,2018/9/5 20:51,84,73,13.8,2.29
ORD,2018/9/5 21:36,83,71,10.35,1.78
ORD,2018/9/5 21:51,83,71,13.8,1.78
ORD,2018/9/5 21:59,83,71,13.8,0
ORD,2018/9/5 22:51,78,73,11.5,T
ORD,2018/9/5 23:14,77,74,11.5,T
ORD,2018/9/5 23:51,75,72,14.95,2.03
ORD,2018/9/6 0:07,74,72,17.25,T
ORD,2018/9/6 0:23,73,70,14.95,T
ORD,2018/9/6 0:41,72,69,16.1,T
ORD,2018/9/6 0:51,72,68,13.8,T
ORD,2018/9/6 1:38,71,68,13.8,0
ORD,2018/9/6 1:51,71,68,12.65,0
ORD,2018/9/6 2:46,71.6,66.2,12.65,T
ORD,2018/9/6 2:51,71,67,12.65,T
ORD,2018/9/6 3:51,71,67,12.65,0
ORD,2018/9/6 4:51,70,67,10.35,T
ORD,2018/9/6 5:05,70,67,11.5,T
ORD,2018/9/6 5:29,70,67,10.35,T
ORD,2018/9/6 5:51,70,66,10.35,T
ORD,2018/9/6 6:51,69,66,10.35,0.51
ORD,2018/9/6 7:51,69,66,10.35,0.25
ORD,2018/9/6 8:51,68,66,13.8,0.25
ORD,2018/9/6 9:51,68,66,12.65,T
ORD,2018/9/6 10:44,67,64,11.5,0
ORD,2018/9/6 10:51,67,64,12.65,0
ORD,2018/9/6 11:51,66,61,16.1,T
ORD,2018/9/6 12:47,64.4,60.8,12.65,0.51
ORD,2018/9/6 12:51,65,61,13.8,0.51
ORD,2018/9/6 13:51,64,62,11.5,4.06
ORD,2018/9/6 14:29,65,62,11.5,3.05
ORD,2018/9/6 14:51,66,63,12.65,4.57
ORD,2018/9/6 15:24,66,63,16.1,2.29
ORD,2018/9/6 15:51,67,62,14.95,3.05
ORD,2018/9/6 16:12,67,62,14.95,0.25
ORD,2018/9/6 16:51,67,62,14.95,0.25
ORD,2018/9/6 17:51,68,60,17.25,T
ORD,2018/9/6 18:51,68,58,17.25,T
ORD,2018/9/6 19:51,68,57,16.1,0
ORD,2018/9/6 20:51,68,55,19.55,0
ORD,2018/9/6 21:51,68,54,17.25,0
ORD,2018/9/6 22:51,67,53,18.4,0
ORD,2018/9/6 23:51,67,54,11.5,0
ORD,2018/9/7 0:51,67,54,13.8,0
ORD,2018/9/7 1:51,66,54,11.5,0
ORD,2018/9/7 2:51,67,56,11.5,0
ORD,2018/9/7 3:51,66,57,9.2,0
ORD,2018/9/7 4:51,66,59,8.05,0
ORD,2018/9/7 5:51,65,59,6.9,0
ORD,2018/9/7 6:51,64,59,9.2,0
ORD,2018/9/7 7:51,64,60,6.9,0
ORD,2018/9/7 8:51,65,60,6.9,0
ORD,2018/9/7 9:51,68,62,11.5,0
ORD,2018/9/7 10:49,68,62.6,10.35,0
ORD,2018/9/7 10:51,68,62,10.35,0
ORD,2018/9/7 11:51,69,61,11.5,T
ORD,2018/9/7 12:51,69,61,9.2,0
ORD,2018/9/7 13:51,69,62,12.65,T
ORD,2018/9/7 14:47,69.8,62.6,12.65,0
ORD,2018/9/7 14:51,69,63,10.35,0
ORD,2018/9/7 15:51,68,64,17.25,T
ORD,2018/9/7 16:21,67,63,14.95,1.78
ORD,2018/9/7 16:51,67,63,13.8,4.57
ORD,2018/9/7 17:51,68,61,14.95,3.05
ORD,2018/9/7 18:24,67,60,16.1,T
ORD,2018/9/7 18:51,68,59,16.1,T
ORD,2018/9/7 19:51,68,55,16.1,0
ORD,2018/9/7 20:51,68,55,18.4,0
ORD,2018/9/7 21:51,68,54,17.25,0
ORD,2018/9/7 22:51,67,56,18.4,0
ORD,2018/9/7 23:51,67,55,18.4,0
ORD,2018/9/8 0:51,66,54,13.8,0
ORD,2018/9/8 1:51,67,53,13.8,0
ORD,2018/9/8 2:51,67,52,14.95,0
ORD,2018/9/8 3:51,67,53,12.65,0
ORD,2018/9/8 4:51,67,46,12.65,0
ORD,2018/9/8 5:51,66,50,14.95,0
ORD,2018/9/8 6:51,66,53,12.65,0
ORD,2018/9/8 7:51,66,52,13.8,0
ORD,2018/9/8 8:51,65,50,19.55,0
ORD,2018/9/8 9:51,65,51,14.95,0
ORD,2018/9/8 10:51,65,49,13.8,0
ORD,2018/9/8 11:51,65,48,14.95,0
ORD,2018/9/8 12:51,66,54,16.1,0
ORD,2018/9/8 13:51,66,52,16.1,0
ORD,2018/9/8 14:51,67,51,16.1,0
ORD,2018/9/8 15:51,67,52,19.55,0
ORD,2018/9/8 16:51,68,53,16.1,0
ORD,2018/9/8 17:51,68,54,18.4,0
ORD,2018/9/8 18:51,68,54,20.7,0
ORD,2018/9/8 19:51,69,55,19.55,0
ORD,2018/9/8 20:51,68,55,20.7,0
ORD,2018/9/8 21:51,68,55,14.95,0
ORD,2018/9/8 22:51,68,54,17.25,0
ORD,2018/9/8 23:51,67,54,19.55,0
ORD,2018/9/9 0:51,67,54,16.1,0
ORD,2018/9/9 1:51,66,54,19.55,0
ORD,2018/9/9 2:51,66,54,17.25,0
ORD,2018/9/9 3:51,65,54,18.4,0
ORD,2018/9/9 4:51,63,52,19.55,0
ORD,2018/9/9 5:51,63,50,14.95,0
ORD,2018/9/9 6:51,62,50,16.1,0
ORD,2018/9/9 7:51,62,50,10.35,0
ORD,2018/9/9 8:51,62,49,12.65,0
ORD,2018/9/9 9:51,61,49,9.2,0
ORD,2018/9/9 10:51,61,49,12.65,0
ORD,2018/9/9 11:51,60,50,11.5,0
ORD,2018/9/9 12:51,61,51,13.8,0
ORD,2018/9/9 13:51,63,53,17.25,0
ORD,2018/9/9 14:51,63,54,16.1,0
ORD,2018/9/9 15:51,64,54,17.25,0
ORD,2018/9/9 16:51,67,55,16.1,0
ORD,2018/9/9 17:29,67,54,17.25,0
ORD,2018/9/9 17:51,67,54,19.55,0
ORD,2018/9/9 18:51,66,53,18.4,0
ORD,2018/9/9 19:51,67,52,20.7,0
ORD,2018/9/9 20:51,67,50,20.7,0
ORD,2018/9/9 21:51,68,49,25.3,0
ORD,2018/9/9 22:51,67,50,16.1,0
ORD,2018/9/9 23:51,66,51,18.4,0
ORD,2018/9/10 0:51,66,49,17.25,0
ORD,2018/9/10 1:51,64,50,13.8,0
ORD,2018/9/10 2:51,64,52,14.95,0
ORD,2018/9/10 3:51,63,52,9.2,0
ORD,2018/9/10 4:51,62,53,9.2,0
ORD,2018/9/10 5:51,60,53,6.9,0
ORD,2018/9/10 6:51,59,53,6.9,0
ORD,2018/9/10 7:51,57,53,6.9,0
ORD,2018/9/10 8:51,57,54,6.9,0
ORD,2018/9/10 9:51,58,54,8.05,0
ORD,2018/9/10 10:51,58,55,5.75,0
ORD,2018/9/10 11:21,59,55,5.75,0
ORD,2018/9/10 11:51,60,56,6.9,0
ORD,2018/9/10 12:43,61,57,8.05,0
ORD,2018/9/10 12:51,62,57,8.05,0
ORD,2018/9/10 13:51,65,58,6.9,0
ORD,2018/9/10 14:51,68,57,11.5,0
ORD,2018/9/10 15:51,70,57,12.65,0
ORD,2018/9/10 16:51,70,58,10.35,0
ORD,2018/9/10 17:51,71,59,9.2,0
ORD,2018/9/10 18:51,73,59,9.2,0
ORD,2018/9/10 19:51,72,59,5.75,0
ORD,2018/9/10 20:51,72,58,8.05,0
ORD,2018/9/10 21:51,72,59,10.35,0
ORD,2018/9/10 22:51,70,58,8.05,0
ORD,2018/9/10 23:51,67,57,6.9,0
ORD,2018/9/11 0:51,66,57,4.6,0
ORD,2018/9/11 1:51,64,57,4.6,0
ORD,2018/9/11 2:51,64,57,3.45,0
ORD,2018/9/11 3:51,63,57,0,0
ORD,2018/9/11 4:51,62,57,0,0
ORD,2018/9/11 5:51,61,57,0,0
ORD,2018/9/11 6:51,60,57,0,0
ORD,2018/9/11 7:51,59,57,0,0
ORD,2018/9/11 8:51,58,56,0,0
ORD,2018/9/11 9:51,58,55,3.45,0
ORD,2018/9/11 10:51,58,56,3.45,0
ORD,2018/9/11 11:51,58,56,0,0
ORD,2018/9/11 12:51,60,57,3.45,0
ORD,2018/9/11 13:51,65,59,3.45,0
ORD,2018/9/11 14:51,69,59,0,0
ORD,2018/9/11 15:51,72,58,0,0
ORD,2018/9/11 16:51,74,56,0,0
ORD,2018/9/11 17:51,77,55,4.6,0
ORD,2018/9/11 18:51,77,54,6.9,0
ORD,2018/9/11 19:51,79,56,6.9,0
ORD,2018/9/11 20:51,79,56,8.05,0
ORD,2018/9/11 21:51,79,55,8.05,0
ORD,2018/9/11 22:51,78,56,8.05,0
ORD,2018/9/11 23:51,76,55,8.05,0
ORD,2018/9/12 0:51,72,59,10.35,0
ORD,2018/9/12 1:51,69,59,8.05,0
ORD,2018/9/12 2:51,68,60,6.9,0
ORD,2018/9/12 3:51,67,60,5.75,0
ORD,2018/9/12 4:51,67,58,4.6,0
ORD,2018/9/12 5:51,67,57,6.9,0
ORD,2018/9/12 6:51,65,56,6.9,0
ORD,2018/9/12 7:51,64,56,0,0
ORD,2018/9/12 8:51,62,56,4.6,0
ORD,2018/9/12 9:51,62,56,4.6,0
ORD,2018/9/12 10:51,62,56,4.6,0
ORD,2018/9/12 11:51,61,56,4.6,0
ORD,2018/9/12 12:51,64,58,0,0
ORD,2018/9/12 13:51,69,58,5.75,0
ORD,2018/9/12 14:51,73,59,4.6,0
ORD,2018/9/12 15:51,76,60,3.45,0
ORD,2018/9/12 16:51,78,59,4.6,0
ORD,2018/9/12 17:51,79,60,4.6,0
ORD,2018/9/12 18:51,81,58,5.75,0
ORD,2018/9/12 19:51,81,58,11.5,0
ORD,2018/9/12 20:51,80,55,9.2,0
ORD,2018/9/12 21:51,79,51,9.2,0
ORD,2018/9/12 22:51,77,47,10.35,0
ORD,2018/9/12 23:51,74,50,6.9,0
ORD,2018/9/13 0:51,71,53,5.75,0
ORD,2018/9/13 1:51,69,55,4.6,0
ORD,2018/9/13 2:51,67,56,8.05,0
ORD,2018/9/13 3:51,67,59,6.9,0
ORD,2018/9/13 4:51,65,57,5.75,0
ORD,2018/9/13 5:51,64,57,4.6,0
ORD,2018/9/13 6:51,63,57,0,0
ORD,2018/9/13 7:51,62,57,0,0
ORD,2018/9/13 8:51,61,56,0,0
ORD,2018/9/13 9:51,60,56,0,0
ORD,2018/9/13 10:51,61,56,0,0
ORD,2018/9/13 11:51,61,56,0,0
ORD,2018/9/13 12:51,64,58,0,0
ORD,2018/9/13 13:51,68,58,3.45,0
ORD,2018/9/13 14:51,70,56,6.9,0
ORD,2018/9/13 15:51,73,57,5.75,0
ORD,2018/9/13 16:51,75,56,null,0
ORD,2018/9/13 17:51,77,57,4.6,0
ORD,2018/9/13 18:51,78,58,4.6,0
ORD,2018/9/13 19:51,78,59,11.5,0
ORD,2018/9/13 20:51,77,58,10.35,0
ORD,2018/9/13 21:51,77,59,9.2,0
ORD,2018/9/13 22:51,75,58,9.2,0
ORD,2018/9/13 23:51,73,58,9.2,0
ORD,2018/9/14 0:51,70,59,6.9,0
ORD,2018/9/14 1:51,69,60,5.75,0
ORD,2018/9/14 2:51,68,60,4.6,0
ORD,2018/9/14 3:51,67,60,3.45,0
ORD,2018/9/14 4:51,67,60,4.6,0
ORD,2018/9/14 5:51,67,60,3.45,0
ORD,2018/9/14 6:51,67,59,0,0
ORD,2018/9/14 7:51,65,59,0,0
ORD,2018/9/14 8:51,65,60,0,0
ORD,2018/9/14 9:51,64,60,0,0
ORD,2018/9/14 10:51,64,60,0,0
ORD,2018/9/14 11:51,66,60,0,0
ORD,2018/9/14 12:51,69,62,3.45,0
ORD,2018/9/14 13:51,73,62,0,0
ORD,2018/9/14 14:51,78,63,3.45,0
ORD,2018/9/14 15:51,81,62,0,0
ORD,2018/9/14 16:51,84,60,0,0
ORD,2018/9/14 17:51,84,60,4.6,0
ORD,2018/9/14 18:51,85,61,4.6,0
ORD,2018/9/14 19:51,85,60,10.35,0
ORD,2018/9/14 20:51,83,60,12.65,0
ORD,2018/9/14 21:51,81,60,11.5,0
ORD,2018/9/14 22:51,80,58,10.35,0
ORD,2018/9/14 23:51,77,58,6.9,0
ORD,2018/9/15 0:51,75,58,6.9,0
ORD,2018/9/15 1:51,74,59,5.75,0
ORD,2018/9/15 2:51,72,60,4.6,0
ORD,2018/9/15 3:51,72,60,3.45,0
ORD,2018/9/15 4:51,70,61,0,0
ORD,2018/9/15 5:51,70,61,0,0
ORD,2018/9/15 6:51,68,61,0,0
ORD,2018/9/15 7:51,68,62,3.45,0
ORD,2018/9/15 8:51,66,61,3.45,0
ORD,2018/9/15 9:51,65,62,3.45,0
ORD,2018/9/15 10:51,65,62,4.6,0
ORD,2018/9/15 11:51,64,62,4.6,0
ORD,2018/9/15 12:51,68,64,3.45,0
ORD,2018/9/15 13:51,72,65,4.6,0
ORD,2018/9/15 14:51,76,65,5.75,0
ORD,2018/9/15 15:51,79,62,10.35,0
ORD,2018/9/15 16:51,80,62,9.2,0
ORD,2018/9/15 17:51,81,61,12.65,0
ORD,2018/9/15 18:51,82,62,8.05,0
ORD,2018/9/15 19:51,81,62,11.5,0
ORD,2018/9/15 20:51,81,62,6.9,0
ORD,2018/9/15 21:51,80,59,10.35,0
ORD,2018/9/15 22:51,78,59,6.9,0
ORD,2018/9/15 23:51,75,61,11.5,0
ORD,2018/9/16 0:51,73,61,10.35,0
ORD,2018/9/16 1:51,72,62,9.2,0
ORD,2018/9/16 2:51,72,63,8.05,0
ORD,2018/9/16 3:51,72,62,8.05,0
ORD,2018/9/16 4:51,70,63,5.75,0
ORD,2018/9/16 5:51,69,64,4.6,0
ORD,2018/9/16 6:51,69,65,3.45,0
ORD,2018/9/16 7:51,67,64,4.6,0
ORD,2018/9/16 8:51,67,64,4.6,0
ORD,2018/9/16 9:51,68,66,5.75,0
ORD,2018/9/16 10:51,68,66,6.9,0
ORD,2018/9/16 11:51,69,66,3.45,0
ORD,2018/9/16 12:51,72,68,3.45,0
ORD,2018/9/16 13:51,75,69,4.6,0
ORD,2018/9/16 14:51,79,69,0,0
ORD,2018/9/16 15:51,82,70,6.9,0
ORD,2018/9/16 16:51,85,70,6.9,0
ORD,2018/9/16 17:51,87,65,8.05,0
ORD,2018/9/16 18:51,88,66,5.75,0
ORD,2018/9/16 19:51,86,67,10.35,0
ORD,2018/9/16 20:51,85,66,13.8,0
ORD,2018/9/16 21:51,86,66,13.8,0
ORD,2018/9/16 22:51,84,64,12.65,0
ORD,2018/9/16 23:51,81,62,9.2,0
ORD,2018/9/17 0:51,79,63,6.9,0
ORD,2018/9/17 1:51,76,64,6.9,0
ORD,2018/9/17 2:51,76,63,6.9,0
ORD,2018/9/17 3:51,75,64,5.75,0
ORD,2018/9/17 4:51,74,65,4.6,0
ORD,2018/9/17 5:51,73,65,0,0
ORD,2018/9/17 6:51,72,65,0,0
ORD,2018/9/17 7:51,72,65,0,0
ORD,2018/9/17 8:51,71,65,3.45,0
ORD,2018/9/17 9:51,70,65,0,0
ORD,2018/9/17 10:51,70,65,0,0
ORD,2018/9/17 11:51,71,65,3.45,0
ORD,2018/9/17 12:51,73,65,3.45,0
ORD,2018/9/17 13:51,74,65,4.6,0
ORD,2018/9/17 14:51,80,66,3.45,0
ORD,2018/9/17 15:51,85,65,0,0
ORD,2018/9/17 16:51,88,65,6.9,0
ORD,2018/9/17 17:51,89,64,3.45,0
ORD,2018/9/17 18:51,90,64,4.6,0
ORD,2018/9/17 19:51,90,63,8.05,0
ORD,2018/9/17 20:51,89,61,8.05,0
ORD,2018/9/17 21:51,89,63,6.9,0
ORD,2018/9/17 22:51,87,64,5.75,0
ORD,2018/9/17 23:51,83,64,6.9,0
ORD,2018/9/18 0:51,82,63,4.6,0
ORD,2018/9/18 1:51,80,64,4.6,0
ORD,2018/9/18 2:51,78,64,0,0
ORD,2018/9/18 3:51,76,65,0,0
ORD,2018/9/18 4:51,75,65,0,0
ORD,2018/9/18 5:51,74,65,0,0
ORD,2018/9/18 6:51,74,64,4.6,0
ORD,2018/9/18 7:51,74,64,4.6,0
ORD,2018/9/18 8:51,72,65,9.2,0
ORD,2018/9/18 9:49,71.6,66.2,11.5,0
ORD,2018/9/18 9:51,71,67,11.5,0
ORD,2018/9/18 10:51,69,66,10.35,0
ORD,2018/9/18 11:48,69.8,64.4,6.9,0
ORD,2018/9/18 11:51,69,65,6.9,0
ORD,2018/9/18 12:24,69,65,11.5,0
ORD,2018/9/18 12:51,69,64,14.95,0
ORD,2018/9/18 13:01,68,64,16.1,0
ORD,2018/9/18 13:51,67,62,3.45,0
ORD,2018/9/18 14:51,71,64,5.75,T
ORD,2018/9/18 15:51,72,63,4.6,0
ORD,2018/9/18 16:51,74,64,8.05,0
ORD,2018/9/18 17:51,74,65,11.5,0
ORD,2018/9/18 18:31,72,64,14.95,0
ORD,2018/9/18 18:51,71,64,12.65,0
ORD,2018/9/18 19:51,73,63,13.8,0
ORD,2018/9/18 20:51,73,61,0,0
ORD,2018/9/18 21:51,74,61,6.9,T
ORD,2018/9/18 22:51,74,62,0,0
ORD,2018/9/18 23:51,72,64,13.8,0
ORD,2018/9/19 0:48,69.8,62.6,13.8,0
ORD,2018/9/19 0:51,69,63,14.95,0
ORD,2018/9/19 1:06,69,63,10.35,0
ORD,2018/9/19 1:51,69,63,9.2,0
ORD,2018/9/19 2:51,69,63,11.5,0
ORD,2018/9/19 3:51,68,63,4.6,0
ORD,2018/9/19 4:51,68,63,8.05,0
ORD,2018/9/19 5:51,67,63,8.05,0
ORD,2018/9/19 6:51,66,62,10.35,0
ORD,2018/9/19 7:43,66,62,10.35,0
ORD,2018/9/19 7:51,66,62,9.2,0
ORD,2018/9/19 8:48,66.2,62.6,8.05,0
ORD,2018/9/19 8:51,66,62,9.2,0
ORD,2018/9/19 9:51,67,62,10.35,0
ORD,2018/9/19 10:51,68,62,10.35,0
ORD,2018/9/19 11:51,68,61,8.05,0
ORD,2018/9/19 12:51,68,62,8.05,0
ORD,2018/9/19 13:48,69.8,62.6,9.2,0
ORD,2018/9/19 13:51,70,62,8.05,0
ORD,2018/9/19 14:51,71,62,5.75,0
ORD,2018/9/19 15:51,74,62,5.75,0
ORD,2018/9/19 16:51,75,61,10.35,0
ORD,2018/9/19 17:51,74,62,11.5,0
ORD,2018/9/19 18:51,73,62,11.5,0
ORD,2018/9/19 19:51,71,61,13.8,0
ORD,2018/9/19 20:51,71,61,10.35,0
ORD,2018/9/19 21:51,70,61,12.65,0
ORD,2018/9/19 22:38,68,61,14.95,T
ORD,2018/9/19 22:41,67,62,16.1,T
ORD,2018/9/19 22:44,67,63,13.8,1.78
ORD,2018/9/19 22:51,66,63,11.5,5.08
ORD,2018/9/19 22:56,66,63,10.35,0.25
ORD,2018/9/19 23:04,66,63,10.35,0.25
ORD,2018/9/19 23:21,66,63,9.2,0.25
ORD,2018/9/19 23:51,66,63,10.35,0.25
ORD,2018/9/20 0:51,67,63,5.75,0
ORD,2018/9/20 1:51,67,64,8.05,0
ORD,2018/9/20 2:07,67,64,8.05,0
ORD,2018/9/20 2:14,67,65,9.2,0
ORD,2018/9/20 2:51,67,65,10.35,0
ORD,2018/9/20 3:51,68,65,9.2,0
ORD,2018/9/20 4:51,68,65,5.75,0
ORD,2018/9/20 5:51,67,65,3.45,0
ORD,2018/9/20 6:51,68,65,0,0
ORD,2018/9/20 7:51,67,65,5.75,0
ORD,2018/9/20 8:51,67,65,0,0
ORD,2018/9/20 9:51,67,65,0,0
ORD,2018/9/20 10:51,68,66,0,0
ORD,2018/9/20 11:51,68,66,0,0
ORD,2018/9/20 12:51,70,67,0,0
ORD,2018/9/20 13:06,70,67,9.2,0
ORD,2018/9/20 13:12,70,67,11.5,0
ORD,2018/9/20 13:51,71,68,4.6,0
ORD,2018/9/20 14:02,72,68,5.75,0
ORD,2018/9/20 14:51,74,69,6.9,0
ORD,2018/9/20 15:28,77,70,6.9,0
ORD,2018/9/20 15:51,77,70,9.2,0
ORD,2018/9/20 16:51,81,71,8.05,0
ORD,2018/9/20 17:51,85,72,8.05,0
ORD,2018/9/20 18:51,89,72,8.05,0
ORD,2018/9/20 19:51,91,71,10.35,0
ORD,2018/9/20 20:51,90,72,5.75,0
ORD,2018/9/20 21:51,91,68,10.35,0
ORD,2018/9/20 22:51,92,68,11.5,0
ORD,2018/9/20 23:51,90,66,5.75,0
ORD,2018/9/21 0:51,89,66,11.5,0
ORD,2018/9/21 1:51,88,66,14.95,0
ORD,2018/9/21 2:51,87,66,16.1,0
ORD,2018/9/21 3:51,85,66,16.1,0
ORD,2018/9/21 4:51,84,65,18.4,0
ORD,2018/9/21 5:51,83,66,17.25,0
ORD,2018/9/21 6:51,83,66,21.85,0
ORD,2018/9/21 7:51,82,65,20.7,0
ORD,2018/9/21 8:51,82,65,13.8,0
ORD,2018/9/21 9:51,82,66,14.95,0
ORD,2018/9/21 10:51,79,64,13.8,0
ORD,2018/9/21 11:51,78,62,11.5,0
ORD,2018/9/21 12:51,76,61,23,0
ORD,2018/9/21 13:51,75,62,12.65,0
ORD,2018/9/21 14:26,75,63,19.55,0
ORD,2018/9/21 14:51,75,63,13.8,0
ORD,2018/9/21 15:51,76,61,20.7,0
ORD,2018/9/21 16:51,76,58,16.1,0
ORD,2018/9/21 17:51,73,53,19.55,0
ORD,2018/9/21 18:51,72,51,18.4,0
ORD,2018/9/21 19:51,72,50,17.25,0
ORD,2018/9/21 20:51,72,50,17.25,0
ORD,2018/9/21 21:51,71,49,17.25,0
ORD,2018/9/21 22:51,68,49,12.65,0
ORD,2018/9/21 23:51,64,47,17.25,0
ORD,2018/9/22 0:51,62,46,12.65,0
ORD,2018/9/22 1:51,60,45,12.65,0
ORD,2018/9/22 2:51,58,42,17.25,0
ORD,2018/9/22 3:51,57,42,14.95,0
ORD,2018/9/22 4:51,56,42,11.5,0
ORD,2018/9/22 5:51,57,42,18.4,0
ORD,2018/9/22 6:51,55,43,11.5,0
ORD,2018/9/22 7:51,53,42,12.65,0
ORD,2018/9/22 8:51,53,43,12.65,0
ORD,2018/9/22 9:51,51,44,11.5,0
ORD,2018/9/22 10:51,52,44,11.5,0
ORD,2018/9/22 11:51,52,45,5.75,0
ORD,2018/9/22 12:16,57,41,12.65,0
ORD,2018/9/22 12:51,58,42,12.65,0
ORD,2018/9/22 13:51,60,41,19.55,0
ORD,2018/9/22 14:51,60,42,17.25,0
ORD,2018/9/22 15:51,61,43,14.95,0
ORD,2018/9/22 16:51,61,41,14.95,0
ORD,2018/9/22 17:51,62,39,11.5,0
ORD,2018/9/22 18:51,62,41,10.35,0
ORD,2018/9/22 19:51,63,42,10.35,0
ORD,2018/9/22 20:51,63,42,9.2,0
ORD,2018/9/22 21:51,63,43,9.2,0
ORD,2018/9/22 22:51,62,43,6.9,0
ORD,2018/9/22 23:51,60,45,6.9,0
ORD,2018/9/23 0:51,59,46,8.05,0
ORD,2018/9/23 1:51,58,47,3.45,0
ORD,2018/9/23 2:51,58,47,3.45,0
ORD,2018/9/23 3:51,56,48,0,0
ORD,2018/9/23 4:51,54,48,0,0
ORD,2018/9/23 5:51,54,47,0,0
ORD,2018/9/23 6:51,53,48,0,0
ORD,2018/9/23 7:51,52,47,0,0
ORD,2018/9/23 8:51,52,47,0,0
ORD,2018/9/23 9:51,51,47,0,0
ORD,2018/9/23 10:51,51,46,0,0
ORD,2018/9/23 11:51,51,46,0,0
ORD,2018/9/23 12:51,54,49,3.45,0
ORD,2018/9/23 13:51,59,50,3.45,0
ORD,2018/9/23 14:51,63,51,0,0
ORD,2018/9/23 15:51,66,51,4.6,0
ORD,2018/9/23 16:51,68,51,5.75,0
ORD,2018/9/23 17:51,70,51,9.2,0
ORD,2018/9/23 18:51,70,51,10.35,0
ORD,2018/9/23 19:51,70,51,10.35,0
ORD,2018/9/23 20:51,70,50,8.05,0
ORD,2018/9/23 21:51,68,52,10.35,0
ORD,2018/9/23 22:51,67,52,10.35,0
ORD,2018/9/23 23:51,65,53,9.2,0
ORD,2018/9/24 0:51,64,54,9.2,0
ORD,2018/9/24 1:51,64,55,9.2,0
ORD,2018/9/24 2:51,64,56,6.9,0
ORD,2018/9/24 3:51,62,56,4.6,0
ORD,2018/9/24 4:51,62,56,3.45,0
ORD,2018/9/24 5:51,61,54,5.75,0
ORD,2018/9/24 6:51,60,54,6.9,0
ORD,2018/9/24 7:51,60,54,8.05,0
ORD,2018/9/24 8:51,59,53,6.9,0
ORD,2018/9/24 9:51,58,53,4.6,0
ORD,2018/9/24 10:51,57,53,4.6,0
ORD,2018/9/24 11:51,58,52,3.45,0
ORD,2018/9/24 12:51,62,54,3.45,0
ORD,2018/9/24 13:51,65,56,6.9,0
ORD,2018/9/24 14:51,69,57,4.6,0
ORD,2018/9/24 15:51,72,57,10.35,0
ORD,2018/9/24 16:51,74,60,10.35,0
ORD,2018/9/24 17:51,71,61,9.2,0
ORD,2018/9/24 18:51,70,61,10.35,0
ORD,2018/9/24 19:51,69,62,10.35,T
ORD,2018/9/24 20:14,68,63,10.35,0
ORD,2018/9/24 20:29,67,64,8.05,0
ORD,2018/9/24 20:51,68,64,6.9,0
ORD,2018/9/24 21:02,68,64,8.05,0
ORD,2018/9/24 21:22,69,64,9.2,0
ORD,2018/9/24 21:51,69,64,6.9,0
ORD,2018/9/24 22:51,70,64,5.75,0
ORD,2018/9/24 23:11,70,64,5.75,0
ORD,2018/9/24 23:51,70,64,4.6,0
ORD,2018/9/25 0:51,70,64,5.75,0
ORD,2018/9/25 1:51,70,64,4.6,0
ORD,2018/9/25 2:51,71,64,4.6,0
ORD,2018/9/25 3:51,71,65,6.9,0
ORD,2018/9/25 4:51,70,65,5.75,0
ORD,2018/9/25 5:51,70,66,4.6,0
ORD,2018/9/25 6:51,70,66,6.9,0
ORD,2018/9/25 7:51,69,66,4.6,0
ORD,2018/9/25 8:18,69,66,5.75,0
ORD,2018/9/25 8:51,69,66,3.45,0
ORD,2018/9/25 9:51,68,66,3.45,0
ORD,2018/9/25 10:11,68,66,4.6,0
ORD,2018/9/25 10:24,68,66,6.9,T
ORD,2018/9/25 10:51,69,67,3.45,0.25
ORD,2018/9/25 11:29,69,67,4.6,T
ORD,2018/9/25 11:51,69,67,4.6,T
ORD,2018/9/25 12:31,69,67,4.6,0
ORD,2018/9/25 12:49,69.8,66.2,3.45,0
ORD,2018/9/25 12:51,70,67,4.6,0
ORD,2018/9/25 13:51,71,67,6.9,0
ORD,2018/9/25 14:51,72,67,4.6,0
ORD,2018/9/25 15:47,75.2,66.2,6.9,0
ORD,2018/9/25 15:51,75,66,4.6,0
ORD,2018/9/25 16:46,75.2,64.4,10.35,0
ORD,2018/9/25 16:51,78,65,9.2,0
ORD,2018/9/25 17:51,81,63,14.95,0
ORD,2018/9/25 18:51,81,63,11.5,0
ORD,2018/9/25 19:51,82,64,10.35,0
ORD,2018/9/25 20:51,83,59,14.95,0
ORD,2018/9/25 21:51,82,58,12.65,0
ORD,2018/9/25 22:28,73,60,25.3,T
ORD,2018/9/25 22:31,71,60,20.7,T
ORD,2018/9/25 22:34,70,61,21.85,T
ORD,2018/9/25 22:38,68,63,12.65,0.76
ORD,2018/9/25 22:41,68,63,11.5,2.03
ORD,2018/9/25 22:51,67,63,6.9,4.32
ORD,2018/9/25 22:53,68,63,6.9,T
ORD,2018/9/25 23:51,67,63,8.05,1.52
ORD,2018/9/26 0:51,67,63,10.35,0.25
ORD,2018/9/26 1:12,67,63,11.5,0
ORD,2018/9/26 1:19,67,63,12.65,0
ORD,2018/9/26 1:44,67,64,10.35,0
ORD,2018/9/26 1:51,67,64,9.2,0
ORD,2018/9/26 2:51,66,59,16.1,0
ORD,2018/9/26 3:19,65,59,11.5,0
ORD,2018/9/26 3:51,65,59,13.8,0
ORD,2018/9/26 4:39,64,57,12.65,0
ORD,2018/9/26 4:51,63,57,9.2,0
ORD,2018/9/26 5:51,61,54,16.1,0
ORD,2018/9/26 6:51,59,51,13.8,0
ORD,2018/9/26 7:51,57,47,16.1,0
ORD,2018/9/26 8:51,56,47,11.5,0
ORD,2018/9/26 9:19,54,47,8.05,0
ORD,2018/9/26 9:51,53,46,10.35,0
ORD,2018/9/26 10:51,51,45,9.2,0
ORD,2018/9/26 11:51,50,45,6.9,0
ORD,2018/9/26 12:51,51,45,8.05,0
ORD,2018/9/26 13:51,54,46,8.05,0
ORD,2018/9/26 14:51,57,44,9.2,0
ORD,2018/9/26 15:51,61,43,12.65,0
ORD,2018/9/26 16:51,62,41,11.5,0
ORD,2018/9/26 17:51,64,43,12.65,0
ORD,2018/9/26 18:51,67,44,9.2,0
ORD,2018/9/26 19:51,65,42,10.35,0
ORD,2018/9/26 20:51,66,43,8.05,0
ORD,2018/9/26 21:51,66,42,9.2,0
ORD,2018/9/26 22:51,64,43,9.2,0
ORD,2018/9/26 23:51,62,43,5.75,0
ORD,2018/9/27 0:51,60,44,3.45,0
ORD,2018/9/27 1:51,58,45,3.45,0
ORD,2018/9/27 2:51,57,45,4.6,0
ORD,2018/9/27 3:51,55,45,4.6,0
ORD,2018/9/27 4:51,54,45,5.75,0
ORD,2018/9/27 5:51,54,45,4.6,0
ORD,2018/9/27 6:51,53,44,0,0
ORD,2018/9/27 7:51,51,44,4.6,0
ORD,2018/9/27 8:51,50,44,3.45,0
ORD,2018/9/27 9:51,49,44,4.6,0
ORD,2018/9/27 10:51,50,44,4.6,0
ORD,2018/9/27 11:51,50,44,4.6,0
ORD,2018/9/27 12:51,50,45,4.6,0
ORD,2018/9/27 13:51,57,46,6.9,0
ORD,2018/9/27 14:51,61,43,8.05,0
ORD,2018/9/27 15:51,63,40,13.8,0
ORD,2018/9/27 16:51,65,42,13.8,0
ORD,2018/9/27 17:51,66,41,13.8,0
ORD,2018/9/27 18:51,68,42,11.5,0
ORD,2018/9/27 19:51,69,42,10.35,0
ORD,2018/9/27 20:51,69,40,11.5,0
ORD,2018/9/27 21:51,69,41,8.05,0
ORD,2018/9/27 22:51,68,40,6.9,0
ORD,2018/9/27 23:51,66,39,8.05,0
ORD,2018/9/28 0:51,65,40,4.6,0
ORD,2018/9/28 1:51,63,41,5.75,0
ORD,2018/9/28 2:51,62,41,5.75,0
ORD,2018/9/28 3:51,61,41,8.05,0
ORD,2018/9/28 4:51,61,41,9.2,0
ORD,2018/9/28 5:51,61,42,10.35,0
ORD,2018/9/28 6:51,59,42,6.9,0
ORD,2018/9/28 7:51,57,43,5.75,0
ORD,2018/9/28 8:51,56,44,5.75,0
ORD,2018/9/28 9:51,56,44,5.75,0
ORD,2018/9/28 10:51,56,45,5.75,0
ORD,2018/9/28 11:51,56,46,3.45,0
ORD,2018/9/28 12:51,56,47,0,0
ORD,2018/9/28 13:51,59,49,3.45,0
ORD,2018/9/28 14:51,59,49,10.35,0
ORD,2018/9/28 15:51,59,48,11.5,0
ORD,2018/9/28 16:51,60,50,3.45,0
ORD,2018/9/28 17:51,59,48,6.9,0
ORD,2018/9/28 18:51,59,47,9.2,0
ORD,2018/9/28 19:51,54,44,5.75,T
ORD,2018/9/28 20:51,53,47,8.05,1.02
ORD,2018/9/28 21:51,51,44,6.9,0.51
ORD,2018/9/28 22:51,51,45,6.9,0.25
ORD,2018/9/28 23:51,50,44,4.6,T
ORD,2018/9/29 0:51,50,44,6.9,0
ORD,2018/9/29 1:51,49,44,6.9,0
ORD,2018/9/29 2:51,49,44,5.75,0
ORD,2018/9/29 3:51,47,44,4.6,0
ORD,2018/9/29 4:51,47,42,4.6,0
ORD,2018/9/29 5:51,46,41,5.75,0
ORD,2018/9/29 6:51,46,40,4.6,0
ORD,2018/9/29 7:51,44,39,3.45,0
ORD,2018/9/29 8:51,43,38,4.6,0
ORD,2018/9/29 9:51,43,38,5.75,0
ORD,2018/9/29 10:51,42,37,3.45,0
ORD,2018/9/29 11:51,42,38,4.6,0
ORD,2018/9/29 12:51,45,38,0,0
ORD,2018/9/29 13:51,49,39,0,0
ORD,2018/9/29 14:51,55,38,0,0
ORD,2018/9/29 15:51,57,33,8.05,0
ORD,2018/9/29 16:51,58,33,6.9,0
ORD,2018/9/29 17:51,61,36,8.05,0
ORD,2018/9/29 18:51,59,33,8.05,0
ORD,2018/9/29 19:51,58,35,9.2,0
ORD,2018/9/29 20:51,57,37,9.2,0
ORD,2018/9/29 21:51,56,37,8.05,0
ORD,2018/9/29 22:51,57,37,6.9,0
ORD,2018/9/29 23:51,56,38,9.2,0
ORD,2018/9/30 0:51,57,38,9.2,0
ORD,2018/9/30 1:51,54,44,6.9,0.51
ORD,2018/9/30 2:51,54,44,8.05,T
ORD,2018/9/30 3:51,54,46,8.05,T
ORD,2018/9/30 4:51,55,45,6.9,0
ORD,2018/9/30 5:51,55,48,8.05,T
ORD,2018/9/30 6:51,54,46,12.65,T
ORD,2018/9/30 7:51,53,46,9.2,0.25
ORD,2018/9/30 8:51,53,48,10.35,T
ORD,2018/9/30 9:27,53,49,4.6,0
ORD,2018/9/30 9:51,53,49,6.9,0
ORD,2018/9/30 10:11,53,49,11.5,0
ORD,2018/9/30 10:49,53.6,48.2,8.05,0
ORD,2018/9/30 10:51,53,49,8.05,0
ORD,2018/9/30 11:51,54,50,6.9,0
ORD,2018/9/30 12:51,55,50,3.45,0
ORD,2018/9/30 13:51,57,51,6.9,0
ORD,2018/9/30 14:51,60,51,3.45,0
ORD,2018/9/30 15:51,61,51,0,0
ORD,2018/9/30 16:08,61,52,0,0
ORD,2018/9/30 16:51,60,53,0,T
ORD,2018/9/30 17:24,60,54,4.6,T
ORD,2018/9/30 17:48,59,55.4,3.45,0.25
ORD,2018/9/30 17:51,59,55,3.45,0.25
ORD,2018/9/30 18:10,59,55,0,0.25
ORD,2018/9/30 18:38,60,56,0,0.25
ORD,2018/9/30 18:51,59,56,3.45,0.51
ORD,2018/9/30 19:43,61,58,5.75,0.25
ORD,2018/9/30 19:51,62,58,5.75,0.25
ORD,2018/9/30 20:51,60,58,6.9,0
ORD,2018/9/30 21:21,61,58,6.9,0
ORD,2018/9/30 21:42,61,57,9.2,0
ORD,2018/9/30 21:51,60,57,10.35,0
ORD,2018/9/30 22:51,59,56,9.2,0
ORD,2018/9/30 23:51,59,55,11.5,0
ORD,2018/10/1 0:51,59,55,10.35,0
ORD,2018/10/1 1:51,59,55,10.35,0
ORD,2018/10/1 2:51,59,54,10.35,0
ORD,2018/10/1 3:51,59,54,8.05,0
ORD,2018/10/1 4:51,58,55,13.8,0
ORD,2018/10/1 5:12,58,55,12.65,T
ORD,2018/10/1 5:51,57,55,9.2,0.25
ORD,2018/10/1 6:51,57,54,11.5,0.25
ORD,2018/10/1 7:51,57,54,12.65,0
ORD,2018/10/1 8:51,57,54,10.35,0
ORD,2018/10/1 9:24,57,54,11.5,0
ORD,2018/10/1 9:51,57,54,9.2,0
ORD,2018/10/1 10:51,57,54,5.75,0
ORD,2018/10/1 11:51,58,54,9.2,0
ORD,2018/10/1 12:51,58,54,9.2,0
ORD,2018/10/1 13:07,58,54,8.05,0
ORD,2018/10/1 13:51,58,55,9.2,0
ORD,2018/10/1 14:51,59,55,5.75,0
ORD,2018/10/1 15:18,59,55,6.9,T
ORD,2018/10/1 15:51,60,55,5.75,T
ORD,2018/10/1 16:51,63,56,0,0
ORD,2018/10/1 17:13,63,56,3.45,0
ORD,2018/10/1 17:51,65,57,5.75,0
ORD,2018/10/1 18:51,68,58,4.6,0
ORD,2018/10/1 19:51,71,60,5.75,0
ORD,2018/10/1 20:51,72,61,4.6,0
ORD,2018/10/1 21:51,68,59,8.05,0
ORD,2018/10/1 22:51,65,59,5.75,0
ORD,2018/10/1 23:51,65,59,6.9,0
ORD,2018/10/2 0:51,64,59,9.2,0
ORD,2018/10/2 1:51,63,59,8.05,0
ORD,2018/10/2 2:51,64,60,9.2,T
ORD,2018/10/2 3:07,63,61,9.2,T
ORD,2018/10/2 3:21,64,61,17.25,0.25
ORD,2018/10/2 3:33,64,61,13.8,3.81
ORD,2018/10/2 3:42,64,62,8.05,8.64
ORD,2018/10/2 3:51,64,63,3.45,18.03
ORD,2018/10/2 4:05,64,63,5.75,3.05
ORD,2018/10/2 4:16,65,64,8.05,4.83
ORD,2018/10/2 4:25,65,64,5.75,6.35
ORD,2018/10/2 4:46,64.4,64.4,4.6,16
ORD,2018/10/2 4:51,65,64,5.75,16.26
ORD,2018/10/2 5:14,65,64,5.75,2.54
ORD,2018/10/2 5:41,65,64,8.05,4.06
ORD,2018/10/2 5:51,65,64,6.9,4.32
ORD,2018/10/2 6:09,66,64,9.2,0.76
ORD,2018/10/2 6:51,67,65,8.05,0.76
ORD,2018/10/2 7:46,66.2,64.4,11.5,0.25
ORD,2018/10/2 7:51,67,64,9.2,0.25
ORD,2018/10/2 8:51,66,63,9.2,T
ORD,2018/10/2 9:30,61,59,12.65,T
ORD,2018/10/2 9:51,60,59,8.05,T
ORD,2018/10/2 10:03,60,58,8.05,0
ORD,2018/10/2 10:51,59,57,4.6,0
ORD,2018/10/2 11:51,58,55,10.35,0
ORD,2018/10/2 12:51,58,55,8.05,0
ORD,2018/10/2 13:51,58,55,6.9,0
ORD,2018/10/2 14:51,59,55,6.9,0
ORD,2018/10/2 15:44,59,54,4.6,0
ORD,2018/10/2 15:51,59,54,3.45,0
ORD,2018/10/2 16:51,60,54,4.6,0
ORD,2018/10/2 17:51,60,54,0,0
ORD,2018/10/2 18:47,60.8,53.6,0,0
ORD,2018/10/2 18:51,61,54,3.45,0
ORD,2018/10/2 19:51,62,54,0,0
ORD,2018/10/2 20:51,63,54,0,0
ORD,2018/10/2 21:51,62,54,3.45,0
ORD,2018/10/2 22:51,62,54,0,0
ORD,2018/10/2 23:28,62,54,0,0
ORD,2018/10/2 23:51,62,54,0,0
ORD,2018/10/3 0:34,61,55,5.75,0
ORD,2018/10/3 0:51,61,56,4.6,0
ORD,2018/10/3 1:51,61,55,5.75,0
ORD,2018/10/3 2:51,61,56,5.75,0
ORD,2018/10/3 3:19,61,55,6.9,0
ORD,2018/10/3 3:51,61,56,4.6,0
ORD,2018/10/3 4:51,60,56,6.9,0
ORD,2018/10/3 5:51,60,56,8.05,0
ORD,2018/10/3 6:51,60,57,6.9,0
ORD,2018/10/3 7:51,60,56,5.75,0
ORD,2018/10/3 8:51,59,56,6.9,0
ORD,2018/10/3 9:51,59,56,9.2,0
ORD,2018/10/3 10:51,61,58,10.35,0
ORD,2018/10/3 11:51,63,60,5.75,0
ORD,2018/10/3 12:51,65,62,8.05,0
ORD,2018/10/3 13:51,70,64,10.35,0
ORD,2018/10/3 14:51,74,66,10.35,0
ORD,2018/10/3 15:51,78,67,11.5,0
ORD,2018/10/3 16:51,82,68,11.5,0
ORD,2018/10/3 17:51,84,67,19.55,0
ORD,2018/10/3 18:51,85,66,19.55,0
ORD,2018/10/3 19:51,86,66,13.8,0
ORD,2018/10/3 20:51,87,64,20.7,0
ORD,2018/10/3 21:51,87,64,16.1,0
ORD,2018/10/3 22:51,86,63,17.25,0
ORD,2018/10/3 23:51,85,63,18.4,0
ORD,2018/10/4 0:51,84,63,20.7,T
ORD,2018/10/4 1:51,83,64,16.1,0
ORD,2018/10/4 2:51,82,64,19.55,0
ORD,2018/10/4 3:51,82,64,20.7,0
ORD,2018/10/4 4:51,81,65,18.4,0
ORD,2018/10/4 5:51,80,66,17.25,T
ORD,2018/10/4 6:06,74,68,18.4,0
ORD,2018/10/4 6:51,72,69,9.2,1.02
ORD,2018/10/4 7:31,72,69,9.2,T
ORD,2018/10/4 7:41,72,69,11.5,T
ORD,2018/10/4 7:51,72,69,10.35,T
ORD,2018/10/4 8:49,69.8,64.4,13.8,0
ORD,2018/10/4 8:51,70,65,14.95,0
ORD,2018/10/4 9:09,69,64,10.35,0
ORD,2018/10/4 9:51,65,57,14.95,0
ORD,2018/10/4 10:51,61,54,14.95,0
ORD,2018/10/4 11:51,58,50,20.7,0
ORD,2018/10/4 12:51,57,49,17.25,0
ORD,2018/10/4 13:51,55,44,18.4,0
ORD,2018/10/4 14:51,55,43,14.95,0
ORD,2018/10/4 15:51,56,43,20.7,0
ORD,2018/10/4 16:51,55,42,23,0
ORD,2018/10/4 17:47,55.4,42.8,19.55,0
ORD,2018/10/4 17:51,56,42,17.25,0
ORD,2018/10/4 18:51,56,42,16.1,0
ORD,2018/10/4 19:51,55,42,21.85,0
ORD,2018/10/4 20:51,56,42,17.25,0
ORD,2018/10/4 21:51,54,42,17.25,0
ORD,2018/10/4 22:51,53,41,18.4,0
ORD,2018/10/4 23:51,52,41,18.4,0
ORD,2018/10/5 0:51,52,42,16.1,0
ORD,2018/10/5 1:51,52,43,12.65,0
ORD,2018/10/5 2:51,53,44,9.2,0
ORD,2018/10/5 3:51,54,46,12.65,0
ORD,2018/10/5 4:51,56,45,12.65,0
ORD,2018/10/5 5:51,57,45,13.8,0
ORD,2018/10/5 6:51,57,46,12.65,0
ORD,2018/10/5 7:51,57,46,8.05,0
ORD,2018/10/5 8:51,57,48,6.9,0
ORD,2018/10/5 9:08,57,48,9.2,0
ORD,2018/10/5 9:51,58,49,9.2,0
ORD,2018/10/5 10:31,57,50,11.5,T
ORD,2018/10/5 10:51,55,51,13.8,1.27
ORD,2018/10/5 11:23,55,52,8.05,2.79
ORD,2018/10/5 11:51,55,52,6.9,3.56
ORD,2018/10/5 12:02,55,52,8.05,0.25
ORD,2018/10/5 12:36,54,52,10.35,3.05
ORD,2018/10/5 12:48,53.6,51.8,11.5,3.3
ORD,2018/10/5 12:51,54,52,10.35,3.56
ORD,2018/10/5 13:51,55,53,9.2,1.27
ORD,2018/10/5 14:51,56,54,4.6,T
ORD,2018/10/5 15:51,57,55,5.75,0
ORD,2018/10/5 16:51,59,57,4.6,0
ORD,2018/10/5 17:51,61,58,5.75,0
ORD,2018/10/5 17:58,61,59,5.75,T
ORD,2018/10/5 18:23,61,60,8.05,T
ORD,2018/10/5 18:47,62.6,60.8,6.9,T
ORD,2018/10/5 18:51,62,60,4.6,T
ORD,2018/10/5 19:14,63,60,10.35,0
ORD,2018/10/5 19:51,63,60,8.05,0
ORD,2018/10/5 20:51,64,60,6.9,0
ORD,2018/10/5 21:51,64,61,6.9,0
ORD,2018/10/5 22:51,64,61,3.45,0
ORD,2018/10/5 23:51,64,60,4.6,0
ORD,2018/10/6 0:51,64,61,4.6,0
ORD,2018/10/6 1:07,64,61,5.75,T
ORD,2018/10/6 1:20,63,61,6.9,T
ORD,2018/10/6 1:33,63,61,4.6,4.06
ORD,2018/10/6 1:43,63,61,0,4.32
ORD,2018/10/6 1:51,63,61,8.05,4.32
ORD,2018/10/6 1:59,63,61,4.6,T
ORD,2018/10/6 2:03,63,61,4.6,1.52
ORD,2018/10/6 2:17,63,61,3.45,6.1
ORD,2018/10/6 2:27,63,61,3.45,8.38
ORD,2018/10/6 2:32,63,61,5.75,9.91
ORD,2018/10/6 2:51,63,62,4.6,11.94
ORD,2018/10/6 3:28,64,62,4.6,2.54
ORD,2018/10/6 3:51,64,63,4.6,3.05
ORD,2018/10/6 4:51,65,63,9.2,2.03
ORD,2018/10/6 5:51,65,63,6.9,0.51
ORD,2018/10/6 6:51,64,63,4.6,T
ORD,2018/10/6 7:51,65,63,6.9,0
ORD,2018/10/6 8:51,65,63,0,T
ORD,2018/10/6 9:49,64.4,62.6,5.75,T
ORD,2018/10/6 9:51,65,63,5.75,T
ORD,2018/10/6 10:06,65,63,9.2,T
ORD,2018/10/6 10:17,65,63,3.45,T
ORD,2018/10/6 10:23,65,63,4.6,T
ORD,2018/10/6 10:26,65,63,3.45,0.51
ORD,2018/10/6 10:37,65,63,0,1.78
ORD,2018/10/6 10:51,65,63,0,1.78
ORD,2018/10/6 11:16,65,63,0,0.25
ORD,2018/10/6 11:23,65,63,3.45,0.25
ORD,2018/10/6 11:32,65,63,4.6,0.51
ORD,2018/10/6 11:42,65,63,4.6,1.02
ORD,2018/10/6 11:51,65,63,4.6,1.02
ORD,2018/10/6 12:51,65,64,0,T
ORD,2018/10/6 13:51,68,66,6.9,0
ORD,2018/10/6 14:33,70,66,8.05,0
ORD,2018/10/6 14:51,69,65,8.05,0
ORD,2018/10/6 15:51,66,63,9.2,0
ORD,2018/10/6 16:51,63,61,10.35,0
ORD,2018/10/6 17:17,61,59,13.8,T
ORD,2018/10/6 17:32,61,59,9.2,0.25
ORD,2018/10/6 17:51,61,59,10.35,0.25
ORD,2018/10/6 18:51,60,57,12.65,T
ORD,2018/10/6 19:51,61,57,11.5,T
ORD,2018/10/6 20:33,61,56,9.2,0
ORD,2018/10/6 20:51,61,56,10.35,0
ORD,2018/10/6 21:51,59,54,12.65,0
ORD,2018/10/6 22:51,58,52,12.65,0
ORD,2018/10/6 23:51,58,51,12.65,0
ORD,2018/10/7 0:51,58,50,9.2,0
ORD,2018/10/7 1:51,57,51,10.35,0
ORD,2018/10/7 2:51,57,51,8.05,0
ORD,2018/10/7 3:46,57.2,50,11.5,0
ORD,2018/10/7 3:51,57,50,9.2,0
ORD,2018/10/7 4:51,58,51,12.65,0
ORD,2018/10/7 5:27,58,51,12.65,0
ORD,2018/10/7 5:51,58,51,10.35,0
ORD,2018/10/7 6:51,58,52,12.65,T
ORD,2018/10/7 7:42,58,52,9.2,0.25
ORD,2018/10/7 7:51,57,52,11.5,0.25
ORD,2018/10/7 8:22,58,53,9.2,T
ORD,2018/10/7 8:51,58,54,8.05,0.25
ORD,2018/10/7 9:51,57,53,10.35,T
ORD,2018/10/7 10:51,57,53,11.5,0.25
ORD,2018/10/7 11:51,57,54,6.9,T
ORD,2018/10/7 12:51,57,54,11.5,T
ORD,2018/10/7 13:36,58,55,12.65,0.76
ORD,2018/10/7 13:51,58,55,11.5,0.76
ORD,2018/10/7 14:51,58,55,12.65,0.25
ORD,2018/10/7 15:51,59,56,11.5,0.51
ORD,2018/10/7 16:51,59,56,11.5,T
ORD,2018/10/7 17:51,58,56,14.95,0
ORD,2018/10/7 18:51,58,55,16.1,0
ORD,2018/10/7 19:51,58,55,14.95,0
ORD,2018/10/7 20:51,59,55,13.8,0
ORD,2018/10/7 21:51,59,56,12.65,0
ORD,2018/10/7 22:51,59,56,12.65,0
ORD,2018/10/7 23:51,60,57,11.5,0
ORD,2018/10/8 0:16,60,58,9.2,0
ORD,2018/10/8 0:41,60,58,10.35,T
ORD,2018/10/8 0:51,60,58,10.35,T
ORD,2018/10/8 1:51,61,59,9.2,T
ORD,2018/10/8 2:47,60.8,60.8,6.9,T
ORD,2018/10/8 2:51,61,60,6.9,T
ORD,2018/10/8 3:11,62,60,5.75,3.56
ORD,2018/10/8 3:19,62,61,3.45,4.06
ORD,2018/10/8 3:51,61,60,0,7.62
ORD,2018/10/8 4:36,62,61,6.9,2.79
ORD,2018/10/8 4:51,62,61,6.9,3.05
ORD,2018/10/8 5:08,62,61,8.05,T
ORD,2018/10/8 5:22,62,61,9.2,0.25
ORD,2018/10/8 5:51,63,61,4.6,0.25
ORD,2018/10/8 6:08,63,62,4.6,0
ORD,2018/10/8 6:18,63,61,3.45,T
ORD,2018/10/8 6:32,63,62,4.6,1.52
ORD,2018/10/8 6:51,64,62,4.6,3.3
ORD,2018/10/8 6:59,64,63,4.6,0.51
ORD,2018/10/8 7:51,64,62,5.75,0.51
ORD,2018/10/8 8:51,64,62,3.45,0
ORD,2018/10/8 9:51,63,62,0,0
ORD,2018/10/8 9:58,63,61,0,0
ORD,2018/10/8 10:39,64,62,5.75,0
ORD,2018/10/8 10:47,64.4,62.6,6.9,0
ORD,2018/10/8 10:51,65,64,5.75,0
ORD,2018/10/8 11:51,66,64,6.9,0
ORD,2018/10/8 12:51,67,66,9.2,0
ORD,2018/10/8 13:46,69.8,66.2,8.05,0
ORD,2018/10/8 13:51,69,67,9.2,0
ORD,2018/10/8 14:51,72,68,10.35,0
ORD,2018/10/8 15:51,76,69,12.65,0
ORD,2018/10/8 16:51,78,69,9.2,0
ORD,2018/10/8 17:51,80,68,11.5,0
ORD,2018/10/8 18:51,83,68,14.95,0
ORD,2018/10/8 19:51,82,67,13.8,0
ORD,2018/10/8 20:51,84,65,18.4,0
ORD,2018/10/8 21:51,84,63,11.5,0
ORD,2018/10/8 22:51,81,63,10.35,0
ORD,2018/10/8 23:51,78,63,6.9,0
ORD,2018/10/9 0:51,76,63,6.9,0
ORD,2018/10/9 1:51,75,63,5.75,0
ORD,2018/10/9 2:51,74,62,8.05,0
ORD,2018/10/9 3:51,73,63,10.35,0
ORD,2018/10/9 4:51,73,63,8.05,0
ORD,2018/10/9 5:51,73,64,6.9,0
ORD,2018/10/9 6:51,74,64,11.5,0
ORD,2018/10/9 7:51,74,64,9.2,0
ORD,2018/10/9 8:51,73,65,10.35,0
ORD,2018/10/9 9:51,72,65,8.05,0
ORD,2018/10/9 10:51,71,66,6.9,0
ORD,2018/10/9 11:51,70,66,8.05,0
ORD,2018/10/9 12:51,72,66,10.35,0
ORD,2018/10/9 13:51,74,67,6.9,0
ORD,2018/10/9 14:51,76,68,8.05,0
ORD,2018/10/9 15:51,80,67,14.95,0
ORD,2018/10/9 16:51,82,68,13.8,0
ORD,2018/10/9 17:51,83,66,14.95,0
ORD,2018/10/9 18:51,84,66,12.65,0
ORD,2018/10/9 19:51,85,65,10.35,0
ORD,2018/10/9 20:51,84,65,13.8,0
ORD,2018/10/9 21:51,77,68,5.75,0.25
ORD,2018/10/9 22:51,78,68,4.6,0
ORD,2018/10/9 23:51,77,66,8.05,0
ORD,2018/10/10 0:51,77,66,9.2,0
ORD,2018/10/10 1:51,76,64,8.05,0
ORD,2018/10/10 2:51,76,64,10.35,0
ORD,2018/10/10 3:51,76,64,10.35,0
ORD,2018/10/10 4:51,76,63,12.65,0
ORD,2018/10/10 5:51,76,63,14.95,0
ORD,2018/10/10 6:51,74,63,11.5,0
ORD,2018/10/10 7:51,73,63,13.8,0
ORD,2018/10/10 8:51,73,63,12.65,0
ORD,2018/10/10 9:51,72,63,10.35,0
ORD,2018/10/10 10:51,71,63,10.35,0
ORD,2018/10/10 11:51,70,63,10.35,0
ORD,2018/10/10 12:51,70,63,11.5,0
ORD,2018/10/10 13:51,72,64,16.1,0
ORD,2018/10/10 14:09,72,64,19.55,0
ORD,2018/10/10 14:51,72,65,12.65,T
ORD,2018/10/10 15:51,72,66,14.95,T
ORD,2018/10/10 16:51,73,66,13.8,0
ORD,2018/10/10 17:51,72,69,6.9,0.51
ORD,2018/10/10 17:59,72,68,8.05,T
ORD,2018/10/10 18:37,72,69,9.2,0.51
ORD,2018/10/10 18:39,72,69,8.05,0.76
ORD,2018/10/10 18:51,72,69,9.2,1.52
ORD,2018/10/10 19:37,69,66,9.2,4.57
ORD,2018/10/10 19:51,69,66,9.2,5.08
ORD,2018/10/10 20:00,69,66,8.05,1.78
ORD,2018/10/10 20:12,68,66,6.9,1.78
ORD,2018/10/10 20:51,69,66,6.9,1.78
ORD,2018/10/10 21:51,71,65,11.5,0
ORD,2018/10/10 22:51,70,64,8.05,0
ORD,2018/10/10 23:51,69,64,9.2,0
ORD,2018/10/11 0:51,66,56,17.25,0
ORD,2018/10/11 1:26,63,51,20.7,0
ORD,2018/10/11 1:51,61,51,19.55,0
ORD,2018/10/11 2:29,58,48,20.7,0
ORD,2018/10/11 2:51,56,47,23,0
ORD,2018/10/11 3:41,54,46,18.4,0
ORD,2018/10/11 3:51,54,45,18.4,0
ORD,2018/10/11 4:51,53,42,20.7,0
ORD,2018/10/11 5:37,51,40,20.7,0
ORD,2018/10/11 5:51,51,40,23,0
ORD,2018/10/11 6:51,50,38,16.1,0
ORD,2018/10/11 7:51,49,37,18.4,0
ORD,2018/10/11 8:12,49,37,12.65,0
ORD,2018/10/11 8:51,49,38,12.65,0
ORD,2018/10/11 9:51,48,36,19.55,0
ORD,2018/10/11 10:51,45,34,17.25,0
ORD,2018/10/11 11:51,43,33,14.95,0
ORD,2018/10/11 12:21,43,33,16.1,0
ORD,2018/10/11 12:51,43,30.9,19.55,0
ORD,2018/10/11 13:51,43,32,18.4,0
ORD,2018/10/11 14:51,44,32,10.35,0
ORD,2018/10/11 15:25,46,33,10.35,0
ORD,2018/10/11 15:51,45,32,13.8,0
ORD,2018/10/11 16:51,46,32,14.95,0
ORD,2018/10/11 17:51,48,32,19.55,0
ORD,2018/10/11 18:51,48,32,14.95,0
ORD,2018/10/11 19:51,50,32,16.1,0
ORD,2018/10/11 20:51,49,32,14.95,0
ORD,2018/10/11 21:51,49,32,16.1,0
ORD,2018/10/11 22:51,48,32,12.65,0
ORD,2018/10/11 23:51,46,32,9.2,0
ORD,2018/10/12 0:51,45,30.9,10.35,0
ORD,2018/10/12 1:51,43,30.9,11.5,0
ORD,2018/10/12 2:51,42,30.9,9.2,0
ORD,2018/10/12 3:51,41,30.9,8.05,0
ORD,2018/10/12 4:51,40,30.9,5.75,0
ORD,2018/10/12 5:51,40,33,5.75,0
ORD,2018/10/12 6:51,40,32,5.75,0
ORD,2018/10/12 7:51,39,28.9,6.9,0
ORD,2018/10/12 8:51,38,28.9,5.75,0
ORD,2018/10/12 9:51,37,28.9,5.75,0
ORD,2018/10/12 10:51,37,30,3.45,0
ORD,2018/10/12 11:51,36,30.9,3.45,0
ORD,2018/10/12 12:51,38,32,4.6,0
ORD,2018/10/12 13:51,40,32,10.35,0
ORD,2018/10/12 14:51,40,28.9,3.45,0
ORD,2018/10/12 15:51,41,30,6.9,0
ORD,2018/10/12 16:51,41,30,9.2,0
ORD,2018/10/12 17:06,41,30,10.35,0
ORD,2018/10/12 17:51,41,32,6.9,0
ORD,2018/10/12 18:27,41,32,8.05,T
ORD,2018/10/12 18:51,41,30.9,10.35,T
ORD,2018/10/12 18:59,41,32,8.05,0
ORD,2018/10/12 19:51,41,32,8.05,0
ORD,2018/10/12 20:51,42,33,8.05,0
ORD,2018/10/12 21:21,42,32,9.2,0
ORD,2018/10/12 21:51,42,32,11.5,0
ORD,2018/10/12 22:51,42,32,8.05,0
ORD,2018/10/12 23:26,41,32,8.05,0
ORD,2018/10/12 23:51,41,32,9.2,0
ORD,2018/10/13 0:33,41,33,6.9,0
ORD,2018/10/13 0:51,40,33,9.2,0
ORD,2018/10/13 1:01,40,33,9.2,0
ORD,2018/10/13 1:51,40,33,6.9,0
ORD,2018/10/13 2:51,39,34,5.75,0
ORD,2018/10/13 3:51,38,34,5.75,0
ORD,2018/10/13 4:51,37,34,5.75,0
ORD,2018/10/13 5:51,37,34,4.6,0
ORD,2018/10/13 6:51,36,33,4.6,0
ORD,2018/10/13 7:51,35,32,4.6,0
ORD,2018/10/13 8:51,34,32,4.6,0
ORD,2018/10/13 9:51,34,32,4.6,0
ORD,2018/10/13 10:39,33,30.9,5.75,0
ORD,2018/10/13 10:49,32,30.2,3.45,0
ORD,2018/10/13 10:51,32,30.9,4.6,0
ORD,2018/10/13 11:15,32,30.9,5.75,0
ORD,2018/10/13 11:32,32,30.9,5.75,0
ORD,2018/10/13 11:48,32,30.2,4.6,0
ORD,2018/10/13 11:51,32,30.9,4.6,0
ORD,2018/10/13 12:51,33,32,6.9,0
ORD,2018/10/13 13:18,33,33,5.75,0
ORD,2018/10/13 13:48,33.8,33.8,6.9,0
ORD,2018/10/13 13:51,34,34,5.75,0
ORD,2018/10/13 14:13,35,34,6.9,0
ORD,2018/10/13 14:51,40,33,8.05,0
ORD,2018/10/13 15:51,44,32,8.05,0
ORD,2018/10/13 16:51,48,34,13.8,0
ORD,2018/10/13 17:51,49,34,9.2,0
ORD,2018/10/13 18:51,50,35,13.8,0
ORD,2018/10/13 19:51,52,34,13.8,0
ORD,2018/10/13 20:51,53,35,11.5,0
ORD,2018/10/13 21:51,51,35,10.35,0
ORD,2018/10/13 22:51,50,35,11.5,0
ORD,2018/10/13 23:51,48,36,5.75,0
ORD,2018/10/14 0:51,47,37,6.9,0
ORD,2018/10/14 1:51,46,37,5.75,0
ORD,2018/10/14 2:51,45,37,5.75,0
ORD,2018/10/14 3:51,44,37,5.75,0
ORD,2018/10/14 4:51,43,37,3.45,0
ORD,2018/10/14 5:51,42,36,5.75,0
ORD,2018/10/14 6:51,42,37,5.75,0
ORD,2018/10/14 7:51,41,37,0,0
ORD,2018/10/14 8:51,40,36,0,0
ORD,2018/10/14 9:51,39,36,0,0
ORD,2018/10/14 10:51,39,36,0,0
ORD,2018/10/14 11:51,39,36,4.6,0
ORD,2018/10/14 12:51,40,37,0,0
ORD,2018/10/14 13:51,45,40,0,0
ORD,2018/10/14 14:51,49,39,8.05,0
ORD,2018/10/14 15:51,52,39,9.2,0
ORD,2018/10/14 16:51,54,41,6.9,0
ORD,2018/10/14 17:42,53,40,6.9,0
ORD,2018/10/14 17:51,53,41,11.5,0
ORD,2018/10/14 18:51,52,41,5.75,0
ORD,2018/10/14 19:51,53,42,8.05,0
ORD,2018/10/14 20:51,54,42,6.9,0
ORD,2018/10/14 21:51,54,42,6.9,0
ORD,2018/10/14 22:51,53,42,6.9,0
ORD,2018/10/14 23:51,52,42,9.2,0
ORD,2018/10/15 0:11,52,42,6.9,0
ORD,2018/10/15 0:51,50,40,11.5,0
ORD,2018/10/15 1:51,49,42,12.65,T
ORD,2018/10/15 2:51,47,42,8.05,0.25
ORD,2018/10/15 3:41,47,43,4.6,1.27
ORD,2018/10/15 3:51,46,43,3.45,1.52
ORD,2018/10/15 4:51,47,43,9.2,T
ORD,2018/10/15 5:51,47,43,8.05,T
ORD,2018/10/15 6:37,46,43,9.2,T
ORD,2018/10/15 6:46,46.4,42.8,11.5,T
ORD,2018/10/15 6:51,46,43,13.8,T
ORD,2018/10/15 7:51,42,40,16.1,1.02
ORD,2018/10/15 8:51,40,37,9.2,1.02
ORD,2018/10/15 9:51,38,35,12.65,0.51
ORD,2018/10/15 10:51,38,34,11.5,0
ORD,2018/10/15 11:51,37,33,11.5,0
ORD,2018/10/15 12:51,37,32,10.35,0
ORD,2018/10/15 13:51,38,30.9,12.65,0
ORD,2018/10/15 14:51,40,30,12.65,0
ORD,2018/10/15 15:32,39,28.9,11.5,0
ORD,2018/10/15 15:51,40,28,14.95,0
ORD,2018/10/15 16:09,41,27,17.25,0
ORD,2018/10/15 16:51,42,30,12.65,0
ORD,2018/10/15 17:51,45,28,13.8,0
ORD,2018/10/15 18:51,46,26.1,14.95,0
ORD,2018/10/15 19:51,47,26.1,16.1,0
ORD,2018/10/15 20:51,47,26.1,17.25,0
ORD,2018/10/15 21:51,47,25,14.95,0
ORD,2018/10/15 22:51,46,26.1,14.95,0
ORD,2018/10/15 23:51,44,27,6.9,0
ORD,2018/10/16 0:51,42,28,5.75,0
ORD,2018/10/16 1:51,40,28.9,3.45,0
ORD,2018/10/16 2:51,39,28.9,4.6,0
ORD,2018/10/16 3:51,39,28.9,4.6,0
ORD,2018/10/16 4:51,37,28.9,5.75,0
ORD,2018/10/16 5:51,37,28.9,9.2,0
ORD,2018/10/16 6:51,36,28.9,6.9,0
ORD,2018/10/16 7:51,35,28.9,5.75,0
ORD,2018/10/16 8:51,35,28.9,9.2,0
ORD,2018/10/16 9:51,35,28.9,10.35,0
ORD,2018/10/16 10:51,35,28.9,9.2,0
ORD,2018/10/16 11:51,35,28.9,9.2,0
ORD,2018/10/16 12:51,35,30,10.35,0
ORD,2018/10/16 13:51,40,28.9,10.35,0
ORD,2018/10/16 14:51,44,28.9,13.8,0
ORD,2018/10/16 15:51,47,28,20.7,0
ORD,2018/10/16 16:51,50,27,19.55,0
ORD,2018/10/16 17:51,52,28.9,19.55,0
ORD,2018/10/16 18:51,55,28.9,17.25,0
ORD,2018/10/16 19:51,57,30.9,13.8,0
ORD,2018/10/16 20:51,58,30.9,20.7,0
ORD,2018/10/16 21:51,58,32,16.1,0
ORD,2018/10/16 22:51,57,33,14.95,0
ORD,2018/10/16 23:51,55,34,9.2,0
ORD,2018/10/17 0:51,54,34,10.35,0
ORD,2018/10/17 1:51,52,35,9.2,0
ORD,2018/10/17 2:51,51,35,12.65,0
ORD,2018/10/17 3:51,50,36,9.2,0
ORD,2018/10/17 5:51,48,36,10.35,0
ORD,2018/10/17 6:51,46,35,8.05,0
ORD,2018/10/17 7:51,44,34,8.05,0
ORD,2018/10/17 8:51,45,33,11.5,0
ORD,2018/10/17 9:51,45,32,11.5,0
ORD,2018/10/17 10:51,44,32,11.5,0
ORD,2018/10/17 11:51,42,30.9,10.35,0
ORD,2018/10/17 12:51,42,30.9,10.35,0
ORD,2018/10/17 13:51,42,30,14.95,0
ORD,2018/10/17 14:51,44,28,19.55,0
ORD,2018/10/17 15:51,46,28,16.1,0
ORD,2018/10/17 16:51,47,28.9,12.65,0
ORD,2018/10/17 17:51,49,30,12.65,0
ORD,2018/10/17 18:51,50,28,13.8,0
ORD,2018/10/17 19:51,50,26.1,12.65,0
ORD,2018/10/17 20:51,50,23,13.8,0
ORD,2018/10/17 21:51,50,23,11.5,0
ORD,2018/10/17 22:51,49,23,6.9,0
ORD,2018/10/17 23:51,47,24.1,6.9,0
ORD,2018/10/18 0:51,45,27,4.6,0
ORD,2018/10/18 1:51,43,27,0,0
ORD,2018/10/18 2:51,42,28,5.75,0
ORD,2018/10/18 3:51,41,28,5.75,0
ORD,2018/10/18 4:51,40,28,4.6,0
ORD,2018/10/18 5:51,39,27,5.75,0
ORD,2018/10/18 6:51,38,28,5.75,0
ORD,2018/10/18 7:51,37,27,0,0
ORD,2018/10/18 8:51,35,28,3.45,0
ORD,2018/10/18 9:51,34,28,0,0
ORD,2018/10/18 10:51,35,28,0,0
ORD,2018/10/18 11:51,34,28,0,0
ORD,2018/10/18 12:51,36,28,0,0
ORD,2018/10/18 13:51,44,28.9,0,0
ORD,2018/10/18 14:51,49,21,5.75,0
ORD,2018/10/18 15:51,51,21.9,8.05,0
ORD,2018/10/18 16:51,52,24.1,10.35,0
ORD,2018/10/18 17:51,54,26.1,9.2,0
ORD,2018/10/18 18:51,56,25,9.2,0
ORD,2018/10/18 19:51,57,26.1,11.5,0
ORD,2018/10/18 20:51,58,26.1,9.2,0
ORD,2018/10/18 21:51,58,26.1,11.5,0
ORD,2018/10/18 22:51,56,27,6.9,0
ORD,2018/10/18 23:51,54,28.9,4.6,0
ORD,2018/10/19 0:51,51,30,5.75,0
ORD,2018/10/19 1:51,50,30,6.9,0
ORD,2018/10/19 2:51,49,30.9,6.9,0
ORD,2018/10/19 3:51,49,30,6.9,0
ORD,2018/10/19 4:51,49,30.9,8.05,0
ORD,2018/10/19 5:51,48,30.9,10.35,0
ORD,2018/10/19 6:51,46,32,10.35,0
ORD,2018/10/19 7:51,47,30.9,10.35,0
ORD,2018/10/19 8:51,47,30.9,10.35,0
ORD,2018/10/19 9:51,47,30,10.35,0
ORD,2018/10/19 10:51,46,30.9,13.8,0
ORD,2018/10/19 11:51,47,32,8.05,0
ORD,2018/10/19 12:51,48,32,14.95,0
ORD,2018/10/19 13:51,49,33,13.8,0
ORD,2018/10/19 14:51,50,33,12.65,0
ORD,2018/10/19 15:51,51,36,12.65,T
ORD,2018/10/19 16:51,50,41,13.8,T
ORD,2018/10/19 17:51,50,43,13.8,0.25
ORD,2018/10/19 18:51,51,44,16.1,0.51
ORD,2018/10/19 19:51,52,44,11.5,T
ORD,2018/10/19 20:49,51.8,46.4,13.8,T
ORD,2018/10/19 20:51,52,46,14.95,T
ORD,2018/10/19 21:38,51,47,14.95,0
ORD,2018/10/19 21:41,51,48,16.1,T
ORD,2018/10/19 21:51,51,48,16.1,T
ORD,2018/10/19 22:23,51,48,17.25,0
ORD,2018/10/19 22:51,51,48,12.65,0
ORD,2018/10/19 23:44,52,48,14.95,T
ORD,2018/10/19 23:51,52,48,13.8,T
ORD,2018/10/20 0:51,54,48,17.25,T
ORD,2018/10/20 1:51,54,49,11.5,0
ORD,2018/10/20 2:51,54,49,11.5,0
ORD,2018/10/20 3:51,53,49,9.2,0
ORD,2018/10/20 4:51,51,48,6.9,0
ORD,2018/10/20 5:51,50,46,8.05,0
ORD,2018/10/20 6:51,50,43,8.05,0
ORD,2018/10/20 7:51,49,40,8.05,0
ORD,2018/10/20 8:51,48,37,9.2,0
ORD,2018/10/20 9:51,47,36,10.35,0
ORD,2018/10/20 10:51,46,36,6.9,0
ORD,2018/10/20 11:51,45,35,9.2,0
ORD,2018/10/20 12:51,46,36,10.35,0
ORD,2018/10/20 13:51,48,36,12.65,0
ORD,2018/10/20 14:51,51,35,18.4,0
ORD,2018/10/20 15:51,50,33,21.85,0
ORD,2018/10/20 16:51,51,30.9,23,0
ORD,2018/10/20 17:51,45,28.9,25.3,T
ORD,2018/10/20 18:51,38,27,24.15,T
ORD,2018/10/20 19:51,40,24.1,25.3,T
ORD,2018/10/20 20:51,41,26.1,21.85,0
ORD,2018/10/20 21:51,40,25,19.55,0
ORD,2018/10/20 22:51,40,21.9,14.95,0
ORD,2018/10/20 23:51,38,19,14.95,0
ORD,2018/10/21 0:51,37,18,13.8,0
ORD,2018/10/21 1:51,36,18,10.35,0
ORD,2018/10/21 2:51,35,18,10.35,0
ORD,2018/10/21 3:51,34,19,5.75,0
ORD,2018/10/21 4:51,33,19.9,8.05,0
ORD,2018/10/21 5:51,30.9,19.9,6.9,0
ORD,2018/10/21 6:51,30,21,5.75,0
ORD,2018/10/21 7:51,30,21,6.9,0
ORD,2018/10/21 8:51,30,21,8.05,0
ORD,2018/10/21 9:51,30,21,8.05,0
ORD,2018/10/21 10:51,28.9,21,10.35,0
ORD,2018/10/21 11:51,28.9,21,4.6,0
ORD,2018/10/21 12:51,28.9,21.9,3.45,0
ORD,2018/10/21 13:51,34,21.9,5.75,0
ORD,2018/10/21 14:51,38,19.9,10.35,0
ORD,2018/10/21 15:51,40,19.9,9.2,0
ORD,2018/10/21 16:51,43,19.9,10.35,0
ORD,2018/10/21 17:51,46,21,11.5,0
ORD,2018/10/21 18:51,47,21,10.35,0
ORD,2018/10/21 19:51,49,19.9,16.1,0
ORD,2018/10/21 20:51,51,21.9,12.65,0
ORD,2018/10/21 21:51,50,21.9,12.65,0
ORD,2018/10/21 22:51,49,21,9.2,0
ORD,2018/10/21 23:51,47,23,8.05,0
ORD,2018/10/22 0:51,47,23,10.35,0
ORD,2018/10/22 1:51,46,24.1,9.2,0
ORD,2018/10/22 2:51,45,25,9.2,0
ORD,2018/10/22 3:51,43,25,6.9,0
ORD,2018/10/22 4:51,42,26.1,9.2,0
ORD,2018/10/22 5:51,41,26.1,9.2,0
ORD,2018/10/22 6:51,41,27,6.9,0
ORD,2018/10/22 7:51,40,27,5.75,0
ORD,2018/10/22 8:51,39,27,3.45,0
ORD,2018/10/22 9:51,39,27,3.45,0
ORD,2018/10/22 10:51,39,28,4.6,0
ORD,2018/10/22 11:51,39,28,6.9,0
ORD,2018/10/22 12:51,39,28.9,4.6,0
ORD,2018/10/22 13:51,42,30.9,6.9,0
ORD,2018/10/22 14:51,48,33,9.2,0
ORD,2018/10/22 15:51,50,34,6.9,0
ORD,2018/10/22 16:51,54,35,8.05,0
ORD,2018/10/22 17:51,58,36,11.5,0
ORD,2018/10/22 18:51,61,36,9.2,0
ORD,2018/10/22 19:51,62,34,10.35,0
ORD,2018/10/22 20:51,64,33,10.35,0
ORD,2018/10/22 21:51,64,32,8.05,0
ORD,2018/10/22 22:51,61,30.9,6.9,0
ORD,2018/10/22 23:51,58,32,5.75,0
ORD,2018/10/23 0:51,56,34,8.05,0
ORD,2018/10/23 1:51,54,34,6.9,0
ORD,2018/10/23 2:51,54,34,9.2,0
ORD,2018/10/23 3:51,53,34,9.2,0
ORD,2018/10/23 4:51,51,33,6.9,0
ORD,2018/10/23 5:51,49,32,6.9,0
ORD,2018/10/23 6:51,47,30.9,5.75,0
ORD,2018/10/23 7:51,46,30,6.9,0
ORD,2018/10/23 8:51,44,28.9,9.2,0
ORD,2018/10/23 9:51,43,28,10.35,0
ORD,2018/10/23 10:51,42,28,10.35,0
ORD,2018/10/23 11:51,41,27,8.05,0
ORD,2018/10/23 12:51,41,28,8.05,0
ORD,2018/10/23 13:51,44,30.9,13.8,0
ORD,2018/10/23 14:51,47,33,13.8,0
ORD,2018/10/23 15:51,48,34,10.35,0
ORD,2018/10/23 16:51,50,35,6.9,0
ORD,2018/10/23 17:51,52,32,8.05,0
ORD,2018/10/23 18:51,54,32,4.6,0
ORD,2018/10/23 19:51,53,34,4.6,0
ORD,2018/10/23 20:51,53,32,4.6,0
ORD,2018/10/23 21:51,52,36,6.9,0
ORD,2018/10/23 22:51,48,36,9.2,0
ORD,2018/10/23 23:51,46,36,6.9,0
ORD,2018/10/24 0:51,46,36,5.75,0
ORD,2018/10/24 1:51,45,36,4.6,0
ORD,2018/10/24 2:51,43,36,3.45,0
ORD,2018/10/24 3:51,42,36,3.45,0
ORD,2018/10/24 4:51,40,35,0,0
ORD,2018/10/24 5:51,38,35,4.6,0
ORD,2018/10/24 6:51,39,35,0,0
ORD,2018/10/24 7:51,38,34,4.6,0
ORD,2018/10/24 8:51,37,34,0,0
ORD,2018/10/24 9:51,38,35,3.45,0
ORD,2018/10/24 10:51,40,35,3.45,0
ORD,2018/10/24 11:51,38,35,3.45,0
ORD,2018/10/24 12:51,40,34,4.6,0
ORD,2018/10/24 13:51,42,34,3.45,0
ORD,2018/10/24 14:51,45,35,4.6,0
ORD,2018/10/24 15:51,47,36,5.75,0
ORD,2018/10/24 16:07,47,36,4.6,0
ORD,2018/10/24 16:51,47,36,3.45,0
ORD,2018/10/24 17:16,49,37,4.6,0
ORD,2018/10/24 17:51,49,36,3.45,0
ORD,2018/10/24 18:51,50,36,4.6,0
ORD,2018/10/24 19:51,50,37,4.6,0
ORD,2018/10/24 20:51,51,35,4.6,0
ORD,2018/10/24 21:51,50,35,6.9,0
ORD,2018/10/24 22:51,48,34,5.75,0
ORD,2018/10/24 23:51,45,36,6.9,0
ORD,2018/10/25 0:51,43,36,5.75,0
ORD,2018/10/25 1:51,43,36,4.6,0
ORD,2018/10/25 2:51,42,35,0,0
ORD,2018/10/25 3:51,42,36,0,0
ORD,2018/10/25 4:51,40,35,0,0
ORD,2018/10/25 5:51,39,35,0,0
ORD,2018/10/25 6:51,38,35,0,0
ORD,2018/10/25 7:51,37,34,0,0
ORD,2018/10/25 8:51,39,35,3.45,0
ORD,2018/10/25 9:51,40,34,3.45,0
ORD,2018/10/25 10:51,40,33,3.45,0
ORD,2018/10/25 11:51,40,33,4.6,0
ORD,2018/10/25 12:51,41,32,4.6,0
ORD,2018/10/25 13:51,42,33,3.45,0
ORD,2018/10/25 14:51,45,34,4.6,0
ORD,2018/10/25 15:51,46,33,3.45,0
ORD,2018/10/25 16:51,48,33,5.75,0
ORD,2018/10/25 17:51,52,34,5.75,0
ORD,2018/10/25 18:51,52,33,4.6,0
ORD,2018/10/25 19:51,51,33,4.6,0
ORD,2018/10/25 20:51,51,35,10.35,0
ORD,2018/10/25 21:51,50,34,8.05,0
ORD,2018/10/25 22:51,48,35,9.2,0
ORD,2018/10/25 23:51,48,35,8.05,0
ORD,2018/10/26 0:51,48,35,5.75,0
ORD,2018/10/26 1:51,47,36,3.45,0
ORD,2018/10/26 2:51,48,36,8.05,0
ORD,2018/10/26 3:51,47,35,6.9,0
ORD,2018/10/26 4:51,47,35,4.6,0
ORD,2018/10/26 5:51,47,36,4.6,0
ORD,2018/10/26 6:51,47,37,4.6,0
ORD,2018/10/26 7:51,47,37,3.45,0
ORD,2018/10/26 8:51,47,38,5.75,0
ORD,2018/10/26 9:51,46,39,8.05,0
ORD,2018/10/26 10:51,47,39,4.6,0
ORD,2018/10/26 11:51,47,40,8.05,0
ORD,2018/10/26 12:51,48,40,5.75,0
ORD,2018/10/26 13:51,49,40,9.2,0
ORD,2018/10/26 14:51,50,40,10.35,0
ORD,2018/10/26 15:51,50,40,11.5,0
ORD,2018/10/26 16:51,52,40,11.5,0
ORD,2018/10/26 17:51,52,39,10.35,0
ORD,2018/10/26 18:51,52,39,11.5,0
ORD,2018/10/26 19:51,51,40,9.2,0
ORD,2018/10/26 20:51,50,39,13.8,0
ORD,2018/10/26 21:51,46,40,11.5,0
ORD,2018/10/26 22:51,49,40,13.8,0
ORD,2018/10/26 23:51,49,41,11.5,0
ORD,2018/10/27 0:51,49,41,9.2,0
ORD,2018/10/27 1:51,49,41,9.2,0
ORD,2018/10/27 2:51,49,41,9.2,0
ORD,2018/10/27 3:51,51,39,9.2,0
ORD,2018/10/27 4:51,50,40,9.2,0
ORD,2018/10/27 5:51,50,40,5.75,0
ORD,2018/10/27 6:51,48,40,3.45,0
ORD,2018/10/27 7:51,46,40,3.45,0
ORD,2018/10/27 8:51,45,41,4.6,0
ORD,2018/10/27 9:23,46,41,4.6,0
ORD,2018/10/27 9:51,46,40,4.6,0
ORD,2018/10/27 10:51,44,40,4.6,0
ORD,2018/10/27 11:51,45,40,4.6,0
ORD,2018/10/27 12:51,46,41,4.6,0
ORD,2018/10/27 13:51,48,42,6.9,0
ORD,2018/10/27 14:51,50,42,8.05,0
ORD,2018/10/27 15:51,52,39,9.2,0
ORD,2018/10/27 16:51,52,38,6.9,0
ORD,2018/10/27 17:51,53,38,5.75,0
ORD,2018/10/27 18:51,53,39,4.6,0
ORD,2018/10/27 19:51,53,40,9.2,0
ORD,2018/10/27 20:51,51,39,6.9,T
ORD,2018/10/27 21:51,50,40,5.75,T
ORD,2018/10/27 22:51,50,41,4.6,T
ORD,2018/10/27 23:51,49,41,4.6,T
ORD,2018/10/28 0:51,48,42,3.45,T
ORD,2018/10/28 1:51,47,41,3.45,0
ORD,2018/10/28 2:51,45,41,0,0
ORD,2018/10/28 3:51,43,41,5.75,0
ORD,2018/10/28 4:51,44,41,4.6,0
ORD,2018/10/28 5:51,45,41,4.6,0
ORD,2018/10/28 6:51,44,41,5.75,0
ORD,2018/10/28 7:51,45,41,8.05,0
ORD,2018/10/28 8:51,45,41,6.9,T
ORD,2018/10/28 9:51,45,42,6.9,0.25
ORD,2018/10/28 10:51,47,44,8.05,1.27
ORD,2018/10/28 11:51,47,45,11.5,1.52
ORD,2018/10/28 12:27,47,45,10.35,0
ORD,2018/10/28 12:51,48,46,13.8,0
ORD,2018/10/28 13:07,49,47,14.95,0
ORD,2018/10/28 13:22,50,47,14.95,0
ORD,2018/10/28 13:51,50,47,13.8,0
ORD,2018/10/28 14:36,51,46,17.25,0
ORD,2018/10/28 14:51,49,41,20.7,0
ORD,2018/10/28 15:12,49,40,16.1,0
ORD,2018/10/28 15:41,49,40,12.65,0
ORD,2018/10/28 15:51,49,40,13.8,0
ORD,2018/10/28 16:51,49,41,17.25,T
ORD,2018/10/28 17:14,48,41,18.4,0
ORD,2018/10/28 17:51,48,41,14.95,T
ORD,2018/10/28 18:51,48,43,16.1,T
ORD,2018/10/28 19:51,49,44,12.65,T
ORD,2018/10/28 20:51,50,43,14.95,T
ORD,2018/10/28 21:51,48,44,17.25,T
ORD,2018/10/28 22:51,48,42,14.95,T
ORD,2018/10/28 23:51,48,41,13.8,0
ORD,2018/10/29 0:22,47,42,10.35,T
ORD,2018/10/29 0:51,47,43,10.35,T
ORD,2018/10/29 1:16,47,42,11.5,T
ORD,2018/10/29 1:41,47,42,10.35,T
ORD,2018/10/29 1:51,47,42,11.5,T
ORD,2018/10/29 2:51,47,41,9.2,0
ORD,2018/10/29 3:51,47,40,6.9,0
ORD,2018/10/29 4:51,46,40,8.05,0
ORD,2018/10/29 5:51,44,39,5.75,0
ORD,2018/10/29 6:51,43,39,6.9,0
ORD,2018/10/29 7:51,44,39,9.2,0
ORD,2018/10/29 8:51,43,39,6.9,0
ORD,2018/10/29 9:51,42,38,6.9,0
ORD,2018/10/29 10:51,41,37,4.6,0
ORD,2018/10/29 11:51,40,37,8.05,0
ORD,2018/10/29 12:51,41,37,6.9,0
ORD,2018/10/29 13:51,43,37,10.35,0
ORD,2018/10/29 14:51,45,38,6.9,0
ORD,2018/10/29 15:51,49,39,11.5,0
ORD,2018/10/29 16:51,51,39,4.6,0
ORD,2018/10/29 17:51,52,36,5.75,0
ORD,2018/10/29 18:51,54,38,3.45,0
ORD,2018/10/29 19:51,52,36,5.75,0
ORD,2018/10/29 20:51,56,37,0,0
ORD,2018/10/29 21:51,54,36,0,0
ORD,2018/10/29 22:51,50,40,10.35,0
ORD,2018/10/29 23:51,49,42,5.75,0
ORD,2018/10/30 0:51,48,41,6.9,0
ORD,2018/10/30 1:51,47,42,4.6,0
ORD,2018/10/30 2:51,48,42,4.6,0
ORD,2018/10/30 3:51,46,41,5.75,0
ORD,2018/10/30 4:51,46,42,4.6,0
ORD,2018/10/30 5:51,46,41,5.75,0
ORD,2018/10/30 6:51,46,40,5.75,0
ORD,2018/10/30 7:51,46,40,8.05,0
ORD,2018/10/30 8:51,46,40,6.9,0
ORD,2018/10/30 9:51,45,39,6.9,0
ORD,2018/10/30 10:51,47,40,8.05,0
ORD,2018/10/30 11:51,47,39,8.05,0
ORD,2018/10/30 12:51,48,39,9.2,0
ORD,2018/10/30 13:51,50,39,6.9,0
ORD,2018/10/30 14:51,53,40,8.05,0
ORD,2018/10/30 15:51,56,42,11.5,0
ORD,2018/10/30 16:51,57,43,6.9,0
ORD,2018/10/30 17:51,58,45,10.35,0
ORD,2018/10/30 18:51,59,47,9.2,0
ORD,2018/10/30 19:29,60,48,10.35,0
ORD,2018/10/30 19:51,60,49,5.75,0
ORD,2018/10/30 20:51,62,51,6.9,0
ORD,2018/10/30 20:59,63,51,8.05,0
ORD,2018/10/30 21:51,64,53,5.75,0
ORD,2018/10/30 22:51,62,52,6.9,0
ORD,2018/10/30 23:31,62,54,8.05,0.25
ORD,2018/10/30 23:39,61,55,10.35,2.29
ORD,2018/10/30 23:42,60,55,0,2.29
ORD,2018/10/30 23:51,60,55,11.5,2.29
ORD,2018/10/31 0:04,59,55,5.75,0.76
ORD,2018/10/31 0:21,59,55,0,0.76
ORD,2018/10/31 0:37,59,55,0,0.76
ORD,2018/10/31 0:51,58,55,3.45,0.76
ORD,2018/10/31 1:06,58,56,4.6,0
ORD,2018/10/31 1:32,58,55,9.2,0
ORD,2018/10/31 1:51,57,55,6.9,0
ORD,2018/10/31 1:56,57,55,5.75,0
ORD,2018/10/31 2:18,56,54,9.2,0
ORD,2018/10/31 2:51,56,53,5.75,T
ORD,2018/10/31 3:31,56,53,4.6,T
ORD,2018/10/31 3:51,55,53,6.9,T
ORD,2018/10/31 4:09,55,54,4.6,0.76
ORD,2018/10/31 4:51,54,53,9.2,1.02
ORD,2018/10/31 5:51,52,49,13.8,2.79
ORD,2018/10/31 6:38,52,50,5.75,4.32
ORD,2018/10/31 6:51,52,50,5.75,4.32
ORD,2018/10/31 7:25,51,50,6.9,0.25
ORD,2018/10/31 7:51,51,50,9.2,0.51
ORD,2018/10/31 8:51,51,47,9.2,0.25
ORD,2018/10/31 9:51,49,46,9.2,0
ORD,2018/10/31 10:51,49,45,11.5,0
ORD,2018/10/31 10:56,49,45,11.5,0
ORD,2018/10/31 11:22,48,45,13.8,0
ORD,2018/10/31 11:39,48,45,8.05,0
ORD,2018/10/31 11:51,48,45,8.05,0
ORD,2018/10/31 12:51,48,44,8.05,0
ORD,2018/10/31 13:51,47,44,9.2,0
ORD,2018/10/31 14:51,49,43,11.5,0
ORD,2018/10/31 15:51,50,43,10.35,0
ORD,2018/10/31 16:51,51,42,3.45,0
ORD,2018/10/31 17:51,56,40,5.75,0
ORD,2018/10/31 18:51,57,39,5.75,0
ORD,2018/10/31 19:51,59,39,6.9,0
ORD,2018/10/31 20:51,58,35,9.2,0
ORD,2018/10/31 21:51,57,37,5.75,0
ORD,2018/10/31 22:51,56,38,5.75,0
ORD,2018/10/31 23:51,55,38,5.75,0
ORD,2018/11/1 0:51,53,39,5.75,0
ORD,2018/11/1 1:51,53,40,4.6,0
ORD,2018/11/1 2:51,52,40,4.6,0
ORD,2018/11/1 3:51,52,40,4.6,0
ORD,2018/11/1 4:51,51,38,5.75,0
ORD,2018/11/1 5:51,51,36,8.05,0
ORD,2018/11/1 6:51,49,36,5.75,0
ORD,2018/11/1 7:51,49,37,5.75,0
ORD,2018/11/1 8:51,49,36,8.05,0
ORD,2018/11/1 9:51,49,37,10.35,0
ORD,2018/11/1 10:51,50,36,9.2,0
ORD,2018/11/1 11:51,50,36,10.35,0
ORD,2018/11/1 12:51,50,37,11.5,0
ORD,2018/11/1 13:51,50,38,10.35,0
ORD,2018/11/1 14:51,50,37,10.35,0
ORD,2018/11/1 15:51,51,36,12.65,0
ORD,2018/11/1 16:51,52,36,18.4,0
ORD,2018/11/1 17:51,51,36,18.4,0
ORD,2018/11/1 18:51,51,37,21.85,0
ORD,2018/11/1 19:51,49,38,19.55,0
ORD,2018/11/1 20:51,49,37,18.4,0
ORD,2018/11/1 21:51,48,38,16.1,0
ORD,2018/11/1 22:51,47,37,18.4,0
ORD,2018/11/1 23:51,46,36,16.1,0
ORD,2018/11/2 0:51,46,36,16.1,0
ORD,2018/11/2 1:51,46,36,11.5,0
ORD,2018/11/2 2:51,46,35,14.95,0
ORD,2018/11/2 3:51,44,35,13.8,0
ORD,2018/11/2 4:51,43,35,9.2,0
ORD,2018/11/2 5:51,43,35,5.75,0
ORD,2018/11/2 6:51,43,35,6.9,0
ORD,2018/11/2 7:51,41,35,8.05,0
ORD,2018/11/2 8:51,40,35,5.75,0
ORD,2018/11/2 9:51,39,35,5.75,0
ORD,2018/11/2 10:51,39,34,8.05,0
ORD,2018/11/2 11:51,38,33,6.9,0
ORD,2018/11/2 12:51,38,33,5.75,0
ORD,2018/11/2 13:51,41,35,6.9,0
ORD,2018/11/2 14:51,45,36,8.05,0
ORD,2018/11/2 15:51,47,35,8.05,0
ORD,2018/11/2 16:51,49,33,6.9,0
ORD,2018/11/2 17:51,50,33,8.05,0
ORD,2018/11/2 18:51,48,36,12.65,0
ORD,2018/11/2 19:51,48,36,10.35,0
ORD,2018/11/2 20:51,47,36,9.2,0
ORD,2018/11/2 21:51,46,35,8.05,0
ORD,2018/11/2 22:51,45,34,6.9,0
ORD,2018/11/2 23:51,44,34,5.75,0
ORD,2018/11/3 0:51,44,34,4.6,0
ORD,2018/11/3 1:51,42,34,5.75,0
ORD,2018/11/3 2:51,43,34,6.9,0
ORD,2018/11/3 3:51,42,34,5.75,0
ORD,2018/11/3 4:51,40,33,4.6,0
ORD,2018/11/3 5:51,39,33,3.45,0
ORD,2018/11/3 6:51,38,33,6.9,0
ORD,2018/11/3 7:51,38,33,3.45,0
ORD,2018/11/3 8:51,36,32,4.6,0
ORD,2018/11/3 9:51,36,32,3.45,0
ORD,2018/11/3 10:51,36,32,4.6,0
ORD,2018/11/3 11:51,35,30.9,3.45,0
ORD,2018/11/3 12:51,35,30,5.75,0
ORD,2018/11/3 13:51,40,30,5.75,0
ORD,2018/11/3 14:51,44,32,4.6,0
ORD,2018/11/3 15:51,47,30.9,3.45,0
ORD,2018/11/3 16:51,47,30,5.75,0
ORD,2018/11/3 17:51,49,30,5.75,0
ORD,2018/11/3 18:51,49,30,8.05,0
ORD,2018/11/3 19:51,48,28.9,6.9,0
ORD,2018/11/3 20:51,48,30.9,10.35,0
ORD,2018/11/3 21:51,47,30,10.35,0
ORD,2018/11/3 22:51,46,30.9,8.05,0
ORD,2018/11/3 23:51,47,34,10.35,0
ORD,2018/11/4 0:51,47,34,11.5,0
ORD,2018/11/4 1:51,46,37,11.5,T
ORD,2018/11/4 2:51,45,39,9.2,0.76
ORD,2018/11/4 3:51,46,41,8.05,0.51
ORD,2018/11/4 4:51,46,41,12.65,0.25
ORD,2018/11/4 5:51,47,41,14.95,0
ORD,2018/11/4 6:51,47,41,10.35,0.25
ORD,2018/11/4 7:51,46,43,10.35,0.51
ORD,2018/11/4 8:51,47,42,11.5,T
ORD,2018/11/4 9:51,46,42,12.65,0
ORD,2018/11/4 10:51,47,41,13.8,0
ORD,2018/11/4 11:51,48,40,13.8,T
ORD,2018/11/4 12:51,49,40,17.25,0
ORD,2018/11/4 13:51,50,41,19.55,T
ORD,2018/11/4 14:51,51,40,18.4,0
ORD,2018/11/4 15:51,49,43,12.65,1.27
ORD,2018/11/4 16:51,49,43,13.8,1.02
ORD,2018/11/4 17:51,49,45,16.1,0.76
ORD,2018/11/4 18:51,49,46,13.8,0.51
ORD,2018/11/4 19:51,50,46,17.25,0.51
ORD,2018/11/4 20:32,50,47,17.25,0.76
ORD,2018/11/4 20:51,50,47,19.55,1.52
ORD,2018/11/4 21:41,51,48,17.25,1.02
ORD,2018/11/4 21:51,51,48,17.25,1.02
ORD,2018/11/4 22:07,51,48,18.4,T
ORD,2018/11/4 22:24,51,49,17.25,0.51
ORD,2018/11/4 22:51,51,49,16.1,1.52
ORD,2018/11/4 23:08,51,49,18.4,1.27
ORD,2018/11/4 23:37,51,50,16.1,2.29
ORD,2018/11/4 23:51,51,50,13.8,2.79
ORD,2018/11/5 0:29,52,50,16.1,0.76
ORD,2018/11/5 0:51,52,49,19.55,0.76
ORD,2018/11/5 1:09,51,49,18.4,T
ORD,2018/11/5 1:34,51,49,18.4,0.51
ORD,2018/11/5 1:51,51,49,17.25,0.76
ORD,2018/11/5 2:16,51,48,11.5,0.25
ORD,2018/11/5 2:34,51,48,8.05,0.51
ORD,2018/11/5 2:51,51,48,9.2,0.51
ORD,2018/11/5 3:09,51,48,12.65,0
ORD,2018/11/5 3:51,50,46,12.65,0
ORD,2018/11/5 4:51,49,45,16.1,0
ORD,2018/11/5 5:51,48,45,13.8,0
ORD,2018/11/5 6:51,47,43,17.25,T
ORD,2018/11/5 7:51,46,42,10.35,T
ORD,2018/11/5 8:51,46,41,13.8,0
ORD,2018/11/5 9:51,45,39,13.8,0
ORD,2018/11/5 10:51,45,39,9.2,0
ORD,2018/11/5 11:51,45,40,8.05,0
ORD,2018/11/5 12:51,45,40,8.05,0
ORD,2018/11/5 13:08,45,39,10.35,0
ORD,2018/11/5 13:51,45,38,8.05,0
ORD,2018/11/5 14:51,46,40,9.2,0
ORD,2018/11/5 15:51,46,40,11.5,0
ORD,2018/11/5 16:51,48,39,10.35,0
ORD,2018/11/5 17:51,49,39,10.35,0
ORD,2018/11/5 18:51,51,40,11.5,0
ORD,2018/11/5 19:51,51,40,11.5,0
ORD,2018/11/5 20:51,50,39,10.35,0
ORD,2018/11/5 21:51,50,40,11.5,T
ORD,2018/11/5 22:51,49,41,9.2,T
ORD,2018/11/5 23:18,49,41,8.05,T
ORD,2018/11/5 23:51,49,41,6.9,T
ORD,2018/11/6 0:51,49,42,8.05,T
ORD,2018/11/6 1:51,49,43,4.6,0.25
ORD,2018/11/6 2:51,48,45,6.9,1.52
ORD,2018/11/6 3:29,48,46,11.5,0.25
ORD,2018/11/6 3:41,48,46,9.2,0.51
ORD,2018/11/6 3:51,49,46,9.2,0.76
ORD,2018/11/6 4:19,49,47,10.35,1.02
ORD,2018/11/6 4:46,48.2,46.4,11.5,3.3
ORD,2018/11/6 4:51,49,47,9.2,3.3
ORD,2018/11/6 5:31,49,48,5.75,2.03
ORD,2018/11/6 5:42,49,48,0,2.54
ORD,2018/11/6 5:51,50,48,4.6,3.3
ORD,2018/11/6 6:51,50,48,0,1.27
ORD,2018/11/6 7:24,49,48,3.45,T
ORD,2018/11/6 7:51,49,48,6.9,T
ORD,2018/11/6 8:51,49,47,10.35,0
ORD,2018/11/6 9:08,49,46,11.5,0
ORD,2018/11/6 9:51,48,45,12.65,0
ORD,2018/11/6 10:51,49,45,10.35,0
ORD,2018/11/6 11:51,49,45,17.25,T
ORD,2018/11/6 12:51,48,44,18.4,0.51
ORD,2018/11/6 13:11,48,43,18.4,0
ORD,2018/11/6 13:51,48,43,18.4,0
ORD,2018/11/6 14:42,47,43,19.55,T
ORD,2018/11/6 14:51,47,42,18.4,T
ORD,2018/11/6 15:51,45,42,19.55,T
ORD,2018/11/6 16:51,46,42,19.55,T
ORD,2018/11/6 17:51,46,42,18.4,T
ORD,2018/11/6 18:18,47,41,26.45,T
ORD,2018/11/6 18:51,47,40,21.85,T
ORD,2018/11/6 19:51,47,38,26.45,0
ORD,2018/11/6 20:51,46,38,18.4,0
ORD,2018/11/6 21:51,46,38,18.4,0
ORD,2018/11/6 22:51,45,36,19.55,0
ORD,2018/11/6 23:51,44,37,20.7,0
ORD,2018/11/7 0:01,44,37,12.65,0
ORD,2018/11/7 0:24,44,35,12.65,0
ORD,2018/11/7 0:51,42,36,17.25,T
ORD,2018/11/7 1:49,42.8,33.8,17.25,T
ORD,2018/11/7 1:51,42,34,12.65,T
ORD,2018/11/7 2:30,42,32,19.55,0
ORD,2018/11/7 2:51,42,32,11.5,0
ORD,2018/11/7 3:51,40,28.9,19.55,0
ORD,2018/11/7 4:28,40,30,18.4,0
ORD,2018/11/7 4:39,39,30,18.4,0
ORD,2018/11/7 4:51,39,28.9,14.95,0
ORD,2018/11/7 5:51,38,28,19.55,0
ORD,2018/11/7 6:51,37,27,16.1,0
ORD,2018/11/7 7:51,37,28,17.25,0
ORD,2018/11/7 8:46,35.6,26.6,16.1,0
ORD,2018/11/7 8:51,36,25,18.4,0
ORD,2018/11/7 9:51,36,25,14.95,0
ORD,2018/11/7 10:51,36,26.1,12.65,0
ORD,2018/11/7 11:51,36,25,19.55,0
ORD,2018/11/7 12:51,36,25,13.8,0
ORD,2018/11/7 13:35,36,25,13.8,0
ORD,2018/11/7 13:51,36,25,17.25,0
ORD,2018/11/7 14:51,36,23,24.15,0
ORD,2018/11/7 15:51,37,24.1,16.1,0
ORD,2018/11/7 16:51,38,26.1,16.1,0
ORD,2018/11/7 17:51,38,26.1,17.25,0
ORD,2018/11/7 18:24,38,27,16.1,0
ORD,2018/11/7 18:51,38,27,16.1,0
ORD,2018/11/7 19:51,39,27,12.65,0
ORD,2018/11/7 20:51,38,27,12.65,0
ORD,2018/11/7 21:51,39,28,17.25,0
ORD,2018/11/7 22:51,38,27,16.1,0
ORD,2018/11/7 23:36,37,27,14.95,0
ORD,2018/11/7 23:51,36,26.1,13.8,0
ORD,2018/11/8 0:51,35,25,14.95,0
ORD,2018/11/8 1:51,34,24.1,16.1,0
ORD,2018/11/8 2:51,34,25,9.2,0
ORD,2018/11/8 3:51,34,24.1,9.2,0
ORD,2018/11/8 4:21,34,24.1,9.2,0
ORD,2018/11/8 4:51,34,24.1,8.05,0
ORD,2018/11/8 5:51,34,24.1,10.35,0
ORD,2018/11/8 6:51,34,23,9.2,0
ORD,2018/11/8 7:51,34,24.1,6.9,0
ORD,2018/11/8 8:51,34,23,9.2,0
ORD,2018/11/8 9:51,33,24.1,5.75,0
ORD,2018/11/8 10:51,33,23,8.05,0
ORD,2018/11/8 11:51,33,24.1,6.9,0
ORD,2018/11/8 12:51,34,24.1,4.6,0
ORD,2018/11/8 13:51,34,24.1,5.75,0
ORD,2018/11/8 14:51,34,24.1,5.75,0
ORD,2018/11/8 15:51,35,24.1,0,0
ORD,2018/11/8 16:51,35,24.1,3.45,0
ORD,2018/11/8 17:51,37,24.1,3.45,0
ORD,2018/11/8 18:22,37,24.1,4.6,0
ORD,2018/11/8 18:51,39,24.1,3.45,0
ORD,2018/11/8 19:51,39,25,3.45,0
ORD,2018/11/8 20:51,40,25,4.6,0
ORD,2018/11/8 21:51,38,24.1,0,0
ORD,2018/11/8 22:51,38,24.1,0,0
ORD,2018/11/8 23:51,38,25,3.45,0
ORD,2018/11/9 0:51,37,26.1,3.45,0
ORD,2018/11/9 1:51,38,28,5.75,0
ORD,2018/11/9 2:51,38,28,0,0
ORD,2018/11/9 3:51,37,28.9,3.45,0
ORD,2018/11/9 4:51,38,28.9,0,0
ORD,2018/11/9 5:51,37,30,0,0
ORD,2018/11/9 6:51,37,30,3.45,0
ORD,2018/11/9 7:51,37,28.9,4.6,0
ORD,2018/11/9 8:12,36,28.9,3.45,T
ORD,2018/11/9 8:18,35,28.9,3.45,T
ORD,2018/11/9 8:29,34,30,4.6,T
ORD,2018/11/9 8:51,33,30.9,5.75,0.25
ORD,2018/11/9 8:57,33,30.9,5.75,T
ORD,2018/11/9 9:09,33,32,4.6,0.25
ORD,2018/11/9 9:24,33,32,4.6,0.51
ORD,2018/11/9 9:38,33,32,5.75,0.51
ORD,2018/11/9 9:51,33,30.9,5.75,0.76
ORD,2018/11/9 10:06,33,30.9,4.6,0.25
ORD,2018/11/9 10:51,33,32,5.75,0.51
ORD,2018/11/9 11:51,33,30.9,5.75,0.51
ORD,2018/11/9 12:17,33,30.9,5.75,T
ORD,2018/11/9 12:51,32,30.9,6.9,T
ORD,2018/11/9 13:03,32,30,9.2,0.25
ORD,2018/11/9 13:14,32,30,10.35,0.25
ORD,2018/11/9 13:28,32,30,8.05,0.51
ORD,2018/11/9 13:51,32,30,9.2,0.51
ORD,2018/11/9 14:15,30.9,28.9,10.35,0.25
ORD,2018/11/9 14:37,30.9,28.9,12.65,0.25
ORD,2018/11/9 14:51,30.9,28,9.2,0.25
ORD,2018/11/9 15:09,32,28.9,11.5,T
ORD,2018/11/9 15:28,30.9,28,13.8,T
ORD,2018/11/9 15:43,32,28.9,9.2,T
ORD,2018/11/9 15:51,30.9,28,11.5,T
ORD,2018/11/9 16:11,32,28,13.8,T
ORD,2018/11/9 16:18,32,28,11.5,T
ORD,2018/11/9 16:31,32,27,14.95,T
ORD,2018/11/9 16:51,32,27,13.8,T
ORD,2018/11/9 17:51,32,25,11.5,0
ORD,2018/11/9 18:23,33,24.1,17.25,0
ORD,2018/11/9 18:51,33,23,18.4,0
ORD,2018/11/9 19:46,32,21.2,13.8,0
ORD,2018/11/9 19:51,32,21,17.25,0
ORD,2018/11/9 20:51,32,18,17.25,0
ORD,2018/11/9 21:51,30.9,18,12.65,0
ORD,2018/11/9 22:51,30,17.1,14.95,0
ORD,2018/11/9 23:51,28.9,16,12.65,0
ORD,2018/11/10 0:51,28,15.1,16.1,0
ORD,2018/11/10 1:51,25,10.9,18.4,0
ORD,2018/11/10 2:51,23,9,16.1,0
ORD,2018/11/10 3:51,21,8.1,14.95,0
ORD,2018/11/10 4:51,19.9,9,17.25,0
ORD,2018/11/10 5:51,19.9,10,19.55,0
ORD,2018/11/10 6:51,21,12,14.95,0
ORD,2018/11/10 7:41,21.9,12.9,14.95,0
ORD,2018/11/10 7:51,21.9,12.9,18.4,0
ORD,2018/11/10 8:36,21.9,12.9,18.4,0
ORD,2018/11/10 8:51,23,14,20.7,0
ORD,2018/11/10 9:51,21.9,12.9,16.1,0
ORD,2018/11/10 10:51,21,12,18.4,0
ORD,2018/11/10 11:51,21,12,17.25,0
ORD,2018/11/10 12:51,19.9,12,17.25,0
ORD,2018/11/10 13:51,21,12.9,14.95,0
ORD,2018/11/10 14:51,23,12.9,16.1,0
ORD,2018/11/10 15:51,25,14,11.5,0
ORD,2018/11/10 16:51,28,15.1,9.2,0
ORD,2018/11/10 17:51,30,15.1,9.2,0
ORD,2018/11/10 18:51,30.9,16,9.2,0
ORD,2018/11/10 19:51,32,15.1,5.75,0
ORD,2018/11/10 20:51,32,14,3.45,0
ORD,2018/11/10 21:51,32,15.1,6.9,0
ORD,2018/11/10 22:51,30.9,14,5.75,0
ORD,2018/11/10 23:51,30,16,5.75,0
ORD,2018/11/11 0:51,30,17.1,5.75,0
ORD,2018/11/11 1:51,30,17.1,5.75,0
ORD,2018/11/11 2:51,30,18,5.75,0
ORD,2018/11/11 3:51,30,19,8.05,0
ORD,2018/11/11 4:51,30,19.9,9.2,0
ORD,2018/11/11 5:51,28.9,19.9,5.75,0
ORD,2018/11/11 6:51,28.9,19.9,8.05,0
ORD,2018/11/11 7:51,28.9,19.9,9.2,0
ORD,2018/11/11 8:51,28.9,19,8.05,0
ORD,2018/11/11 9:51,28.9,19,10.35,0
ORD,2018/11/11 10:51,28.9,19,12.65,0
ORD,2018/11/11 11:51,30,19,8.05,0
ORD,2018/11/11 12:51,30,19,10.35,0
ORD,2018/11/11 13:51,30,18,11.5,0
ORD,2018/11/11 14:51,30.9,18,12.65,0
ORD,2018/11/11 15:51,33,19,9.2,0
ORD,2018/11/11 16:51,36,21,10.35,0
ORD,2018/11/11 17:51,37,21.9,10.35,0
ORD,2018/11/11 18:51,40,21.9,11.5,0
ORD,2018/11/11 19:51,41,23,12.65,0
ORD,2018/11/11 20:51,40,23,6.9,0
ORD,2018/11/11 21:51,40,24.1,5.75,0
ORD,2018/11/11 22:51,39,24.1,4.6,0
ORD,2018/11/11 23:51,38,24.1,4.6,0
ORD,2018/11/12 0:51,38,25,3.45,0
ORD,2018/11/12 1:51,36,25,3.45,0
ORD,2018/11/12 2:51,34,26.1,3.45,0
ORD,2018/11/12 3:51,35,25,4.6,0
ORD,2018/11/12 4:51,34,26.1,4.6,0
ORD,2018/11/12 5:51,34,26.1,4.6,0
ORD,2018/11/12 6:51,33,26.1,3.45,0
ORD,2018/11/12 7:51,33,26.1,3.45,0
ORD,2018/11/12 8:51,33,26.1,5.75,0
ORD,2018/11/12 9:51,30.9,25,5.75,0
ORD,2018/11/12 10:51,30,23,4.6,0
ORD,2018/11/12 11:51,30,21.9,6.9,0
ORD,2018/11/12 12:51,30.9,23,9.2,0
ORD,2018/11/12 13:51,30.9,24.1,14.95,0
ORD,2018/11/12 14:51,32,21.9,14.95,0
ORD,2018/11/12 15:51,33,21.9,10.35,0
ORD,2018/11/12 16:29,34,21.9,10.35,0
ORD,2018/11/12 16:51,33,21.9,9.2,0
ORD,2018/11/12 17:51,34,21.9,5.75,0
ORD,2018/11/12 18:51,33,21.9,11.5,0
ORD,2018/11/12 19:21,33,21.9,10.35,0
ORD,2018/11/12 19:51,32,21,9.2,0
ORD,2018/11/12 20:51,32,21,9.2,0
ORD,2018/11/12 21:51,30.9,21,8.05,0
ORD,2018/11/12 22:24,30.9,19.9,10.35,0
ORD,2018/11/12 22:51,30,19.9,10.35,0
ORD,2018/11/12 23:24,30,19.9,10.35,0
ORD,2018/11/12 23:51,28.9,19.9,11.5,0
ORD,2018/11/13 0:51,28.9,19,12.65,0
ORD,2018/11/13 1:51,28,18,13.8,0
ORD,2018/11/13 2:24,28,17.1,9.2,0
ORD,2018/11/13 2:51,27,17.1,14.95,0
ORD,2018/11/13 3:51,26.1,15.1,11.5,0
ORD,2018/11/13 4:51,25,12.9,10.35,0
ORD,2018/11/13 5:51,24.1,12.9,12.65,0
ORD,2018/11/13 6:51,23,12.9,10.35,0
ORD,2018/11/13 7:51,21.9,12.9,12.65,0
ORD,2018/11/13 8:51,21.9,10.9,14.95,0
ORD,2018/11/13 9:51,19.9,10,8.05,0
ORD,2018/11/13 10:51,19.9,10,12.65,0
ORD,2018/11/13 11:51,19,8.1,12.65,0
ORD,2018/11/13 12:51,19,8.1,10.35,0
ORD,2018/11/13 13:51,19.9,8.1,11.5,0
ORD,2018/11/13 14:51,23,8.1,14.95,0
ORD,2018/11/13 15:51,24.1,8.1,13.8,0
ORD,2018/11/13 16:51,25,8.1,10.35,0
ORD,2018/11/13 17:51,27,8.1,12.65,0
ORD,2018/11/13 18:51,28,10,8.05,0
ORD,2018/11/13 19:51,28,9,8.05,0
ORD,2018/11/13 20:51,28,9,10.35,0
ORD,2018/11/13 21:51,28,9,6.9,0
ORD,2018/11/13 22:51,27,10,5.75,0
ORD,2018/11/13 23:51,26.1,10,5.75,0
ORD,2018/11/14 0:51,25,10,5.75,0
ORD,2018/11/14 1:51,24.1,10.9,3.45,0
ORD,2018/11/14 2:51,23,10.9,4.6,0
ORD,2018/11/14 3:51,21.9,12,4.6,0
ORD,2018/11/14 4:51,21.9,10.9,4.6,0
ORD,2018/11/14 5:51,21,10.9,5.75,0
ORD,2018/11/14 6:51,19.9,10.9,5.75,0
ORD,2018/11/14 7:51,19.9,10.9,5.75,0
ORD,2018/11/14 8:51,19,10.9,4.6,0
ORD,2018/11/14 9:51,18,10,8.05,0
ORD,2018/11/14 10:51,18,10,8.05,0
ORD,2018/11/14 11:51,17.1,9,6.9,0
ORD,2018/11/14 12:51,18,8.1,3.45,0
ORD,2018/11/14 13:51,21,9,9.2,0
ORD,2018/11/14 14:51,24.1,9,5.75,0
ORD,2018/11/14 15:51,27,12,6.9,0
ORD,2018/11/14 16:51,28.9,16,0,0
ORD,2018/11/14 17:51,30,17.1,0,0
ORD,2018/11/14 18:51,32,18,4.6,0
ORD,2018/11/14 19:51,35,19,0,0
ORD,2018/11/14 20:51,36,19.9,3.45,0
ORD,2018/11/14 21:51,34,19.9,9.2,0
ORD,2018/11/14 22:51,30.9,21.9,9.2,0
ORD,2018/11/14 23:51,30,21.9,9.2,0
ORD,2018/11/15 0:51,30.9,23,9.2,0
ORD,2018/11/15 1:51,28.9,21.9,3.45,0
ORD,2018/11/15 2:51,30,21.9,0,0
ORD,2018/11/15 3:47,30.2,23,0,0
ORD,2018/11/15 3:51,30.9,24.1,3.45,0
ORD,2018/11/15 4:51,28.9,23,0,0
ORD,2018/11/15 5:51,27,23,3.45,0
ORD,2018/11/15 6:51,27,21.9,0,0
ORD,2018/11/15 7:51,26.1,23,0,0
ORD,2018/11/15 8:51,27,23,4.6,0
ORD,2018/11/15 9:51,28.9,24.1,0,0
ORD,2018/11/15 10:51,30,25,0,0
ORD,2018/11/15 11:51,30.9,25,0,0
ORD,2018/11/15 12:51,32,24.1,4.6,0
ORD,2018/11/15 13:51,34,25,5.75,0
ORD,2018/11/15 14:15,33,26.1,9.2,T
ORD,2018/11/15 14:35,33,27,5.75,T
ORD,2018/11/15 14:49,33.8,28.4,3.45,T
ORD,2018/11/15 14:50,33,28,3.45,T
ORD,2018/11/15 15:02,34,28,4.6,T
ORD,2018/11/15 15:16,34,28,4.6,T
ORD,2018/11/15 15:28,34,28,6.9,T
ORD,2018/11/15 15:43,33,30,5.75,T
ORD,2018/11/15 15:51,33,30,6.9,0.25
ORD,2018/11/15 16:20,33,32,0,0.76
ORD,2018/11/15 16:42,33,32,0,1.27
ORD,2018/11/15 16:51,33,30.9,0,1.27
ORD,2018/11/15 17:01,33,30.9,0,T
ORD,2018/11/15 17:23,34,30.9,0,T
ORD,2018/11/15 17:51,34,30.9,0,T
ORD,2018/11/15 18:47,33.8,30.2,5.75,0
ORD,2018/11/15 18:51,34,30.9,5.75,0
ORD,2018/11/15 19:51,34,30.9,6.9,0
ORD,2018/11/15 20:13,34,30.9,5.75,0
ORD,2018/11/15 20:37,34,30.9,8.05,T
ORD,2018/11/15 20:51,34,30.9,5.75,T
ORD,2018/11/15 21:27,34,30.9,5.75,T
ORD,2018/11/15 21:51,33,30,6.9,T
ORD,2018/11/15 22:47,33.8,30.2,9.2,T
ORD,2018/11/15 22:51,33,30,9.2,T
ORD,2018/11/15 23:15,33,30,5.75,T
ORD,2018/11/15 23:20,32,30,6.9,T
ORD,2018/11/15 23:31,32,30,5.75,0.25
ORD,2018/11/15 23:36,32,30,6.9,0.25
ORD,2018/11/15 23:42,32,30,6.9,0.25
ORD,2018/11/15 23:51,32,30,5.75,0.25
ORD,2018/11/16 0:51,32,28.9,8.05,0
ORD,2018/11/16 1:51,32,28,6.9,0
ORD,2018/11/16 2:51,30.9,27,10.35,0
ORD,2018/11/16 3:51,30,26.1,9.2,0
ORD,2018/11/16 4:51,28.9,26.1,10.35,0
ORD,2018/11/16 5:51,28.9,26.1,11.5,0
ORD,2018/11/16 6:51,28.9,25,6.9,0
ORD,2018/11/16 7:51,28.9,24.1,12.65,0
ORD,2018/11/16 8:51,30,24.1,11.5,0
ORD,2018/11/16 9:51,30,24.1,10.35,0
ORD,2018/11/16 10:24,30,25,8.05,0
ORD,2018/11/16 10:51,30,26.1,9.2,0
ORD,2018/11/16 11:17,30.9,27,9.2,0
ORD,2018/11/16 11:49,33.8,28.4,8.05,0
ORD,2018/11/16 11:51,33,28.9,11.5,0
ORD,2018/11/16 12:38,34,30,8.05,0
ORD,2018/11/16 12:51,34,30,8.05,0
ORD,2018/11/16 13:14,35,30.9,6.9,0
ORD,2018/11/16 13:51,37,32,6.9,0
ORD,2018/11/16 14:46,39.2,33.8,10.35,0
ORD,2018/11/16 14:51,38,33,9.2,0
ORD,2018/11/16 15:51,39,33,14.95,0
ORD,2018/11/16 16:51,39,30.9,14.95,0
ORD,2018/11/16 17:51,40,30.9,12.65,0
ORD,2018/11/16 18:42,40,30.9,9.2,0
ORD,2018/11/16 18:51,40,30.9,9.2,0
ORD,2018/11/16 19:51,40,30,13.8,0
ORD,2018/11/16 20:51,39,32,9.2,0
ORD,2018/11/16 21:51,38,30.9,11.5,0
ORD,2018/11/16 22:51,37,30,10.35,0
ORD,2018/11/16 23:51,37,30,9.2,0
ORD,2018/11/17 0:51,36,28.9,5.75,0
ORD,2018/11/17 1:51,36,28.9,6.9,0
ORD,2018/11/17 2:51,35,28.9,5.75,0
ORD,2018/11/17 3:51,35,28.9,5.75,0
ORD,2018/11/17 4:51,34,28.9,8.05,0
ORD,2018/11/17 5:42,34,28,5.75,T
ORD,2018/11/17 5:51,34,28,5.75,T
ORD,2018/11/17 6:51,33,28.9,3.45,T
ORD,2018/11/17 7:51,33,28.9,3.45,T
ORD,2018/11/17 8:51,33,28.9,0,T
ORD,2018/11/17 9:51,33,30,0,T
ORD,2018/11/17 10:51,33,30.9,0,T
ORD,2018/11/17 11:28,33,30.9,0,T
ORD,2018/11/17 11:51,33,30.9,3.45,T
ORD,2018/11/17 12:25,33,30.9,4.6,T
ORD,2018/11/17 12:51,33,30.9,3.45,0.25
ORD,2018/11/17 13:02,32,30.9,4.6,T
ORD,2018/11/17 13:22,32,30.9,4.6,T
ORD,2018/11/17 13:47,32,30.2,6.9,0.25
ORD,2018/11/17 13:51,32,30.9,6.9,0.25
ORD,2018/11/17 14:15,32,30.9,10.35,0.25
ORD,2018/11/17 14:46,33.8,30.2,6.9,0.51
ORD,2018/11/17 14:51,33,30.9,6.9,0.51
ORD,2018/11/17 15:51,32,30.9,6.9,0.51
ORD,2018/11/17 16:04,33,30.9,5.75,0.25
ORD,2018/11/17 16:51,33,30.9,10.35,0.51
ORD,2018/11/17 17:03,33,30.9,9.2,T
ORD,2018/11/17 17:16,32,30.9,9.2,0.25
ORD,2018/11/17 17:23,32,30.9,8.05,0.25
ORD,2018/11/17 17:51,33,30.9,8.05,0.51
ORD,2018/11/17 18:16,33,30.9,9.2,0.25
ORD,2018/11/17 18:51,33,30.9,10.35,0.25
ORD,2018/11/17 19:13,33,30.9,10.35,0.25
ORD,2018/11/17 19:49,33.8,30.2,12.65,0.25
ORD,2018/11/17 19:51,33,30.9,10.35,0.25
ORD,2018/11/17 20:15,33,30.9,11.5,T
ORD,2018/11/17 20:24,34,30.9,10.35,0.25
ORD,2018/11/17 20:28,34,30.9,10.35,0.25
ORD,2018/11/17 20:38,34,30.9,11.5,0.25
ORD,2018/11/17 20:51,34,30,11.5,0.25
ORD,2018/11/17 21:06,34,30,10.35,T
ORD,2018/11/17 21:51,34,30,10.35,T
ORD,2018/11/17 22:51,34,30.9,9.2,0
ORD,2018/11/17 23:51,35,28.9,13.8,0
ORD,2018/11/18 0:51,35,28,12.65,0
ORD,2018/11/18 1:51,35,28,11.5,0
ORD,2018/11/18 2:51,35,27,11.5,0
ORD,2018/11/18 3:31,33,27,8.05,0
ORD,2018/11/18 3:51,33,27,6.9,0
ORD,2018/11/18 4:51,32,26.1,8.05,0
ORD,2018/11/18 5:07,32,26.1,8.05,0
ORD,2018/11/18 5:51,32,26.1,8.05,0
ORD,2018/11/18 6:51,32,25,8.05,0
ORD,2018/11/18 7:14,32,25,6.9,0
ORD,2018/11/18 7:51,30.9,25,6.9,0
ORD,2018/11/18 7:58,30.9,24.1,6.9,0
ORD,2018/11/18 8:51,30.9,25,4.6,0
ORD,2018/11/18 9:51,30.9,24.1,5.75,T
ORD,2018/11/18 10:51,30.9,24.1,4.6,0
ORD,2018/11/18 11:51,30.9,24.1,8.05,0
ORD,2018/11/18 12:51,30.9,23,6.9,0
ORD,2018/11/18 13:51,30,21,9.2,0
ORD,2018/11/18 14:51,30.9,21,5.75,0
ORD,2018/11/18 15:51,32,21.9,6.9,0
ORD,2018/11/18 16:51,33,23,5.75,0
ORD,2018/11/18 17:38,33,25,4.6,T
ORD,2018/11/18 17:44,33,26.1,6.9,T
ORD,2018/11/18 17:51,33,25,3.45,T
ORD,2018/11/18 18:19,34,25,5.75,0
ORD,2018/11/18 18:34,35,26.1,5.75,0
ORD,2018/11/18 18:51,35,26.1,3.45,0
ORD,2018/11/18 19:51,36,26.1,6.9,T
ORD,2018/11/18 20:51,37,26.1,6.9,0
ORD,2018/11/18 21:51,36,25,9.2,0
ORD,2018/11/18 22:51,34,25,6.9,0
ORD,2018/11/18 23:51,32,23,6.9,0
ORD,2018/11/19 0:51,30,23,5.75,0
ORD,2018/11/19 1:51,28.9,23,4.6,0
ORD,2018/11/19 2:51,27,21.9,5.75,0
ORD,2018/11/19 3:51,27,21,4.6,0
ORD,2018/11/19 4:51,26.1,21,5.75,0
ORD,2018/11/19 5:51,25,21,3.45,0
ORD,2018/11/19 6:51,24.1,19.9,3.45,0
ORD,2018/11/19 7:51,23,19,3.45,0
ORD,2018/11/19 8:51,23,19,4.6,0
ORD,2018/11/19 9:51,24.1,19,4.6,0
ORD,2018/11/19 10:51,24.1,19,6.9,0
ORD,2018/11/19 11:51,25,19,6.9,0
ORD,2018/11/19 12:51,25,19.9,8.05,0
ORD,2018/11/19 13:31,25,21,8.05,0
ORD,2018/11/19 13:51,25,21,9.2,0
ORD,2018/11/19 14:23,25,21.9,9.2,0
ORD,2018/11/19 14:51,26.1,23,9.2,0
ORD,2018/11/19 15:51,27,24.1,10.35,0
ORD,2018/11/19 16:51,28.9,24.1,11.5,0
ORD,2018/11/19 17:04,28.9,24.1,11.5,0
ORD,2018/11/19 17:51,28.9,24.1,9.2,0
ORD,2018/11/19 18:51,30,24.1,11.5,0
ORD,2018/11/19 19:51,33,25,11.5,0
ORD,2018/11/19 20:51,33,24.1,9.2,0
ORD,2018/11/19 21:51,33,25,6.9,0
ORD,2018/11/19 22:51,34,26.1,5.75,0
ORD,2018/11/19 23:01,34,26.1,6.9,0
ORD,2018/11/19 23:14,34,26.1,5.75,0
ORD,2018/11/19 23:51,34,27,3.45,0
ORD,2018/11/20 0:40,34,28,3.45,T
ORD,2018/11/20 0:51,34,28,4.6,T
ORD,2018/11/20 1:51,34,28,3.45,T
ORD,2018/11/20 2:51,32,24.1,12.65,T
ORD,2018/11/20 3:08,32,23,10.35,T
ORD,2018/11/20 3:51,30.9,23,14.95,T
ORD,2018/11/20 4:51,30,21,9.2,0
ORD,2018/11/20 5:41,30,19.9,12.65,0
ORD,2018/11/20 5:51,30,21,10.35,0
ORD,2018/11/20 6:47,30.2,21.2,12.65,T
ORD,2018/11/20 6:51,30,21.9,10.35,T
ORD,2018/11/20 7:21,30,21.9,12.65,T
ORD,2018/11/20 7:51,30,21.9,10.35,T
ORD,2018/11/20 8:24,30,21.9,12.65,T
ORD,2018/11/20 8:51,30,21.9,10.35,T
ORD,2018/11/20 9:26,30,21.9,10.35,T
ORD,2018/11/20 9:51,30,21.9,11.5,T
ORD,2018/11/20 10:51,30,21.9,8.05,0
ORD,2018/11/20 11:51,30,23,8.05,T
ORD,2018/11/20 12:51,28.9,23,8.05,T
ORD,2018/11/20 13:51,30,23,9.2,0
ORD,2018/11/20 14:47,32,21.2,8.05,0
ORD,2018/11/20 14:51,30.9,21.9,8.05,0
ORD,2018/11/20 15:51,33,21,6.9,0
ORD,2018/11/20 16:51,33,19.9,8.05,0
ORD,2018/11/20 17:51,34,19.9,11.5,0
ORD,2018/11/20 18:51,34,21,11.5,0
ORD,2018/11/20 19:51,34,19.9,13.8,0
ORD,2018/11/20 20:51,32,19,13.8,0
ORD,2018/11/20 21:51,30.9,19,11.5,0
ORD,2018/11/20 22:51,30,21,17.25,0
ORD,2018/11/20 23:51,30,21,11.5,0
ORD,2018/11/21 0:51,30,19.9,16.1,0
ORD,2018/11/21 1:51,30,19.9,11.5,0
ORD,2018/11/21 2:51,30.9,21,14.95,0
ORD,2018/11/21 3:51,32,23,16.1,0
ORD,2018/11/21 4:51,32,24.1,17.25,0
ORD,2018/11/21 5:51,32,24.1,14.95,0
ORD,2018/11/21 6:51,32,23,12.65,0
ORD,2018/11/21 7:51,32,23,10.35,0
ORD,2018/11/21 8:51,32,24.1,9.2,0
ORD,2018/11/21 9:51,30.9,24.1,6.9,0
ORD,2018/11/21 10:51,30.9,24.1,8.05,0
ORD,2018/11/21 11:06,30.9,24.1,5.75,0
ORD,2018/11/21 11:51,30.9,24.1,4.6,0
ORD,2018/11/21 12:51,32,24.1,10.35,0
ORD,2018/11/21 13:51,33,24.1,13.8,0
ORD,2018/11/21 14:51,33,24.1,11.5,0
ORD,2018/11/21 15:51,34,24.1,10.35,0
ORD,2018/11/21 16:51,33,24.1,16.1,0
ORD,2018/11/21 17:33,33,21.9,13.8,0
ORD,2018/11/21 17:51,35,21.9,11.5,0
ORD,2018/11/21 18:51,36,21.9,11.5,0
ORD,2018/11/21 19:51,36,21.9,11.5,0
ORD,2018/11/21 20:44,34,23,14.95,0
ORD,2018/11/21 20:51,34,21.9,13.8,0
ORD,2018/11/21 21:51,32,23,12.65,0
ORD,2018/11/21 22:51,30.9,24.1,11.5,0
ORD,2018/11/21 23:51,30.9,24.1,11.5,0
ORD,2018/11/22 0:51,30.9,21.9,11.5,0
ORD,2018/11/22 1:28,30.9,21.9,12.65,0
ORD,2018/11/22 1:51,30.9,21.9,11.5,0
ORD,2018/11/22 2:51,32,21,9.2,0
ORD,2018/11/22 3:51,32,21,8.05,0
ORD,2018/11/22 4:51,32,21,5.75,0
ORD,2018/11/22 5:28,33,21.9,6.9,0
ORD,2018/11/22 5:51,33,21.9,6.9,0
ORD,2018/11/22 6:51,33,21.9,8.05,0
ORD,2018/11/22 7:51,33,23,10.35,0
ORD,2018/11/22 8:51,32,21.9,5.75,0
ORD,2018/11/22 9:51,32,21.9,5.75,0
ORD,2018/11/22 10:51,32,21.9,6.9,0
ORD,2018/11/22 11:51,32,21,5.75,0
ORD,2018/11/22 12:51,33,21.9,9.2,0
ORD,2018/11/22 13:51,33,23,11.5,0
ORD,2018/11/22 14:51,34,23,11.5,0
ORD,2018/11/22 15:43,34,24.1,9.2,0
ORD,2018/11/22 15:51,34,24.1,9.2,0
ORD,2018/11/22 16:13,34,24.1,10.35,0
ORD,2018/11/22 16:51,34,25,10.35,0
ORD,2018/11/22 17:51,36,27,10.35,0
ORD,2018/11/22 18:28,38,28,12.65,0
ORD,2018/11/22 18:51,38,28.9,11.5,0
ORD,2018/11/22 19:51,40,30,12.65,0
ORD,2018/11/22 20:51,39,28.9,11.5,0
ORD,2018/11/22 21:28,39,28.9,10.35,0
ORD,2018/11/22 21:51,38,28.9,12.65,0
ORD,2018/11/22 22:51,37,28.9,8.05,0
ORD,2018/11/22 23:51,35,28,10.35,0
ORD,2018/11/23 0:51,34,28,12.65,0
ORD,2018/11/23 1:51,33,28,9.2,0
ORD,2018/11/23 2:51,34,28,10.35,0
ORD,2018/11/23 3:51,34,28.9,8.05,0
ORD,2018/11/23 4:51,34,28.9,10.35,0
ORD,2018/11/23 5:51,34,30,10.35,0
ORD,2018/11/23 6:51,34,30,9.2,0
ORD,2018/11/23 7:51,34,30.9,8.05,0
ORD,2018/11/23 8:51,34,30.9,6.9,0
ORD,2018/11/23 9:51,34,30.9,9.2,0
ORD,2018/11/23 10:51,35,32,6.9,0
ORD,2018/11/23 11:51,37,33,8.05,0
ORD,2018/11/23 12:51,36,32,6.9,0
ORD,2018/11/23 16:51,47,36,12.65,0
ORD,2018/11/23 17:51,48,36,13.8,0
ORD,2018/11/23 18:51,50,36,16.1,0
ORD,2018/11/23 19:51,51,37,13.8,0
ORD,2018/11/23 20:51,50,37,17.25,0
ORD,2018/11/23 21:51,50,37,19.55,0
ORD,2018/11/23 22:51,49,36,17.25,0
ORD,2018/11/23 23:51,49,37,18.4,T
ORD,2018/11/24 0:51,46,40,14.95,0.25
ORD,2018/11/24 1:51,45,41,12.65,0.25
ORD,2018/11/24 2:51,45,41,12.65,T
ORD,2018/11/24 3:51,45,41,10.35,0
ORD,2018/11/24 4:34,45,41,9.2,T
ORD,2018/11/24 4:51,45,41,10.35,0.25
ORD,2018/11/24 5:51,45,41,10.35,0.25
ORD,2018/11/24 6:19,44,41,8.05,0.25
ORD,2018/11/24 6:51,44,42,9.2,1.02
ORD,2018/11/24 7:27,44,42,9.2,0.76
ORD,2018/11/24 7:51,44,42,9.2,0.76
ORD,2018/11/24 8:38,45,42,9.2,0.76
ORD,2018/11/24 8:51,45,42,8.05,1.02
ORD,2018/11/24 9:51,45,42,8.05,1.02
ORD,2018/11/24 10:51,45,43,9.2,0.51
ORD,2018/11/24 11:51,45,43,10.35,T
ORD,2018/11/24 12:51,45,43,12.65,T
ORD,2018/11/24 13:22,45,43,11.5,T
ORD,2018/11/24 13:38,45,43,9.2,T
ORD,2018/11/24 13:51,45,43,9.2,T
ORD,2018/11/24 14:12,45,43,10.35,0.25
ORD,2018/11/24 14:31,45,43,9.2,0.25
ORD,2018/11/24 14:51,45,43,9.2,0.25
ORD,2018/11/24 15:08,46,43,10.35,0
ORD,2018/11/24 15:46,46.4,42.8,11.5,0
ORD,2018/11/24 15:51,47,43,13.8,0
ORD,2018/11/24 16:51,47,40,14.95,0
ORD,2018/11/24 17:13,47,40,18.4,0
ORD,2018/11/24 17:28,47,39,24.15,0
ORD,2018/11/24 17:51,45,39,17.25,0
ORD,2018/11/24 18:18,45,40,13.8,0
ORD,2018/11/24 18:51,45,40,13.8,0
ORD,2018/11/24 19:51,44,39,12.65,0
ORD,2018/11/24 20:51,44,39,13.8,0
ORD,2018/11/24 21:51,43,38,16.1,0
ORD,2018/11/24 22:09,43,37,14.95,0
ORD,2018/11/24 22:51,42,36,14.95,0
ORD,2018/11/24 23:13,42,36,8.05,0
ORD,2018/11/24 23:51,42,37,13.8,0
ORD,2018/11/25 0:02,42,37,11.5,0
ORD,2018/11/25 0:51,42,36,8.05,0
ORD,2018/11/25 1:51,41,34,9.2,0
ORD,2018/11/25 2:51,41,35,9.2,0
ORD,2018/11/25 3:51,41,35,6.9,0
ORD,2018/11/25 4:51,40,35,4.6,0
ORD,2018/11/25 5:51,41,35,5.75,0
ORD,2018/11/25 6:26,40,35,5.75,0
ORD,2018/11/25 6:51,39,34,4.6,0
ORD,2018/11/25 7:18,39,35,4.6,0
ORD,2018/11/25 7:51,38,34,4.6,0
ORD,2018/11/25 7:58,39,34,3.45,0
ORD,2018/11/25 8:17,38,34,4.6,0
ORD,2018/11/25 8:51,39,34,5.75,0
ORD,2018/11/25 9:51,39,34,0,0
ORD,2018/11/25 9:56,38,34,0,0
ORD,2018/11/25 10:48,37.4,33.8,0,0
ORD,2018/11/25 10:51,37,33,0,0
ORD,2018/11/25 11:49,37.4,33.8,5.75,0
ORD,2018/11/25 11:51,38,33,5.75,0
ORD,2018/11/25 12:51,38,33,6.9,0
ORD,2018/11/25 13:51,39,32,8.05,0
ORD,2018/11/25 14:07,39,33,8.05,0
ORD,2018/11/25 14:51,38,33,11.5,T
ORD,2018/11/25 15:51,38,34,10.35,0.76
ORD,2018/11/25 16:51,38,34,19.55,1.02
ORD,2018/11/25 17:27,37,34,12.65,1.27
ORD,2018/11/25 17:51,37,34,11.5,1.78
ORD,2018/11/25 18:51,36,34,16.1,0.76
ORD,2018/11/25 19:33,36,34,16.1,T
ORD,2018/11/25 19:48,35.6,33.8,17.25,0.25
ORD,2018/11/25 19:51,36,33,17.25,0.51
ORD,2018/11/25 20:24,35,32,17.25,0.51
ORD,2018/11/25 20:33,34,32,16.1,0.76
ORD,2018/11/25 20:51,34,32,17.25,1.27
ORD,2018/11/25 21:19,33,32,17.25,0.76
ORD,2018/11/25 21:27,33,32,17.25,1.02
ORD,2018/11/25 21:41,34,32,19.55,1.27
ORD,2018/11/25 21:49,33.8,32,20.7,1.27
ORD,2018/11/25 21:51,34,32,23,1.27
ORD,2018/11/25 22:51,36,33,21.85,T
ORD,2018/11/25 23:51,37,34,21.85,0
ORD,2018/11/26 0:22,35,33,21.85,1.78
ORD,2018/11/26 0:40,35,32,19.55,2.79
ORD,2018/11/26 0:51,34,32,18.4,3.56
ORD,2018/11/26 1:07,33,32,21.85,0.76
ORD,2018/11/26 1:22,33,32,21.85,1.52
ORD,2018/11/26 1:51,33,32,25.3,2.03
ORD,2018/11/26 2:32,33,32,28.75,0.51
ORD,2018/11/26 2:48,33.8,32,28.75,0.51
ORD,2018/11/26 2:51,33,32,26.45,0.51
ORD,2018/11/26 3:51,33,32,31.05,0.25
ORD,2018/11/26 4:51,33,32,28.75,0.51
ORD,2018/11/26 5:51,33,33,27.6,0.51
ORD,2018/11/26 6:51,33,32,37.95,0.25
ORD,2018/11/26 7:27,33,32,32.2,T
ORD,2018/11/26 7:48,33.8,33.8,29.9,T
ORD,2018/11/26 7:51,33,32,33.35,T
ORD,2018/11/26 8:51,33,32,34.5,0.25
ORD,2018/11/26 9:51,32,32,33.35,T
ORD,2018/11/26 10:51,28.9,27,26.45,T
ORD,2018/11/26 11:51,28,26.1,24.15,0.25
ORD,2018/11/26 12:37,27,25,20.7,T
ORD,2018/11/26 12:51,27,25,19.55,T
ORD,2018/11/26 13:04,27,25,19.55,0.25
ORD,2018/11/26 13:47,26.6,24.8,17.25,0.25
ORD,2018/11/26 13:51,27,23,19.55,0.25
ORD,2018/11/26 14:00,27,21.9,18.4,T
ORD,2018/11/26 14:51,27,21.9,21.85,T
ORD,2018/11/26 15:51,27,21,17.25,0
ORD,2018/11/26 16:51,27,19.9,17.25,0
ORD,2018/11/26 17:51,27,19.9,17.25,0
ORD,2018/11/26 18:01,27,19.9,14.95,0
ORD,2018/11/26 18:21,27,19.9,14.95,0
ORD,2018/11/26 18:51,27,19,14.95,0
ORD,2018/11/26 19:51,27,21,12.65,0
ORD,2018/11/26 20:51,27,19.9,9.2,0
ORD,2018/11/26 21:43,27,19,11.5,0
ORD,2018/11/26 21:51,27,19,10.35,0
ORD,2018/11/26 22:51,27,19.9,10.35,0
ORD,2018/11/26 23:51,27,19.9,5.75,0
ORD,2018/11/27 0:22,27,19,9.2,0
ORD,2018/11/27 0:51,27,19,8.05,0
ORD,2018/11/27 1:17,27,19.9,6.9,0
ORD,2018/11/27 1:51,27,19,6.9,0
ORD,2018/11/27 2:51,26.1,19,8.05,0
ORD,2018/11/27 3:38,25,17.1,10.35,0
ORD,2018/11/27 3:51,25,17.1,12.65,0
ORD,2018/11/27 4:51,25,18,9.2,0
ORD,2018/11/27 5:13,25,18,9.2,0
ORD,2018/11/27 5:51,24.1,17.1,9.2,0
ORD,2018/11/27 6:51,23,16,6.9,0
ORD,2018/11/27 7:51,23,16,9.2,0
ORD,2018/11/27 7:59,23,16,6.9,0
ORD,2018/11/27 8:51,21.9,15.1,8.05,0
ORD,2018/11/27 9:51,21.9,15.1,8.05,0
ORD,2018/11/27 10:51,21.9,16,5.75,T
ORD,2018/11/27 11:51,21.9,16,8.05,T
ORD,2018/11/27 12:43,21.9,17.1,9.2,T
ORD,2018/11/27 12:51,21.9,17.1,9.2,T
ORD,2018/11/27 13:51,21.9,17.1,6.9,T
ORD,2018/11/27 14:51,23,15.1,8.05,T
ORD,2018/11/27 15:51,23,18,9.2,T
ORD,2018/11/27 16:22,23,18,10.35,T
ORD,2018/11/27 16:51,23,18,10.35,T
ORD,2018/11/27 17:14,23,17.1,11.5,T
ORD,2018/11/27 17:51,24.1,17.1,10.35,T
ORD,2018/11/27 18:51,23,14,9.2,0
ORD,2018/11/27 19:43,23,15.1,11.5,0
ORD,2018/11/27 19:51,23,15.1,11.5,0
ORD,2018/11/27 20:51,23,15.1,12.65,0
ORD,2018/11/27 21:51,23,15.1,10.35,0
ORD,2018/11/27 22:42,21.9,15.1,10.35,0
ORD,2018/11/27 22:51,21.9,15.1,11.5,0
ORD,2018/11/27 23:51,21,15.1,10.35,0
ORD,2018/11/28 0:51,19.9,15.1,8.05,T
ORD,2018/11/28 1:51,19.9,15.1,8.05,T
ORD,2018/11/28 2:51,19.9,15.1,5.75,T
ORD,2018/11/28 3:51,19.9,15.1,6.9,T
ORD,2018/11/28 4:22,19.9,16,6.9,T
ORD,2018/11/28 4:51,19.9,16,6.9,T
ORD,2018/11/28 5:51,21,17.1,5.75,T
ORD,2018/11/28 6:51,21,14,6.9,T
ORD,2018/11/28 7:51,21,12.9,6.9,T
ORD,2018/11/28 8:51,19.9,12,4.6,0
ORD,2018/11/28 9:51,18,12,0,0
ORD,2018/11/28 10:26,18,14,3.45,0
ORD,2018/11/28 10:41,19,15.1,0,0
ORD,2018/11/28 10:51,19.9,15.1,0,0
ORD,2018/11/28 11:51,21,14,0,T
ORD,2018/11/28 12:51,21,14,4.6,T
ORD,2018/11/28 13:51,21,14,0,0
ORD,2018/11/28 14:51,21,14,4.6,0
ORD,2018/11/28 15:51,21,15.1,3.45,T
ORD,2018/11/28 16:51,23,16,6.9,0
ORD,2018/11/28 17:51,24.1,18,5.75,0
ORD,2018/11/28 18:51,25,17.1,9.2,0
ORD,2018/11/28 19:29,25,16,6.9,0
ORD,2018/11/28 19:51,25,16,8.05,0
ORD,2018/11/28 20:51,25,16,4.6,0
ORD,2018/11/28 21:51,26.1,17.1,3.45,0
ORD,2018/11/28 22:51,26.1,18,4.6,0
ORD,2018/11/28 23:51,26.1,18,6.9,0
ORD,2018/11/29 0:51,26.1,18,5.75,0
ORD,2018/11/29 1:51,26.1,19.9,3.45,T
ORD,2018/11/29 1:57,26.1,19.9,5.75,T
ORD,2018/11/29 2:51,26.1,21.9,5.75,T
ORD,2018/11/29 2:53,26.1,21.9,5.75,T
ORD,2018/11/29 2:56,26.1,21.9,5.75,T
ORD,2018/11/29 3:24,27,23,6.9,T
ORD,2018/11/29 3:32,27,23,5.75,0.25
ORD,2018/11/29 3:51,27,24.1,4.6,0.25
ORD,2018/11/29 4:15,27,24.1,5.75,0.25
ORD,2018/11/29 4:42,27,25,8.05,0.76
ORD,2018/11/29 4:49,26.6,24.8,8.05,0.76
ORD,2018/11/29 4:51,27,24.1,6.9,0.76
ORD,2018/11/29 4:56,27,25,5.75,T
ORD,2018/11/29 5:33,27,25,4.6,0.25
ORD,2018/11/29 5:41,27,25,6.9,0.25
ORD,2018/11/29 5:51,27,25,4.6,0.25
ORD,2018/11/29 6:51,28,24.1,9.2,0
ORD,2018/11/29 7:51,28,23,10.35,0
ORD,2018/11/29 8:51,28,23,10.35,0
ORD,2018/11/29 9:51,28.9,23,9.2,T
ORD,2018/11/29 10:51,28.9,23,5.75,T
ORD,2018/11/29 11:51,28.9,23,6.9,0
ORD,2018/11/29 12:51,30,23,6.9,0
ORD,2018/11/29 13:51,30,23,5.75,0
ORD,2018/11/29 14:51,30.9,24.1,6.9,0
ORD,2018/11/29 15:51,30.9,25,8.05,0
ORD,2018/11/29 16:51,32,25,6.9,0
ORD,2018/11/29 17:51,33,26.1,3.45,0
ORD,2018/11/29 18:51,35,27,3.45,0
ORD,2018/11/29 19:51,38,26.1,3.45,0
ORD,2018/11/29 20:51,35,26.1,3.45,0
ORD,2018/11/29 21:51,34,26.1,3.45,0
ORD,2018/11/29 22:51,33,26.1,3.45,0
ORD,2018/11/29 23:51,34,26.1,5.75,0
ORD,2018/11/30 0:51,33,27,5.75,0
ORD,2018/11/30 1:51,33,27,3.45,0
ORD,2018/11/30 2:51,32,27,4.6,0
ORD,2018/11/30 3:51,32,27,6.9,0
ORD,2018/11/30 4:51,32,27,4.6,0
ORD,2018/11/30 5:19,32,27,4.6,T
ORD,2018/11/30 5:51,33,28.9,0,T
ORD,2018/11/30 6:51,33,28.9,3.45,T
ORD,2018/11/30 7:18,33,28.9,3.45,T
ORD,2018/11/30 7:51,33,28.9,4.6,T
ORD,2018/11/30 8:51,33,30,3.45,0
ORD,2018/11/30 9:51,33,28.9,4.6,0
ORD,2018/11/30 10:51,30.9,27,0,0
ORD,2018/11/30 11:51,28.9,25,5.75,0
ORD,2018/11/30 12:51,28.9,25,3.45,0
ORD,2018/11/30 13:51,28.9,24.1,3.45,0
ORD,2018/11/30 14:51,32,25,8.05,0
ORD,2018/11/30 15:51,33,26.1,4.6,0
ORD,2018/11/30 16:51,36,27,6.9,0
ORD,2018/11/30 17:51,38,28,3.45,0
ORD,2018/11/30 18:51,38,30.9,0,0
ORD,2018/11/30 19:51,39,30,0,0
ORD,2018/11/30 20:51,40,30,0,0
ORD,2018/11/30 21:51,38,30.9,8.05,0
ORD,2018/11/30 22:51,37,30.9,4.6,0
ORD,2018/11/30 23:51,35,30,5.75,0
ORD,2018/12/1 0:51,37,30.9,6.9,0
ORD,2018/12/1 1:03,37,32,8.05,0
ORD,2018/12/1 1:29,37,32,5.75,0
ORD,2018/12/1 1:51,38,33,4.6,0
ORD,2018/12/1 2:51,38,33,6.9,0
ORD,2018/12/1 3:51,38,34,6.9,0
ORD,2018/12/1 4:51,36,33,11.5,0
ORD,2018/12/1 5:51,38,33,12.65,0
ORD,2018/12/1 6:51,36,33,11.5,0
ORD,2018/12/1 7:04,36,33,16.1,0
ORD,2018/12/1 7:51,36,33,8.05,0
ORD,2018/12/1 8:28,36,34,10.35,0
ORD,2018/12/1 8:42,36,34,10.35,0
ORD,2018/12/1 8:51,36,34,11.5,0
ORD,2018/12/1 9:51,36,34,17.25,0
ORD,2018/12/1 10:51,36,34,13.8,0
ORD,2018/12/1 11:51,37,34,12.65,0
ORD,2018/12/1 12:51,37,34,16.1,0
ORD,2018/12/1 13:51,37,34,13.8,0
ORD,2018/12/1 14:24,37,34,17.25,T
ORD,2018/12/1 14:33,37,34,16.1,0.51
ORD,2018/12/1 14:51,37,35,18.4,1.02
ORD,2018/12/1 15:25,38,35,19.55,1.27
ORD,2018/12/1 15:51,38,36,20.7,2.03
ORD,2018/12/1 16:27,38,36,16.1,4.57
ORD,2018/12/1 16:33,38,36,17.25,5.59
ORD,2018/12/1 16:51,38,36,13.8,7.37
ORD,2018/12/1 16:58,38,36,14.95,0
ORD,2018/12/1 17:39,39,37,14.95,T
ORD,2018/12/1 17:51,39,37,14.95,T
ORD,2018/12/1 18:06,40,37,16.1,T
ORD,2018/12/1 18:51,40,38,13.8,T
ORD,2018/12/1 18:58,40,38,10.35,T
ORD,2018/12/1 19:12,40,38,12.65,T
ORD,2018/12/1 19:51,40,38,12.65,T
ORD,2018/12/1 20:26,40,38,12.65,T
ORD,2018/12/1 20:51,40,38,14.95,2.29
ORD,2018/12/1 21:06,40,38,14.95,0.25
ORD,2018/12/1 21:29,40,39,12.65,0.25
ORD,2018/12/1 21:51,41,39,10.35,3.05
ORD,2018/12/1 22:17,41,39,10.35,0.25
ORD,2018/12/1 22:39,41,39,12.65,0.76
ORD,2018/12/1 22:51,41,40,11.5,0.76
ORD,2018/12/1 22:58,41,40,14.95,T
ORD,2018/12/1 23:51,41,39,12.65,T
ORD,2018/12/2 0:51,42,41,6.9,T
ORD,2018/12/2 1:51,42,41,8.05,T
ORD,2018/12/2 2:51,42,41,11.5,0
ORD,2018/12/2 2:59,42,41,12.65,T
ORD,2018/12/2 3:13,42,41,11.5,0.51
ORD,2018/12/2 3:33,42,41,6.9,0
ORD,2018/12/2 3:51,42,41,6.9,8.13
ORD,2018/12/2 4:03,41,40,10.35,1.27
ORD,2018/12/2 4:16,41,41,4.6,1.78
ORD,2018/12/2 4:37,41,40,12.65,3.56
ORD,2018/12/2 4:51,41,40,12.65,4.06
ORD,2018/12/2 5:51,41,40,6.9,T
ORD,2018/12/2 5:59,41,40,5.75,0
ORD,2018/12/2 6:25,41,41,3.45,0.51
ORD,2018/12/2 6:51,41,40,3.45,1.02
ORD,2018/12/2 7:51,41,39,5.75,0
ORD,2018/12/2 8:51,41,39,5.75,0
ORD,2018/12/2 9:51,41,39,3.45,0
ORD,2018/12/2 9:57,40,40,3.45,0
ORD,2018/12/2 10:51,41,39,5.75,T
ORD,2018/12/2 11:51,40,39,5.75,0.25
ORD,2018/12/2 12:48,41,40,4.6,T
ORD,2018/12/2 13:29,42,41,0,T
ORD,2018/12/2 13:51,42,40,0,T
ORD,2018/12/2 13:53,42,40,0,T
ORD,2018/12/2 14:07,43,41,5.75,0.25
ORD,2018/12/2 14:51,43,40,12.65,0.25
ORD,2018/12/2 15:03,43,38,12.65,0
ORD,2018/12/2 15:51,43,38,13.8,0
ORD,2018/12/2 16:51,43,36,12.65,0
ORD,2018/12/2 17:14,43,37,13.8,0
ORD,2018/12/2 17:51,43,36,16.1,0
ORD,2018/12/2 18:51,42,35,9.2,0
ORD,2018/12/2 19:51,41,35,9.2,T
ORD,2018/12/2 20:51,40,37,6.9,T
ORD,2018/12/2 21:51,40,36,5.75,T
ORD,2018/12/2 22:51,40,36,5.75,0.25
ORD,2018/12/2 23:02,40,36,8.05,0.25
ORD,2018/12/2 23:39,39,37,9.2,0.51
ORD,2018/12/2 23:51,39,37,6.9,0.51
ORD,2018/12/3 0:51,37,34,11.5,T
ORD,2018/12/3 1:51,36,33,9.2,T
ORD,2018/12/3 2:51,35,32,13.8,0.25
ORD,2018/12/3 3:05,35,32,11.5,T
ORD,2018/12/3 3:51,36,32,11.5,T
ORD,2018/12/3 4:51,35,30.9,13.8,T
ORD,2018/12/3 5:51,35,30,13.8,T
ORD,2018/12/3 6:51,35,30,11.5,0
ORD,2018/12/3 7:51,35,30,12.65,0
ORD,2018/12/3 8:51,34,28.9,13.8,0
ORD,2018/12/3 9:51,34,28.9,12.65,T
ORD,2018/12/3 11:23,33,28.9,13.8,T
ORD,2018/12/3 11:35,33,30,8.05,T
ORD,2018/12/3 11:46,33.8,30.2,9.2,T
ORD,2018/12/3 11:51,33,30,10.35,T
ORD,2018/12/3 12:16,33,30,12.65,0.25
ORD,2018/12/3 12:51,33,30,10.35,0.25
ORD,2018/12/3 12:57,33,30,11.5,T
ORD,2018/12/3 13:18,33,28.9,12.65,T
ORD,2018/12/3 13:46,33.8,28.4,13.8,T
ORD,2018/12/3 13:51,33,28.9,11.5,T
ORD,2018/12/3 13:56,33,28.9,14.95,T
ORD,2018/12/3 14:51,34,28,12.65,T
ORD,2018/12/3 15:17,33,28,18.4,T
ORD,2018/12/3 15:28,33,28,19.55,T
ORD,2018/12/3 15:51,33,28.9,17.25,T
ORD,2018/12/3 16:14,33,28.9,16.1,T
ORD,2018/12/3 16:25,34,28.9,17.25,T
ORD,2018/12/3 16:51,34,28.9,18.4,T
ORD,2018/12/3 17:51,34,28,19.55,T
ORD,2018/12/3 18:51,34,27,14.95,T
ORD,2018/12/3 19:51,34,27,14.95,T
ORD,2018/12/3 20:51,33,26.1,12.65,0
ORD,2018/12/3 21:51,32,24.1,13.8,0
ORD,2018/12/3 22:12,32,24.1,14.95,0
ORD,2018/12/3 22:51,30.9,24.1,14.95,0
ORD,2018/12/3 23:51,30.9,23,13.8,0
ORD,2018/12/4 0:36,30.9,24.1,11.5,0
ORD,2018/12/4 0:51,30.9,23,13.8,0
ORD,2018/12/4 1:47,30.2,23,13.8,0
ORD,2018/12/4 1:51,30,23,12.65,0
ORD,2018/12/4 2:41,30,24.1,10.35,0
ORD,2018/12/4 2:51,30,23,9.2,0
ORD,2018/12/4 3:51,30,24.1,10.35,0
ORD,2018/12/4 4:14,30,23,10.35,0
ORD,2018/12/4 4:51,30,23,8.05,0
ORD,2018/12/4 5:51,30,21.9,11.5,0
ORD,2018/12/4 6:51,30,21.9,11.5,0
ORD,2018/12/4 7:51,30,21,8.05,0
ORD,2018/12/4 8:51,30,21,10.35,0
ORD,2018/12/4 9:51,30,21,10.35,0
ORD,2018/12/4 10:51,30,21,8.05,0
ORD,2018/12/4 11:51,30,21,9.2,0
ORD,2018/12/4 12:51,30,19.9,8.05,0
ORD,2018/12/4 13:51,30,21,10.35,0
ORD,2018/12/4 14:07,30,21,8.05,0
ORD,2018/12/4 14:51,30,21,9.2,T
ORD,2018/12/4 15:51,30,23,5.75,T
ORD,2018/12/4 16:51,30.9,21.9,6.9,0
ORD,2018/12/4 17:51,30.9,21.9,5.75,T
ORD,2018/12/4 18:51,30.9,21.9,8.05,T
ORD,2018/12/4 19:51,32,21.9,5.75,T
ORD,2018/12/4 20:51,32,21.9,4.6,T
ORD,2018/12/4 21:40,32,23,6.9,T
ORD,2018/12/4 21:51,30.9,23,5.75,T
ORD,2018/12/4 22:41,30.9,23,11.5,0
ORD,2018/12/4 22:51,30.9,23,9.2,T
ORD,2018/12/4 23:23,30,21.9,8.05,T
ORD,2018/12/4 23:51,30,21.9,11.5,T
ORD,2018/12/5 0:51,30,21.9,6.9,T
ORD,2018/12/5 1:51,30,21,8.05,T
ORD,2018/12/5 2:51,28.9,19.9,5.75,T
ORD,2018/12/5 3:51,28.9,19.9,5.75,0
ORD,2018/12/5 4:51,28.9,19.9,5.75,T
ORD,2018/12/5 5:51,28,21,8.05,T
ORD,2018/12/5 6:46,28.4,21.2,6.9,0
ORD,2018/12/5 6:51,28,21.9,6.9,0
ORD,2018/12/5 7:51,28,21,8.05,T
ORD,2018/12/5 8:09,28,21,8.05,T
ORD,2018/12/5 8:51,27,19.9,11.5,T
ORD,2018/12/5 9:03,27,19.9,10.35,0
ORD,2018/12/5 9:51,27,18,10.35,0
ORD,2018/12/5 10:51,26.1,18,9.2,T
ORD,2018/12/5 11:51,26.1,18,12.65,T
ORD,2018/12/5 12:51,26.1,19,9.2,T
ORD,2018/12/5 13:51,26.1,18,10.35,T
ORD,2018/12/5 14:51,26.1,18,10.35,T
ORD,2018/12/5 15:51,25,16,11.5,T
ORD,2018/12/5 16:51,27,16,14.95,T
ORD,2018/12/5 17:51,28.9,17.1,11.5,0
ORD,2018/12/5 18:51,28.9,19,12.65,0
ORD,2018/12/5 19:51,30,19.9,11.5,0
ORD,2018/12/5 20:51,30.9,21,10.35,0
ORD,2018/12/5 21:51,32,21.9,9.2,0
ORD,2018/12/5 22:51,30.9,21.9,9.2,0
ORD,2018/12/5 23:06,30.9,23,6.9,0
ORD,2018/12/5 23:51,32,24.1,10.35,0
ORD,2018/12/6 0:41,32,25,11.5,0
ORD,2018/12/6 0:51,32,25,9.2,0
ORD,2018/12/6 1:51,32,26.1,11.5,0
ORD,2018/12/6 2:51,32,26.1,10.35,0
ORD,2018/12/6 3:51,32,27,12.65,0
ORD,2018/12/6 4:51,32,27,10.35,0
ORD,2018/12/6 5:51,30.9,27,9.2,0
ORD,2018/12/6 6:51,32,27,9.2,0
ORD,2018/12/6 7:51,32,27,10.35,0
ORD,2018/12/6 8:51,33,27,10.35,0
ORD,2018/12/6 9:51,33,26.1,8.05,0
ORD,2018/12/6 10:51,32,26.1,6.9,0
ORD,2018/12/6 11:51,32,25,10.35,0
ORD,2018/12/6 12:51,30.9,24.1,10.35,0
ORD,2018/12/6 13:51,30,21,16.1,0
ORD,2018/12/6 14:51,30,19.9,9.2,0
ORD,2018/12/6 15:51,28,18,14.95,0
ORD,2018/12/6 16:09,27,15.1,12.65,0
ORD,2018/12/6 16:51,26.1,12.9,12.65,0
ORD,2018/12/6 17:51,28.9,12.9,12.65,0
ORD,2018/12/6 18:51,30,14,10.35,0
ORD,2018/12/6 19:51,30,14,9.2,0
ORD,2018/12/6 20:51,30,14,10.35,0
ORD,2018/12/6 21:51,28,14,9.2,0
ORD,2018/12/6 22:51,27,14,9.2,0
ORD,2018/12/6 23:51,25,12,11.5,0
ORD,2018/12/7 0:51,24.1,12.9,9.2,0
ORD,2018/12/7 1:51,21,12,8.05,0
ORD,2018/12/7 2:51,21.9,12,6.9,0
ORD,2018/12/7 3:51,21,12,6.9,0
ORD,2018/12/7 4:51,19.9,10.9,6.9,0
ORD,2018/12/7 5:51,19,10.9,5.75,0
ORD,2018/12/7 6:51,19,10.9,5.75,0
ORD,2018/12/7 7:51,19,10.9,4.6,0
ORD,2018/12/7 8:51,18,10,4.6,0
ORD,2018/12/7 9:51,17.1,10,4.6,0
ORD,2018/12/7 10:51,18,10,3.45,0
ORD,2018/12/7 11:51,17.1,10,0,0
ORD,2018/12/7 12:51,17.1,10,3.45,0
ORD,2018/12/7 13:51,17.1,12,4.6,0
ORD,2018/12/7 14:51,19.9,12,5.75,0
ORD,2018/12/7 15:51,21.9,12,8.05,0
ORD,2018/12/7 16:51,23,12.9,12.65,0
ORD,2018/12/7 17:33,24.1,14,13.8,0
ORD,2018/12/7 17:51,24.1,14,16.1,0
ORD,2018/12/7 18:33,24.1,12.9,17.25,0
ORD,2018/12/7 18:51,23,12.9,12.65,0
ORD,2018/12/7 19:03,23,12.9,11.5,0
ORD,2018/12/7 19:51,23,10.9,10.35,0
ORD,2018/12/7 20:51,23,10.9,12.65,0
ORD,2018/12/7 21:51,21.9,9,8.05,0
ORD,2018/12/7 22:51,21.9,8.1,5.75,0
ORD,2018/12/7 23:51,21.9,8.1,0,0
ORD,2018/12/8 0:51,21,9,4.6,0
ORD,2018/12/8 1:51,19.9,9,5.75,0
ORD,2018/12/8 2:51,19.9,9,3.45,0
ORD,2018/12/8 3:51,19.9,10,3.45,0
ORD,2018/12/8 4:51,19,10,4.6,0
ORD,2018/12/8 5:51,19.9,10.9,4.6,0
ORD,2018/12/8 6:51,21,12,5.75,0
ORD,2018/12/8 7:51,21.9,12.9,4.6,0
ORD,2018/12/8 8:51,23,14,4.6,0
ORD,2018/12/8 8:59,23,14,5.75,0
ORD,2018/12/8 9:51,23,15.1,3.45,0
ORD,2018/12/8 10:51,24.1,16,6.9,0
ORD,2018/12/8 11:51,24.1,15.1,5.75,0
ORD,2018/12/8 12:14,24.1,14,6.9,0
ORD,2018/12/8 12:51,21.9,12.9,4.6,0
ORD,2018/12/8 13:51,21.9,14,3.45,0
ORD,2018/12/8 14:51,26.1,15.1,5.75,0
ORD,2018/12/8 15:51,27,16,8.05,0
ORD,2018/12/8 16:51,28.9,14,3.45,0
ORD,2018/12/8 17:51,30,16,4.6,0
ORD,2018/12/8 18:51,30,16,6.9,0
ORD,2018/12/8 19:51,30,15.1,0,0
ORD,2018/12/8 20:51,30.9,16,0,0
ORD,2018/12/8 21:51,30,15.1,0,0
ORD,2018/12/8 22:51,28,15.1,4.6,0
ORD,2018/12/8 23:51,27,16,5.75,0
ORD,2018/12/9 0:51,25,16,4.6,0
ORD,2018/12/9 1:51,24.1,16,0,0
ORD,2018/12/9 2:51,23,16,3.45,0
ORD,2018/12/9 3:51,21.9,16,3.45,0
ORD,2018/12/9 4:51,21,16,0,0
ORD,2018/12/9 5:51,21,16,0,0
ORD,2018/12/9 6:51,19.9,15.1,0,0
ORD,2018/12/9 7:51,19,15.1,4.6,0
ORD,2018/12/9 8:51,19,15.1,0,0
ORD,2018/12/9 9:51,18,14,0,0
ORD,2018/12/9 10:51,18,15.1,5.75,0
ORD,2018/12/9 11:51,19,15.1,3.45,0
ORD,2018/12/9 12:51,19,15.1,0,0
ORD,2018/12/9 13:33,18,15.1,3.45,0
ORD,2018/12/9 13:51,19,15.1,4.6,0
ORD,2018/12/9 14:51,24.1,19.9,4.6,0
ORD,2018/12/9 15:51,26.1,21,5.75,0
ORD,2018/12/9 16:36,28,21.9,3.45,0
ORD,2018/12/9 16:51,30,23,3.45,0
ORD,2018/12/9 17:51,30,21,0,0
ORD,2018/12/9 18:51,32,19.9,8.05,0
ORD,2018/12/9 19:51,34,19,5.75,0
ORD,2018/12/9 20:51,34,18,5.75,0
ORD,2018/12/9 21:51,32,19,3.45,0
ORD,2018/12/9 22:51,28.9,18,5.75,0
ORD,2018/12/9 23:51,25,19,8.05,0
ORD,2018/12/10 0:51,24.1,19,8.05,0
ORD,2018/12/10 1:51,21.9,18,5.75,0
ORD,2018/12/10 2:51,21.9,18,3.45,0
ORD,2018/12/10 3:51,19.9,17.1,5.75,0
ORD,2018/12/10 4:51,19.9,17.1,3.45,0
ORD,2018/12/10 5:51,19,16,4.6,0
ORD,2018/12/10 6:51,17.1,15.1,3.45,0
ORD,2018/12/10 7:51,17.1,14,3.45,0
ORD,2018/12/10 8:51,17.1,14,0,0
ORD,2018/12/10 9:51,16,12.9,0,0
ORD,2018/12/10 10:51,16,12.9,3.45,0
ORD,2018/12/10 11:51,17.1,12.9,0,0
ORD,2018/12/10 12:51,17.1,12.9,3.45,0
ORD,2018/12/10 13:51,18,15.1,3.45,0
ORD,2018/12/10 14:51,21,18,5.75,0
ORD,2018/12/10 15:51,27,21.9,5.75,0
ORD,2018/12/10 16:51,30,21.9,9.2,0
ORD,2018/12/10 17:51,32,21,11.5,0
ORD,2018/12/10 18:51,32,19.9,11.5,0
ORD,2018/12/10 19:51,33,21.9,10.35,0
ORD,2018/12/10 20:51,33,23,10.35,0
ORD,2018/12/10 21:51,30.9,24.1,9.2,0
ORD,2018/12/10 22:51,30,24.1,8.05,0
ORD,2018/12/10 23:51,28.9,24.1,9.2,0
ORD,2018/12/11 0:51,28,25,11.5,0
ORD,2018/12/11 1:51,28,24.1,11.5,0
ORD,2018/12/11 2:51,28.9,24.1,10.35,0
ORD,2018/12/11 3:51,28.9,24.1,10.35,0
ORD,2018/12/11 4:51,27,24.1,8.05,0
ORD,2018/12/11 5:51,28,24.1,8.05,0
ORD,2018/12/11 6:51,28,24.1,11.5,0
ORD,2018/12/11 7:51,27,23,11.5,0
ORD,2018/12/11 8:51,28,23,10.35,0
ORD,2018/12/11 9:51,26.1,21.9,6.9,0
ORD,2018/12/11 10:51,25,21.9,8.05,0
ORD,2018/12/11 11:51,25,21.9,10.35,0
ORD,2018/12/11 12:51,26.1,21.9,6.9,0
ORD,2018/12/11 13:51,26.1,21.9,8.05,0
ORD,2018/12/11 14:51,28,21.9,11.5,0
ORD,2018/12/11 15:51,30,23,10.35,0
ORD,2018/12/11 16:51,33,24.1,6.9,0
ORD,2018/12/11 17:51,34,25,8.05,0
ORD,2018/12/11 18:51,36,25,9.2,0
ORD,2018/12/11 19:51,37,25,4.6,0
ORD,2018/12/11 20:51,36,25,5.75,0
ORD,2018/12/11 21:51,36,25,3.45,0
ORD,2018/12/11 22:51,32,25,9.2,0
ORD,2018/12/11 23:51,30.9,25,6.9,0
ORD,2018/12/12 0:51,30,26.1,5.75,0
ORD,2018/12/12 1:51,30,26.1,5.75,0
ORD,2018/12/12 2:51,30,27,4.6,0
ORD,2018/12/12 3:51,30.9,28,6.9,0
ORD,2018/12/12 4:51,30.9,28,5.75,0
ORD,2018/12/12 5:51,32,28,6.9,0
ORD,2018/12/12 6:51,32,28.9,6.9,0
ORD,2018/12/12 7:51,32,28.9,8.05,0
ORD,2018/12/12 8:51,33,28,9.2,0
ORD,2018/12/12 9:51,34,28,11.5,0
ORD,2018/12/12 10:51,34,28.9,9.2,0
ORD,2018/12/12 11:51,35,28.9,9.2,0
ORD,2018/12/12 12:51,36,30,11.5,0
ORD,2018/12/12 13:32,37,30.9,10.35,T
ORD,2018/12/12 13:44,36,30.9,12.65,T
ORD,2018/12/12 13:51,36,30.9,13.8,T
ORD,2018/12/12 14:51,37,30.9,10.35,0
ORD,2018/12/12 15:51,40,32,14.95,0
ORD,2018/12/12 16:51,40,30,19.55,0
ORD,2018/12/12 17:51,39,27,17.25,0
ORD,2018/12/12 18:51,37,26.1,20.7,0
ORD,2018/12/12 19:51,37,26.1,13.8,0
ORD,2018/12/12 20:01,36,25,13.8,0
ORD,2018/12/12 20:51,34,25,14.95,0
ORD,2018/12/12 21:46,32,23,20.7,0
ORD,2018/12/12 21:51,32,23,12.65,0
ORD,2018/12/12 22:51,30.9,23,14.95,0
ORD,2018/12/12 23:12,30.9,23,10.35,0
ORD,2018/12/12 23:51,32,24.1,10.35,0
ORD,2018/12/13 0:29,32,24.1,9.2,0
ORD,2018/12/13 0:51,32,24.1,8.05,0
ORD,2018/12/13 1:51,30.9,25,9.2,0
ORD,2018/12/13 2:51,30.9,25,5.75,0
ORD,2018/12/13 3:38,30.9,24.1,3.45,0
ORD,2018/12/13 3:51,30,24.1,3.45,0
ORD,2018/12/13 4:51,30,24.1,0,0
ORD,2018/12/13 5:51,28.9,24.1,4.6,0
ORD,2018/12/13 6:51,28,24.1,3.45,0
ORD,2018/12/13 7:51,27,24.1,0,0
ORD,2018/12/13 8:51,24.1,21.9,0,0
ORD,2018/12/13 9:51,26.1,23,0,0
ORD,2018/12/13 10:51,25,23,0,0
ORD,2018/12/13 11:51,25,21.9,3.45,0
ORD,2018/12/13 12:51,25,23,0,0
ORD,2018/12/13 13:11,25,23,3.45,0
ORD,2018/12/13 13:51,27,25,0,0
ORD,2018/12/13 14:51,30.9,28,4.6,0
ORD,2018/12/13 15:51,34,28,6.9,0
ORD,2018/12/13 16:51,39,27,6.9,0
ORD,2018/12/13 17:51,40,28,8.05,0
ORD,2018/12/13 18:51,42,30,9.2,0
ORD,2018/12/13 19:51,45,32,3.45,0
ORD,2018/12/13 20:51,44,34,8.05,0
ORD,2018/12/13 21:11,43,34,4.6,0
ORD,2018/12/13 21:51,42,35,5.75,0
ORD,2018/12/13 22:51,42,35,5.75,0
ORD,2018/12/13 23:51,40,35,8.05,T
ORD,2018/12/14 0:22,39,36,4.6,T
ORD,2018/12/14 0:51,39,37,4.6,0.51
ORD,2018/12/14 1:18,39,38,8.05,T
ORD,2018/12/14 1:51,39,38,8.05,0.25
ORD,2018/12/14 2:11,39,38,11.5,T
ORD,2018/12/14 2:43,39,38,8.05,0.51
ORD,2018/12/14 2:51,39,39,6.9,0.51
ORD,2018/12/14 3:51,39,39,4.6,1.02
ORD,2018/12/14 4:33,40,39,5.75,0.51
ORD,2018/12/14 4:51,40,39,5.75,0.51
ORD,2018/12/14 5:53,39,39,4.6,0.76
ORD,2018/12/14 6:48,39.2,39.2,4.6,1.27
ORD,2018/12/14 6:51,39,39,4.6,1.27
ORD,2018/12/14 7:51,38,38,8.05,1.02
ORD,2018/12/14 8:51,38,38,4.6,0.76
ORD,2018/12/14 9:51,38,38,4.6,0.25
ORD,2018/12/14 10:07,38,38,5.75,T
ORD,2018/12/14 10:15,38,38,8.05,T
ORD,2018/12/14 10:37,38,38,8.05,T
ORD,2018/12/14 10:51,38,38,8.05,T
ORD,2018/12/14 10:58,38,38,8.05,0
ORD,2018/12/14 11:08,38,38,9.2,0
ORD,2018/12/14 11:25,38,38,5.75,0
ORD,2018/12/14 11:29,38,38,6.9,0
ORD,2018/12/14 11:51,38,38,8.05,0
ORD,2018/12/14 12:16,38,38,8.05,0
ORD,2018/12/14 12:40,38,38,6.9,0
ORD,2018/12/14 12:51,38,38,6.9,0
ORD,2018/12/14 13:17,38,38,8.05,0
ORD,2018/12/14 13:46,37.4,37.4,6.9,0
ORD,2018/12/14 13:51,38,38,9.2,0
ORD,2018/12/14 14:51,38,38,9.2,0
ORD,2018/12/14 15:29,39,39,11.5,0
ORD,2018/12/14 15:36,39,39,10.35,0
ORD,2018/12/14 15:51,39,39,10.35,0
ORD,2018/12/14 16:51,39,39,6.9,0
ORD,2018/12/14 17:12,40,39,8.05,0
ORD,2018/12/14 17:51,39,39,5.75,0
ORD,2018/12/14 18:32,39,39,6.9,0
ORD,2018/12/14 18:51,39,39,4.6,0
ORD,2018/12/14 19:09,40,39,5.75,0
ORD,2018/12/14 19:38,39,38,8.05,0
ORD,2018/12/14 19:51,40,38,6.9,0
ORD,2018/12/14 20:17,40,38,5.75,0
ORD,2018/12/14 20:51,40,39,4.6,0
ORD,2018/12/14 21:09,40,38,8.05,0
ORD,2018/12/14 21:51,40,38,6.9,0
ORD,2018/12/14 22:37,38,37,6.9,0
ORD,2018/12/14 22:51,38,37,5.75,0
ORD,2018/12/14 23:51,38,37,5.75,0
ORD,2018/12/15 0:08,38,37,9.2,0
ORD,2018/12/15 0:26,37,36,9.2,0
ORD,2018/12/15 0:51,37,36,8.05,0
ORD,2018/12/15 1:14,37,36,9.2,0
ORD,2018/12/15 1:24,36,35,9.2,0
ORD,2018/12/15 1:51,35,35,5.75,0
ORD,2018/12/15 2:05,35,35,5.75,0
ORD,2018/12/15 2:32,36,35,4.6,0
ORD,2018/12/15 2:46,35.6,35.6,4.6,0
ORD,2018/12/15 2:51,35,34,8.05,0
ORD,2018/12/15 3:18,34,34,6.9,0
ORD,2018/12/15 3:42,34,34,6.9,0
ORD,2018/12/15 3:51,35,34,4.6,0
ORD,2018/12/15 4:44,33,33,8.05,0
ORD,2018/12/15 4:51,33,33,9.2,0
ORD,2018/12/15 5:11,33,33,9.2,0
ORD,2018/12/15 5:18,32,32,11.5,0
ORD,2018/12/15 5:34,32,32,5.75,0
ORD,2018/12/15 5:51,32,32,4.6,0
ORD,2018/12/15 5:58,32,32,5.75,0
ORD,2018/12/15 6:27,30.9,30.9,4.6,0
ORD,2018/12/15 6:37,30.9,30.9,4.6,0
ORD,2018/12/15 6:42,30.9,30.9,4.6,0
ORD,2018/12/15 6:51,30,30,4.6,0
ORD,2018/12/15 6:58,30.9,30,4.6,0
ORD,2018/12/15 7:34,28.9,28,0,0
ORD,2018/12/15 7:51,30,28,0,0
ORD,2018/12/15 8:42,27,26.1,4.6,0
ORD,2018/12/15 8:51,27,26.1,6.9,0
ORD,2018/12/15 9:51,28,26.1,3.45,0
ORD,2018/12/15 10:51,26.1,23,4.6,0
ORD,2018/12/15 11:51,27,25,5.75,0
ORD,2018/12/15 12:51,30,28,5.75,0
ORD,2018/12/15 13:06,28.9,28,5.75,0
ORD,2018/12/15 13:32,30.9,30,8.05,0
ORD,2018/12/15 13:51,30.9,30,6.9,0
ORD,2018/12/15 14:51,34,33,6.9,0
ORD,2018/12/15 15:51,41,34,9.2,0
ORD,2018/12/15 16:51,43,33,10.35,0
ORD,2018/12/15 17:51,45,33,11.5,0
ORD,2018/12/15 18:51,46,33,11.5,0
ORD,2018/12/15 19:51,45,33,11.5,0
ORD,2018/12/15 20:51,43,32,12.65,0
ORD,2018/12/15 21:51,40,32,12.65,0
ORD,2018/12/15 22:51,37,32,9.2,0
ORD,2018/12/15 23:51,36,32,9.2,0
ORD,2018/12/16 0:51,35,32,10.35,0
ORD,2018/12/16 1:51,34,32,5.75,0
ORD,2018/12/16 2:51,34,32,6.9,0
ORD,2018/12/16 3:51,32,30.9,5.75,0
ORD,2018/12/16 4:51,33,32,6.9,0
ORD,2018/12/16 4:58,33,33,6.9,0
ORD,2018/12/16 5:18,30.9,30.9,5.75,0
ORD,2018/12/16 5:51,30,30,6.9,0
ORD,2018/12/16 6:51,30,30,3.45,0
ORD,2018/12/16 7:23,28.9,28.9,5.75,0
ORD,2018/12/16 7:31,28.9,28.9,6.9,0
ORD,2018/12/16 7:35,30,30,4.6,0
ORD,2018/12/16 7:44,30,30,3.45,0
ORD,2018/12/16 7:51,30.9,30.9,5.75,0
ORD,2018/12/16 8:51,30,30,3.45,0
ORD,2018/12/16 9:51,28.9,28.9,0,0
ORD,2018/12/16 10:51,27,27,0,0
ORD,2018/12/16 11:06,26.1,26.1,4.6,0
ORD,2018/12/16 11:10,26.1,25,3.45,0
ORD,2018/12/16 11:19,26.1,26.1,4.6,0
ORD,2018/12/16 11:51,26.1,26.1,0,0
ORD,2018/12/16 11:57,26.1,26.1,0,0
ORD,2018/12/16 12:15,25,25,4.6,0
ORD,2018/12/16 12:51,26.1,26.1,3.45,0
ORD,2018/12/16 13:51,28,28,3.45,0
ORD,2018/12/16 14:51,30,30,3.45,0
ORD,2018/12/16 15:51,34,32,5.75,0
ORD,2018/12/16 16:51,42,30.9,10.35,0
ORD,2018/12/16 17:51,47,33,6.9,0
ORD,2018/12/16 18:51,48,30,13.8,0
ORD,2018/12/16 19:51,47,30,11.5,0
ORD,2018/12/16 20:51,47,32,8.05,0
ORD,2018/12/16 21:51,45,33,9.2,0
ORD,2018/12/16 22:51,42,33,6.9,0
ORD,2018/12/16 23:51,41,33,9.2,0
ORD,2018/12/17 0:51,40,33,8.05,0
ORD,2018/12/17 1:51,38,32,8.05,0
ORD,2018/12/17 2:51,38,30.9,9.2,0
ORD,2018/12/17 3:51,37,30,8.05,0
ORD,2018/12/17 4:51,36,28.9,9.2,0
ORD,2018/12/17 5:51,36,28,9.2,0
ORD,2018/12/17 6:51,35,27,9.2,0
ORD,2018/12/17 7:51,33,27,8.05,0
ORD,2018/12/17 8:51,33,25,8.05,0
ORD,2018/12/17 9:51,33,24.1,9.2,0
ORD,2018/12/17 10:51,33,23,10.35,0
ORD,2018/12/17 11:51,33,23,12.65,0
ORD,2018/12/17 12:51,32,21.9,11.5,0
ORD,2018/12/17 13:51,32,21,11.5,0
ORD,2018/12/17 14:51,34,21,14.95,0
ORD,2018/12/17 15:51,35,19.9,16.1,0
ORD,2018/12/17 16:51,37,21,8.05,0
ORD,2018/12/17 17:51,39,21,5.75,0
ORD,2018/12/17 18:51,41,19.9,5.75,0
ORD,2018/12/17 19:51,42,19.9,4.6,0
ORD,2018/12/17 20:51,42,19.9,5.75,0
ORD,2018/12/17 21:51,40,21,5.75,0
ORD,2018/12/17 22:51,37,21.9,5.75,0
ORD,2018/12/17 23:51,35,21.9,5.75,0
ORD,2018/12/18 0:51,35,21.9,3.45,0
ORD,2018/12/18 1:51,34,21.9,0,0
ORD,2018/12/18 2:51,30.9,21.9,3.45,0
ORD,2018/12/18 3:51,28.9,21,5.75,0
ORD,2018/12/18 4:51,32,21,5.75,0
ORD,2018/12/18 5:51,30,19.9,4.6,0
ORD,2018/12/18 6:51,28,19.9,0,0
ORD,2018/12/18 7:51,28,21,0,0
ORD,2018/12/18 8:51,28,21,0,0
ORD,2018/12/18 9:51,27,21,0,0
ORD,2018/12/18 10:51,25,21,0,0
ORD,2018/12/18 11:51,25,21,0,0
ORD,2018/12/18 12:51,27,21,3.45,0
ORD,2018/12/18 13:51,27,21.9,4.6,0
ORD,2018/12/18 14:51,30.9,26.1,9.2,0
ORD,2018/12/18 15:51,35,28,10.35,0
ORD,2018/12/18 16:51,37,27,11.5,0
ORD,2018/12/18 17:51,40,26.1,10.35,0
ORD,2018/12/18 18:51,42,27,10.35,0
ORD,2018/12/18 19:51,42,27,11.5,0
ORD,2018/12/18 20:51,42,28,10.35,0
ORD,2018/12/18 21:51,41,27,9.2,0
ORD,2018/12/18 22:51,38,28,8.05,0
ORD,2018/12/18 23:51,37,30,10.35,0
ORD,2018/12/19 0:51,37,30,11.5,0
ORD,2018/12/19 1:51,36,28.9,10.35,0
ORD,2018/12/19 2:51,36,28.9,6.9,0
ORD,2018/12/19 3:51,35,28,6.9,0
ORD,2018/12/19 4:51,36,28,6.9,0
ORD,2018/12/19 5:51,35,27,9.2,0
ORD,2018/12/19 6:51,36,27,13.8,0
ORD,2018/12/19 7:51,34,26.1,9.2,0
ORD,2018/12/19 8:51,33,26.1,6.9,0
ORD,2018/12/19 9:51,34,27,8.05,0
ORD,2018/12/19 10:51,35,27,9.2,0
ORD,2018/12/19 11:51,36,28,10.35,0
ORD,2018/12/19 12:51,36,28,9.2,0
ORD,2018/12/19 13:51,37,28.9,8.05,0
ORD,2018/12/19 14:51,38,28.9,11.5,0
ORD,2018/12/19 15:51,40,30,8.05,0
ORD,2018/12/19 16:51,43,30.9,13.8,0
ORD,2018/12/19 17:51,46,33,11.5,0
ORD,2018/12/19 18:51,48,34,13.8,0
ORD,2018/12/19 19:51,49,35,14.95,0
ORD,2018/12/19 20:51,49,38,13.8,0
ORD,2018/12/19 21:51,47,39,11.5,0
ORD,2018/12/19 22:51,46,40,11.5,0
ORD,2018/12/19 23:51,45,40,14.95,0
ORD,2018/12/20 0:51,44,39,11.5,0
ORD,2018/12/20 1:51,45,38,11.5,0
ORD,2018/12/20 2:51,44,38,10.35,0
ORD,2018/12/20 3:51,43,37,6.9,0
ORD,2018/12/20 4:51,44,38,10.35,0
ORD,2018/12/20 5:51,44,38,10.35,0
ORD,2018/12/20 6:51,44,38,8.05,0
ORD,2018/12/20 7:51,43,38,5.75,0
ORD,2018/12/20 8:51,43,38,5.75,0
ORD,2018/12/20 9:51,42,38,5.75,0
ORD,2018/12/20 10:51,42,39,5.75,0
ORD,2018/12/20 11:51,42,39,5.75,T
ORD,2018/12/20 12:16,42,39,5.75,T
ORD,2018/12/20 12:51,42,39,6.9,T
ORD,2018/12/20 13:51,42,41,10.35,0.51
ORD,2018/12/20 14:51,43,41,5.75,0
ORD,2018/12/20 15:41,44,42,6.9,0
ORD,2018/12/20 15:51,44,42,8.05,0
ORD,2018/12/20 16:51,44,43,6.9,0
ORD,2018/12/20 17:37,44,43,5.75,0
ORD,2018/12/20 17:51,45,44,5.75,0
ORD,2018/12/20 18:51,45,44,5.75,0
ORD,2018/12/20 19:51,45,44,4.6,0
ORD,2018/12/20 20:13,45,44,4.6,0
ORD,2018/12/20 20:51,45,44,0,0
ORD,2018/12/20 21:28,45,44,3.45,0
ORD,2018/12/20 21:31,45,44,3.45,0
ORD,2018/12/20 21:47,44.6,44.6,0,0
ORD,2018/12/20 21:51,45,44,3.45,0
ORD,2018/12/20 22:17,44,44,5.75,T
ORD,2018/12/20 22:32,44,43,5.75,0.25
ORD,2018/12/20 22:51,44,43,6.9,0.25
ORD,2018/12/20 23:51,42,41,12.65,0.25
ORD,2018/12/21 0:14,41,40,12.65,0.25
ORD,2018/12/21 0:51,39,38,10.35,0.51
ORD,2018/12/21 1:51,39,38,11.5,0.25
ORD,2018/12/21 2:51,38,37,11.5,0.25
ORD,2018/12/21 3:51,38,37,11.5,T
ORD,2018/12/21 4:51,38,37,13.8,T
ORD,2018/12/21 5:51,38,36,13.8,0.25
ORD,2018/12/21 6:51,38,36,13.8,0.25
ORD,2018/12/21 7:51,37,36,18.4,0.51
ORD,2018/12/21 8:51,36,34,17.25,0.25
ORD,2018/12/21 9:16,36,34,null,0.25
ORD,2018/12/21 9:51,35,33,17.25,0.25
ORD,2018/12/21 10:47,33.8,30.2,17.25,0.25
ORD,2018/12/21 10:51,33,30.9,18.4,0.25
ORD,2018/12/21 11:23,33,30.9,12.65,T
ORD,2018/12/21 11:46,33.8,30.2,18.4,T
ORD,2018/12/21 11:51,33,30.9,14.95,T
ORD,2018/12/21 12:51,33,30,16.1,T
ORD,2018/12/21 13:51,33,28.9,16.1,T
ORD,2018/12/21 14:14,33,28.9,14.95,0
ORD,2018/12/21 14:51,33,28.9,13.8,0
ORD,2018/12/21 15:51,32,28,18.4,0
ORD,2018/12/21 16:51,32,28,12.65,0
ORD,2018/12/21 17:51,32,28,14.95,0
ORD,2018/12/21 18:51,32,26.1,14.95,0
ORD,2018/12/21 19:51,30.9,26.1,9.2,0
ORD,2018/12/21 20:51,30.9,26.1,13.8,0
ORD,2018/12/21 21:51,30.9,25,11.5,0
ORD,2018/12/21 22:51,30.9,24.1,12.65,0
ORD,2018/12/21 23:51,30.9,25,10.35,0
ORD,2018/12/22 0:51,30.9,24.1,11.5,0
ORD,2018/12/22 1:51,30.9,25,8.05,0
ORD,2018/12/22 2:51,30,24.1,10.35,0
ORD,2018/12/22 3:51,28.9,23,11.5,0
ORD,2018/12/22 4:51,28.9,24.1,11.5,0
ORD,2018/12/22 5:51,28.9,24.1,8.05,T
ORD,2018/12/22 6:51,28.9,23,9.2,T
ORD,2018/12/22 7:51,28,23,6.9,T
ORD,2018/12/22 8:51,28,23,8.05,0
ORD,2018/12/22 9:51,28,23,4.6,0
ORD,2018/12/22 10:51,28.9,24.1,4.6,0
ORD,2018/12/22 11:51,28.9,24.1,9.2,0
ORD,2018/12/22 12:51,28.9,24.1,0,0
ORD,2018/12/22 13:51,28.9,24.1,5.75,0
ORD,2018/12/22 14:51,28.9,24.1,6.9,0
ORD,2018/12/22 15:51,28.9,24.1,11.5,0
ORD,2018/12/22 16:51,28.9,23,6.9,0
ORD,2018/12/22 17:07,28.9,23,9.2,0
ORD,2018/12/22 17:51,30.9,24.1,9.2,0
ORD,2018/12/22 18:51,30.9,24.1,6.9,0
ORD,2018/12/22 19:51,33,25,5.75,0
ORD,2018/12/22 20:51,33,25,6.9,0
ORD,2018/12/22 21:51,33,25,6.9,0
ORD,2018/12/22 22:37,33,26.1,4.6,0
ORD,2018/12/22 22:51,32,26.1,3.45,0
ORD,2018/12/22 23:51,33,26.1,0,0
ORD,2018/12/23 0:51,33,26.1,0,0
ORD,2018/12/23 1:51,33,27,0,0
ORD,2018/12/23 2:51,33,28,6.9,0
ORD,2018/12/23 3:51,32,27,9.2,0
ORD,2018/12/23 4:37,32,28,9.2,0
ORD,2018/12/23 4:51,32,28,10.35,0
ORD,2018/12/23 5:51,30.9,28,10.35,0
ORD,2018/12/23 6:51,30.9,27,5.75,0
ORD,2018/12/23 7:51,30.9,27,8.05,0
ORD,2018/12/23 8:36,30.9,26.1,6.9,0
ORD,2018/12/23 8:51,30.9,26.1,8.05,0
ORD,2018/12/23 9:51,30.9,26.1,9.2,0
ORD,2018/12/23 10:09,30.9,26.1,5.75,0
ORD,2018/12/23 10:51,30.9,26.1,5.75,0
ORD,2018/12/23 11:51,30.9,27,6.9,0
ORD,2018/12/23 12:51,30.9,26.1,5.75,0
ORD,2018/12/23 13:51,30,26.1,6.9,0
ORD,2018/12/23 14:22,30.9,27,9.2,0
ORD,2018/12/23 14:51,30.9,27,8.05,0
ORD,2018/12/23 15:51,32,28,10.35,0
ORD,2018/12/23 16:03,33,28,11.5,0
ORD,2018/12/23 16:51,34,28,9.2,0
ORD,2018/12/23 17:51,35,27,12.65,0
ORD,2018/12/23 18:34,35,26.1,11.5,0
ORD,2018/12/23 18:51,36,26.1,10.35,0
ORD,2018/12/23 19:02,37,26.1,13.8,0
ORD,2018/12/23 19:51,37,25,14.95,0
ORD,2018/12/23 20:51,37,21,11.5,0
ORD,2018/12/23 21:51,37,21,10.35,0
ORD,2018/12/23 22:51,36,21.9,16.1,0
ORD,2018/12/23 23:51,36,24.1,14.95,0
ORD,2018/12/24 0:51,36,25,9.2,0
ORD,2018/12/24 1:51,34,23,17.25,0
ORD,2018/12/24 2:51,32,19.9,21.85,0
ORD,2018/12/24 3:51,30.9,19,14.95,0
ORD,2018/12/24 4:51,28.9,19,16.1,0
ORD,2018/12/24 5:51,28,17.1,13.8,0
ORD,2018/12/24 6:51,27,17.1,8.05,0
ORD,2018/12/24 7:51,26.1,15.1,12.65,0
ORD,2018/12/24 8:51,25,15.1,10.35,0
ORD,2018/12/24 9:51,25,15.1,9.2,0
ORD,2018/12/24 10:51,24.1,15.1,6.9,0
ORD,2018/12/24 11:51,24.1,16,6.9,0
ORD,2018/12/24 12:51,23,16,5.75,0
ORD,2018/12/24 13:51,23,17.1,5.75,0
ORD,2018/12/24 14:51,26.1,17.1,6.9,0
ORD,2018/12/24 15:51,27,16,9.2,0
ORD,2018/12/24 16:51,28.9,16,8.05,0
ORD,2018/12/24 17:51,30,17.1,8.05,0
ORD,2018/12/24 18:51,30.9,17.1,10.35,0
ORD,2018/12/24 19:51,30.9,17.1,3.45,0
ORD,2018/12/24 20:51,32,17.1,3.45,0
ORD,2018/12/24 21:51,32,18,4.6,0
ORD,2018/12/24 22:51,30.9,19,3.45,0
ORD,2018/12/24 23:51,30,19.9,3.45,0
ORD,2018/12/25 0:51,28,19,0,0
ORD,2018/12/25 1:51,28,21,3.45,0
ORD,2018/12/25 2:51,27,21,0,0
ORD,2018/12/25 3:51,27,21,4.6,0
ORD,2018/12/25 4:51,27,21,3.45,0
ORD,2018/12/25 5:51,28,21.9,0,0
ORD,2018/12/25 6:51,30,21.9,4.6,0
ORD,2018/12/25 7:51,30,24.1,4.6,0
ORD,2018/12/25 8:51,30.9,25,3.45,0
ORD,2018/12/25 9:51,30.9,24.1,4.6,0
ORD,2018/12/25 10:51,30.9,24.1,5.75,0
ORD,2018/12/25 11:51,30.9,25,0,0
ORD,2018/12/25 12:51,32,25,5.75,0
ORD,2018/12/25 13:51,32,28,3.45,0
ORD,2018/12/25 14:51,34,28,6.9,0
ORD,2018/12/25 15:51,37,30,4.6,0
ORD,2018/12/25 16:51,39,30,9.2,0
ORD,2018/12/25 17:51,41,30.9,8.05,0
ORD,2018/12/25 18:51,42,30.9,6.9,0
ORD,2018/12/25 19:51,44,32,8.05,0
ORD,2018/12/25 20:51,45,32,6.9,0
ORD,2018/12/25 21:51,44,32,4.6,0
ORD,2018/12/25 22:51,40,30,0,0
ORD,2018/12/25 23:51,37,30.9,0,0
ORD,2018/12/26 0:51,35,30,0,0
ORD,2018/12/26 1:51,33,28.9,0,0
ORD,2018/12/26 2:51,32,28.9,0,0
ORD,2018/12/26 3:51,30,28,0,0
ORD,2018/12/26 4:51,30,28,0,0
ORD,2018/12/26 5:51,28.9,27,0,0
ORD,2018/12/26 6:51,28,27,0,0
ORD,2018/12/26 7:51,28,26.1,0,0
ORD,2018/12/26 8:51,27,25,0,0
ORD,2018/12/26 9:51,27,25,0,0
ORD,2018/12/26 10:51,27,25,0,0
ORD,2018/12/26 11:51,27,25,0,0
ORD,2018/12/26 12:51,27,25,0,0
ORD,2018/12/26 13:51,28.9,28,0,0
ORD,2018/12/26 14:51,32,30,0,0
ORD,2018/12/26 15:51,37,33,0,0
ORD,2018/12/26 16:51,42,33,4.6,0
ORD,2018/12/26 17:51,45,32,6.9,0
ORD,2018/12/26 18:51,46,30,4.6,0
ORD,2018/12/26 19:51,47,30.9,5.75,0
ORD,2018/12/26 20:51,46,30,6.9,0
ORD,2018/12/26 21:51,44,30.9,10.35,0
ORD,2018/12/26 22:51,41,30,8.05,0
ORD,2018/12/26 23:51,40,33,8.05,0
ORD,2018/12/27 0:51,40,34,10.35,0
ORD,2018/12/27 1:51,41,34,8.05,0
ORD,2018/12/27 2:51,42,28.9,8.05,0
ORD,2018/12/27 3:51,41,30,13.8,0
ORD,2018/12/27 4:51,41,30,12.65,0
ORD,2018/12/27 5:51,41,30,17.25,0
ORD,2018/12/27 6:51,40,30.9,16.1,0
ORD,2018/12/27 7:51,40,30.9,11.5,0
ORD,2018/12/27 8:51,41,30,14.95,T
ORD,2018/12/27 9:51,39,32,16.1,0.25
ORD,2018/12/27 10:51,39,33,18.4,T
ORD,2018/12/27 11:51,40,32,13.8,0
ORD,2018/12/27 12:51,40,32,17.25,0
ORD,2018/12/27 13:51,40,34,14.95,0.25
ORD,2018/12/27 14:51,39,36,16.1,0.76
ORD,2018/12/27 15:03,39,37,16.1,0.51
ORD,2018/12/27 15:06,39,37,17.25,0.51
ORD,2018/12/27 15:51,40,38,18.4,3.05
ORD,2018/12/27 16:01,40,39,17.25,0.25
ORD,2018/12/27 16:21,40,39,13.8,1.52
ORD,2018/12/27 16:51,42,40,20.7,4.57
ORD,2018/12/27 17:51,43,41,17.25,4.83
ORD,2018/12/27 18:01,43,41,20.7,0.25
ORD,2018/12/27 18:51,45,43,18.4,0.76
ORD,2018/12/27 19:23,46,44,14.95,0
ORD,2018/12/27 19:51,47,44,20.7,0
ORD,2018/12/27 20:51,48,45,17.25,0
ORD,2018/12/27 21:51,49,46,12.65,0
ORD,2018/12/27 22:51,50,46,16.1,T
ORD,2018/12/27 23:38,49,48,11.5,1.27
ORD,2018/12/27 23:51,49,48,11.5,1.52
ORD,2018/12/28 0:03,49,48,12.65,0.25
ORD,2018/12/28 0:51,49,48,12.65,0.51
ORD,2018/12/28 1:09,49,48,13.8,0.25
ORD,2018/12/28 1:51,50,49,12.65,0.25
ORD,2018/12/28 2:51,52,50,13.8,0
ORD,2018/12/28 3:16,53,50,16.1,0
ORD,2018/12/28 3:51,53,50,12.65,0
ORD,2018/12/28 4:51,53,50,14.95,0
ORD,2018/12/28 5:51,53,50,14.95,0
ORD,2018/12/28 6:25,53,50,17.25,0
ORD,2018/12/28 6:51,53,50,13.8,0
ORD,2018/12/28 7:51,52,50,14.95,T
ORD,2018/12/28 8:10,50,47,13.8,1.27
ORD,2018/12/28 8:20,49,47,12.65,1.52
ORD,2018/12/28 8:29,49,47,17.25,1.52
ORD,2018/12/28 8:51,49,47,13.8,1.52
ORD,2018/12/28 9:51,48,43,14.95,T
ORD,2018/12/28 10:51,44,37,14.95,0
ORD,2018/12/28 11:51,43,37,18.4,0
ORD,2018/12/28 12:10,41,35,17.25,0
ORD,2018/12/28 12:46,39.2,35.6,14.95,0
ORD,2018/12/28 12:51,38,34,23,0
ORD,2018/12/28 13:51,36,32,16.1,0
ORD,2018/12/28 14:51,33,28.9,19.55,0
ORD,2018/12/28 15:51,32,28,17.25,T
ORD,2018/12/28 16:51,32,27,18.4,T
ORD,2018/12/28 17:11,32,28,13.8,T
ORD,2018/12/28 17:24,32,28,14.95,T
ORD,2018/12/28 17:51,30.9,27,17.25,T
ORD,2018/12/28 18:51,30.9,25,16.1,0
ORD,2018/12/28 19:44,30.9,26.1,20.7,T
ORD,2018/12/28 19:51,30.9,26.1,16.1,T
ORD,2018/12/28 20:51,30.9,26.1,20.7,T
ORD,2018/12/28 21:51,30.9,26.1,14.95,T
ORD,2018/12/28 22:22,30.9,26.1,19.55,T
ORD,2018/12/28 22:51,30,27,14.95,T
ORD,2018/12/28 23:01,30,27,12.65,T
ORD,2018/12/28 23:08,30,27,16.1,T
ORD,2018/12/28 23:51,30,27,14.95,T
ORD,2018/12/29 0:51,30,27,12.65,T
ORD,2018/12/29 1:51,30,28,11.5,T
ORD,2018/12/29 2:14,30,27,17.25,T
ORD,2018/12/29 2:51,30,28,11.5,T
ORD,2018/12/29 3:51,30,27,11.5,T
ORD,2018/12/29 4:36,30,28.9,5.75,T
ORD,2018/12/29 4:51,30,28.9,9.2,T
ORD,2018/12/29 5:08,30,28.9,5.75,0.25
ORD,2018/12/29 5:51,30,28.9,8.05,0.25
ORD,2018/12/29 6:11,30,28.9,3.45,0.25
ORD,2018/12/29 6:51,30,27,5.75,0.51
ORD,2018/12/29 7:33,30,28.9,4.6,T
ORD,2018/12/29 7:51,30,28.9,4.6,T
ORD,2018/12/29 8:06,28.9,27,9.2,0.25
ORD,2018/12/29 8:14,28.9,27,9.2,0.25
ORD,2018/12/29 8:23,28.9,28,6.9,0.25
ORD,2018/12/29 8:51,28.9,27,9.2,0.25
ORD,2018/12/29 9:21,28,26.1,10.35,T
ORD,2018/12/29 9:51,28,25,5.75,T
ORD,2018/12/29 10:51,28,25,8.05,T
ORD,2018/12/29 11:01,27,25,6.9,0
ORD,2018/12/29 11:51,27,24.1,6.9,0
ORD,2018/12/29 12:51,27,23,3.45,0
ORD,2018/12/29 13:51,27,23,4.6,0
ORD,2018/12/29 14:51,27,23,4.6,0
ORD,2018/12/29 15:51,27,24.1,5.75,0
ORD,2018/12/29 16:51,28,24.1,3.45,0
ORD,2018/12/29 17:51,28,24.1,3.45,0
ORD,2018/12/29 18:51,28.9,26.1,3.45,0
ORD,2018/12/29 19:17,28.9,26.1,4.6,0
ORD,2018/12/29 19:51,28.9,27,4.6,0
ORD,2018/12/29 20:51,28.9,27,5.75,T
ORD,2018/12/29 21:24,28.9,26.1,8.05,T
ORD,2018/12/29 21:51,28.9,26.1,8.05,T
ORD,2018/12/29 22:41,28,25,11.5,0
ORD,2018/12/29 22:51,28,25,13.8,0
ORD,2018/12/29 23:30,27,24.1,11.5,T
ORD,2018/12/29 23:32,27,24.1,11.5,T
ORD,2018/12/29 23:51,26.1,24.1,9.2,0.25
ORD,2018/12/30 0:51,26.1,24.1,9.2,0.25
ORD,2018/12/30 1:01,26.1,24.1,9.2,T
ORD,2018/12/30 1:12,26.1,24.1,11.5,T
ORD,2018/12/30 1:48,26.6,24.8,10.35,0.25
ORD,2018/12/30 1:51,26.1,23,10.35,0.25
ORD,2018/12/30 2:51,25,19.9,11.5,T
ORD,2018/12/30 3:51,24.1,19,17.25,T
ORD,2018/12/30 4:51,23,18,10.35,0
ORD,2018/12/30 5:51,21.9,18,13.8,0
ORD,2018/12/30 6:51,21.9,17.1,12.65,0
ORD,2018/12/30 7:51,21.9,17.1,12.65,0
ORD,2018/12/30 8:51,21.9,17.1,8.05,0
ORD,2018/12/30 9:51,21,15.1,12.65,0
ORD,2018/12/30 10:51,21,15.1,10.35,0
ORD,2018/12/30 11:28,19.9,15.1,8.05,0
ORD,2018/12/30 11:51,19.9,15.1,5.75,0
ORD,2018/12/30 12:51,19,15.1,6.9,0
ORD,2018/12/30 13:51,19,16,8.05,0
ORD,2018/12/30 14:51,21.9,17.1,9.2,0
ORD,2018/12/30 15:51,25,18,14.95,0
ORD,2018/12/30 16:51,27,18,11.5,0
ORD,2018/12/30 17:51,30,17.1,17.25,0
ORD,2018/12/30 18:51,32,18,14.95,0
ORD,2018/12/30 19:51,34,21.9,14.95,0
ORD,2018/12/30 20:51,35,23,12.65,0
ORD,2018/12/30 21:51,35,24.1,10.35,0
ORD,2018/12/30 22:51,34,24.1,10.35,0
ORD,2018/12/30 23:51,33,26.1,9.2,0
ORD,2018/12/31 0:51,33,27,10.35,0
ORD,2018/12/31 1:51,32,27,12.65,0
ORD,2018/12/31 2:51,30.9,27,10.35,0
ORD,2018/12/31 3:51,30.9,27,11.5,0
ORD,2018/12/31 4:51,30.9,27,11.5,0
ORD,2018/12/31 5:51,32,28,8.05,0
ORD,2018/12/31 6:51,30.9,28,4.6,0
ORD,2018/12/31 7:51,32,28,4.6,0
ORD,2018/12/31 8:51,33,28.9,4.6,0
ORD,2018/12/31 9:51,34,28.9,4.6,0
ORD,2018/12/31 10:51,34,30,0,0
ORD,2018/12/31 11:51,34,30,4.6,0.25
ORD,2018/12/31 12:51,35,32,0,0.51
ORD,2018/12/31 13:38,34,32,5.75,0.51
ORD,2018/12/31 13:51,34,33,6.9,0.76
ORD,2018/12/31 14:18,35,34,8.05,0.51
ORD,2018/12/31 14:51,35,34,9.2,1.52
ORD,2018/12/31 15:17,36,35,9.2,0.51
ORD,2018/12/31 15:46,35.6,35.6,8.05,1.52
ORD,2018/12/31 15:51,36,35,6.9,1.52
ORD,2018/12/31 16:51,37,37,3.45,2.03
ORD,2018/12/31 17:51,37,37,10.35,2.79
ORD,2018/12/31 18:04,37,37,10.35,1.02
ORD,2018/12/31 18:31,37,37,12.65,2.29
ORD,2018/12/31 18:43,37,37,11.5,2.79
ORD,2018/12/31 18:51,38,37,10.35,3.05
ORD,2018/12/31 19:51,38,38,11.5,1.52
ORD,2018/12/31 20:03,38,38,10.35,T
ORD,2018/12/31 20:51,39,38,16.1,0.76
ORD,2018/12/31 21:51,38,38,12.65,T
ORD,2018/12/31 22:31,38,38,10.35,0.25
ORD,2018/12/31 22:42,38,38,13.8,1.27
ORD,2018/12/31 22:51,38,38,12.65,1.78
ORD,2018/12/31 23:51,37,36,18.4,2.54
ORD,2019/1/1 0:08,37,36,20.7,0.25
ORD,2019/1/1 0:51,36,35,18.4,1.02
ORD,2019/1/1 1:13,36,34,16.1,0.25
ORD,2019/1/1 1:41,35,34,13.8,0.76
ORD,2019/1/1 1:51,34,33,12.65,1.02
ORD,2019/1/1 1:58,34,33,14.95,0.25
ORD,2019/1/1 2:51,34,33,10.35,0.76
ORD,2019/1/1 3:51,34,33,8.05,T
ORD,2019/1/1 4:34,34,33,9.2,T
ORD,2019/1/1 4:51,34,33,8.05,T
ORD,2019/1/1 5:47,33.8,33.8,11.5,T
ORD,2019/1/1 5:51,34,33,9.2,T
ORD,2019/1/1 6:51,34,32,8.05,0
ORD,2019/1/1 7:51,33,30.9,10.35,0
ORD,2019/1/1 8:09,33,30.9,12.65,0
ORD,2019/1/1 8:17,33,30.9,9.2,T
ORD,2019/1/1 8:51,32,30.9,6.9,T
ORD,2019/1/1 9:13,32,30.9,6.9,T
ORD,2019/1/1 9:51,32,30,5.75,T
ORD,2019/1/1 10:19,32,30,10.35,T
ORD,2019/1/1 10:49,30.2,28.4,11.5,0.25
ORD,2019/1/1 10:51,30.9,28.9,11.5,0.25
ORD,2019/1/1 11:51,30,28,11.5,T
ORD,2019/1/1 12:32,28.9,26.1,9.2,T
ORD,2019/1/1 12:51,28.9,26.1,10.35,T
ORD,2019/1/1 13:51,28.9,24.1,11.5,T
ORD,2019/1/1 14:51,28,24.1,12.65,0
ORD,2019/1/1 15:51,28,24.1,10.35,0
ORD,2019/1/1 16:51,28,24.1,9.2,0
ORD,2019/1/1 17:51,28,23,9.2,0
ORD,2019/1/1 18:51,27,23,9.2,0
ORD,2019/1/1 19:16,27,23,8.05,T
ORD,2019/1/1 19:20,27,23,9.2,T
ORD,2019/1/1 19:51,27,23,10.35,T
ORD,2019/1/1 20:51,27,23,9.2,T
ORD,2019/1/1 21:51,26.1,21.9,5.75,T
ORD,2019/1/1 22:17,26.1,21.9,5.75,0
ORD,2019/1/1 22:51,26.1,21.9,5.75,0
ORD,2019/1/1 23:51,26.1,21.9,5.75,0
ORD,2019/1/2 0:51,26.1,21.9,5.75,0
ORD,2019/1/2 1:51,26.1,21.9,3.45,0
ORD,2019/1/2 2:51,26.1,23,4.6,0
ORD,2019/1/2 3:12,26.1,23,4.6,0
ORD,2019/1/2 3:39,26.1,23,4.6,0
ORD,2019/1/2 3:51,26.1,23,4.6,0
ORD,2019/1/2 4:39,26.1,23,0,0
ORD,2019/1/2 4:51,26.1,23,3.45,0
ORD,2019/1/2 5:51,26.1,24.1,0,0
ORD,2019/1/2 6:51,26.1,24.1,0,0
ORD,2019/1/2 7:51,26.1,24.1,0,0
ORD,2019/1/2 8:51,27,24.1,0,0
ORD,2019/1/2 9:51,27,24.1,3.45,0
ORD,2019/1/2 10:51,27,25,4.6,0
ORD,2019/1/2 11:51,28,25,4.6,T
ORD,2019/1/2 12:15,28,25,3.45,T
ORD,2019/1/2 12:51,28,26.1,4.6,T
ORD,2019/1/2 13:11,28,26.1,6.9,T
ORD,2019/1/2 13:51,28.9,27,4.6,T
ORD,2019/1/2 14:13,28.9,27,6.9,T
ORD,2019/1/2 14:41,28.9,27,6.9,T
ORD,2019/1/2 14:51,28.9,27,4.6,T
ORD,2019/1/2 15:26,28.9,28,6.9,T
ORD,2019/1/2 15:51,30,28,5.75,T
ORD,2019/1/2 16:07,30,28,6.9,0.25
ORD,2019/1/2 16:19,30,28,10.35,0.25
ORD,2019/1/2 16:26,30,28,9.2,0.25
ORD,2019/1/2 16:31,30,28,10.35,0.25
ORD,2019/1/2 16:51,30,27,12.65,0.25
ORD,2019/1/2 17:19,30,27,11.5,T
ORD,2019/1/2 17:47,28.4,26.6,11.5,T
ORD,2019/1/2 17:51,28.9,26.1,13.8,T
ORD,2019/1/2 18:51,28.9,25,10.35,T
ORD,2019/1/2 19:51,28.9,25,14.95,T
ORD,2019/1/2 20:51,28.9,25,14.95,T
ORD,2019/1/2 21:51,28.9,23,13.8,0
ORD,2019/1/2 22:14,28,23,17.25,0
ORD,2019/1/2 22:51,28.9,21.9,14.95,0
ORD,2019/1/2 23:51,28.9,23,8.05,0
ORD,2019/1/3 0:51,28.9,23,11.5,0
ORD,2019/1/3 1:51,28,21,16.1,0
ORD,2019/1/3 2:29,28,19.9,6.9,0
ORD,2019/1/3 2:43,28,19.9,11.5,0
ORD,2019/1/3 2:51,28,19.9,10.35,0
ORD,2019/1/3 3:51,27,19.9,9.2,0
ORD,2019/1/3 4:51,27,21,14.95,0
ORD,2019/1/3 5:51,26.1,21,11.5,0
ORD,2019/1/3 6:51,26.1,21,13.8,0
ORD,2019/1/3 7:51,25,21,11.5,0
ORD,2019/1/3 8:51,25,21,9.2,0
ORD,2019/1/3 9:51,25,21,8.05,0
ORD,2019/1/3 10:51,24.1,21,5.75,0
ORD,2019/1/3 11:51,24.1,21,12.65,0
ORD,2019/1/3 12:51,24.1,21,10.35,0
ORD,2019/1/3 13:51,24.1,21.9,8.05,0
ORD,2019/1/3 14:51,26.1,23,9.2,0
ORD,2019/1/3 15:51,28.9,23,11.5,0
ORD,2019/1/3 16:51,32,23,12.65,0
ORD,2019/1/3 17:51,35,25,13.8,0
ORD,2019/1/3 18:51,36,26.1,11.5,0
ORD,2019/1/3 19:51,38,27,14.95,0
ORD,2019/1/3 20:51,38,28,13.8,0
ORD,2019/1/3 21:51,38,28,13.8,0
ORD,2019/1/3 22:51,37,28.9,11.5,0
ORD,2019/1/3 23:51,37,28.9,17.25,0
ORD,2019/1/4 0:51,36,28.9,13.8,0
ORD,2019/1/4 1:51,36,28.9,12.65,0
ORD,2019/1/4 2:51,35,28.9,12.65,0
ORD,2019/1/4 3:51,34,28.9,13.8,0
ORD,2019/1/4 4:51,34,28.9,8.05,0
ORD,2019/1/4 5:51,33,28,11.5,0
ORD,2019/1/4 6:51,33,28,9.2,0
ORD,2019/1/4 7:51,33,28,9.2,0
ORD,2019/1/4 8:51,32,27,11.5,0
ORD,2019/1/4 9:51,32,27,9.2,0
ORD,2019/1/4 10:51,30.9,27,11.5,0
ORD,2019/1/4 11:51,32,26.1,12.65,0
ORD,2019/1/4 12:51,30.9,26.1,9.2,0
ORD,2019/1/4 13:51,32,27,9.2,0
ORD,2019/1/4 14:51,34,27,8.05,0
ORD,2019/1/4 15:51,37,28,8.05,0
ORD,2019/1/4 16:51,40,28,11.5,0
ORD,2019/1/4 17:51,44,28.9,9.2,0
ORD,2019/1/4 18:51,46,28.9,11.5,0
ORD,2019/1/4 19:51,47,28,11.5,0
ORD,2019/1/4 20:51,48,28,9.2,0
ORD,2019/1/4 21:51,47,30,5.75,0
ORD,2019/1/4 22:51,44,30,6.9,0
ORD,2019/1/4 23:51,40,30.9,4.6,0
ORD,2019/1/5 0:51,39,30.9,0,0
ORD,2019/1/5 1:51,37,30.9,3.45,0
ORD,2019/1/5 2:51,36,30.9,4.6,0
ORD,2019/1/5 3:51,35,30.9,8.05,0
ORD,2019/1/5 4:51,35,30.9,5.75,0
ORD,2019/1/5 5:51,34,30.9,4.6,0
ORD,2019/1/5 6:51,33,30,6.9,0
ORD,2019/1/5 7:51,34,30,6.9,0
ORD,2019/1/5 8:51,33,30,4.6,0
ORD,2019/1/5 9:51,33,28.9,4.6,0
ORD,2019/1/5 10:51,32,28.9,3.45,0
ORD,2019/1/5 11:51,32,28.9,6.9,0
ORD,2019/1/5 12:51,32,28.9,10.35,0
ORD,2019/1/5 13:51,33,30,6.9,0
ORD,2019/1/5 14:51,35,30.9,6.9,0
ORD,2019/1/5 15:51,40,33,10.35,0
ORD,2019/1/5 16:51,43,34,6.9,0
ORD,2019/1/5 17:51,47,35,10.35,0
ORD,2019/1/5 18:51,49,36,16.1,0
ORD,2019/1/5 19:51,51,36,9.2,0
ORD,2019/1/5 20:51,52,37,12.65,0
ORD,2019/1/5 21:51,51,37,9.2,0
ORD,2019/1/5 22:51,48,36,9.2,0
ORD,2019/1/5 23:51,45,37,8.05,0
ORD,2019/1/6 0:51,43,37,8.05,0
ORD,2019/1/6 1:51,43,37,9.2,0
ORD,2019/1/6 2:51,42,36,8.05,0
ORD,2019/1/6 3:51,41,35,8.05,0
ORD,2019/1/6 4:51,39,33,8.05,0
ORD,2019/1/6 5:51,38,32,8.05,0
ORD,2019/1/6 6:51,33,30,6.9,0
ORD,2019/1/6 7:51,32,30,3.45,0
ORD,2019/1/6 8:51,32,30,3.45,0
ORD,2019/1/6 9:51,30.9,28.9,5.75,0
ORD,2019/1/6 10:23,30.9,28.9,6.9,0
ORD,2019/1/6 10:51,34,32,6.9,0
ORD,2019/1/6 11:51,36,32,8.05,0
ORD,2019/1/6 12:51,37,30.9,13.8,0
ORD,2019/1/6 13:51,38,30,10.35,0
ORD,2019/1/6 14:51,38,30,12.65,0
ORD,2019/1/6 15:51,39,30,12.65,0
ORD,2019/1/6 16:51,39,30,14.95,0
ORD,2019/1/6 17:51,39,30,13.8,0
ORD,2019/1/6 18:44,39,30,14.95,0
ORD,2019/1/6 18:51,39,30,13.8,0
ORD,2019/1/6 19:51,39,28.9,10.35,0
ORD,2019/1/6 20:51,38,28.9,12.65,0
ORD,2019/1/6 21:51,38,30,11.5,0
ORD,2019/1/6 22:51,37,30.9,12.65,0
ORD,2019/1/6 23:51,37,30.9,12.65,0
ORD,2019/1/7 0:51,38,32,12.65,0
ORD,2019/1/7 1:51,39,30.9,17.25,0
ORD,2019/1/7 2:51,39,30.9,20.7,0
ORD,2019/1/7 3:51,39,30.9,17.25,0
ORD,2019/1/7 4:51,39,32,10.35,0
ORD,2019/1/7 5:51,40,33,13.8,0
ORD,2019/1/7 6:51,41,34,20.7,0
ORD,2019/1/7 7:51,41,34,18.4,0
ORD,2019/1/7 8:51,41,34,19.55,0
ORD,2019/1/7 9:51,41,35,18.4,0
ORD,2019/1/7 10:51,42,35,14.95,0
ORD,2019/1/7 11:51,42,36,20.7,T
ORD,2019/1/7 12:51,42,38,12.65,0.51
ORD,2019/1/7 13:51,43,40,16.1,0.51
ORD,2019/1/7 14:51,44,41,13.8,1.27
ORD,2019/1/7 15:09,45,42,14.95,0.51
ORD,2019/1/7 15:24,45,42,14.95,1.27
ORD,2019/1/7 15:48,44.6,42.8,14.95,2.79
ORD,2019/1/7 15:51,45,43,18.4,3.05
ORD,2019/1/7 16:07,45,43,14.95,0.51
ORD,2019/1/7 16:36,46,44,14.95,1.27
ORD,2019/1/7 16:51,46,44,14.95,1.27
ORD,2019/1/7 16:56,46,44,17.25,0.25
ORD,2019/1/7 17:19,47,45,16.1,1.02
ORD,2019/1/7 17:40,47,46,17.25,1.27
ORD,2019/1/7 17:51,47,46,18.4,1.52
ORD,2019/1/7 18:04,48,46,17.25,0.25
ORD,2019/1/7 18:16,48,47,17.25,0.25
ORD,2019/1/7 18:51,50,48,17.25,0.51
ORD,2019/1/7 19:38,51,49,18.4,0.51
ORD,2019/1/7 19:51,51,50,14.95,0.51
ORD,2019/1/7 20:05,52,50,16.1,0.76
ORD,2019/1/7 20:24,52,50,16.1,1.27
ORD,2019/1/7 20:37,52,51,20.7,1.78
ORD,2019/1/7 20:42,52,51,17.25,2.03
ORD,2019/1/7 20:47,53.6,51.8,16.1,2.03
ORD,2019/1/7 20:51,53,51,17.25,2.03
ORD,2019/1/7 21:47,53.6,50,12.65,T
ORD,2019/1/7 21:51,53,50,12.65,T
ORD,2019/1/7 22:51,53,49,17.25,0
ORD,2019/1/7 22:58,53,49,13.8,0
ORD,2019/1/7 23:12,53,48,17.25,0
ORD,2019/1/7 23:51,51,46,21.85,0
ORD,2019/1/8 0:51,48,43,12.65,0
ORD,2019/1/8 1:03,48,42,13.8,0
ORD,2019/1/8 1:51,45,40,16.1,0
ORD,2019/1/8 2:51,42,38,14.95,0
ORD,2019/1/8 3:38,41,38,8.05,0
ORD,2019/1/8 3:51,41,38,5.75,0
ORD,2019/1/8 4:27,41,38,8.05,0
ORD,2019/1/8 4:51,41,38,11.5,0
ORD,2019/1/8 5:51,40,38,5.75,0
ORD,2019/1/8 6:51,39,37,3.45,0
ORD,2019/1/8 7:14,38,36,6.9,0
ORD,2019/1/8 7:51,38,37,0,0
ORD,2019/1/8 8:51,38,36,6.9,0
ORD,2019/1/8 9:51,38,36,8.05,0
ORD,2019/1/8 10:43,37,36,5.75,0
ORD,2019/1/8 10:51,37,35,6.9,0
ORD,2019/1/8 11:51,37,36,11.5,0
ORD,2019/1/8 12:51,38,36,8.05,0
ORD,2019/1/8 13:51,38,36,3.45,0
ORD,2019/1/8 14:51,42,38,12.65,0
ORD,2019/1/8 15:51,42,37,14.95,0
ORD,2019/1/8 16:51,41,36,11.5,T
ORD,2019/1/8 17:51,43,35,13.8,T
ORD,2019/1/8 18:51,44,34,17.25,0
ORD,2019/1/8 19:51,45,25,21.85,0
ORD,2019/1/8 20:51,44,23,28.75,0
ORD,2019/1/8 21:51,42,24.1,24.15,0
ORD,2019/1/8 22:51,40,26.1,18.4,0
ORD,2019/1/8 23:51,39,26.1,23,0
ORD,2019/1/9 0:51,37,23,25.3,0
ORD,2019/1/9 1:51,34,21,17.25,0
ORD,2019/1/9 2:51,28.9,17.1,19.55,0
ORD,2019/1/9 3:51,27,15.1,16.1,0
ORD,2019/1/9 4:51,26.1,15.1,17.25,0
ORD,2019/1/9 5:51,25,12.9,17.25,0
ORD,2019/1/9 6:51,23,12,19.55,0
ORD,2019/1/9 7:51,21.9,10.9,17.25,0
ORD,2019/1/9 8:51,21,10.9,12.65,0
ORD,2019/1/9 9:51,19.9,9,14.95,0
ORD,2019/1/9 10:51,19,9,12.65,0
ORD,2019/1/9 11:51,19,9,20.7,0
ORD,2019/1/9 12:51,19,9,16.1,T
ORD,2019/1/9 13:51,19,9,17.25,T
ORD,2019/1/9 14:51,19,9,16.1,T
ORD,2019/1/9 15:16,19,8.1,16.1,T
ORD,2019/1/9 15:51,19,9,12.65,T
ORD,2019/1/9 16:51,19,9,13.8,T
ORD,2019/1/9 17:51,19.9,8.1,16.1,T
ORD,2019/1/9 18:51,21,7,12.65,0
ORD,2019/1/9 19:51,19.9,7,16.1,0
ORD,2019/1/9 20:51,19.9,7,12.65,0
ORD,2019/1/9 21:51,19.9,7,12.65,0
ORD,2019/1/9 22:51,19,7,11.5,0
ORD,2019/1/9 23:51,19,7,8.05,0
ORD,2019/1/10 0:51,18,8.1,8.05,0
ORD,2019/1/10 1:51,18,8.1,6.9,0
ORD,2019/1/10 2:51,17.1,7,12.65,0
ORD,2019/1/10 3:51,17.1,6,11.5,0
ORD,2019/1/10 4:51,16,5,11.5,0
ORD,2019/1/10 5:51,15.1,6,11.5,0
ORD,2019/1/10 6:51,15.1,5,12.65,0
ORD,2019/1/10 7:51,14,5,5.75,0
ORD,2019/1/10 8:51,14,5,8.05,0
ORD,2019/1/10 9:51,14,5,11.5,0
ORD,2019/1/10 10:51,14,6,6.9,0
ORD,2019/1/10 11:51,14,6,6.9,0
ORD,2019/1/10 12:51,15.1,7,5.75,0
ORD,2019/1/10 13:44,16,8.1,6.9,0
ORD,2019/1/10 13:51,16,8.1,6.9,0
ORD,2019/1/10 14:51,17.1,9,8.05,0
ORD,2019/1/10 15:51,18,10,5.75,0
ORD,2019/1/10 16:51,19,10.9,5.75,0
ORD,2019/1/10 17:51,21,12,6.9,0
ORD,2019/1/10 18:51,21.9,12.9,3.45,0
ORD,2019/1/10 19:51,24.1,15.1,0,0
ORD,2019/1/10 20:51,24.1,15.1,3.45,0
ORD,2019/1/10 21:51,24.1,15.1,0,0
ORD,2019/1/10 22:51,24.1,15.1,0,0
ORD,2019/1/10 23:51,23,15.1,0,0
ORD,2019/1/11 0:51,21.9,15.1,3.45,0
ORD,2019/1/11 1:07,21.9,15.1,3.45,0
ORD,2019/1/11 1:51,21.9,15.1,0,0
ORD,2019/1/11 2:51,21.9,15.1,0,0
ORD,2019/1/11 3:51,21,15.1,3.45,0
ORD,2019/1/11 4:51,21,15.1,0,0
ORD,2019/1/11 5:51,19.9,15.1,0,0
ORD,2019/1/11 6:51,19.9,15.1,0,0
ORD,2019/1/11 7:51,19,15.1,0,0
ORD,2019/1/11 8:51,19,16,4.6,0
ORD,2019/1/11 9:51,19,16,0,0
ORD,2019/1/11 10:51,18,14,0,0
ORD,2019/1/11 11:16,19,15.1,0,0
ORD,2019/1/11 11:51,19.9,17.1,0,0
ORD,2019/1/11 12:51,21.9,18,0,0
ORD,2019/1/11 13:51,23,18,4.6,0
ORD,2019/1/11 14:51,25,19,5.75,0
ORD,2019/1/11 15:07,25,19.9,5.75,0
ORD,2019/1/11 15:51,27,21,5.75,0
ORD,2019/1/11 16:14,28,21,5.75,0
ORD,2019/1/11 16:51,28,21,6.9,0
ORD,2019/1/11 17:51,28,19.9,8.05,0
ORD,2019/1/11 18:51,28,19.9,6.9,0
ORD,2019/1/11 19:51,28,19.9,9.2,0
ORD,2019/1/11 20:51,28.9,19.9,6.9,0
ORD,2019/1/11 21:29,28.9,19.9,5.75,0
ORD,2019/1/11 21:51,28.9,21,6.9,0
ORD,2019/1/11 22:51,30,21,6.9,0
ORD,2019/1/11 23:51,30,21,3.45,0
ORD,2019/1/12 0:51,30,21,5.75,0
ORD,2019/1/12 1:51,30,21,6.9,0
ORD,2019/1/12 2:51,30,21,6.9,0
ORD,2019/1/12 3:51,30,21,9.2,0
ORD,2019/1/12 4:51,30,21.9,6.9,0
ORD,2019/1/12 5:51,30,21.9,5.75,0
ORD,2019/1/12 6:51,30,21.9,6.9,0
ORD,2019/1/12 7:51,30,21.9,5.75,0
ORD,2019/1/12 8:51,30,21.9,3.45,0
ORD,2019/1/12 9:51,30,21.9,4.6,0
ORD,2019/1/12 10:51,30,21.9,4.6,0
ORD,2019/1/12 11:51,30.9,24.1,8.05,0
ORD,2019/1/12 12:51,30.9,24.1,8.05,0
ORD,2019/1/12 13:51,30.9,25,8.05,0
ORD,2019/1/12 14:51,30.9,25,11.5,0
ORD,2019/1/12 15:51,32,24.1,11.5,T
ORD,2019/1/12 16:51,30.9,27,12.65,T
ORD,2019/1/12 17:51,30,27,10.35,0.25
ORD,2019/1/12 17:58,30,27,11.5,T
ORD,2019/1/12 18:07,30,27,12.65,T
ORD,2019/1/12 18:15,30,27,10.35,T
ORD,2019/1/12 18:31,30,27,8.05,0.25
ORD,2019/1/12 18:51,30,27,10.35,0.25
ORD,2019/1/12 19:11,30,27,10.35,T
ORD,2019/1/12 19:29,28.9,27,10.35,0.25
ORD,2019/1/12 19:43,28.9,28,13.8,0.51
ORD,2019/1/12 19:51,28.9,28,12.65,0.76
ORD,2019/1/12 20:51,28.9,28,10.35,0.76
ORD,2019/1/12 21:21,28.9,27,14.95,0.25
ORD,2019/1/12 21:51,30,27,16.1,0.25
ORD,2019/1/12 22:11,28.9,27,16.1,T
ORD,2019/1/12 22:51,28.9,27,13.8,0.25
ORD,2019/1/12 23:13,30,27,16.1,T
ORD,2019/1/12 23:32,30,27,16.1,T
ORD,2019/1/12 23:51,30,27,12.65,T
ORD,2019/1/13 0:29,30,27,17.25,0.25
ORD,2019/1/13 0:46,30.2,26.6,14.95,0.25
ORD,2019/1/13 0:51,30,27,18.4,0.25
ORD,2019/1/13 1:51,30.9,27,16.1,T
ORD,2019/1/13 2:51,30.9,27,19.55,0.25
ORD,2019/1/13 3:01,30.9,27,14.95,T
ORD,2019/1/13 3:51,30.9,26.1,16.1,T
ORD,2019/1/13 4:51,30.9,27,16.1,T
ORD,2019/1/13 5:51,30,27,16.1,T
ORD,2019/1/13 5:58,30,27,16.1,T
ORD,2019/1/13 6:44,28.9,26.1,16.1,T
ORD,2019/1/13 6:51,28.9,26.1,13.8,T
ORD,2019/1/13 7:51,28.9,26.1,14.95,0.25
ORD,2019/1/13 7:58,28.9,26.1,17.25,T
ORD,2019/1/13 8:13,28.9,26.1,18.4,T
ORD,2019/1/13 8:21,28.9,26.1,12.65,T
ORD,2019/1/13 8:51,28.9,26.1,14.95,T
ORD,2019/1/13 9:51,28.9,25,14.95,T
ORD,2019/1/13 10:05,28.9,25,14.95,T
ORD,2019/1/13 10:51,28.9,25,13.8,T
ORD,2019/1/13 11:51,28.9,24.1,13.8,0
ORD,2019/1/13 12:51,28.9,23,14.95,0
ORD,2019/1/13 13:51,28.9,23,13.8,0
ORD,2019/1/13 14:51,28.9,21.9,13.8,0
ORD,2019/1/13 15:51,28.9,21.9,16.1,0
ORD,2019/1/13 16:51,30,21,17.25,0
ORD,2019/1/13 17:51,30,21.9,17.25,0
ORD,2019/1/13 18:31,30.9,21,14.95,0
ORD,2019/1/13 18:51,30,19.9,16.1,0
ORD,2019/1/13 19:51,30.9,21,14.95,0
ORD,2019/1/13 20:51,30,21,13.8,0
ORD,2019/1/13 21:51,28.9,19.9,13.8,0
ORD,2019/1/13 22:51,28,19.9,14.95,0
ORD,2019/1/13 23:51,26.1,19.9,10.35,0
ORD,2019/1/14 0:51,26.1,19.9,9.2,0
ORD,2019/1/14 1:51,26.1,19.9,6.9,0
ORD,2019/1/14 2:51,26.1,19.9,5.75,0
ORD,2019/1/14 3:51,27,21,5.75,0
ORD,2019/1/14 4:51,26.1,21,4.6,0
ORD,2019/1/14 5:51,26.1,21,5.75,0
ORD,2019/1/14 6:51,26.1,21,6.9,0
ORD,2019/1/14 7:51,25,19.9,5.75,0
ORD,2019/1/14 8:51,24.1,18,9.2,0
ORD,2019/1/14 9:51,23,18,5.75,0
ORD,2019/1/14 10:51,24.1,19,5.75,0
ORD,2019/1/14 11:19,24.1,19,4.6,0
ORD,2019/1/14 11:51,24.1,19.9,4.6,0
ORD,2019/1/14 12:51,25,19.9,4.6,0
ORD,2019/1/14 13:51,25,21,6.9,0
ORD,2019/1/14 14:51,25,21,4.6,T
ORD,2019/1/14 15:51,25,21,5.75,0
ORD,2019/1/14 16:51,26.1,21.9,5.75,0
ORD,2019/1/14 17:51,27,21.9,9.2,0
ORD,2019/1/14 18:51,26.1,21,11.5,0
ORD,2019/1/14 19:51,26.1,21,12.65,0
ORD,2019/1/14 20:51,26.1,21,12.65,0
ORD,2019/1/14 21:51,25,21,11.5,0
ORD,2019/1/14 22:51,25,19.9,10.35,0
ORD,2019/1/14 23:51,25,19.9,11.5,0
ORD,2019/1/15 0:51,24.1,19.9,10.35,0
ORD,2019/1/15 1:51,24.1,19.9,5.75,0
ORD,2019/1/15 2:39,23,19.9,11.5,0
ORD,2019/1/15 2:51,23,19.9,10.35,0
ORD,2019/1/15 3:51,24.1,21,8.05,0
ORD,2019/1/15 4:51,25,21.9,10.35,T
ORD,2019/1/15 5:14,25,21.9,9.2,T
ORD,2019/1/15 5:51,24.1,21.9,8.05,T
ORD,2019/1/15 5:56,24.1,21.9,5.75,T
ORD,2019/1/15 6:14,24.1,21,5.75,T
ORD,2019/1/15 6:51,25,21.9,8.05,T
ORD,2019/1/15 7:03,25,21,6.9,0
ORD,2019/1/15 7:22,24.1,21,9.2,0
ORD,2019/1/15 7:51,24.1,21.9,8.05,0
ORD,2019/1/15 8:51,25,21.9,8.05,0
ORD,2019/1/15 9:51,25,21.9,6.9,0
ORD,2019/1/15 10:23,25,21.9,10.35,0
ORD,2019/1/15 10:51,25,21.9,11.5,0
ORD,2019/1/15 11:51,25,21.9,10.35,0
ORD,2019/1/15 12:51,25,21.9,9.2,0
ORD,2019/1/15 13:51,26.1,21.9,8.05,0
ORD,2019/1/15 14:51,26.1,21.9,10.35,0
ORD,2019/1/15 15:51,27,21.9,8.05,0
ORD,2019/1/15 16:33,27,21.9,11.5,0
ORD,2019/1/15 16:51,27,21.9,11.5,0
ORD,2019/1/15 17:51,27,21.9,13.8,0
ORD,2019/1/15 18:51,27,23,14.95,0
ORD,2019/1/15 19:51,27,23,14.95,0
ORD,2019/1/15 20:51,28,23,14.95,0
ORD,2019/1/15 21:51,28,24.1,12.65,0
ORD,2019/1/15 22:44,27,24.1,18.4,0
ORD,2019/1/15 22:51,27,24.1,11.5,0
ORD,2019/1/15 23:51,27,24.1,16.1,0
ORD,2019/1/16 0:51,28,26.1,14.95,0
ORD,2019/1/16 1:51,28.9,27,13.8,0
ORD,2019/1/16 2:51,30,28,13.8,0
ORD,2019/1/16 3:44,30,28.9,11.5,T
ORD,2019/1/16 3:51,30,28.9,9.2,T
ORD,2019/1/16 4:51,30.9,30,10.35,T
ORD,2019/1/16 5:51,32,30.9,6.9,T
ORD,2019/1/16 6:51,33,30.9,8.05,T
ORD,2019/1/16 7:10,33,30.9,6.9,T
ORD,2019/1/16 7:28,33,30.9,8.05,T
ORD,2019/1/16 7:51,33,30.9,8.05,T
ORD,2019/1/16 8:51,33,30,6.9,0
ORD,2019/1/16 9:51,34,28,11.5,0
ORD,2019/1/16 10:51,33,27,10.35,0
ORD,2019/1/16 11:11,33,26.1,9.2,0
ORD,2019/1/16 11:51,33,26.1,10.35,0
ORD,2019/1/16 12:51,32,21.9,8.05,0
ORD,2019/1/16 13:51,30.9,23,10.35,0
ORD,2019/1/16 14:51,30,19.9,8.05,0
ORD,2019/1/16 15:51,30.9,19.9,9.2,0
ORD,2019/1/16 16:04,30.9,19.9,10.35,0
ORD,2019/1/16 16:51,32,19,6.9,0
ORD,2019/1/16 17:51,32,19,4.6,0
ORD,2019/1/16 18:51,33,19,6.9,0
ORD,2019/1/16 19:51,30.9,23,13.8,0
ORD,2019/1/16 20:51,30,23,11.5,0
ORD,2019/1/16 21:22,30,21.9,11.5,0
ORD,2019/1/16 21:51,30,21.9,13.8,0
ORD,2019/1/16 22:39,28.9,21,12.65,0
ORD,2019/1/16 22:51,28.9,21,11.5,0
ORD,2019/1/16 23:51,28.9,19.9,8.05,0
ORD,2019/1/17 0:51,28.9,19,8.05,0
ORD,2019/1/17 1:51,28.9,19,9.2,0
ORD,2019/1/17 2:51,28,19,11.5,0
ORD,2019/1/17 3:51,28,19.9,10.35,0
ORD,2019/1/17 4:46,28.4,19.4,11.5,0
ORD,2019/1/17 4:51,28,19.9,10.35,0
ORD,2019/1/17 5:51,28,19.9,6.9,0
ORD,2019/1/17 6:35,28,19.9,6.9,0
ORD,2019/1/17 6:51,28,19.9,5.75,0
ORD,2019/1/17 7:51,28.9,21,6.9,0
ORD,2019/1/17 8:51,28.9,23,8.05,0
ORD,2019/1/17 8:58,28.9,23,8.05,0
ORD,2019/1/17 9:51,28.9,21.9,5.75,0
ORD,2019/1/17 10:13,28.9,21.9,5.75,0
ORD,2019/1/17 10:51,30,23,5.75,0
ORD,2019/1/17 11:51,30,24.1,5.75,0
ORD,2019/1/17 12:26,30,24.1,4.6,0
ORD,2019/1/17 12:51,30,25,4.6,T
ORD,2019/1/17 13:51,30,27,0,T
ORD,2019/1/17 14:35,30,27,5.75,T
ORD,2019/1/17 14:51,30,27,4.6,T
ORD,2019/1/17 15:12,30.9,27,3.45,0
ORD,2019/1/17 15:51,30.9,28,3.45,0
ORD,2019/1/17 16:12,30.9,28.9,3.45,0
ORD,2019/1/17 16:51,30.9,28.9,3.45,0
ORD,2019/1/17 17:49,32,28.4,0,0
ORD,2019/1/17 17:51,33,28.9,0,0
ORD,2019/1/17 18:51,33,30,0,0
ORD,2019/1/17 19:31,34,28.9,5.75,0
ORD,2019/1/17 19:51,34,28.9,3.45,0
ORD,2019/1/17 20:51,34,28.9,5.75,0
ORD,2019/1/17 21:23,34,28,8.05,0
ORD,2019/1/17 21:51,34,28,6.9,0
ORD,2019/1/17 22:28,33,27,5.75,0
ORD,2019/1/17 22:51,33,27,6.9,0
ORD,2019/1/17 23:51,33,27,9.2,0
ORD,2019/1/18 0:09,33,27,8.05,0
ORD,2019/1/18 0:51,32,27,8.05,0
ORD,2019/1/18 1:51,32,28,6.9,0
ORD,2019/1/18 2:12,32,27,6.9,0
ORD,2019/1/18 2:51,32,26.1,8.05,0
ORD,2019/1/18 3:51,32,26.1,6.9,0
ORD,2019/1/18 4:51,30.9,27,9.2,0
ORD,2019/1/18 5:31,30.9,27,9.2,0
ORD,2019/1/18 5:51,30.9,27,6.9,0
ORD,2019/1/18 6:51,30.9,26.1,8.05,0
ORD,2019/1/18 7:51,30.9,26.1,8.05,0
ORD,2019/1/18 8:51,30.9,25,4.6,0
ORD,2019/1/18 9:51,30,23,8.05,0
ORD,2019/1/18 10:51,30,23,5.75,0
ORD,2019/1/18 11:51,28.9,21.9,8.05,0
ORD,2019/1/18 12:51,28,21.9,9.2,0
ORD,2019/1/18 13:51,28,21,5.75,0
ORD,2019/1/18 14:51,28,21,10.35,0
ORD,2019/1/18 15:51,28,21,9.2,0
ORD,2019/1/18 16:51,28,19.9,6.9,0
ORD,2019/1/18 17:51,28.9,19.9,6.9,0
ORD,2019/1/18 18:51,28.9,21,9.2,0
ORD,2019/1/18 19:51,28,19.9,10.35,T
ORD,2019/1/18 20:51,27,21,10.35,T
ORD,2019/1/18 21:16,27,21.9,14.95,T
ORD,2019/1/18 21:29,27,23,14.95,T
ORD,2019/1/18 21:42,27,23,13.8,T
ORD,2019/1/18 21:47,28.4,23,16.1,T
ORD,2019/1/18 21:51,28,23,12.65,T
ORD,2019/1/18 22:51,28,21.9,14.95,T
ORD,2019/1/18 23:51,28,21,14.95,0
ORD,2019/1/19 0:51,28,21.9,16.1,0
ORD,2019/1/19 1:51,28,23,13.8,0
ORD,2019/1/19 2:51,28.9,25,16.1,T
ORD,2019/1/19 3:01,28.9,25,14.95,T
ORD,2019/1/19 3:04,28.9,25,12.65,T
ORD,2019/1/19 3:07,28.9,25,12.65,0.25
ORD,2019/1/19 3:09,28.9,25,13.8,0.25
ORD,2019/1/19 3:22,28,26.1,16.1,0.25
ORD,2019/1/19 3:51,27,26.1,14.95,1.02
ORD,2019/1/19 4:51,28,26.1,14.95,0.76
ORD,2019/1/19 5:51,28,26.1,11.5,0.51
ORD,2019/1/19 6:51,27,26.1,16.1,1.27
ORD,2019/1/19 7:51,27,26.1,12.65,0.76
ORD,2019/1/19 7:59,27,26.1,13.8,T
ORD,2019/1/19 8:07,27,26.1,16.1,0.25
ORD,2019/1/19 8:48,28.4,26.6,17.25,0.25
ORD,2019/1/19 8:51,28,26.1,16.1,0.25
ORD,2019/1/19 9:09,27,26.1,14.95,0.25
ORD,2019/1/19 9:51,27,26.1,18.4,1.02
ORD,2019/1/19 10:06,27,26.1,16.1,T
ORD,2019/1/19 10:51,27,25,17.25,0.51
ORD,2019/1/19 11:30,27,25,18.4,0.25
ORD,2019/1/19 11:51,26.1,25,20.7,0.51
ORD,2019/1/19 12:51,26.1,24.1,16.1,0.25
ORD,2019/1/19 13:37,25,23,20.7,0.25
ORD,2019/1/19 13:51,25,23,18.4,0.25
ORD,2019/1/19 14:15,25,23,20.7,T
ORD,2019/1/19 14:33,25,23,18.4,T
ORD,2019/1/19 14:43,25,23,19.55,T
ORD,2019/1/19 14:51,25,23,20.7,T
ORD,2019/1/19 15:40,26.1,23,20.7,T
ORD,2019/1/19 15:51,26.1,21.9,20.7,T
ORD,2019/1/19 16:15,25,21.9,24.15,T
ORD,2019/1/19 16:51,25,21.9,21.85,T
ORD,2019/1/19 17:51,25,21,19.55,T
ORD,2019/1/19 18:02,25,21,25.3,T
ORD,2019/1/19 18:38,25,21,27.6,T
ORD,2019/1/19 18:51,25,21,27.6,T
ORD,2019/1/19 19:17,25,21,24.15,0
ORD,2019/1/19 19:43,25,21,26.45,0
ORD,2019/1/19 19:51,25,21,26.45,0
ORD,2019/1/19 20:51,25,19.9,25.3,0
ORD,2019/1/19 21:51,24.1,19.9,26.45,T
ORD,2019/1/19 22:51,24.1,18,25.3,T
ORD,2019/1/19 23:51,21,17.1,16.1,T
ORD,2019/1/20 0:51,19.9,16,18.4,T
ORD,2019/1/20 1:51,19,15.1,24.15,T
ORD,2019/1/20 2:06,18,14,24.15,T
ORD,2019/1/20 2:51,16,12,25.3,T
ORD,2019/1/20 3:07,16,10,25.3,T
ORD,2019/1/20 3:17,16,9,20.7,T
ORD,2019/1/20 3:51,15.1,5,18.4,T
ORD,2019/1/20 4:51,12,5,16.1,T
ORD,2019/1/20 5:51,12,5,13.8,T
ORD,2019/1/20 6:51,10.9,3,18.4,T
ORD,2019/1/20 7:51,10.9,3,14.95,T
ORD,2019/1/20 8:51,10,1.9,18.4,T
ORD,2019/1/20 9:51,8.1,0,14.95,T
ORD,2019/1/20 10:51,8.1,-0.9,13.8,0
ORD,2019/1/20 11:51,7,-0.9,13.8,0
ORD,2019/1/20 12:51,6,-3,11.5,0
ORD,2019/1/20 13:51,6,-3,11.5,0
ORD,2019/1/20 14:51,7,-2,14.95,0
ORD,2019/1/20 15:51,10,0,14.95,T
ORD,2019/1/20 16:51,12,1,13.8,0
ORD,2019/1/20 17:51,12.9,0,16.1,0
ORD,2019/1/20 18:51,12.9,-0.9,12.65,0
ORD,2019/1/20 19:51,14,-0.9,13.8,0
ORD,2019/1/20 20:51,12.9,-0.9,12.65,0
ORD,2019/1/20 21:51,10.9,-3,12.65,0
ORD,2019/1/20 22:51,10,-2,11.5,0
ORD,2019/1/20 23:51,8.1,-5,10.35,0
ORD,2019/1/21 0:51,8.1,-5,12.65,0
ORD,2019/1/21 1:51,7,-5,16.1,0
ORD,2019/1/21 2:51,6,-5,11.5,0
ORD,2019/1/21 3:51,5,-5,10.35,0
ORD,2019/1/21 4:51,5,-4,11.5,0
ORD,2019/1/21 5:51,4,-4,10.35,0
ORD,2019/1/21 6:51,3,-5,9.2,0
ORD,2019/1/21 7:51,6,-2,8.05,0
ORD,2019/1/21 8:37,6,-0.9,0,0
ORD,2019/1/21 8:51,7,-0.9,0,T
ORD,2019/1/21 9:07,6,0,4.6,T
ORD,2019/1/21 9:31,7,1,3.45,T
ORD,2019/1/21 9:51,7,1,3.45,T
ORD,2019/1/21 10:51,8.1,3,3.45,0
ORD,2019/1/21 11:51,9,4,0,T
ORD,2019/1/21 12:51,9,4,0,T
ORD,2019/1/21 13:51,8.1,5,4.6,0
ORD,2019/1/21 14:51,10,5,5.75,0
ORD,2019/1/21 15:51,12,5,8.05,T
ORD,2019/1/21 16:51,12.9,7,8.05,0
ORD,2019/1/21 17:51,15.1,7,8.05,0
ORD,2019/1/21 18:12,15.1,7,12.65,0
ORD,2019/1/21 18:51,15.1,6,8.05,0
ORD,2019/1/21 19:16,16,6,12.65,0
ORD,2019/1/21 19:51,17.1,5,12.65,0
ORD,2019/1/21 20:51,16,3,12.65,0
ORD,2019/1/21 21:51,15.1,-2,11.5,0
ORD,2019/1/21 22:51,12.9,-7,10.35,0
ORD,2019/1/21 23:51,12,-7,13.8,0
ORD,2019/1/22 0:51,10.9,-7,11.5,0
ORD,2019/1/22 1:51,10.9,-6,12.65,0
ORD,2019/1/22 2:51,12,-3,14.95,0
ORD,2019/1/22 3:51,12,-2,12.65,0
ORD,2019/1/22 4:51,12,-2,12.65,0
ORD,2019/1/22 5:51,12.9,1,9.2,0
ORD,2019/1/22 6:51,14,1.9,12.65,0
ORD,2019/1/22 7:51,15.1,1.9,13.8,0
ORD,2019/1/22 8:51,15.1,3,10.35,0
ORD,2019/1/22 9:51,15.1,4,9.2,0
ORD,2019/1/22 10:51,16,6,10.35,0
ORD,2019/1/22 11:51,17.1,6,14.95,0
ORD,2019/1/22 12:51,19,7,12.65,0
ORD,2019/1/22 13:51,19.9,8.1,12.65,0
ORD,2019/1/22 14:51,21.9,9,10.35,0
ORD,2019/1/22 15:07,21.9,10,14.95,0
ORD,2019/1/22 15:24,21,12,11.5,T
ORD,2019/1/22 15:41,21,14,16.1,T
ORD,2019/1/22 15:51,21,16,11.5,T
ORD,2019/1/22 16:15,21,18,11.5,0.25
ORD,2019/1/22 16:32,21.9,19,11.5,0.25
ORD,2019/1/22 16:51,21.9,19.9,12.65,0.25
ORD,2019/1/22 17:06,23,21,11.5,T
ORD,2019/1/22 17:47,24.8,21.2,12.65,T
ORD,2019/1/22 17:51,24.1,21.9,10.35,T
ORD,2019/1/22 18:01,25,23,10.35,T
ORD,2019/1/22 18:08,25,23,9.2,T
ORD,2019/1/22 18:23,25,23,10.35,T
ORD,2019/1/22 18:36,26.1,23,10.35,T
ORD,2019/1/22 18:51,26.1,24.1,8.05,T
ORD,2019/1/22 19:05,27,24.1,10.35,T
ORD,2019/1/22 19:20,27,25,9.2,T
ORD,2019/1/22 19:31,28,26.1,9.2,0.25
ORD,2019/1/22 19:51,28,26.1,11.5,0.25
ORD,2019/1/22 20:51,28.9,27,9.2,0.25
ORD,2019/1/22 21:03,30,28,11.5,T
ORD,2019/1/22 21:46,30.2,28.4,10.35,0.25
ORD,2019/1/22 21:51,30,28.9,9.2,0.51
ORD,2019/1/22 22:10,30.9,28.9,10.35,T
ORD,2019/1/22 22:51,30.9,28.9,8.05,0.25
ORD,2019/1/22 23:08,30.9,30,9.2,T
ORD,2019/1/22 23:51,32,30,8.05,T
ORD,2019/1/23 0:24,32,30.9,8.05,T
ORD,2019/1/23 0:48,32,30.2,6.9,0.25
ORD,2019/1/23 0:51,32,30.9,6.9,0.25
ORD,2019/1/23 0:57,32,30.9,6.9,T
ORD,2019/1/23 1:28,32,30.9,5.75,0.51
ORD,2019/1/23 1:51,32,30.9,8.05,0.76
ORD,2019/1/23 2:04,32,32,6.9,0.25
ORD,2019/1/23 2:51,33,32,4.6,0.25
ORD,2019/1/23 3:51,32,32,3.45,0.51
ORD,2019/1/23 4:07,33,32,3.45,0.25
ORD,2019/1/23 4:21,33,32,3.45,0.51
ORD,2019/1/23 4:51,33,33,4.6,1.02
ORD,2019/1/23 5:41,33,33,3.45,0.25
ORD,2019/1/23 5:51,33,33,0,0.25
ORD,2019/1/23 6:40,33,33,0,0.25
ORD,2019/1/23 6:51,33,33,0,0.25
ORD,2019/1/23 7:51,33,33,3.45,0.25
ORD,2019/1/23 8:24,33,33,3.45,T
ORD,2019/1/23 8:48,33.8,33.8,6.9,T
ORD,2019/1/23 8:51,34,33,5.75,T
ORD,2019/1/23 9:38,33,33,4.6,0.25
ORD,2019/1/23 9:51,33,33,6.9,0.25
ORD,2019/1/23 10:18,32,32,9.2,1.27
ORD,2019/1/23 10:39,32,32,8.05,2.03
ORD,2019/1/23 10:51,32,30.9,11.5,2.29
ORD,2019/1/23 11:49,32,32,8.05,0.51
ORD,2019/1/23 11:51,32,32,10.35,0.51
ORD,2019/1/23 12:19,32,30.9,11.5,T
ORD,2019/1/23 12:51,30.9,30.9,11.5,0.25
ORD,2019/1/23 13:22,30.9,30,12.65,0.51
ORD,2019/1/23 13:51,30.9,30.9,9.2,0.76
ORD,2019/1/23 14:19,30,28.9,10.35,0.25
ORD,2019/1/23 14:51,28,27,12.65,0.51
ORD,2019/1/23 15:04,27,26.1,11.5,T
ORD,2019/1/23 15:18,27,25,13.8,T
ORD,2019/1/23 15:34,26.1,25,12.65,T
ORD,2019/1/23 15:51,26.1,24.1,13.8,0.25
ORD,2019/1/23 16:18,26.1,23,12.65,T
ORD,2019/1/23 16:51,25,23,14.95,0.25
ORD,2019/1/23 17:03,26.1,23,13.8,T
ORD,2019/1/23 17:16,26.1,23,11.5,T
ORD,2019/1/23 17:26,26.1,23,11.5,T
ORD,2019/1/23 17:32,26.1,21.9,10.35,T
ORD,2019/1/23 17:51,26.1,21.9,9.2,T
ORD,2019/1/23 18:14,26.1,23,9.2,T
ORD,2019/1/23 18:42,26.1,21.9,10.35,T
ORD,2019/1/23 18:51,25,21.9,12.65,T
ORD,2019/1/23 19:06,25,21.9,9.2,T
ORD,2019/1/23 19:51,23,19,16.1,T
ORD,2019/1/23 20:51,23,18,10.35,0
ORD,2019/1/23 20:58,23,18,10.35,0
ORD,2019/1/23 21:51,23,18,12.65,0
ORD,2019/1/23 22:51,21.9,16,11.5,0
ORD,2019/1/23 23:16,21,16,11.5,0
ORD,2019/1/23 23:51,21,16,8.05,0
ORD,2019/1/24 0:46,21.2,15.8,11.5,0
ORD,2019/1/24 0:51,21,15.1,10.35,0
ORD,2019/1/24 1:51,19.9,15.1,9.2,0
ORD,2019/1/24 2:46,19.4,14,10.35,0
ORD,2019/1/24 2:51,19.9,14,8.05,0
ORD,2019/1/24 3:51,19.9,14,12.65,0
ORD,2019/1/24 4:51,19.9,14,8.05,0
ORD,2019/1/24 5:51,19,12.9,8.05,0
ORD,2019/1/24 6:44,18,12.9,6.9,0
ORD,2019/1/24 6:51,18,12,5.75,0
ORD,2019/1/24 7:51,15.1,10.9,6.9,0
ORD,2019/1/24 8:51,12.9,9,4.6,0
ORD,2019/1/24 9:51,12,8.1,5.75,0
ORD,2019/1/24 10:51,10.9,8.1,3.45,0
ORD,2019/1/24 11:51,10,7,3.45,0
ORD,2019/1/24 12:51,10,7,6.9,0
ORD,2019/1/24 13:51,10,8.1,6.9,0
ORD,2019/1/24 14:51,12.9,10.9,6.9,0
ORD,2019/1/24 15:51,14,10.9,5.75,0
ORD,2019/1/24 16:41,16,12,9.2,0
ORD,2019/1/24 16:51,16,12,9.2,0
ORD,2019/1/24 17:30,16,12,12.65,T
ORD,2019/1/24 17:51,15.1,10.9,12.65,T
ORD,2019/1/24 18:17,16,12,10.35,T
ORD,2019/1/24 18:51,17.1,12.9,10.35,T
ORD,2019/1/24 19:51,19.9,16,9.2,T
ORD,2019/1/24 20:12,21,16,14.95,T
ORD,2019/1/24 20:51,21.9,17.1,16.1,T
ORD,2019/1/24 21:17,21.9,16,14.95,T
ORD,2019/1/24 21:28,21.9,16,16.1,T
ORD,2019/1/24 21:46,21.2,15.8,14.95,T
ORD,2019/1/24 21:51,21.9,16,14.95,T
ORD,2019/1/24 22:01,21.9,15.1,12.65,T
ORD,2019/1/24 22:31,21,15.1,13.8,T
ORD,2019/1/24 22:51,19.9,12.9,19.55,T
ORD,2019/1/24 23:24,18,12.9,18.4,T
ORD,2019/1/24 23:40,17.1,12,17.25,T
ORD,2019/1/24 23:51,16,10.9,19.55,T
ORD,2019/1/24 23:53,16,10,18.4,T
ORD,2019/1/25 0:41,12,6,17.25,T
ORD,2019/1/25 0:51,12,6,19.55,T
ORD,2019/1/25 1:51,9,3,17.25,0
ORD,2019/1/25 2:51,7,1,19.55,0
ORD,2019/1/25 3:51,6,-0.9,16.1,0
ORD,2019/1/25 4:51,3,-3,19.55,0
ORD,2019/1/25 5:51,1.9,-5,14.95,0
ORD,2019/1/25 6:51,0,-6,12.65,0
ORD,2019/1/25 7:51,-0.9,-8,10.35,0
ORD,2019/1/25 8:51,-2,-9,12.65,0
ORD,2019/1/25 9:51,-4,-9.9,11.5,0
ORD,2019/1/25 10:51,-5,-11,9.2,0
ORD,2019/1/25 11:51,-5,-11.9,13.8,0
ORD,2019/1/25 12:51,-6,-11.9,11.5,0
ORD,2019/1/25 13:51,-6,-11,6.9,0
ORD,2019/1/25 14:51,-5,-11,6.9,0
ORD,2019/1/25 15:51,-3,-9.9,9.2,0
ORD,2019/1/25 16:51,-0.9,-9.9,11.5,0
ORD,2019/1/25 17:51,1,-9,10.35,0
ORD,2019/1/25 18:51,1.9,-8,12.65,0
ORD,2019/1/25 19:51,3,-8,9.2,0
ORD,2019/1/25 20:10,3,-7,9.2,T
ORD,2019/1/25 20:32,1.9,-6,12.65,T
ORD,2019/1/25 20:35,1.9,-5,11.5,T
ORD,2019/1/25 20:51,1.9,-5,9.2,T
ORD,2019/1/25 21:08,3,-4,9.2,0.25
ORD,2019/1/25 21:51,3,-3,9.2,0.25
ORD,2019/1/25 22:08,3,-2,5.75,0.25
ORD,2019/1/25 22:16,3,-2,8.05,0.25
ORD,2019/1/25 22:51,4,-0.9,8.05,0.25
ORD,2019/1/25 23:13,4,-0.9,8.05,0.25
ORD,2019/1/25 23:51,4,-0.9,9.2,0.25
ORD,2019/1/26 0:03,4,-0.9,4.6,T
ORD,2019/1/26 0:12,4,-0.9,3.45,T
ORD,2019/1/26 0:51,4,0,3.45,T
ORD,2019/1/26 1:51,4,0,3.45,0
ORD,2019/1/26 2:51,5,0,5.75,0
ORD,2019/1/26 3:51,3,-0.9,5.75,0
ORD,2019/1/26 4:51,1,-4,9.2,0
ORD,2019/1/26 5:51,-0.9,-7,11.5,0
ORD,2019/1/26 6:51,-4,-9,6.9,0
ORD,2019/1/26 7:51,-4,-9,6.9,0
ORD,2019/1/26 8:51,-5,-11,5.75,0
ORD,2019/1/26 9:51,-5,-11,3.45,0
ORD,2019/1/26 10:51,-6,-9.9,3.45,0
ORD,2019/1/26 11:51,-6,-11,0,0
ORD,2019/1/26 12:51,-7,-11,4.6,0
ORD,2019/1/26 13:51,-6,-8,0,0
ORD,2019/1/26 14:51,-2,-6,0,0
ORD,2019/1/26 15:51,4,-6,0,0
ORD,2019/1/26 16:51,6,-8,8.05,0
ORD,2019/1/26 17:51,9,-6,9.2,0
ORD,2019/1/26 18:51,10.9,-4,8.05,0
ORD,2019/1/26 19:51,10.9,-0.9,9.2,0
ORD,2019/1/26 20:51,12,1,6.9,0
ORD,2019/1/26 21:17,12,3,6.9,T
ORD,2019/1/26 21:22,12,3,4.6,T
ORD,2019/1/26 21:29,12,4,9.2,T
ORD,2019/1/26 21:39,12,4,6.9,T
ORD,2019/1/26 21:51,10.9,5,6.9,0.25
ORD,2019/1/26 22:27,10.9,5,5.75,T
ORD,2019/1/26 22:51,10.9,7,5.75,0.25
ORD,2019/1/26 23:31,10,7,5.75,0.25
ORD,2019/1/26 23:51,10,7,4.6,0.51
ORD,2019/1/27 0:51,10.9,7,3.45,0.51
ORD,2019/1/27 1:34,10.9,8.1,0,T
ORD,2019/1/27 1:51,10.9,8.1,4.6,T
ORD,2019/1/27 2:03,10.9,8.1,4.6,T
ORD,2019/1/27 2:16,10.9,7,5.75,T
ORD,2019/1/27 2:51,10.9,7,8.05,T
ORD,2019/1/27 3:51,8.1,4,11.5,T
ORD,2019/1/27 4:51,6,1.9,8.05,T
ORD,2019/1/27 5:51,3,-0.9,11.5,0
ORD,2019/1/27 6:51,1.9,-2,9.2,0
ORD,2019/1/27 7:51,0,-3,6.9,0
ORD,2019/1/27 8:51,0,-4,8.05,0
ORD,2019/1/27 9:51,-0.9,-5,9.2,0
ORD,2019/1/27 10:51,-2,-6,9.2,0
ORD,2019/1/27 11:51,-3,-6,6.9,0
ORD,2019/1/27 12:51,-4,-8,5.75,0
ORD,2019/1/27 13:51,-4,-7,4.6,0
ORD,2019/1/27 14:51,-0.9,-6,9.2,0
ORD,2019/1/27 15:51,1,-5,8.05,0
ORD,2019/1/27 16:51,4,-5,5.75,0
ORD,2019/1/27 17:51,5,-6,8.05,0
ORD,2019/1/27 18:51,7,-6,3.45,0
ORD,2019/1/27 19:51,7,-5,0,0
ORD,2019/1/27 20:51,7,-6,4.6,0
ORD,2019/1/27 21:51,8.1,-6,6.9,0
ORD,2019/1/27 22:51,6,-6,4.6,0
ORD,2019/1/27 23:51,6,-6,5.75,0
ORD,2019/1/28 0:51,8.1,-4,0,0
ORD,2019/1/28 1:51,8.1,-4,8.05,0
ORD,2019/1/28 2:51,9,-0.9,10.35,0
ORD,2019/1/28 3:51,10,-3,9.2,0
ORD,2019/1/28 4:51,10,-2,11.5,T
ORD,2019/1/28 5:51,10.9,-3,10.35,T
ORD,2019/1/28 6:08,12,-2,12.65,T
ORD,2019/1/28 6:14,12,-2,11.5,T
ORD,2019/1/28 6:18,12,-0.9,11.5,T
ORD,2019/1/28 6:25,10.9,1,12.65,T
ORD,2019/1/28 6:32,10.9,1.9,11.5,T
ORD,2019/1/28 6:51,12,5,13.8,0.25
ORD,2019/1/28 7:08,12,8.1,11.5,0.25
ORD,2019/1/28 7:51,14,10,14.95,0.76
ORD,2019/1/28 8:19,14,10.9,14.95,0.76
ORD,2019/1/28 8:51,15.1,12,16.1,1.78
ORD,2019/1/28 9:51,14,12,11.5,2.79
ORD,2019/1/28 10:14,15.1,12.9,8.05,0.76
ORD,2019/1/28 10:33,16,14,6.9,1.52
ORD,2019/1/28 10:44,17.1,15.1,4.6,1.78
ORD,2019/1/28 10:51,17.1,15.1,6.9,2.03
ORD,2019/1/28 11:02,18,15.1,8.05,0.51
ORD,2019/1/28 11:11,18,16,6.9,0.76
ORD,2019/1/28 11:51,19,18,4.6,1.52
ORD,2019/1/28 12:04,19.9,19,6.9,0.51
ORD,2019/1/28 12:19,21,19.9,5.75,0.76
ORD,2019/1/28 12:51,24.1,21.9,5.75,1.52
ORD,2019/1/28 13:26,25,24.1,6.9,0.76
ORD,2019/1/28 13:49,26.6,26.6,5.75,1.27
ORD,2019/1/28 13:51,27,26.1,5.75,1.27
ORD,2019/1/28 14:04,27,27,5.75,0.25
ORD,2019/1/28 14:18,28,28,5.75,0.25
ORD,2019/1/28 14:51,30.9,30.9,6.9,0.51
ORD,2019/1/28 15:03,32,32,6.9,T
ORD,2019/1/28 15:29,33,32,11.5,0.25
ORD,2019/1/28 15:51,33,33,8.05,0.25
ORD,2019/1/28 16:08,34,33,10.35,T
ORD,2019/1/28 16:51,33,32,17.25,0.25
ORD,2019/1/28 17:33,32,28,14.95,T
ORD,2019/1/28 17:51,30.9,27,14.95,T
ORD,2019/1/28 18:51,27,23,13.8,0
ORD,2019/1/28 19:51,24.1,19.9,13.8,0
ORD,2019/1/28 20:26,23,19,12.65,T
ORD,2019/1/28 20:51,21.9,18,12.65,T
ORD,2019/1/28 21:12,21,18,14.95,T
ORD,2019/1/28 21:51,19,16,17.25,T
ORD,2019/1/28 22:25,18,16,13.8,T
ORD,2019/1/28 22:42,18,16,10.35,T
ORD,2019/1/28 22:51,19,16,10.35,0.25
ORD,2019/1/28 23:04,19,17.1,8.05,T
ORD,2019/1/28 23:24,19,16,14.95,0.25
ORD,2019/1/28 23:29,18,15.1,18.4,0.25
ORD,2019/1/28 23:51,18,14,18.4,0.25
ORD,2019/1/29 0:02,17.1,12.9,20.7,T
ORD,2019/1/29 0:51,14,10,17.25,T
ORD,2019/1/29 0:56,14,9,19.55,T
ORD,2019/1/29 1:09,12,7,24.15,T
ORD,2019/1/29 1:20,10.9,6,17.25,T
ORD,2019/1/29 1:24,12,6,14.95,T
ORD,2019/1/29 1:51,10.9,6,20.7,T
ORD,2019/1/29 2:13,10,5,14.95,T
ORD,2019/1/29 2:51,10,4,20.7,T
ORD,2019/1/29 3:51,8.1,1.9,17.25,0
ORD,2019/1/29 4:51,8.1,1.9,8.05,0
ORD,2019/1/29 5:23,8.1,3,6.9,0
ORD,2019/1/29 5:51,9,4,6.9,0
ORD,2019/1/29 6:51,10,3,8.05,T
ORD,2019/1/29 7:51,7,1,9.2,0
ORD,2019/1/29 8:28,7,0,6.9,0
ORD,2019/1/29 8:51,8.1,1,5.75,0
ORD,2019/1/29 9:41,9,1.9,17.25,0
ORD,2019/1/29 9:51,8.1,1.9,18.4,0
ORD,2019/1/29 10:51,3,-2,12.65,T
ORD,2019/1/29 11:16,1.9,-3,17.25,T
ORD,2019/1/29 11:21,1.9,-3,17.25,T
ORD,2019/1/29 11:39,1,-4,12.65,T
ORD,2019/1/29 11:51,1,-4,17.25,T
ORD,2019/1/29 12:51,-0.9,-6,12.65,T
ORD,2019/1/29 13:51,-2,-6,10.35,0
ORD,2019/1/29 14:51,0,-6,11.5,0
ORD,2019/1/29 15:51,1.9,-4,13.8,0
ORD,2019/1/29 16:34,4,-3,14.95,0
ORD,2019/1/29 16:51,4,-2,14.95,0
ORD,2019/1/29 17:42,4,-4,14.95,0
ORD,2019/1/29 17:51,5,-5,14.95,0
ORD,2019/1/29 18:49,5,-5.8,16.1,0
ORD,2019/1/29 18:51,5,-4,18.4,0
ORD,2019/1/29 19:04,5,-5,21.85,0
ORD,2019/1/29 19:51,5,-7,19.55,T
ORD,2019/1/29 20:51,3,-8,20.7,T
ORD,2019/1/29 21:01,4,-7,16.1,T
ORD,2019/1/29 21:17,3,-8,24.15,T
ORD,2019/1/29 21:37,1.9,-6,14.95,T
ORD,2019/1/29 21:41,1.9,-5,13.8,T
ORD,2019/1/29 21:51,1.9,-5,17.25,T
ORD,2019/1/29 21:58,1.9,-5,20.7,T
ORD,2019/1/29 22:01,1.9,-5,13.8,T
ORD,2019/1/29 22:15,1.9,-5,21.85,T
ORD,2019/1/29 22:22,1.9,-7,16.1,T
ORD,2019/1/29 22:32,1.9,-7,18.4,T
ORD,2019/1/29 22:51,1,-6,12.65,T
ORD,2019/1/29 23:03,1,-7,20.7,T
ORD,2019/1/29 23:13,1,-8,12.65,T
ORD,2019/1/29 23:22,1,-6,20.7,T
ORD,2019/1/29 23:37,0,-8,14.95,T
ORD,2019/1/29 23:51,-0.9,-9,11.5,T
ORD,2019/1/29 23:56,-0.9,-9,18.4,0
ORD,2019/1/30 0:51,-3,-11,17.25,0
ORD,2019/1/30 1:51,-4,-13,17.25,0
ORD,2019/1/30 2:51,-6,-14.1,13.8,0
ORD,2019/1/30 3:51,-7,-16.1,13.8,0
ORD,2019/1/30 4:51,-8,-18,17.25,0
ORD,2019/1/30 5:51,-9.9,-18,19.55,T
ORD,2019/1/30 5:58,-9.9,-18,17.25,T
ORD,2019/1/30 6:13,-11,-20,18.4,T
ORD,2019/1/30 6:20,-11.9,-22,16.1,T
ORD,2019/1/30 6:51,-13,-27,17.25,T
ORD,2019/1/30 7:51,-16.1,-27,16.1,0
ORD,2019/1/30 8:51,-18,-27,18.4,0
ORD,2019/1/30 9:51,-18.9,-29,16.1,0
ORD,2019/1/30 10:51,-20,-29.9,14.95,0
ORD,2019/1/30 11:51,-22,-31,17.25,0
ORD,2019/1/30 12:51,-23.1,-32,19.55,0
ORD,2019/1/30 13:51,-23.1,-32,17.25,0
ORD,2019/1/30 14:51,-22,-32,17.25,0
ORD,2019/1/30 15:51,-20.9,-29.9,20.7,0
ORD,2019/1/30 16:51,-18.9,-29,17.25,0
ORD,2019/1/30 17:51,-18,-27,17.25,0
ORD,2019/1/30 18:51,-17,-25.1,19.55,0
ORD,2019/1/30 19:51,-16.1,-24,14.95,0
ORD,2019/1/30 20:51,-15,-23.1,18.4,0
ORD,2019/1/30 21:51,-14.1,-23.1,16.1,0
ORD,2019/1/30 22:51,-15,-23.1,10.35,0
ORD,2019/1/30 23:51,-15,-23.1,10.35,0
ORD,2019/1/31 0:51,-15,-23.1,12.65,0
ORD,2019/1/31 1:51,-16.1,-23.1,10.35,0
ORD,2019/1/31 2:51,-16.1,-24,14.95,0
ORD,2019/1/31 3:51,-17,-24,8.05,0
ORD,2019/1/31 4:51,-18,-25.1,9.2,0
ORD,2019/1/31 5:51,-18,-25.1,10.35,0
ORD,2019/1/31 6:51,-18,-25.1,9.2,0
ORD,2019/1/31 7:51,-20,-25.1,8.05,0
ORD,2019/1/31 8:51,-20,-26,6.9,0
ORD,2019/1/31 9:51,-20.9,-26,8.05,0
ORD,2019/1/31 10:51,-20,-26,6.9,0
ORD,2019/1/31 11:51,-20.9,-26,9.2,0
ORD,2019/1/31 12:51,-20.9,-26,9.2,0
ORD,2019/1/31 13:51,-20,-24,8.05,0
ORD,2019/1/31 14:51,-18,-24,9.2,0
ORD,2019/1/31 15:51,-15,-22,10.35,0
ORD,2019/1/31 16:51,-11.9,-20.9,9.2,0
ORD,2019/1/31 17:51,-9,-18.9,11.5,0
ORD,2019/1/31 18:51,-7,-18,11.5,0
ORD,2019/1/31 19:51,-7,-20.9,9.2,0
ORD,2019/1/31 20:51,-6,-18.9,5.75,0
ORD,2019/1/31 21:51,-6,-18.9,0,0
ORD,2019/1/31 22:51,-5,-17,0,T
ORD,2019/1/31 22:59,-5,-17,0,T
ORD,2019/1/31 23:39,-5,-13,0,T
ORD,2019/1/31 23:51,-4,-11.9,0,0.25
ORD,2019/2/1 0:16,-4,-9.9,0,T
ORD,2019/2/1 0:51,-3,-8,3.45,0.25
ORD,2019/2/1 1:51,-2,-7,5.75,0.51
ORD,2019/2/1 2:18,-2,-6,3.45,0.25
ORD,2019/2/1 2:33,-2,-6,4.6,0.25
ORD,2019/2/1 2:46,-0.4,-5.8,5.75,0.25
ORD,2019/2/1 2:51,-0.9,-6,4.6,0.25
ORD,2019/2/1 3:51,-0.9,-6,4.6,T
ORD,2019/2/1 4:51,0,-4,0,T
ORD,2019/2/1 5:14,1,-4,0,T
ORD,2019/2/1 5:51,1,-3,0,T
ORD,2019/2/1 5:58,1,-3,0,T
ORD,2019/2/1 6:51,1.9,-2,4.6,T
ORD,2019/2/1 6:58,1.9,-2,4.6,T
ORD,2019/2/1 7:51,3,-0.9,4.6,T
ORD,2019/2/1 8:03,4,0,3.45,T
ORD,2019/2/1 8:47,3.2,-0.4,4.6,T
ORD,2019/2/1 8:51,4,0,4.6,T
ORD,2019/2/1 9:05,4,0,6.9,0.25
ORD,2019/2/1 9:25,4,0,5.75,0.25
ORD,2019/2/1 9:38,4,0,5.75,0.25
ORD,2019/2/1 9:51,4,1,4.6,0.51
ORD,2019/2/1 10:36,4,1,8.05,T
ORD,2019/2/1 10:51,5,1.9,8.05,T
ORD,2019/2/1 11:51,5,3,5.75,T
ORD,2019/2/1 12:51,6,3,5.75,T
ORD,2019/2/1 13:51,1.9,1,3.45,T
ORD,2019/2/1 14:51,9,5,0,0
ORD,2019/2/1 15:51,12,6,4.6,0
ORD,2019/2/1 16:51,14,7,5.75,0
ORD,2019/2/1 17:51,16,9,5.75,0
ORD,2019/2/1 18:51,17.1,10,0,0
ORD,2019/2/1 19:51,19,10,0,0
ORD,2019/2/1 20:51,19.9,10.9,4.6,0
ORD,2019/2/1 21:51,21,10.9,3.45,0
ORD,2019/2/1 22:51,19.9,10.9,5.75,0
ORD,2019/2/1 23:51,19,10,4.6,0
ORD,2019/2/2 0:51,17.1,10,5.75,0
ORD,2019/2/2 1:51,15.1,9,8.05,0
ORD,2019/2/2 2:51,14,8.1,9.2,0
ORD,2019/2/2 3:51,14,8.1,10.35,0
ORD,2019/2/2 4:51,14,9,6.9,0
ORD,2019/2/2 5:51,14,10,6.9,0
ORD,2019/2/2 6:51,15.1,10.9,8.05,0
ORD,2019/2/2 7:51,16,12,6.9,0
ORD,2019/2/2 8:51,18,14,6.9,0
ORD,2019/2/2 9:51,21,17.1,12.65,0
ORD,2019/2/2 10:51,23,19,14.95,0
ORD,2019/2/2 11:51,24.1,21,14.95,0
ORD,2019/2/2 12:51,25,21.9,12.65,0
ORD,2019/2/2 13:17,25,21.9,13.8,0
ORD,2019/2/2 13:51,26.1,23,14.95,0
ORD,2019/2/2 14:51,30,27,13.8,0
ORD,2019/2/2 15:19,32,28.9,13.8,0
ORD,2019/2/2 15:51,33,30.9,13.8,0
ORD,2019/2/2 15:58,34,30.9,14.95,0
ORD,2019/2/2 16:06,34,32,14.95,0
ORD,2019/2/2 16:26,34,30.9,12.65,0
ORD,2019/2/2 16:51,35,30.9,10.35,0
ORD,2019/2/2 17:08,36,32,13.8,0
ORD,2019/2/2 17:17,36,32,13.8,0
ORD,2019/2/2 17:37,37,33,14.95,0
ORD,2019/2/2 17:51,38,34,10.35,0
ORD,2019/2/2 17:59,38,34,13.8,0
ORD,2019/2/2 18:26,39,35,11.5,0
ORD,2019/2/2 18:51,39,35,10.35,0
ORD,2019/2/2 19:51,40,36,8.05,0
ORD,2019/2/2 20:51,41,36,13.8,0
ORD,2019/2/2 21:51,41,36,8.05,0
ORD,2019/2/2 22:31,42,37,10.35,0
ORD,2019/2/2 22:51,41,36,10.35,0
ORD,2019/2/2 23:51,39,35,11.5,0
ORD,2019/2/3 0:51,38,36,9.2,0
ORD,2019/2/3 1:51,39,37,11.5,0
ORD,2019/2/3 2:16,39,37,11.5,0
ORD,2019/2/3 2:51,38,36,8.05,0
ORD,2019/2/3 3:24,38,36,11.5,T
ORD,2019/2/3 3:51,38,37,11.5,T
ORD,2019/2/3 4:51,37,37,12.65,T
ORD,2019/2/3 5:09,38,37,10.35,T
ORD,2019/2/3 5:17,38,37,11.5,T
ORD,2019/2/3 5:51,39,38,10.35,T
ORD,2019/2/3 6:31,40,39,10.35,T
ORD,2019/2/3 6:51,40,39,10.35,T
ORD,2019/2/3 7:51,41,39,11.5,T
ORD,2019/2/3 8:51,42,40,9.2,T
ORD,2019/2/3 9:51,43,40,11.5,0
ORD,2019/2/3 10:51,44,40,13.8,0
ORD,2019/2/3 11:51,43,40,11.5,0
ORD,2019/2/3 12:51,43,40,12.65,0
ORD,2019/2/3 13:51,43,41,11.5,0
ORD,2019/2/3 14:31,44,41,14.95,0
ORD,2019/2/3 14:51,44,42,13.8,0
ORD,2019/2/3 15:51,44,43,13.8,0
ORD,2019/2/3 16:51,45,43,12.65,0
ORD,2019/2/3 17:51,45,44,11.5,0
ORD,2019/2/3 18:51,46,44,10.35,0
ORD,2019/2/3 19:08,46,44,11.5,0
ORD,2019/2/3 19:51,46,43,12.65,0
ORD,2019/2/3 20:51,46,43,6.9,0
ORD,2019/2/3 21:51,46,43,9.2,0
ORD,2019/2/3 22:07,46,43,6.9,0
ORD,2019/2/3 22:51,46,43,6.9,0
ORD,2019/2/3 23:51,46,43,8.05,0
ORD,2019/2/4 0:13,45,43,6.9,0
ORD,2019/2/4 0:51,44,43,6.9,0
ORD,2019/2/4 1:51,45,44,9.2,0
ORD,2019/2/4 2:51,46,44,8.05,0
ORD,2019/2/4 3:31,46,44,5.75,0
ORD,2019/2/4 3:47,46.4,44.6,5.75,0
ORD,2019/2/4 3:51,45,44,4.6,0
ORD,2019/2/4 4:51,46,44,6.9,0
ORD,2019/2/4 5:51,47,43,9.2,0
ORD,2019/2/4 6:51,48,43,9.2,0
ORD,2019/2/4 7:51,48,43,9.2,0
ORD,2019/2/4 8:51,47,43,6.9,0
ORD,2019/2/4 9:51,47,43,9.2,0
ORD,2019/2/4 10:51,48,43,11.5,0
ORD,2019/2/4 11:51,48,43,10.35,0
ORD,2019/2/4 12:51,47,43,11.5,0
ORD,2019/2/4 13:51,49,45,10.35,0
ORD,2019/2/4 14:26,49,45,11.5,T
ORD,2019/2/4 14:51,49,46,11.5,T
ORD,2019/2/4 15:11,49,47,11.5,1.02
ORD,2019/2/4 15:51,50,48,16.1,1.02
ORD,2019/2/4 16:51,51,49,14.95,0
ORD,2019/2/4 17:51,51,48,13.8,0
ORD,2019/2/4 18:34,50,48,12.65,0
ORD,2019/2/4 18:51,50,48,12.65,0
ORD,2019/2/4 19:04,50,48,12.65,T
ORD,2019/2/4 19:29,50,48,10.35,T
ORD,2019/2/4 19:51,50,47,14.95,T
ORD,2019/2/4 20:17,49,46,12.65,0.25
ORD,2019/2/4 20:51,48,44,12.65,0.25
ORD,2019/2/4 21:51,43,41,12.65,0
ORD,2019/2/4 22:51,40,37,11.5,0
ORD,2019/2/4 22:57,40,37,13.8,0
ORD,2019/2/4 23:33,38,35,14.95,0
ORD,2019/2/4 23:51,38,34,13.8,0
ORD,2019/2/5 0:51,36,33,10.35,0
ORD,2019/2/5 1:51,35,30.9,8.05,0
ORD,2019/2/5 2:51,33,28,13.8,0
ORD,2019/2/5 3:51,32,28,9.2,0
ORD,2019/2/5 4:51,30.9,27,11.5,0
ORD,2019/2/5 5:51,30,26.1,6.9,0
ORD,2019/2/5 6:51,28,24.1,9.2,0
ORD,2019/2/5 7:51,27,23,12.65,0
ORD,2019/2/5 8:51,27,21.9,8.05,0
ORD,2019/2/5 9:29,26.1,21,6.9,0
ORD,2019/2/5 9:51,26.1,21,6.9,0
ORD,2019/2/5 10:51,26.1,21,9.2,0
ORD,2019/2/5 11:51,26.1,19.9,11.5,0
ORD,2019/2/5 12:51,25,19,5.75,0
ORD,2019/2/5 13:51,24.1,18,6.9,0
ORD,2019/2/5 14:51,26.1,19,6.9,0
ORD,2019/2/5 15:51,28,21,6.9,0
ORD,2019/2/5 16:51,30,23,9.2,0
ORD,2019/2/5 17:51,30.9,24.1,10.35,0
ORD,2019/2/5 18:51,30.9,24.1,11.5,0
ORD,2019/2/5 19:51,30,24.1,12.65,0
ORD,2019/2/5 20:02,30,24.1,16.1,0
ORD,2019/2/5 20:51,30,24.1,13.8,0
ORD,2019/2/5 21:51,28.9,24.1,14.95,0
ORD,2019/2/5 22:51,28.9,24.1,13.8,0
ORD,2019/2/5 23:37,28.9,24.1,16.1,T
ORD,2019/2/5 23:42,28.9,25,12.65,T
ORD,2019/2/5 23:51,28.9,25,13.8,T
ORD,2019/2/6 0:43,30,26.1,16.1,T
ORD,2019/2/6 0:51,30,26.1,11.5,T
ORD,2019/2/6 0:56,30.9,27,13.8,T
ORD,2019/2/6 1:10,30.9,27,11.5,T
ORD,2019/2/6 1:24,30.9,27,10.35,T
ORD,2019/2/6 1:51,30.9,28,10.35,T
ORD,2019/2/6 2:51,32,28.9,5.75,T
ORD,2019/2/6 2:56,32,28.9,16.1,0.25
ORD,2019/2/6 3:36,32,30,11.5,6.6
ORD,2019/2/6 3:51,32,30.9,10.35,7.11
ORD,2019/2/6 4:14,32,30.9,11.5,T
ORD,2019/2/6 4:51,32,32,4.6,0.51
ORD,2019/2/6 5:41,33,30.9,0,0.25
ORD,2019/2/6 5:51,33,30.9,0,0.25
ORD,2019/2/6 6:17,33,30.9,3.45,0
ORD,2019/2/6 6:51,33,30.9,6.9,0
ORD,2019/2/6 7:21,33,32,3.45,0
ORD,2019/2/6 7:51,33,33,0,0
ORD,2019/2/6 8:07,33,33,0,0
ORD,2019/2/6 8:24,33,32,3.45,0
ORD,2019/2/6 8:35,33,32,0,T
ORD,2019/2/6 8:51,33,32,0,T
ORD,2019/2/6 9:27,32,32,3.45,T
ORD,2019/2/6 9:51,32,32,4.6,T
ORD,2019/2/6 10:08,32,32,5.75,0
ORD,2019/2/6 10:29,32,32,4.6,0
ORD,2019/2/6 10:51,32,32,4.6,0
ORD,2019/2/6 11:31,32,32,3.45,0
ORD,2019/2/6 11:51,32,32,4.6,0
ORD,2019/2/6 12:26,32,32,5.75,0
ORD,2019/2/6 12:51,32,32,5.75,0
ORD,2019/2/6 13:07,33,32,4.6,0
ORD,2019/2/6 13:51,33,32,4.6,0
ORD,2019/2/6 14:29,33,32,6.9,0
ORD,2019/2/6 14:38,34,33,5.75,0
ORD,2019/2/6 14:51,34,32,8.05,0
ORD,2019/2/6 15:51,34,33,8.05,0
ORD,2019/2/6 16:51,35,33,6.9,0
ORD,2019/2/6 17:47,35.6,33.8,8.05,0
ORD,2019/2/6 17:51,35,34,9.2,0
ORD,2019/2/6 18:00,35,34,8.05,0
ORD,2019/2/6 18:51,35,34,10.35,T
ORD,2019/2/6 19:01,35,34,9.2,T
ORD,2019/2/6 19:11,35,34,11.5,T
ORD,2019/2/6 19:38,35,34,13.8,T
ORD,2019/2/6 19:51,34,34,13.8,T
ORD,2019/2/6 20:51,33,33,10.35,T
ORD,2019/2/6 21:27,33,33,12.65,T
ORD,2019/2/6 21:42,33,33,12.65,T
ORD,2019/2/6 21:51,33,33,16.1,T
ORD,2019/2/6 21:53,33,33,13.8,0
ORD,2019/2/6 22:06,33,32,13.8,0
ORD,2019/2/6 22:51,33,30.9,10.35,0
ORD,2019/2/6 23:51,33,30.9,13.8,0
ORD,2019/2/7 0:51,33,30.9,13.8,0
ORD,2019/2/7 1:51,33,30.9,11.5,T
ORD,2019/2/7 2:51,33,30.9,11.5,T
ORD,2019/2/7 3:51,33,30.9,12.65,T
ORD,2019/2/7 4:18,33,32,6.9,T
ORD,2019/2/7 4:39,33,32,8.05,T
ORD,2019/2/7 4:51,33,32,8.05,0.25
ORD,2019/2/7 5:09,33,33,5.75,T
ORD,2019/2/7 5:33,34,33,5.75,T
ORD,2019/2/7 5:51,34,33,6.9,T
ORD,2019/2/7 6:26,34,33,8.05,T
ORD,2019/2/7 6:51,34,33,6.9,T
ORD,2019/2/7 7:11,34,33,8.05,T
ORD,2019/2/7 7:43,34,33,9.2,T
ORD,2019/2/7 7:51,34,33,9.2,T
ORD,2019/2/7 8:51,33,33,6.9,0
ORD,2019/2/7 9:15,34,34,5.75,T
ORD,2019/2/7 9:44,34,34,10.35,5.08
ORD,2019/2/7 9:51,34,33,6.9,5.59
ORD,2019/2/7 9:53,34,34,6.9,0.25
ORD,2019/2/7 10:07,34,33,9.2,2.29
ORD,2019/2/7 10:44,34,34,10.35,7.11
ORD,2019/2/7 10:51,34,34,10.35,7.37
ORD,2019/2/7 11:51,35,35,3.45,1.27
ORD,2019/2/7 12:27,36,35,4.6,0.25
ORD,2019/2/7 12:49,35.6,33.8,6.9,0.25
ORD,2019/2/7 12:51,35,34,5.75,0.25
ORD,2019/2/7 13:51,36,35,6.9,1.02
ORD,2019/2/7 14:07,36,35,8.05,T
ORD,2019/2/7 14:22,36,35,9.2,T
ORD,2019/2/7 14:51,36,36,3.45,T
ORD,2019/2/7 15:08,37,37,0,T
ORD,2019/2/7 15:51,37,36,5.75,T
ORD,2019/2/7 16:51,40,37,8.05,0.25
ORD,2019/2/7 17:46,42.8,37.4,4.6,0.51
ORD,2019/2/7 17:51,42,38,4.6,0.51
ORD,2019/2/7 18:07,44,39,3.45,0.25
ORD,2019/2/7 18:51,42,41,0,1.27
ORD,2019/2/7 19:30,42,41,6.9,0.25
ORD,2019/2/7 19:51,42,42,12.65,0.25
ORD,2019/2/7 20:10,41,40,16.1,0.25
ORD,2019/2/7 20:18,39,37,14.95,0.25
ORD,2019/2/7 20:40,37,35,20.7,0.25
ORD,2019/2/7 20:51,37,34,20.7,0.25
ORD,2019/2/7 20:55,36,33,21.85,T
ORD,2019/2/7 20:58,36,33,16.1,T
ORD,2019/2/7 21:49,33.8,30.2,17.25,T
ORD,2019/2/7 21:51,34,30.9,17.25,T
ORD,2019/2/7 21:53,34,30.9,16.1,T
ORD,2019/2/7 22:51,34,30.9,16.1,T
ORD,2019/2/7 23:51,28.9,24.1,25.3,0
ORD,2019/2/8 0:51,25,19,25.3,0
ORD,2019/2/8 1:51,19.9,12,20.7,T
ORD,2019/2/8 2:39,19,10.9,25.3,T
ORD,2019/2/8 2:51,18,9,25.3,T
ORD,2019/2/8 3:51,14,4,23,T
ORD,2019/2/8 4:51,12,1.9,21.85,T
ORD,2019/2/8 5:51,10,1.9,26.45,0
ORD,2019/2/8 6:05,10,1,27.6,0
ORD,2019/2/8 6:51,10,1,28.75,0
ORD,2019/2/8 7:43,9,0,24.15,T
ORD,2019/2/8 7:51,9,0,25.3,T
ORD,2019/2/8 8:51,9,1,18.4,T
ORD,2019/2/8 9:44,9,1,25.3,T
ORD,2019/2/8 9:51,9,1,25.3,T
ORD,2019/2/8 10:23,9,-0.9,20.7,T
ORD,2019/2/8 10:51,7,-0.9,21.85,T
ORD,2019/2/8 11:51,6,-2,16.1,T
ORD,2019/2/8 12:51,4,-4,20.7,T
ORD,2019/2/8 13:51,4,-4,19.55,T
ORD,2019/2/8 14:18,4,-4,17.25,T
ORD,2019/2/8 14:51,5,-4,20.7,T
ORD,2019/2/8 15:51,6,-3,18.4,0
ORD,2019/2/8 16:51,8.1,-2,19.55,0
ORD,2019/2/8 17:51,9,-0.9,20.7,0
ORD,2019/2/8 18:51,10.9,-0.9,19.55,0
ORD,2019/2/8 19:51,12,1,18.4,0
ORD,2019/2/8 20:51,12,1,18.4,0
ORD,2019/2/8 21:51,12,1,17.25,0
ORD,2019/2/8 22:51,12,1,16.1,0
ORD,2019/2/8 23:51,10.9,1,16.1,0
ORD,2019/2/9 0:51,10,1,12.65,0
ORD,2019/2/9 1:51,10,1,10.35,0
ORD,2019/2/9 2:51,9,1,8.05,0
ORD,2019/2/9 3:51,9,-0.9,11.5,0
ORD,2019/2/9 4:51,8.1,1,8.05,0
ORD,2019/2/9 5:51,8.1,-0.9,10.35,0
ORD,2019/2/9 6:51,8.1,0,5.75,0
ORD,2019/2/9 7:51,7,-0.9,8.05,0
ORD,2019/2/9 8:51,6,-0.9,6.9,0
ORD,2019/2/9 9:51,6,-3,8.05,0
ORD,2019/2/9 10:51,5,-3,8.05,0
ORD,2019/2/9 11:51,5,-2,6.9,0
ORD,2019/2/9 12:51,5,-2,3.45,0
ORD,2019/2/9 13:51,7,0,3.45,0
ORD,2019/2/9 14:51,8.1,1.9,0,0
ORD,2019/2/9 15:51,12,6,0,T
ORD,2019/2/9 16:51,15.1,8.1,4.6,0
ORD,2019/2/9 17:51,19,8.1,4.6,0
ORD,2019/2/9 18:51,21,8.1,0,0
ORD,2019/2/9 19:51,21.9,7,4.6,0
ORD,2019/2/9 20:51,24.1,7,4.6,0
ORD,2019/2/9 21:51,24.1,7,6.9,0
ORD,2019/2/9 22:51,23,8.1,4.6,0
ORD,2019/2/9 23:51,19.9,12.9,9.2,0
ORD,2019/2/10 0:51,19.9,12.9,6.9,0
ORD,2019/2/10 1:51,19.9,12.9,3.45,0
ORD,2019/2/10 2:51,21,15.1,6.9,0
ORD,2019/2/10 3:51,21.9,15.1,11.5,0
ORD,2019/2/10 4:51,21.9,14,10.35,0
ORD,2019/2/10 5:51,21.9,12.9,8.05,0
ORD,2019/2/10 6:51,21.9,12.9,8.05,0
ORD,2019/2/10 7:51,21.9,12.9,10.35,0
ORD,2019/2/10 8:51,21.9,12.9,6.9,0
ORD,2019/2/10 9:51,21.9,14,8.05,0
ORD,2019/2/10 10:51,21.9,15.1,8.05,0
ORD,2019/2/10 11:51,21.9,15.1,10.35,0
ORD,2019/2/10 12:51,23,15.1,5.75,0
ORD,2019/2/10 13:51,23,15.1,5.75,0
ORD,2019/2/10 14:51,24.1,16,10.35,0
ORD,2019/2/10 15:51,26.1,16,11.5,0
ORD,2019/2/10 16:51,27,16,8.05,0
ORD,2019/2/10 17:51,28,17.1,8.05,0
ORD,2019/2/10 18:51,28,17.1,4.6,0
ORD,2019/2/10 19:19,28,17.1,6.9,T
ORD,2019/2/10 19:23,27,18,0,T
ORD,2019/2/10 19:29,26.1,19,3.45,T
ORD,2019/2/10 19:38,26.1,21,3.45,T
ORD,2019/2/10 19:51,26.1,21.9,3.45,0.25
ORD,2019/2/10 20:02,26.1,21.9,3.45,T
ORD,2019/2/10 20:34,26.1,23,6.9,0.25
ORD,2019/2/10 20:42,26.1,23,9.2,0.25
ORD,2019/2/10 20:51,26.1,21.9,8.05,0.25
ORD,2019/2/10 21:16,26.1,23,6.9,T
ORD,2019/2/10 21:27,26.1,23,6.9,T
ORD,2019/2/10 21:30,26.1,23,6.9,T
ORD,2019/2/10 21:51,26.1,23,8.05,T
ORD,2019/2/10 21:54,26.1,23,6.9,T
ORD,2019/2/10 22:31,26.1,24.1,8.05,0.25
ORD,2019/2/10 22:39,26.1,23,8.05,0.25
ORD,2019/2/10 22:51,26.1,23,6.9,0.25
ORD,2019/2/10 23:22,26.1,23,8.05,T
ORD,2019/2/10 23:51,26.1,23,8.05,T
ORD,2019/2/11 0:34,26.1,24.1,6.9,T
ORD,2019/2/11 0:51,26.1,24.1,5.75,T
ORD,2019/2/11 1:29,26.1,24.1,4.6,T
ORD,2019/2/11 1:49,26.6,24.8,5.75,T
ORD,2019/2/11 1:51,26.1,25,4.6,T
ORD,2019/2/11 2:10,26.1,25,4.6,T
ORD,2019/2/11 2:21,26.1,25,4.6,T
ORD,2019/2/11 2:51,27,25,3.45,0.25
ORD,2019/2/11 3:51,27,25,3.45,T
ORD,2019/2/11 4:48,26.6,24.8,4.6,T
ORD,2019/2/11 4:51,27,25,4.6,T
ORD,2019/2/11 5:13,27,25,4.6,0
ORD,2019/2/11 5:51,28,25,4.6,0
ORD,2019/2/11 6:08,28,25,3.45,0
ORD,2019/2/11 6:51,27,25,5.75,0
ORD,2019/2/11 7:16,27,25,4.6,0
ORD,2019/2/11 7:51,27,25,5.75,0
ORD,2019/2/11 8:14,27,25,3.45,0
ORD,2019/2/11 8:48,26.6,26.6,4.6,0
ORD,2019/2/11 8:51,27,25,4.6,0
ORD,2019/2/11 9:51,27,26.1,4.6,0
ORD,2019/2/11 10:33,27,26.1,6.9,T
ORD,2019/2/11 10:51,27,26.1,5.75,T
ORD,2019/2/11 11:14,28,26.1,9.2,T
ORD,2019/2/11 11:51,28,26.1,8.05,T
ORD,2019/2/11 12:08,28.9,26.1,10.35,0
ORD,2019/2/11 12:51,28.9,26.1,12.65,0
ORD,2019/2/11 13:51,28.9,25,16.1,0
ORD,2019/2/11 14:51,28.9,25,13.8,0
ORD,2019/2/11 15:51,28.9,25,13.8,0
ORD,2019/2/11 16:51,28.9,25,13.8,0
ORD,2019/2/11 17:51,28.9,25,13.8,0
ORD,2019/2/11 18:51,28.9,25,10.35,0
ORD,2019/2/11 19:51,30,26.1,12.65,0
ORD,2019/2/11 20:51,30,26.1,14.95,0
ORD,2019/2/11 21:51,30.9,26.1,14.95,0
ORD,2019/2/11 22:51,30.9,26.1,13.8,T
ORD,2019/2/11 23:48,30.2,26.6,14.95,T
ORD,2019/2/11 23:51,30.9,26.1,14.95,T
ORD,2019/2/12 0:10,30.9,27,12.65,0.25
ORD,2019/2/12 0:27,30.9,27,17.25,0.25
ORD,2019/2/12 0:51,30.9,27,13.8,0.25
ORD,2019/2/12 1:51,30.9,28,17.25,0.25
ORD,2019/2/12 2:46,30.2,28.4,14.95,0.25
ORD,2019/2/12 2:51,30.9,28.9,16.1,0.25
ORD,2019/2/12 3:51,30.9,28.9,14.95,1.02
ORD,2019/2/12 4:05,30.9,28.9,20.7,0.25
ORD,2019/2/12 4:19,30.9,28.9,17.25,0.76
ORD,2019/2/12 4:51,30.9,28.9,17.25,1.52
ORD,2019/2/12 5:51,30.9,28.9,17.25,1.27
ORD,2019/2/12 6:51,30.9,28.9,18.4,2.29
ORD,2019/2/12 7:51,32,28.9,17.25,2.29
ORD,2019/2/12 8:51,32,30,14.95,2.29
ORD,2019/2/12 9:44,32,30,18.4,0.76
ORD,2019/2/12 9:51,32,30,12.65,0.76
ORD,2019/2/12 10:43,32,30.9,8.05,0.25
ORD,2019/2/12 10:51,32,30.9,8.05,0.25
ORD,2019/2/12 11:07,32,30.9,9.2,0.25
ORD,2019/2/12 11:44,32,30.9,10.35,0.51
ORD,2019/2/12 11:51,32,30.9,11.5,0.51
ORD,2019/2/12 12:51,33,30.9,5.75,0
ORD,2019/2/12 13:06,33,30.9,8.05,0
ORD,2019/2/12 13:11,33,30.9,6.9,T
ORD,2019/2/12 13:20,33,30.9,5.75,T
ORD,2019/2/12 13:47,33.8,32,6.9,T
ORD,2019/2/12 13:51,33,32,6.9,T
ORD,2019/2/12 14:20,32,32,0,T
ORD,2019/2/12 14:51,33,32,0,0.25
ORD,2019/2/12 15:51,33,32,4.6,0.25
ORD,2019/2/12 16:11,33,32,3.45,T
ORD,2019/2/12 16:40,33,32,5.75,T
ORD,2019/2/12 16:51,33,32,5.75,T
ORD,2019/2/12 17:06,33,30.9,0,0
ORD,2019/2/12 17:47,33.8,30.2,10.35,0
ORD,2019/2/12 17:51,33,30.9,11.5,0
ORD,2019/2/12 18:22,34,30.9,12.65,0
ORD,2019/2/12 18:51,34,30,16.1,T
ORD,2019/2/12 19:51,33,28.9,14.95,T
ORD,2019/2/12 20:10,32,28.9,18.4,T
ORD,2019/2/12 20:29,32,28.9,16.1,T
ORD,2019/2/12 20:51,32,28,16.1,T
ORD,2019/2/12 21:15,30.9,27,18.4,T
ORD,2019/2/12 21:23,30.9,27,19.55,T
ORD,2019/2/12 21:29,30.9,27,17.25,T
ORD,2019/2/12 21:36,30,27,19.55,T
ORD,2019/2/12 21:51,30,27,16.1,T
ORD,2019/2/12 22:02,30,27,20.7,T
ORD,2019/2/12 22:10,30,26.1,17.25,T
ORD,2019/2/12 22:28,30,25,19.55,T
ORD,2019/2/12 22:40,30,24.1,21.85,T
ORD,2019/2/12 22:51,30,25,16.1,T
ORD,2019/2/12 22:54,28.9,25,16.1,T
ORD,2019/2/12 22:56,28.9,25,12.65,T
ORD,2019/2/12 23:03,28.9,25,21.85,T
ORD,2019/2/12 23:14,28,25,14.95,T
ORD,2019/2/12 23:23,28,25,17.25,T
ORD,2019/2/12 23:31,28,25,18.4,T
ORD,2019/2/12 23:42,28,25,14.95,T
ORD,2019/2/12 23:51,27,24.1,19.55,T
ORD,2019/2/13 0:03,27,24.1,20.7,0.25
ORD,2019/2/13 0:24,27,24.1,19.55,0.25
ORD,2019/2/13 0:36,27,23,21.85,0.25
ORD,2019/2/13 0:51,26.1,21.9,18.4,0.25
ORD,2019/2/13 0:58,27,21.9,18.4,T
ORD,2019/2/13 1:17,26.1,21.9,23,T
ORD,2019/2/13 1:24,26.1,21.9,17.25,T
ORD,2019/2/13 1:51,25,21.9,18.4,T
ORD,2019/2/13 1:59,25,21.9,18.4,T
ORD,2019/2/13 2:20,25,21,18.4,T
ORD,2019/2/13 2:51,24.1,21,18.4,T
ORD,2019/2/13 2:56,24.1,21,20.7,T
ORD,2019/2/13 3:24,24.1,21,18.4,T
ORD,2019/2/13 3:28,24.1,21,21.85,T
ORD,2019/2/13 3:51,23,19.9,20.7,T
ORD,2019/2/13 4:22,23,19,19.55,T
ORD,2019/2/13 4:32,21,18,16.1,T
ORD,2019/2/13 4:43,21,18,18.4,T
ORD,2019/2/13 4:51,19.9,18,19.55,T
ORD,2019/2/13 5:03,19.9,18,20.7,T
ORD,2019/2/13 5:07,19.9,18,19.55,T
ORD,2019/2/13 5:34,19.9,17.1,20.7,T
ORD,2019/2/13 5:51,19,17.1,14.95,T
ORD,2019/2/13 6:01,19,17.1,21.85,T
ORD,2019/2/13 6:09,19,17.1,21.85,T
ORD,2019/2/13 6:31,18,16,19.55,0.25
ORD,2019/2/13 6:42,17.1,16,19.55,0.25
ORD,2019/2/13 6:46,17.6,15.8,18.4,0.25
ORD,2019/2/13 6:51,18,15.1,17.25,0.25
ORD,2019/2/13 7:11,17.1,14,20.7,T
ORD,2019/2/13 7:51,16,12.9,19.55,T
ORD,2019/2/13 8:21,16,12.9,21.85,T
ORD,2019/2/13 8:47,15.8,12.2,21.85,T
ORD,2019/2/13 8:51,15.1,12,16.1,T
ORD,2019/2/13 9:17,14,10.9,21.85,T
ORD,2019/2/13 9:51,14,10.9,16.1,T
ORD,2019/2/13 10:51,14,10,13.8,0
ORD,2019/2/13 11:51,12,9,18.4,0
ORD,2019/2/13 12:51,10.9,8.1,16.1,0
ORD,2019/2/13 13:51,10.9,8.1,16.1,0
ORD,2019/2/13 14:51,14,10,12.65,0
ORD,2019/2/13 15:51,15.1,10.9,17.25,0
ORD,2019/2/13 16:51,14,10.9,12.65,T
ORD,2019/2/13 17:51,16,12,13.8,0
ORD,2019/2/13 18:51,18,12.9,18.4,0
ORD,2019/2/13 19:51,19.9,14,18.4,0
ORD,2019/2/13 20:51,21.9,16,13.8,0
ORD,2019/2/13 21:51,23,16,10.35,0
ORD,2019/2/13 22:51,23,17.1,13.8,0
ORD,2019/2/13 23:51,21.9,17.1,8.05,0
ORD,2019/2/14 0:51,21.9,18,5.75,0
ORD,2019/2/14 1:51,23,18,0,0
ORD,2019/2/14 2:51,23,19,6.9,0
ORD,2019/2/14 3:51,24.1,19.9,5.75,0
ORD,2019/2/14 4:51,25,21,6.9,0
ORD,2019/2/14 5:51,27,21.9,8.05,0
ORD,2019/2/14 6:51,28,23,8.05,0
ORD,2019/2/14 7:51,30,24.1,8.05,0
ORD,2019/2/14 8:51,34,26.1,9.2,0
ORD,2019/2/14 9:51,37,28,9.2,0
ORD,2019/2/14 10:51,38,28.9,10.35,0
ORD,2019/2/14 11:51,40,30,12.65,0
ORD,2019/2/14 12:51,39,30,9.2,T
ORD,2019/2/14 13:51,39,30,9.2,0
ORD,2019/2/14 14:51,40,30,11.5,0
ORD,2019/2/14 15:51,43,30.9,12.65,0
ORD,2019/2/14 16:51,46,32,10.35,0
ORD,2019/2/14 17:51,47,33,8.05,0
ORD,2019/2/14 18:51,47,33,9.2,0
ORD,2019/2/14 19:51,47,33,10.35,0
ORD,2019/2/14 20:51,48,34,6.9,0
ORD,2019/2/14 21:51,49,35,8.05,0
ORD,2019/2/14 22:51,48,36,10.35,0
ORD,2019/2/14 23:51,46,36,5.75,0
ORD,2019/2/15 0:51,46,36,8.05,0
ORD,2019/2/15 1:51,44,34,9.2,0
ORD,2019/2/15 2:51,41,32,14.95,0
ORD,2019/2/15 3:51,40,30.9,13.8,0
ORD,2019/2/15 4:48,37.4,28.4,14.95,0
ORD,2019/2/15 4:51,37,28,17.25,0
ORD,2019/2/15 5:03,36,28,17.25,0
ORD,2019/2/15 5:51,32,26.1,18.4,0
ORD,2019/2/15 6:51,28,23,14.95,0
ORD,2019/2/15 7:51,24.1,19,13.8,0
ORD,2019/2/15 8:51,19,14,19.55,0
ORD,2019/2/15 9:51,15.1,10,17.25,0
ORD,2019/2/15 10:06,14,8.1,17.25,0
ORD,2019/2/15 10:51,12,7,14.95,0
ORD,2019/2/15 11:51,9,4,14.95,0
ORD,2019/2/15 12:51,8.1,3,17.25,0
ORD,2019/2/15 13:51,8.1,1.9,17.25,0
ORD,2019/2/15 14:51,10,3,16.1,0
ORD,2019/2/15 15:51,10.9,4,13.8,0
ORD,2019/2/15 16:51,12.9,5,17.25,0
ORD,2019/2/15 17:51,15.1,7,13.8,0
ORD,2019/2/15 18:51,16,8.1,11.5,0
ORD,2019/2/15 19:51,17.1,8.1,13.8,0
ORD,2019/2/15 20:51,18,9,11.5,0
ORD,2019/2/15 21:51,19,10,10.35,0
ORD,2019/2/15 22:51,18,9,10.35,0
ORD,2019/2/15 23:51,17.1,9,9.2,0
ORD,2019/2/16 0:51,16,8.1,9.2,0
ORD,2019/2/16 1:51,14,7,8.05,0
ORD,2019/2/16 2:51,14,7,9.2,0
ORD,2019/2/16 3:51,14,6,6.9,0
ORD,2019/2/16 4:51,12.9,6,3.45,0
ORD,2019/2/16 5:51,12.9,5,6.9,0
ORD,2019/2/16 6:51,12.9,6,5.75,0
ORD,2019/2/16 7:51,14,6,4.6,0
ORD,2019/2/16 8:51,15.1,7,6.9,0
ORD,2019/2/16 9:51,15.1,7,5.75,0
ORD,2019/2/16 10:34,15.1,8.1,6.9,0
ORD,2019/2/16 10:51,15.1,8.1,4.6,0
ORD,2019/2/16 11:13,14,8.1,5.75,0
ORD,2019/2/16 11:51,12.9,8.1,5.75,0
ORD,2019/2/16 12:26,12.9,8.1,8.05,0
ORD,2019/2/16 12:51,14,8.1,4.6,0
ORD,2019/2/16 13:51,15.1,10,4.6,0
ORD,2019/2/16 14:51,17.1,12,6.9,0
ORD,2019/2/16 15:51,21.9,15.1,4.6,0
ORD,2019/2/16 16:51,25,17.1,5.75,0
ORD,2019/2/16 17:51,28,19,9.2,0
ORD,2019/2/16 18:47,28.4,19.4,9.2,0
ORD,2019/2/16 18:51,28.9,19.9,11.5,0
ORD,2019/2/16 19:48,28.4,19.4,11.5,0
ORD,2019/2/16 19:51,28.9,19.9,11.5,0
ORD,2019/2/16 20:51,28.9,21,9.2,0
ORD,2019/2/16 21:51,28,21,10.35,T
ORD,2019/2/16 22:51,27,19,13.8,0
ORD,2019/2/16 23:51,25,17.1,11.5,0
ORD,2019/2/17 0:51,25,18,11.5,0
ORD,2019/2/17 1:51,25,18,11.5,0
ORD,2019/2/17 2:51,25,18,13.8,0
ORD,2019/2/17 3:51,25,18,11.5,0
ORD,2019/2/17 4:51,25,18,13.8,0
ORD,2019/2/17 5:51,24.1,18,13.8,0
ORD,2019/2/17 6:51,24.1,18,13.8,0
ORD,2019/2/17 7:51,25,18,8.05,0
ORD,2019/2/17 8:51,25,18,11.5,0
ORD,2019/2/17 9:51,24.1,19,12.65,0
ORD,2019/2/17 10:51,25,19,13.8,T
ORD,2019/2/17 11:51,25,19,16.1,T
ORD,2019/2/17 12:41,24.1,19.9,12.65,T
ORD,2019/2/17 12:51,24.1,19.9,10.35,T
ORD,2019/2/17 13:21,24.1,21,8.05,0.25
ORD,2019/2/17 13:40,24.1,21.9,10.35,0.25
ORD,2019/2/17 13:51,24.1,21.9,11.5,0.51
ORD,2019/2/17 14:22,24.1,21.9,12.65,0.25
ORD,2019/2/17 14:32,24.1,21.9,9.2,0.51
ORD,2019/2/17 14:42,24.1,23,9.2,0.51
ORD,2019/2/17 14:51,24.1,21.9,11.5,0.76
ORD,2019/2/17 15:10,24.1,23,14.95,0.25
ORD,2019/2/17 15:23,24.1,23,12.65,0.51
ORD,2019/2/17 15:51,25,23,11.5,0.76
ORD,2019/2/17 16:10,26.1,23,12.65,0.25
ORD,2019/2/17 16:16,26.1,23,11.5,0.25
ORD,2019/2/17 16:23,26.1,23,14.95,0.25
ORD,2019/2/17 16:43,26.1,23,11.5,0.25
ORD,2019/2/17 16:51,26.1,23,12.65,0.51
ORD,2019/2/17 17:07,26.1,23,10.35,T
ORD,2019/2/17 17:17,26.1,23,10.35,T
ORD,2019/2/17 17:51,27,23,13.8,T
ORD,2019/2/17 17:59,27,21.9,14.95,T
ORD,2019/2/17 18:10,27,23,11.5,T
ORD,2019/2/17 18:51,27,23,12.65,T
ORD,2019/2/17 19:51,27,23,9.2,T
ORD,2019/2/17 20:31,27,24.1,11.5,T
ORD,2019/2/17 20:51,27,24.1,6.9,T
ORD,2019/2/17 20:59,27,25,9.2,T
ORD,2019/2/17 21:30,27,25,11.5,T
ORD,2019/2/17 21:51,27,25,11.5,0.25
ORD,2019/2/17 22:09,27,25,9.2,T
ORD,2019/2/17 22:25,27,25,13.8,0.25
ORD,2019/2/17 22:31,27,25,9.2,0.25
ORD,2019/2/17 22:41,27,25,10.35,0.25
ORD,2019/2/17 22:51,27,25,9.2,0.51
ORD,2019/2/17 23:13,27,25,9.2,0.25
ORD,2019/2/17 23:51,26.1,24.1,11.5,0.76
ORD,2019/2/18 0:51,26.1,24.1,11.5,0.51
ORD,2019/2/18 1:21,26.1,24.1,13.8,T
ORD,2019/2/18 1:51,26.1,24.1,11.5,0.25
ORD,2019/2/18 2:06,26.1,24.1,11.5,T
ORD,2019/2/18 2:18,25,24.1,10.35,T
ORD,2019/2/18 2:36,25,24.1,10.35,T
ORD,2019/2/18 2:51,25,24.1,10.35,T
ORD,2019/2/18 3:17,25,24.1,10.35,T
ORD,2019/2/18 3:51,25,24.1,10.35,T
ORD,2019/2/18 4:23,25,24.1,9.2,T
ORD,2019/2/18 4:47,24.8,23,9.2,T
ORD,2019/2/18 4:51,25,23,9.2,T
ORD,2019/2/18 5:51,25,24.1,8.05,0.25
ORD,2019/2/18 5:58,25,24.1,6.9,T
ORD,2019/2/18 6:27,25,24.1,8.05,T
ORD,2019/2/18 6:51,25,24.1,8.05,T
ORD,2019/2/18 6:58,25,24.1,8.05,0.25
ORD,2019/2/18 7:11,25,24.1,8.05,0.25
ORD,2019/2/18 7:51,24.1,23,8.05,0.25
ORD,2019/2/18 8:00,24.1,23,9.2,0.25
ORD,2019/2/18 8:17,24.1,23,9.2,0.51
ORD,2019/2/18 8:38,24.1,23,8.05,0.51
ORD,2019/2/18 8:51,24.1,23,6.9,0.51
ORD,2019/2/18 9:13,24.1,23,6.9,T
ORD,2019/2/18 9:24,23,23,8.05,T
ORD,2019/2/18 9:33,24.1,21.9,8.05,T
ORD,2019/2/18 9:51,23,21.9,10.35,0.25
ORD,2019/2/18 10:19,23,21.9,9.2,T
ORD,2019/2/18 10:36,23,21,9.2,T
ORD,2019/2/18 10:48,21.2,21.2,8.05,T
ORD,2019/2/18 10:51,21.9,21,8.05,T
ORD,2019/2/18 11:21,21.9,19.9,9.2,T
ORD,2019/2/18 11:38,21.9,19.9,10.35,T
ORD,2019/2/18 11:43,21.9,19.9,10.35,0.25
ORD,2019/2/18 11:51,21.9,19.9,9.2,0.25
ORD,2019/2/18 12:38,21,19.9,10.35,T
ORD,2019/2/18 12:51,21.9,19.9,11.5,T
ORD,2019/2/18 13:08,21.9,19,11.5,T
ORD,2019/2/18 13:22,21.9,19,12.65,T
ORD,2019/2/18 13:31,21.9,19,12.65,T
ORD,2019/2/18 13:43,21.9,19,10.35,T
ORD,2019/2/18 13:51,21.9,19,11.5,T
ORD,2019/2/18 13:58,21,19,12.65,0.25
ORD,2019/2/18 14:37,21.9,19.9,12.65,0.25
ORD,2019/2/18 14:51,21,19,13.8,0.25
ORD,2019/2/18 15:51,24.1,19,11.5,T
ORD,2019/2/18 16:51,26.1,19,10.35,T
ORD,2019/2/18 17:51,27,19,9.2,0
ORD,2019/2/18 18:51,27,17.1,10.35,0
ORD,2019/2/18 19:51,30,16,0,0
ORD,2019/2/18 20:51,28.9,16,5.75,T
ORD,2019/2/18 21:51,26.1,15.1,5.75,T
ORD,2019/2/18 22:51,26.1,14,4.6,0
ORD,2019/2/18 23:51,23,15.1,8.05,0
ORD,2019/2/19 0:51,25,16,5.75,T
ORD,2019/2/19 1:51,21,12.9,5.75,0
ORD,2019/2/19 2:51,19.9,12.9,5.75,0
ORD,2019/2/19 3:51,19,12,4.6,0
ORD,2019/2/19 4:51,19,12,0,0
ORD,2019/2/19 5:51,19,10.9,3.45,0
ORD,2019/2/19 6:51,17.1,10.9,3.45,0
ORD,2019/2/19 7:51,15.1,9,0,0
ORD,2019/2/19 8:51,12.9,9,0,0
ORD,2019/2/19 9:51,14,10,0,0
ORD,2019/2/19 10:51,12,9,3.45,0
ORD,2019/2/19 11:51,12.9,9,0,0
ORD,2019/2/19 12:51,14,10,3.45,0
ORD,2019/2/19 13:51,17.1,12.9,3.45,0
ORD,2019/2/19 14:51,19,12.9,0,0
ORD,2019/2/19 15:51,24.1,12.9,0,0
ORD,2019/2/19 16:51,28,12,3.45,0
ORD,2019/2/19 17:51,30,12,3.45,0
ORD,2019/2/19 18:51,30.9,14,3.45,0
ORD,2019/2/19 19:51,33,16,4.6,0
ORD,2019/2/19 20:51,33,17.1,6.9,0
ORD,2019/2/19 21:51,33,19,6.9,0
ORD,2019/2/19 22:51,30,21,8.05,0
ORD,2019/2/19 23:51,30,21,6.9,0
ORD,2019/2/20 0:51,28.9,21,9.2,0
ORD,2019/2/20 1:51,28.9,21.9,6.9,0
ORD,2019/2/20 2:51,30,21.9,9.2,0
ORD,2019/2/20 3:51,30,21,9.2,0
ORD,2019/2/20 4:51,30,19.9,9.2,0
ORD,2019/2/20 5:51,28.9,21,8.05,0
ORD,2019/2/20 6:51,28.9,19.9,11.5,0
ORD,2019/2/20 7:51,28.9,21,10.35,0
ORD,2019/2/20 8:51,28.9,21.9,13.8,0
ORD,2019/2/20 9:51,28.9,23,11.5,0
ORD,2019/2/20 10:51,28.9,23,12.65,T
ORD,2019/2/20 11:08,28,24.1,13.8,T
ORD,2019/2/20 11:14,28,25,13.8,T
ORD,2019/2/20 11:33,28,26.1,13.8,0.25
ORD,2019/2/20 11:51,28,26.1,14.95,0.25
ORD,2019/2/20 12:01,28,26.1,11.5,T
ORD,2019/2/20 12:26,28,26.1,11.5,0.25
ORD,2019/2/20 12:51,28,26.1,16.1,0.25
ORD,2019/2/20 13:23,28.9,27,14.95,T
ORD,2019/2/20 13:51,30,28,13.8,T
ORD,2019/2/20 14:51,30.9,28.9,17.25,0.51
ORD,2019/2/20 15:13,30.9,28.9,18.4,T
ORD,2019/2/20 15:51,30,28.9,18.4,T
ORD,2019/2/20 16:09,30.9,28.9,14.95,T
ORD,2019/2/20 16:33,30.9,30,14.95,0.25
ORD,2019/2/20 16:51,30.9,30,13.8,0.25
ORD,2019/2/20 17:49,33.8,30.2,11.5,T
ORD,2019/2/20 17:51,33,30.9,10.35,0.25
ORD,2019/2/20 18:51,34,32,6.9,0.25
ORD,2019/2/20 19:51,36,33,6.9,0.25
ORD,2019/2/20 20:19,37,34,11.5,0.25
ORD,2019/2/20 20:29,37,34,10.35,0.25
ORD,2019/2/20 20:39,37,34,9.2,0.25
ORD,2019/2/20 20:51,38,34,12.65,0.25
ORD,2019/2/20 21:51,38,34,13.8,T
ORD,2019/2/20 22:34,38,33,17.25,0
ORD,2019/2/20 22:51,37,33,16.1,0
ORD,2019/2/20 23:51,37,32,13.8,0
ORD,2019/2/21 0:51,36,32,16.1,0
ORD,2019/2/21 1:24,36,32,13.8,0
ORD,2019/2/21 1:51,36,30.9,14.95,0
ORD,2019/2/21 2:44,36,28.9,17.25,0
ORD,2019/2/21 2:51,36,28.9,13.8,0
ORD,2019/2/21 3:51,36,28,18.4,0
ORD,2019/2/21 4:51,36,24.1,14.95,0
ORD,2019/2/21 5:51,35,24.1,18.4,0
ORD,2019/2/21 6:51,33,21,14.95,0
ORD,2019/2/21 7:51,30,21,13.8,0
ORD,2019/2/21 8:51,28,19.9,12.65,0
ORD,2019/2/21 9:51,27,19,12.65,0
ORD,2019/2/21 10:51,26.1,19,10.35,0
ORD,2019/2/21 11:51,25,19,9.2,0
ORD,2019/2/21 12:51,25,19,8.05,0
ORD,2019/2/21 13:51,25,19,11.5,0
ORD,2019/2/21 14:51,26.1,18,14.95,0
ORD,2019/2/21 15:51,28,17.1,17.25,0
ORD,2019/2/21 16:51,30,16,16.1,0
ORD,2019/2/21 17:51,30.9,17.1,12.65,0
ORD,2019/2/21 18:51,30.9,16,11.5,0
ORD,2019/2/21 19:51,32,17.1,16.1,0
ORD,2019/2/21 20:51,30.9,17.1,12.65,0
ORD,2019/2/21 21:51,30.9,17.1,12.65,0
ORD,2019/2/21 22:51,30.9,19,12.65,0
ORD,2019/2/21 23:51,30,18,6.9,0
ORD,2019/2/22 0:51,28.9,19,6.9,0
ORD,2019/2/22 1:51,28,18,6.9,0
ORD,2019/2/22 2:51,28,18,5.75,0
ORD,2019/2/22 3:51,27,18,5.75,0
ORD,2019/2/22 4:51,25,18,3.45,0
ORD,2019/2/22 5:51,24.1,18,4.6,0
ORD,2019/2/22 6:51,23,16,6.9,0
ORD,2019/2/22 7:51,19.9,14,5.75,0
ORD,2019/2/22 8:51,19.9,14,6.9,0
ORD,2019/2/22 9:51,19,12.9,4.6,0
ORD,2019/2/22 10:51,19,12.9,3.45,0
ORD,2019/2/22 11:51,19,14,4.6,0
ORD,2019/2/22 12:51,19,14,5.75,0
ORD,2019/2/22 13:51,23,16,5.75,0
ORD,2019/2/22 14:51,27,19.9,5.75,0
ORD,2019/2/22 15:51,34,25,5.75,0
ORD,2019/2/22 16:51,38,26.1,6.9,0
ORD,2019/2/22 17:51,39,25,6.9,0
ORD,2019/2/22 18:51,40,24.1,5.75,0
ORD,2019/2/22 19:51,41,24.1,6.9,0
ORD,2019/2/22 20:51,41,24.1,10.35,0
ORD,2019/2/22 21:51,38,24.1,9.2,0
ORD,2019/2/22 22:51,36,24.1,8.05,0
ORD,2019/2/22 23:51,33,24.1,11.5,0
ORD,2019/2/23 0:51,32,25,11.5,0
ORD,2019/2/23 1:51,33,26.1,12.65,0
ORD,2019/2/23 2:51,32,26.1,8.05,0
ORD,2019/2/23 3:51,34,27,10.35,0
ORD,2019/2/23 4:51,36,28,8.05,0
ORD,2019/2/23 5:51,37,27,10.35,0
ORD,2019/2/23 6:51,36,27,9.2,0
ORD,2019/2/23 7:51,36,27,9.2,0
ORD,2019/2/23 8:51,36,27,11.5,0
ORD,2019/2/23 9:51,36,27,12.65,0
ORD,2019/2/23 10:51,36,27,12.65,0
ORD,2019/2/23 11:51,36,27,12.65,0
ORD,2019/2/23 12:51,36,28,11.5,0
ORD,2019/2/23 13:51,37,28,12.65,T
ORD,2019/2/23 14:51,38,28.9,5.75,T
ORD,2019/2/23 15:16,38,30,0,T
ORD,2019/2/23 15:51,36,30.9,5.75,T
ORD,2019/2/23 16:03,36,32,5.75,0.76
ORD,2019/2/23 16:16,35,32,10.35,1.27
ORD,2019/2/23 16:48,33.8,32,12.65,2.03
ORD,2019/2/23 16:51,34,32,12.65,2.03
ORD,2019/2/23 17:05,34,32,16.1,0.25
ORD,2019/2/23 17:34,34,32,12.65,1.52
ORD,2019/2/23 17:51,34,32,14.95,2.03
ORD,2019/2/23 18:19,35,32,13.8,0.51
ORD,2019/2/23 18:51,36,33,11.5,0.51
ORD,2019/2/23 19:19,36,33,13.8,0.51
ORD,2019/2/23 19:51,37,34,8.05,0.51
ORD,2019/2/23 20:51,38,34,9.2,T
ORD,2019/2/23 21:22,38,34,9.2,T
ORD,2019/2/23 21:51,38,35,9.2,T
ORD,2019/2/23 22:51,38,35,6.9,0.25
ORD,2019/2/23 23:51,38,35,4.6,1.02
ORD,2019/2/24 0:02,39,36,5.75,0.25
ORD,2019/2/24 0:51,41,37,8.05,1.52
ORD,2019/2/24 1:51,44,40,11.5,T
ORD,2019/2/24 1:57,43,39,10.35,T
ORD,2019/2/24 2:03,42,39,10.35,T
ORD,2019/2/24 2:33,43,40,9.2,3.05
ORD,2019/2/24 2:39,43,40,10.35,3.3
ORD,2019/2/24 2:49,42.8,41,8.05,3.3
ORD,2019/2/24 2:51,43,41,9.2,3.3
ORD,2019/2/24 3:15,42,39,8.05,T
ORD,2019/2/24 3:18,42,39,8.05,T
ORD,2019/2/24 3:27,42,40,6.9,T
ORD,2019/2/24 3:33,43,40,6.9,T
ORD,2019/2/24 3:51,46,42,10.35,0.25
ORD,2019/2/24 3:59,48,43,11.5,0.51
ORD,2019/2/24 4:09,49,44,13.8,0.51
ORD,2019/2/24 4:26,50,44,12.65,1.27
ORD,2019/2/24 4:43,51,46,11.5,4.06
ORD,2019/2/24 4:51,52,47,13.8,4.83
ORD,2019/2/24 4:53,52,47,19.55,0.51
ORD,2019/2/24 5:02,53,47,17.25,2.54
ORD,2019/2/24 5:05,52,46,13.8,2.54
ORD,2019/2/24 5:08,52,46,18.4,2.54
ORD,2019/2/24 5:51,50,44,10.35,2.79
ORD,2019/2/24 6:51,49,43,6.9,0
ORD,2019/2/24 7:51,50,44,9.2,T
ORD,2019/2/24 8:51,50,42,16.1,0.51
ORD,2019/2/24 9:18,49,41,14.95,T
ORD,2019/2/24 9:51,48,40,19.55,T
ORD,2019/2/24 10:20,46,39,24.15,T
ORD,2019/2/24 10:31,43,36,27.6,T
ORD,2019/2/24 10:51,38,33,29.9,T
ORD,2019/2/24 11:22,36,30.9,32.2,T
ORD,2019/2/24 11:51,36,30.9,25.3,T
ORD,2019/2/24 12:35,36,28,28.75,0
ORD,2019/2/24 12:51,36,28,28.75,0
ORD,2019/2/24 13:51,35,27,23,0
ORD,2019/2/24 14:27,35,26.1,27.6,0
ORD,2019/2/24 14:39,32,26.1,27.6,0
ORD,2019/2/24 14:51,30.9,25,26.45,0
ORD,2019/2/24 15:51,28.9,21.9,32.2,T
ORD,2019/2/24 16:51,26.1,19,26.45,0
ORD,2019/2/24 17:51,25,18,28.75,0
ORD,2019/2/24 18:42,27,18,33.35,0
ORD,2019/2/24 18:51,28,18,29.9,0
ORD,2019/2/24 19:51,27,17.1,31.05,0
ORD,2019/2/24 20:51,26.1,15.1,29.9,0
ORD,2019/2/24 21:14,25,15.1,28.75,0
ORD,2019/2/24 21:51,25,14,33.35,0
ORD,2019/2/24 22:51,24.1,12.9,25.3,0
ORD,2019/2/24 23:51,21,12,26.45,0
ORD,2019/2/25 0:51,19,10,31.05,0
ORD,2019/2/25 1:51,17.1,9,20.7,0
ORD,2019/2/25 2:51,15.1,7,20.7,0
ORD,2019/2/25 3:51,14,5,21.85,0
ORD,2019/2/25 4:51,12,3,20.7,0
ORD,2019/2/25 5:51,10,1,21.85,0
ORD,2019/2/25 6:51,9,0,17.25,0
ORD,2019/2/25 7:51,9,-0.9,19.55,0
ORD,2019/2/25 8:51,7,-2,23,0
ORD,2019/2/25 9:51,7,-3,18.4,0
ORD,2019/2/25 10:51,6,-3,10.35,0
ORD,2019/2/25 11:51,6,-4,11.5,0
ORD,2019/2/25 12:51,6,-4,17.25,0
ORD,2019/2/25 13:51,7,-3,10.35,0
ORD,2019/2/25 14:51,9,-5,11.5,0
ORD,2019/2/25 15:51,10,-3,10.35,0
ORD,2019/2/25 16:51,10.9,-3,10.35,0
ORD,2019/2/25 17:51,12.9,-2,9.2,0
ORD,2019/2/25 18:51,16,-2,10.35,0
ORD,2019/2/25 19:51,17.1,0,9.2,0
ORD,2019/2/25 20:51,18,-0.9,6.9,0
ORD,2019/2/25 21:51,18,0,3.45,0
ORD,2019/2/25 22:51,18,0,4.6,0
ORD,2019/2/25 23:51,18,1,5.75,0
ORD,2019/2/26 0:51,17.1,1,5.75,0
ORD,2019/2/26 1:51,17.1,1.9,5.75,0
ORD,2019/2/26 2:51,17.1,3,8.05,0
ORD,2019/2/26 3:51,16,4,6.9,0
ORD,2019/2/26 4:51,16,3,5.75,0
ORD,2019/2/26 5:51,15.1,3,8.05,0
ORD,2019/2/26 6:51,14,6,10.35,0
ORD,2019/2/26 7:51,14,5,11.5,0
ORD,2019/2/26 8:51,14,3,9.2,0
ORD,2019/2/26 9:51,14,5,9.2,0
ORD,2019/2/26 10:51,12.9,6,11.5,0
ORD,2019/2/26 11:51,12.9,8.1,13.8,0
ORD,2019/2/26 12:51,12.9,8.1,13.8,0
ORD,2019/2/26 13:39,12.9,8.1,12.65,T
ORD,2019/2/26 13:51,12.9,8.1,12.65,T
ORD,2019/2/26 14:51,14,10,11.5,T
ORD,2019/2/26 15:31,17.1,12,10.35,T
ORD,2019/2/26 15:51,18,12.9,12.65,T
ORD,2019/2/26 16:24,19,15.1,10.35,T
ORD,2019/2/26 16:51,21.9,16,14.95,T
ORD,2019/2/26 17:28,21.9,17.1,13.8,T
ORD,2019/2/26 17:51,21.9,18,13.8,T
ORD,2019/2/26 18:17,21.9,16,12.65,T
ORD,2019/2/26 18:51,21.9,15.1,12.65,T
ORD,2019/2/26 19:51,21.9,14,13.8,T
ORD,2019/2/26 20:51,21.9,14,13.8,T
ORD,2019/2/26 21:51,21.9,12.9,13.8,T
ORD,2019/2/26 22:19,21,14,11.5,T
ORD,2019/2/26 22:23,21,14,13.8,T
ORD,2019/2/26 22:36,21,14,13.8,T
ORD,2019/2/26 22:43,21,14,13.8,T
ORD,2019/2/26 22:51,21,15.1,12.65,T
ORD,2019/2/26 23:51,21,16,12.65,T
ORD,2019/2/27 0:51,21,16,13.8,T
ORD,2019/2/27 1:23,21.9,16,11.5,T
ORD,2019/2/27 1:51,21.9,16,10.35,T
ORD,2019/2/27 2:51,21.9,15.1,14.95,0
ORD,2019/2/27 2:59,21.9,15.1,13.8,0
ORD,2019/2/27 3:51,23,14,12.65,0
ORD,2019/2/27 4:51,23,14,13.8,0
ORD,2019/2/27 5:51,23,15.1,9.2,0
ORD,2019/2/27 6:51,23,15.1,9.2,0
ORD,2019/2/27 7:51,23,16,8.05,T
ORD,2019/2/27 8:51,24.1,17.1,8.05,T
ORD,2019/2/27 9:51,24.1,18,6.9,0
ORD,2019/2/27 10:51,24.1,18,6.9,0
ORD,2019/2/27 11:51,24.1,18,4.6,0
ORD,2019/2/27 12:51,25,19,0,0
ORD,2019/2/27 13:16,25,19,0,0
ORD,2019/2/27 13:51,25,19,3.45,0
ORD,2019/2/27 14:01,25,19.9,0,T
ORD,2019/2/27 14:43,26.1,21.9,4.6,0.25
ORD,2019/2/27 14:51,28.9,21,4.6,0.25
ORD,2019/2/27 15:51,27,21,9.2,0
ORD,2019/2/27 16:48,26.6,21.2,12.65,0
ORD,2019/2/27 16:51,27,21,13.8,0
ORD,2019/2/27 17:51,27,21,16.1,0
ORD,2019/2/27 18:02,26.1,19.9,17.25,0
ORD,2019/2/27 18:44,27,19,9.2,0
ORD,2019/2/27 18:51,27,19,9.2,0
ORD,2019/2/27 19:51,28.9,19,10.35,0
ORD,2019/2/27 20:24,28,18,11.5,0
ORD,2019/2/27 20:51,28.9,17.1,12.65,0
ORD,2019/2/27 21:51,26.1,16,16.1,0
ORD,2019/2/27 22:51,25,15.1,13.8,0
ORD,2019/2/27 23:51,23,12.9,14.95,0
ORD,2019/2/28 0:19,21.9,10.9,14.95,0
ORD,2019/2/28 0:51,21,10,16.1,0
ORD,2019/2/28 1:51,19,10,11.5,0
ORD,2019/2/28 2:51,17.1,8.1,12.65,0
ORD,2019/2/28 3:51,16,7,11.5,0
ORD,2019/2/28 4:51,15.1,7,9.2,0
ORD,2019/2/28 5:51,15.1,6,10.35,0
ORD,2019/2/28 6:51,14,6,8.05,0
ORD,2019/2/28 7:51,12.9,5,8.05,0
ORD,2019/2/28 8:51,12,4,10.35,0
ORD,2019/2/28 9:51,12,4,5.75,0
ORD,2019/2/28 10:51,10.9,3,10.35,0
ORD,2019/2/28 11:51,10.9,4,5.75,0
ORD,2019/2/28 12:51,12,4,4.6,0
ORD,2019/2/28 13:51,14,5,4.6,0
ORD,2019/2/28 14:51,16,6,3.45,0
ORD,2019/2/28 15:51,19.9,9,0,0
ORD,2019/2/28 16:51,21,10,0,0
ORD,2019/2/28 17:51,21.9,12,0,0
ORD,2019/2/28 18:51,24.1,12.9,5.75,0
ORD,2019/2/28 19:51,25,12.9,3.45,0
ORD,2019/2/28 20:51,26.1,12.9,0,0
ORD,2019/2/28 21:51,26.1,12,0,0
ORD,2019/2/28 22:51,27,10.9,0,0
ORD,2019/2/28 23:51,26.1,10.9,3.45,0
ORD,2019/3/1 0:51,25,15.1,5.75,0
ORD,2019/3/1 1:51,23,15.1,5.75,0
ORD,2019/3/1 2:51,24.1,15.1,6.9,0
ORD,2019/3/1 3:51,21.9,15.1,4.6,0
ORD,2019/3/1 4:51,23,16,4.6,0
ORD,2019/3/1 5:51,23,14,4.6,0
ORD,2019/3/1 6:51,23,12.9,4.6,0
ORD,2019/3/1 7:51,23,12,3.45,0
ORD,2019/3/1 8:51,24.1,12.9,6.9,0
ORD,2019/3/1 9:51,24.1,12,5.75,0
ORD,2019/3/1 10:51,24.1,12,3.45,0
ORD,2019/3/1 11:51,24.1,12.9,3.45,0
ORD,2019/3/1 12:51,24.1,14,3.45,0
ORD,2019/3/1 13:51,26.1,15.1,4.6,0
ORD,2019/3/1 14:51,28,17.1,5.75,0
ORD,2019/3/1 15:51,28.9,18,5.75,0
ORD,2019/3/1 16:51,32,19,5.75,0
ORD,2019/3/1 17:51,33,19,3.45,0
ORD,2019/3/1 18:51,33,19.9,5.75,0
ORD,2019/3/1 19:51,33,21,10.35,0
ORD,2019/3/1 20:51,32,21,10.35,0
ORD,2019/3/1 21:51,33,21,5.75,0
ORD,2019/3/1 22:51,32,21,5.75,0
ORD,2019/3/1 23:51,30,19.9,6.9,0
ORD,2019/3/2 0:51,28.9,21,8.05,0
ORD,2019/3/2 1:51,28.9,21,5.75,0
ORD,2019/3/2 2:51,30,21,5.75,0
ORD,2019/3/2 3:51,28.9,19.9,4.6,0
ORD,2019/3/2 4:51,28.9,19.9,5.75,T
ORD,2019/3/2 5:51,28.9,21,5.75,T
ORD,2019/3/2 6:51,28.9,21.9,4.6,T
ORD,2019/3/2 7:51,28,24.1,5.75,T
ORD,2019/3/2 8:51,28,24.1,5.75,T
ORD,2019/3/2 9:51,28,25,4.6,T
ORD,2019/3/2 10:11,28,25,8.05,T
ORD,2019/3/2 10:51,27,25,8.05,T
ORD,2019/3/2 11:14,27,25,6.9,T
ORD,2019/3/2 11:51,27,25,5.75,T
ORD,2019/3/2 12:42,27,25,5.75,T
ORD,2019/3/2 12:51,27,25,5.75,T
ORD,2019/3/2 13:17,27,25,9.2,T
ORD,2019/3/2 13:51,27,24.1,13.8,T
ORD,2019/3/2 14:41,28.9,23,11.5,T
ORD,2019/3/2 14:51,28,21.9,11.5,T
ORD,2019/3/2 15:51,28,21,11.5,0
ORD,2019/3/2 16:51,30,19.9,10.35,0
ORD,2019/3/2 17:51,30,19.9,8.05,0
ORD,2019/3/2 18:26,30.9,19,10.35,0
ORD,2019/3/2 18:51,32,19,9.2,0
ORD,2019/3/2 19:22,32,18,9.2,0
ORD,2019/3/2 19:51,32,16,10.35,0
ORD,2019/3/2 20:51,32,17.1,9.2,0
ORD,2019/3/2 21:51,30,19.9,12.65,0
ORD,2019/3/2 22:51,28.9,19.9,10.35,0
ORD,2019/3/2 23:51,28,21,8.05,0
ORD,2019/3/3 0:02,28,21,6.9,0
ORD,2019/3/3 0:51,28,19,9.2,0
ORD,2019/3/3 1:51,28,18,10.35,0
ORD,2019/3/3 2:51,27,19.9,5.75,0
ORD,2019/3/3 3:51,27,19,4.6,0
ORD,2019/3/3 4:51,27,19.9,9.2,0
ORD,2019/3/3 5:47,24.8,17.6,11.5,0
ORD,2019/3/3 5:51,25,18,11.5,0
ORD,2019/3/3 6:51,24.1,17.1,11.5,0
ORD,2019/3/3 7:51,24.1,16,9.2,0
ORD,2019/3/3 8:41,24.1,16,11.5,0
ORD,2019/3/3 8:51,24.1,16,9.2,0
ORD,2019/3/3 9:51,23,15.1,13.8,0
ORD,2019/3/3 10:51,21,10,12.65,0
ORD,2019/3/3 11:27,19.9,9,17.25,0
ORD,2019/3/3 11:51,19,8.1,17.25,0
ORD,2019/3/3 12:51,18,8.1,12.65,0
ORD,2019/3/3 13:51,18,8.1,11.5,0
ORD,2019/3/3 14:51,18,8.1,11.5,0
ORD,2019/3/3 15:32,18,9,13.8,0
ORD,2019/3/3 15:51,19,9,9.2,0
ORD,2019/3/3 16:51,19,8.1,9.2,0
ORD,2019/3/3 17:37,18,5,11.5,0
ORD,2019/3/3 17:51,18,5,12.65,0
ORD,2019/3/3 18:51,19.9,4,12.65,0
ORD,2019/3/3 19:51,21.9,-0.9,12.65,0
ORD,2019/3/3 20:51,21,-0.9,12.65,0
ORD,2019/3/3 21:51,19,-6,14.95,0
ORD,2019/3/3 22:51,18,-3,10.35,0
ORD,2019/3/3 23:51,16,-3,13.8,0
ORD,2019/3/4 0:51,14,-0.9,9.2,0
ORD,2019/3/4 1:51,12,-2,10.35,0
ORD,2019/3/4 2:51,10,-3,11.5,0
ORD,2019/3/4 3:51,8.1,-4,14.95,0
ORD,2019/3/4 4:51,6,-6,12.65,0
ORD,2019/3/4 5:51,3,-6,12.65,0
ORD,2019/3/4 6:51,1.9,-8,12.65,0
ORD,2019/3/4 7:51,0,-9,12.65,0
ORD,2019/3/4 8:51,-2,-9.9,14.95,0
ORD,2019/3/4 9:51,-2,-11,12.65,0
ORD,2019/3/4 10:51,-3,-11,10.35,0
ORD,2019/3/4 11:51,-3,-11,11.5,0
ORD,2019/3/4 12:51,-3,-11,14.95,0
ORD,2019/3/4 13:51,-2,-11,11.5,0
ORD,2019/3/4 14:51,0,-9.9,14.95,0
ORD,2019/3/4 15:51,1.9,-9.9,17.25,0
ORD,2019/3/4 16:51,5,-8,19.55,0
ORD,2019/3/4 17:51,7,-6,16.1,0
ORD,2019/3/4 18:51,10,-5,14.95,0
ORD,2019/3/4 19:51,10,-4,21.85,0
ORD,2019/3/4 20:51,12,-2,17.25,0
ORD,2019/3/4 21:51,12,-0.9,13.8,0
ORD,2019/3/4 22:51,10.9,-0.9,20.7,0
ORD,2019/3/4 23:51,10,-0.9,13.8,0
ORD,2019/3/5 0:51,9,-2,12.65,0
ORD,2019/3/5 1:51,9,-0.9,11.5,T
ORD,2019/3/5 2:51,8.1,-2,13.8,T
ORD,2019/3/5 3:51,8.1,-2,14.95,0
ORD,2019/3/5 4:51,8.1,-0.9,16.1,0
ORD,2019/3/5 5:28,8.1,-0.9,18.4,T
ORD,2019/3/5 5:51,8.1,-0.9,17.25,T
ORD,2019/3/5 6:51,8.1,-0.9,13.8,0
ORD,2019/3/5 7:51,9,0,13.8,0
ORD,2019/3/5 8:12,9,1,16.1,T
ORD,2019/3/5 8:51,9,1.9,13.8,T
ORD,2019/3/5 9:51,9,1.9,17.25,T
ORD,2019/3/5 10:00,9,1.9,16.1,T
ORD,2019/3/5 10:24,9,3,12.65,T
ORD,2019/3/5 10:51,10,1.9,18.4,T
ORD,2019/3/5 11:26,9,3,12.65,T
ORD,2019/3/5 11:51,9,1.9,16.1,T
ORD,2019/3/5 12:25,9,1.9,14.95,T
ORD,2019/3/5 12:42,9,1.9,13.8,T
ORD,2019/3/5 12:51,9,1.9,13.8,T
ORD,2019/3/5 13:43,10,1.9,12.65,T
ORD,2019/3/5 13:51,10,1.9,14.95,T
ORD,2019/3/5 14:51,10.9,1.9,14.95,0
ORD,2019/3/5 15:29,10.9,1,16.1,0
ORD,2019/3/5 15:51,12.9,1.9,16.1,0
ORD,2019/3/5 16:49,15.8,1.4,16.1,0
ORD,2019/3/5 16:51,15.1,1.9,16.1,0
ORD,2019/3/5 17:51,17.1,1,17.25,0
ORD,2019/3/5 18:51,19,0,18.4,0
ORD,2019/3/5 19:51,19,1.9,19.55,0
ORD,2019/3/5 20:51,19.9,0,16.1,0
ORD,2019/3/5 21:51,19,0,14.95,0
ORD,2019/3/5 22:51,18,1,17.25,0
ORD,2019/3/5 23:51,17.1,3,13.8,0
ORD,2019/3/6 0:51,16,4,17.25,0
ORD,2019/3/6 1:51,14,0,17.25,0
ORD,2019/3/6 2:51,12.9,0,13.8,0
ORD,2019/3/6 3:51,12,1,12.65,0
ORD,2019/3/6 4:51,12,1,13.8,0
ORD,2019/3/6 5:51,10.9,1.9,10.35,0
ORD,2019/3/6 6:51,10.9,1.9,8.05,0
ORD,2019/3/6 7:51,10.9,1.9,9.2,0
ORD,2019/3/6 8:51,10,1.9,6.9,0
ORD,2019/3/6 9:51,10,1.9,9.2,0
ORD,2019/3/6 10:51,9,1.9,5.75,0
ORD,2019/3/6 11:51,9,1.9,6.9,0
ORD,2019/3/6 12:51,9,3,9.2,0
ORD,2019/3/6 13:51,12,4,9.2,0
ORD,2019/3/6 14:51,14,4,11.5,0
ORD,2019/3/6 15:51,18,5,13.8,0
ORD,2019/3/6 16:51,19.9,5,16.1,0
ORD,2019/3/6 17:51,23,6,13.8,0
ORD,2019/3/6 18:51,26.1,7,14.95,0
ORD,2019/3/6 19:51,28,7,17.25,0
ORD,2019/3/6 20:51,28.9,7,19.55,0
ORD,2019/3/6 21:51,28.9,9,16.1,0
ORD,2019/3/6 22:51,28.9,10,9.2,0
ORD,2019/3/6 23:51,28.9,10,16.1,0
ORD,2019/3/7 0:51,28.9,12,12.65,0
ORD,2019/3/7 1:51,28,10.9,14.95,0
ORD,2019/3/7 2:51,26.1,12,10.35,0
ORD,2019/3/7 3:51,25,12.9,13.8,0
ORD,2019/3/7 4:51,23,12,10.35,0
ORD,2019/3/7 5:51,21,10,8.05,0
ORD,2019/3/7 6:51,19.9,9,9.2,0
ORD,2019/3/7 7:51,18,9,11.5,0
ORD,2019/3/7 8:51,18,9,8.05,0
ORD,2019/3/7 9:51,17.1,9,4.6,0
ORD,2019/3/7 10:51,16,9,8.05,0
ORD,2019/3/7 11:51,14,8.1,5.75,0
ORD,2019/3/7 12:51,16,9,8.05,0
ORD,2019/3/7 13:51,18,9,8.05,0
ORD,2019/3/7 14:51,19.9,8.1,8.05,0
ORD,2019/3/7 15:51,23,6,5.75,0
ORD,2019/3/7 16:51,24.1,10,4.6,0
ORD,2019/3/7 17:51,27,12.9,4.6,0
ORD,2019/3/7 18:51,27,14,3.45,0
ORD,2019/3/7 19:51,27,12.9,0,0
ORD,2019/3/7 20:51,27,12.9,4.6,0
ORD,2019/3/7 21:51,27,14,10.35,0
ORD,2019/3/7 22:51,26.1,14,9.2,0
ORD,2019/3/7 23:51,24.1,14,6.9,0
ORD,2019/3/8 0:51,24.1,14,6.9,0
ORD,2019/3/8 1:51,23,14,5.75,0
ORD,2019/3/8 2:51,21.9,14,4.6,0
ORD,2019/3/8 3:51,23,15.1,0,0
ORD,2019/3/8 4:51,21,15.1,4.6,0
ORD,2019/3/8 5:51,21,16,3.45,0
ORD,2019/3/8 6:51,21.9,17.1,3.45,0
ORD,2019/3/8 7:51,24.1,19,3.45,0
ORD,2019/3/8 8:51,25,18,3.45,0
ORD,2019/3/8 9:31,24.1,18,0,0
ORD,2019/3/8 9:51,25,18,3.45,0
ORD,2019/3/8 10:51,26.1,18,3.45,T
ORD,2019/3/8 11:29,25,19.9,5.75,T
ORD,2019/3/8 11:51,25,19.9,3.45,T
ORD,2019/3/8 12:51,26.1,21,4.6,T
ORD,2019/3/8 13:46,26.6,21.2,4.6,T
ORD,2019/3/8 13:51,27,21.9,5.75,T
ORD,2019/3/8 14:47,28.4,24.8,4.6,T
ORD,2019/3/8 14:51,28.9,24.1,4.6,T
ORD,2019/3/8 15:28,30,25,6.9,T
ORD,2019/3/8 15:51,30.9,25,4.6,T
ORD,2019/3/8 16:51,32,26.1,4.6,T
ORD,2019/3/8 17:06,32,26.1,5.75,0
ORD,2019/3/8 17:22,33,27,4.6,0
ORD,2019/3/8 17:51,34,27,5.75,0
ORD,2019/3/8 18:51,38,27,5.75,0
ORD,2019/3/8 19:51,39,27,6.9,0
ORD,2019/3/8 20:51,39,26.1,6.9,0
ORD,2019/3/8 21:51,38,26.1,8.05,0
ORD,2019/3/8 22:51,36,25,8.05,0
ORD,2019/3/8 23:51,35,25,5.75,0
ORD,2019/3/9 0:51,34,26.1,6.9,0
ORD,2019/3/9 1:51,32,25,6.9,0
ORD,2019/3/9 2:51,32,26.1,4.6,0
ORD,2019/3/9 3:51,30.9,26.1,5.75,0
ORD,2019/3/9 4:51,30.9,26.1,8.05,0
ORD,2019/3/9 5:51,28.9,26.1,4.6,0
ORD,2019/3/9 6:51,28,26.1,4.6,0
ORD,2019/3/9 7:51,28,25,3.45,0
ORD,2019/3/9 8:51,27,24.1,3.45,0
ORD,2019/3/9 9:51,28.9,25,5.75,0
ORD,2019/3/9 10:51,28,25,8.05,0
ORD,2019/3/9 11:51,30.9,26.1,9.2,0
ORD,2019/3/9 12:51,32,27,11.5,0
ORD,2019/3/9 13:51,34,28,16.1,0
ORD,2019/3/9 14:51,35,27,23,0
ORD,2019/3/9 15:51,38,27,18.4,0
ORD,2019/3/9 16:51,38,27,20.7,0
ORD,2019/3/9 17:51,40,28,19.55,0
ORD,2019/3/9 18:51,40,28,19.55,0
ORD,2019/3/9 19:11,41,28,21.85,0
ORD,2019/3/9 19:51,40,30,19.55,T
ORD,2019/3/9 20:10,38,32,18.4,0.25
ORD,2019/3/9 20:46,37.4,33.8,16.1,3.3
ORD,2019/3/9 20:51,37,34,16.1,3.81
ORD,2019/3/9 21:26,37,35,16.1,1.27
ORD,2019/3/9 21:51,37,35,23,2.29
ORD,2019/3/9 22:06,37,35,19.55,0.76
ORD,2019/3/9 22:20,37,35,21.85,1.78
ORD,2019/3/9 22:28,37,36,21.85,1.78
ORD,2019/3/9 22:48,37.4,35.6,24.15,2.03
ORD,2019/3/9 22:51,38,36,24.15,2.03
ORD,2019/3/9 23:48,37.4,37.4,10.35,2.79
ORD,2019/3/9 23:51,38,37,9.2,2.79
ORD,2019/3/10 0:01,38,38,8.05,0.51
ORD,2019/3/10 0:13,39,38,5.75,1.02
ORD,2019/3/10 0:22,39,38,6.9,1.27
ORD,2019/3/10 0:51,40,39,11.5,1.27
ORD,2019/3/10 1:36,40,39,9.2,T
ORD,2019/3/10 1:51,40,39,6.9,T
ORD,2019/3/10 2:51,40,40,10.35,0.51
ORD,2019/3/10 3:51,42,41,9.2,1.52
ORD,2019/3/10 4:35,42,41,17.25,T
ORD,2019/3/10 4:51,42,40,20.7,T
ORD,2019/3/10 5:13,41,38,18.4,T
ORD,2019/3/10 5:31,39,37,24.15,T
ORD,2019/3/10 5:51,38,36,21.85,T
ORD,2019/3/10 5:58,38,36,18.4,T
ORD,2019/3/10 6:11,38,36,19.55,T
ORD,2019/3/10 6:15,37,36,26.45,T
ORD,2019/3/10 6:26,37,35,23,T
ORD,2019/3/10 6:42,37,35,23,T
ORD,2019/3/10 6:51,37,34,27.6,T
ORD,2019/3/10 7:51,36,32,26.45,0
ORD,2019/3/10 8:36,36,32,21.85,0
ORD,2019/3/10 8:51,36,32,21.85,0
ORD,2019/3/10 9:51,36,32,21.85,0
ORD,2019/3/10 10:02,36,32,24.15,0
ORD,2019/3/10 10:51,36,32,24.15,0
ORD,2019/3/10 11:25,36,32,20.7,0
ORD,2019/3/10 11:51,36,30.9,21.85,0
ORD,2019/3/10 12:51,36,30.9,18.4,0
ORD,2019/3/10 13:35,36,28.9,14.95,0
ORD,2019/3/10 13:51,35,28.9,20.7,0
ORD,2019/3/10 14:51,34,28,18.4,0
ORD,2019/3/10 15:51,34,27,18.4,0
ORD,2019/3/10 16:51,34,27,26.45,0
ORD,2019/3/10 17:51,34,27,21.85,0
ORD,2019/3/10 18:51,34,27,21.85,0
ORD,2019/3/10 19:51,33,27,20.7,0
ORD,2019/3/10 20:51,35,27,25.3,0
ORD,2019/3/10 21:51,36,28,20.7,0
ORD,2019/3/10 22:02,36,27,19.55,0
ORD,2019/3/10 22:51,36,27,17.25,0
ORD,2019/3/10 23:51,34,25,17.25,0
ORD,2019/3/11 0:51,32,21.9,20.7,0
ORD,2019/3/11 1:51,30.9,21.9,13.8,0
ORD,2019/3/11 2:51,30.9,21,12.65,0
ORD,2019/3/11 3:51,30,19.9,11.5,0
ORD,2019/3/11 4:51,30,19,12.65,0
ORD,2019/3/11 5:51,28.9,19,10.35,0
ORD,2019/3/11 6:51,28,19,9.2,0
ORD,2019/3/11 7:51,28,19,9.2,0
ORD,2019/3/11 8:51,27,19,10.35,0
ORD,2019/3/11 9:51,27,18,5.75,0
ORD,2019/3/11 10:51,27,17.1,8.05,0
ORD,2019/3/11 11:51,27,17.1,9.2,0
ORD,2019/3/11 12:51,28,17.1,6.9,0
ORD,2019/3/11 13:51,28.9,16,11.5,0
ORD,2019/3/11 14:51,30,16,6.9,0
ORD,2019/3/11 15:51,30.9,15.1,8.05,0
ORD,2019/3/11 16:51,34,17.1,11.5,0
ORD,2019/3/11 17:51,38,18,16.1,0
ORD,2019/3/11 18:51,39,19.9,12.65,0
ORD,2019/3/11 19:51,39,21,11.5,0
ORD,2019/3/11 20:51,40,21,13.8,0
ORD,2019/3/11 21:51,40,21,16.1,0
ORD,2019/3/11 22:51,39,21,11.5,0
ORD,2019/3/11 23:51,37,21,11.5,0
ORD,2019/3/12 0:51,34,21,10.35,0
ORD,2019/3/12 1:51,33,21.9,8.05,0
ORD,2019/3/12 2:51,32,21.9,6.9,0
ORD,2019/3/12 3:51,30.9,21.9,4.6,0
ORD,2019/3/12 4:51,30.9,23,5.75,0
ORD,2019/3/12 5:51,30,23,3.45,0
ORD,2019/3/12 6:51,28.9,23,5.75,0
ORD,2019/3/12 7:51,28,21.9,0,0
ORD,2019/3/12 8:51,26.1,21,0,0
ORD,2019/3/12 9:51,26.1,21.9,0,0
ORD,2019/3/12 10:51,25,21,3.45,0
ORD,2019/3/12 11:51,25,21,3.45,0
ORD,2019/3/12 12:51,27,23,3.45,0
ORD,2019/3/12 13:51,30.9,25,5.75,0
ORD,2019/3/12 14:51,36,25,3.45,0
ORD,2019/3/12 15:51,40,25,6.9,0
ORD,2019/3/12 16:51,44,26.1,13.8,0
ORD,2019/3/12 17:51,46,25,13.8,0
ORD,2019/3/12 18:51,47,27,11.5,0
ORD,2019/3/12 19:51,48,26.1,14.95,0
ORD,2019/3/12 20:51,48,26.1,12.65,0
ORD,2019/3/12 21:51,46,26.1,11.5,0
ORD,2019/3/12 22:51,44,26.1,14.95,0
ORD,2019/3/12 23:51,43,28,13.8,0
ORD,2019/3/13 0:51,43,30,12.65,0
ORD,2019/3/13 1:51,43,28.9,11.5,0
ORD,2019/3/13 2:51,43,28,10.35,0
ORD,2019/3/13 3:51,43,28,17.25,0
ORD,2019/3/13 4:51,43,28,16.1,0
ORD,2019/3/13 5:51,44,27,13.8,0
ORD,2019/3/13 6:51,43,30,17.25,T
ORD,2019/3/13 7:51,42,32,18.4,0.25
ORD,2019/3/13 8:25,41,34,19.55,1.27
ORD,2019/3/13 8:51,40,35,17.25,1.52
ORD,2019/3/13 9:51,40,37,12.65,1.52
ORD,2019/3/13 10:16,40,37,14.95,0.76
ORD,2019/3/13 10:51,40,38,10.35,2.29
ORD,2019/3/13 11:51,40,38,13.8,2.54
ORD,2019/3/13 12:08,40,38,13.8,T
ORD,2019/3/13 12:24,40,38,11.5,0.25
ORD,2019/3/13 12:51,40,39,8.05,0.25
ORD,2019/3/13 13:12,40,39,8.05,0
ORD,2019/3/13 13:32,40,39,9.2,0
ORD,2019/3/13 13:51,41,39,6.9,0
ORD,2019/3/13 14:46,42.8,39.2,8.05,0
ORD,2019/3/13 14:51,43,40,8.05,0
ORD,2019/3/13 15:48,44.6,39.2,9.2,0
ORD,2019/3/13 15:51,45,41,10.35,0
ORD,2019/3/13 16:51,47,42,11.5,0
ORD,2019/3/13 17:21,46,43,8.05,0.51
ORD,2019/3/13 17:51,47,45,9.2,0.76
ORD,2019/3/13 18:51,49,46,9.2,0
ORD,2019/3/13 19:51,52,46,10.35,0
ORD,2019/3/13 20:51,55,46,11.5,0
ORD,2019/3/13 21:51,56,47,6.9,0
ORD,2019/3/13 22:51,57,48,9.2,0
ORD,2019/3/13 23:51,58,48,10.35,0
ORD,2019/3/14 0:51,58,47,10.35,0
ORD,2019/3/14 1:51,57,47,9.2,0
ORD,2019/3/14 2:51,56,47,11.5,T
ORD,2019/3/14 3:51,54,48,12.65,2.03
ORD,2019/3/14 4:51,53,48,20.7,1.02
ORD,2019/3/14 5:51,52,49,20.7,1.52
ORD,2019/3/14 6:51,53,48,19.55,0
ORD,2019/3/14 7:51,55,48,17.25,T
ORD,2019/3/14 8:28,54,50,12.65,0.51
ORD,2019/3/14 8:40,54,50,10.35,1.02
ORD,2019/3/14 8:51,55,50,12.65,1.02
ORD,2019/3/14 9:51,55,52,17.25,0
ORD,2019/3/14 10:51,55,52,17.25,0
ORD,2019/3/14 11:51,57,54,19.55,0
ORD,2019/3/14 12:37,57,53,17.25,0
ORD,2019/3/14 12:49,57.2,53.6,16.1,0
ORD,2019/3/14 12:51,57,53,18.4,0
ORD,2019/3/14 13:11,57,53,18.4,0
ORD,2019/3/14 13:51,57,52,20.7,T
ORD,2019/3/14 14:51,55,51,14.95,T
ORD,2019/3/14 15:51,55,50,21.85,0.76
ORD,2019/3/14 16:19,54,51,13.8,0.76
ORD,2019/3/14 16:51,54,50,14.95,1.02
ORD,2019/3/14 17:10,55,51,13.8,1.02
ORD,2019/3/14 17:34,57,54,16.1,1.27
ORD,2019/3/14 17:46,57.2,53.6,13.8,1.52
ORD,2019/3/14 17:51,58,55,13.8,1.52
ORD,2019/3/14 18:06,60,54,14.95,T
ORD,2019/3/14 18:36,61,56,14.95,T
ORD,2019/3/14 18:41,61,56,16.1,0.25
ORD,2019/3/14 18:51,59,55,18.4,2.29
ORD,2019/3/14 18:54,59,56,16.1,2.79
ORD,2019/3/14 19:15,58,54,18.4,3.05
ORD,2019/3/14 19:51,62,46,27.6,3.56
ORD,2019/3/14 19:57,62,45,24.15,0
ORD,2019/3/14 20:51,55,42,27.6,0
ORD,2019/3/14 21:51,49,36,21.85,0
ORD,2019/3/14 22:51,47,35,34.5,0
ORD,2019/3/14 23:51,44,35,26.45,0
ORD,2019/3/15 0:18,43,35,24.15,T
ORD,2019/3/15 0:46,41,35.6,19.55,T
ORD,2019/3/15 0:51,41,36,20.7,T
ORD,2019/3/15 1:51,41,35,24.15,0
ORD,2019/3/15 2:51,40,35,19.55,T
ORD,2019/3/15 3:51,40,35,20.7,T
ORD,2019/3/15 4:18,40,35,23,T
ORD,2019/3/15 4:51,40,35,19.55,T
ORD,2019/3/15 5:51,39,35,20.7,T
ORD,2019/3/15 6:51,39,34,17.25,T
ORD,2019/3/15 7:51,38,34,18.4,T
ORD,2019/3/15 8:27,37,35,12.65,T
ORD,2019/3/15 8:51,37,35,16.1,T
ORD,2019/3/15 9:09,37,35,17.25,T
ORD,2019/3/15 9:51,37,35,14.95,T
ORD,2019/3/15 10:13,37,35,14.95,T
ORD,2019/3/15 10:51,37,35,12.65,T
ORD,2019/3/15 11:21,37,35,13.8,T
ORD,2019/3/15 11:51,37,34,12.65,T
ORD,2019/3/15 12:51,36,33,13.8,T
ORD,2019/3/15 13:24,36,33,18.4,T
ORD,2019/3/15 13:51,36,33,13.8,T
ORD,2019/3/15 14:51,36,33,12.65,T
ORD,2019/3/15 15:51,36,32,11.5,T
ORD,2019/3/15 16:51,36,30.9,13.8,T
ORD,2019/3/15 17:51,35,32,14.95,T
ORD,2019/3/15 18:29,36,32,13.8,T
ORD,2019/3/15 18:51,35,32,12.65,T
ORD,2019/3/15 19:45,37.4,28.4,16.1,T
ORD,2019/3/15 19:51,37,28,19.55,T
ORD,2019/3/15 20:43,37,28.9,13.8,0
ORD,2019/3/15 20:51,37,28,17.25,0
ORD,2019/3/15 21:51,38,28,14.95,0
ORD,2019/3/15 22:51,39,26.1,16.1,0
ORD,2019/3/15 23:51,39,25,13.8,0
ORD,2019/3/16 0:51,38,23,17.25,0
ORD,2019/3/16 1:51,37,24.1,17.25,0
ORD,2019/3/16 2:51,35,23,18.4,0
ORD,2019/3/16 3:51,34,23,16.1,0
ORD,2019/3/16 4:51,33,21.9,10.35,0
ORD,2019/3/16 5:51,32,21,12.65,0
ORD,2019/3/16 6:51,30.9,21,11.5,0
ORD,2019/3/16 7:51,30,21,12.65,0
ORD,2019/3/16 8:51,30,21,9.2,0
ORD,2019/3/16 9:51,28.9,21,8.05,0
ORD,2019/3/16 10:51,28.9,21,9.2,0
ORD,2019/3/16 11:51,28,21,9.2,0
ORD,2019/3/16 12:51,28.9,21.9,8.05,0
ORD,2019/3/16 13:51,30.9,21.9,10.35,0
ORD,2019/3/16 14:51,33,21.9,11.5,0
ORD,2019/3/16 15:51,36,21,11.5,0
ORD,2019/3/16 16:51,36,19,8.05,0
ORD,2019/3/16 17:51,38,21,11.5,0
ORD,2019/3/16 18:51,39,21,11.5,0
ORD,2019/3/16 19:51,39,19.9,10.35,0
ORD,2019/3/16 20:51,39,19,10.35,0
ORD,2019/3/16 21:51,41,19.9,11.5,0
ORD,2019/3/16 22:51,39,19,10.35,0
ORD,2019/3/16 23:51,38,18,8.05,0
ORD,2019/3/17 0:51,37,19,3.45,0
ORD,2019/3/17 1:51,34,19.9,3.45,0
ORD,2019/3/17 2:51,33,21,0,0
ORD,2019/3/17 3:51,30.9,23,4.6,0
ORD,2019/3/17 4:51,28.9,21.9,4.6,0
ORD,2019/3/17 5:51,28.9,24.1,4.6,0
ORD,2019/3/17 6:51,30,24.1,4.6,0
ORD,2019/3/17 7:51,28.9,24.1,0,0
ORD,2019/3/17 8:51,30,25,0,0
ORD,2019/3/17 9:51,30,25,0,0
ORD,2019/3/17 10:51,30,24.1,0,0
ORD,2019/3/17 11:51,30,24.1,5.75,0
ORD,2019/3/17 12:51,30.9,25,6.9,0
ORD,2019/3/17 13:51,32,25,5.75,0
ORD,2019/3/17 14:51,35,25,8.05,0
ORD,2019/3/17 15:51,38,21,12.65,0
ORD,2019/3/17 16:51,41,21.9,11.5,0
ORD,2019/3/17 17:51,41,19.9,11.5,0
ORD,2019/3/17 18:51,42,19,12.65,0
ORD,2019/3/17 19:51,42,19,12.65,0
ORD,2019/3/17 20:51,42,19.9,11.5,0
ORD,2019/3/17 21:51,41,18,12.65,0
ORD,2019/3/17 22:51,41,18,13.8,0
ORD,2019/3/17 23:51,39,19,13.8,0
ORD,2019/3/18 0:51,38,19.9,6.9,0
ORD,2019/3/18 1:51,37,21,6.9,0
ORD,2019/3/18 2:51,36,21,5.75,0
ORD,2019/3/18 3:51,37,21,4.6,0
ORD,2019/3/18 4:51,35,21.9,6.9,0
ORD,2019/3/18 5:51,33,25,6.9,0
ORD,2019/3/18 6:51,30.9,25,6.9,0
ORD,2019/3/18 7:51,30,25,6.9,0
ORD,2019/3/18 8:51,28.9,24.1,4.6,0
ORD,2019/3/18 9:51,28.9,24.1,4.6,0
ORD,2019/3/18 10:51,28,24.1,6.9,0
ORD,2019/3/18 11:51,28,24.1,4.6,0
ORD,2019/3/18 12:51,28.9,25,4.6,0
ORD,2019/3/18 13:51,30.9,25,6.9,0
ORD,2019/3/18 14:51,35,25,5.75,0
ORD,2019/3/18 15:51,38,26.1,8.05,0
ORD,2019/3/18 16:51,39,26.1,9.2,0
ORD,2019/3/18 17:51,40,24.1,11.5,0
ORD,2019/3/18 18:51,42,26.1,13.8,0
ORD,2019/3/18 19:51,42,24.1,12.65,0
ORD,2019/3/18 20:51,41,23,11.5,0
ORD,2019/3/18 21:51,41,26.1,11.5,0
ORD,2019/3/18 22:51,41,24.1,9.2,0
ORD,2019/3/18 23:51,40,21.9,9.2,0
ORD,2019/3/19 0:51,38,23,4.6,0
ORD,2019/3/19 1:51,37,24.1,4.6,0
ORD,2019/3/19 2:51,35,24.1,5.75,0
ORD,2019/3/19 3:51,35,25,6.9,0
ORD,2019/3/19 4:51,34,25,5.75,0
ORD,2019/3/19 5:51,34,25,8.05,0
ORD,2019/3/19 6:51,33,25,5.75,0
ORD,2019/3/19 7:51,33,25,5.75,0
ORD,2019/3/19 8:51,32,25,6.9,0
ORD,2019/3/19 9:51,30.9,25,4.6,0
ORD,2019/3/19 10:51,30.9,25,5.75,0
ORD,2019/3/19 11:51,30,25,5.75,0
ORD,2019/3/19 12:51,32,26.1,5.75,0
ORD,2019/3/19 13:51,36,27,6.9,0
ORD,2019/3/19 14:51,41,26.1,10.35,0
ORD,2019/3/19 15:51,43,24.1,9.2,0
ORD,2019/3/19 16:51,45,21,8.05,0
ORD,2019/3/19 17:51,47,19.9,12.65,0
ORD,2019/3/19 18:51,48,21,10.35,0
ORD,2019/3/19 19:51,48,21.9,null,0
ORD,2019/3/19 20:51,49,23,11.5,0
ORD,2019/3/19 21:51,49,24.1,13.8,0
ORD,2019/3/19 22:51,48,24.1,12.65,0
ORD,2019/3/19 23:51,46,25,10.35,0
ORD,2019/3/20 0:51,45,26.1,4.6,0
ORD,2019/3/20 1:51,43,27,6.9,0
ORD,2019/3/20 2:51,42,27,5.75,0
ORD,2019/3/20 3:51,42,28,5.75,0
ORD,2019/3/20 4:51,42,28,6.9,0
ORD,2019/3/20 5:51,42,28,5.75,0
ORD,2019/3/20 6:51,41,28,6.9,0
ORD,2019/3/20 7:51,42,30,6.9,0
ORD,2019/3/20 8:51,42,30,9.2,0
ORD,2019/3/20 9:51,42,30,11.5,0
ORD,2019/3/20 10:51,41,35,5.75,T
ORD,2019/3/20 11:32,41,36,6.9,T
ORD,2019/3/20 11:51,40,36,6.9,0.25
ORD,2019/3/20 12:51,40,36,11.5,0.51
ORD,2019/3/20 13:51,39,36,13.8,0.25
ORD,2019/3/20 14:51,40,37,9.2,0.76
ORD,2019/3/20 15:13,40,38,11.5,T
ORD,2019/3/20 15:32,40,37,9.2,T
ORD,2019/3/20 15:51,40,37,10.35,T
ORD,2019/3/20 16:12,40,37,11.5,0
ORD,2019/3/20 16:51,40,37,10.35,0
ORD,2019/3/20 17:51,40,38,9.2,0.25
ORD,2019/3/20 18:34,41,39,9.2,T
ORD,2019/3/20 18:51,41,39,9.2,T
ORD,2019/3/20 19:36,41,39,8.05,0
ORD,2019/3/20 19:51,42,39,5.75,0
ORD,2019/3/20 20:51,42,39,9.2,0
ORD,2019/3/20 21:16,43,40,5.75,0
ORD,2019/3/20 21:51,43,40,6.9,0
ORD,2019/3/20 22:39,44,40,5.75,0
ORD,2019/3/20 22:51,44,40,4.6,0
ORD,2019/3/20 23:19,44,40,4.6,0
ORD,2019/3/20 23:34,44,40,4.6,0
ORD,2019/3/20 23:51,44,40,5.75,0
ORD,2019/3/21 0:51,43,40,5.75,0
ORD,2019/3/21 1:51,43,38,10.35,T
ORD,2019/3/21 2:51,42,38,8.05,1.52
ORD,2019/3/21 3:51,40,35,6.9,0
ORD,2019/3/21 4:11,40,35,8.05,0
ORD,2019/3/21 4:35,39,34,8.05,T
ORD,2019/3/21 4:51,39,33,11.5,T
ORD,2019/3/21 5:51,38,33,9.2,0
ORD,2019/3/21 6:42,37,33,9.2,0
ORD,2019/3/21 6:51,37,33,12.65,0
ORD,2019/3/21 7:51,37,33,11.5,0
ORD,2019/3/21 8:51,37,33,8.05,0
ORD,2019/3/21 9:51,37,33,13.8,0
ORD,2019/3/21 10:48,37.4,33.8,11.5,T
ORD,2019/3/21 10:51,37,34,13.8,T
ORD,2019/3/21 11:48,35.6,35.6,12.65,T
ORD,2019/3/21 11:51,36,35,16.1,T
ORD,2019/3/21 12:51,36,35,11.5,T
ORD,2019/3/21 13:51,37,35,11.5,0
ORD,2019/3/21 14:08,37,35,12.65,0
ORD,2019/3/21 14:51,37,35,14.95,0
ORD,2019/3/21 15:51,38,35,12.65,0
ORD,2019/3/21 16:19,39,35,8.05,0
ORD,2019/3/21 16:51,40,36,10.35,0
ORD,2019/3/21 17:27,40,35,11.5,0
ORD,2019/3/21 17:51,40,35,10.35,0
ORD,2019/3/21 18:51,41,34,9.2,0
ORD,2019/3/21 19:51,42,34,11.5,0
ORD,2019/3/21 19:59,43,34,11.5,0
ORD,2019/3/21 20:31,44,33,13.8,0
ORD,2019/3/21 20:51,44,33,12.65,0
ORD,2019/3/21 21:51,44,32,10.35,0
ORD,2019/3/21 22:51,44,32,12.65,0
ORD,2019/3/21 23:51,44,32,9.2,0
ORD,2019/3/22 0:51,42,32,6.9,0
ORD,2019/3/22 1:51,43,33,8.05,0
ORD,2019/3/22 2:51,43,33,11.5,0
ORD,2019/3/22 3:51,42,33,9.2,0
ORD,2019/3/22 4:51,42,33,11.5,0
ORD,2019/3/22 5:51,40,33,9.2,0
ORD,2019/3/22 6:51,39,32,12.65,0
ORD,2019/3/22 7:51,39,32,10.35,0
ORD,2019/3/22 8:51,37,32,9.2,0
ORD,2019/3/22 9:51,37,30.9,9.2,0
ORD,2019/3/22 10:51,36,30.9,9.2,0
ORD,2019/3/22 11:51,35,30,8.05,0
ORD,2019/3/22 12:51,36,30,8.05,0
ORD,2019/3/22 13:51,40,28,12.65,0
ORD,2019/3/22 14:51,43,27,18.4,0
ORD,2019/3/22 15:51,45,26.1,17.25,0
ORD,2019/3/22 16:51,43,28,20.7,0
ORD,2019/3/22 17:51,42,27,14.95,0
ORD,2019/3/22 18:51,41,28,11.5,0
ORD,2019/3/22 19:51,40,27,16.1,0
ORD,2019/3/22 20:51,40,26.1,17.25,0
ORD,2019/3/22 21:51,38,26.1,13.8,0
ORD,2019/3/22 22:51,37,25,11.5,0
ORD,2019/3/22 23:51,35,25,10.35,0
ORD,2019/3/23 0:51,33,25,9.2,0
ORD,2019/3/23 1:51,33,25,6.9,0
ORD,2019/3/23 2:51,32,25,6.9,0
ORD,2019/3/23 3:51,30.9,25,3.45,0
ORD,2019/3/23 4:51,32,26.1,3.45,0
ORD,2019/3/23 5:51,30,24.1,0,0
ORD,2019/3/23 6:51,28.9,24.1,0,0
ORD,2019/3/23 7:51,28,24.1,0,0
ORD,2019/3/23 8:51,28,25,3.45,0
ORD,2019/3/23 9:51,26.1,23,0,0
ORD,2019/3/23 10:51,26.1,23,0,0
ORD,2019/3/23 11:51,26.1,24.1,0,0
ORD,2019/3/23 12:51,28.9,27,0,0
ORD,2019/3/23 13:51,33,28,3.45,0
ORD,2019/3/23 14:51,37,27,4.6,0
ORD,2019/3/23 15:51,40,25,5.75,0
ORD,2019/3/23 16:51,44,24.1,6.9,0
ORD,2019/3/23 17:51,48,24.1,4.6,0
ORD,2019/3/23 18:51,50,26.1,8.05,0
ORD,2019/3/23 19:51,50,25,6.9,0
ORD,2019/3/23 20:51,52,25,6.9,0
ORD,2019/3/23 21:51,52,24.1,8.05,0
ORD,2019/3/23 22:51,51,24.1,8.05,0
ORD,2019/3/23 23:51,49,26.1,6.9,0
ORD,2019/3/24 0:51,48,26.1,5.75,0
ORD,2019/3/24 1:51,46,27,4.6,0
ORD,2019/3/24 2:51,43,27,5.75,0
ORD,2019/3/24 3:51,41,27,5.75,0
ORD,2019/3/24 4:51,42,27,3.45,0
ORD,2019/3/24 5:51,43,27,6.9,0
ORD,2019/3/24 6:51,43,26.1,5.75,0
ORD,2019/3/24 7:51,43,25,4.6,0
ORD,2019/3/24 8:51,42,25,4.6,0
ORD,2019/3/24 9:51,44,25,6.9,0
ORD,2019/3/24 10:51,45,27,0,0
ORD,2019/3/24 11:51,44,28,4.6,0
ORD,2019/3/24 12:51,44,30,4.6,0
ORD,2019/3/24 13:51,45,33,3.45,T
ORD,2019/3/24 14:51,46,34,0,T
ORD,2019/3/24 15:51,47,35,3.45,0
ORD,2019/3/24 16:51,47,36,5.75,0
ORD,2019/3/24 17:51,48,41,8.05,0
ORD,2019/3/24 18:11,48,41,3.45,0
ORD,2019/3/24 18:51,49,41,0,0
ORD,2019/3/24 19:04,48,42,5.75,0
ORD,2019/3/24 19:51,49,43,3.45,0
ORD,2019/3/24 20:51,50,41,4.6,T
ORD,2019/3/24 21:51,49,44,5.75,0.76
ORD,2019/3/24 22:51,46,43,11.5,0.25
ORD,2019/3/24 23:51,38,34,18.4,T
ORD,2019/3/25 0:51,36,34,18.4,T
ORD,2019/3/25 1:02,36,34,18.4,T
ORD,2019/3/25 1:51,35,33,16.1,0.25
ORD,2019/3/25 2:51,34,32,21.85,T
ORD,2019/3/25 3:51,34,30.9,17.25,T
ORD,2019/3/25 4:51,34,30.9,17.25,0
ORD,2019/3/25 5:51,34,30,24.15,0
ORD,2019/3/25 6:51,34,30,23,0
ORD,2019/3/25 7:51,34,30,21.85,0
ORD,2019/3/25 8:51,34,30,21.85,0
ORD,2019/3/25 9:43,34,30,24.15,0
ORD,2019/3/25 9:51,34,30,23,0
ORD,2019/3/25 10:51,34,30,24.15,0
ORD,2019/3/25 11:37,33,28.9,17.25,0
ORD,2019/3/25 11:51,33,28.9,21.85,0
ORD,2019/3/25 12:51,33,28,23,0
ORD,2019/3/25 13:51,34,26.1,23,0
ORD,2019/3/25 14:23,35,25,23,0
ORD,2019/3/25 14:51,36,23,23,0
ORD,2019/3/25 15:51,37,21.9,20.7,0
ORD,2019/3/25 16:51,38,21,18.4,0
ORD,2019/3/25 17:51,40,21,17.25,0
ORD,2019/3/25 18:51,40,19.9,14.95,0
ORD,2019/3/25 19:51,40,19,17.25,0
ORD,2019/3/25 20:51,41,12,18.4,0
ORD,2019/3/25 21:51,40,10.9,20.7,0
ORD,2019/3/25 22:51,38,8.1,18.4,0
ORD,2019/3/25 23:51,36,8.1,14.95,0
ORD,2019/3/26 0:51,33,12,11.5,0
ORD,2019/3/26 1:51,30.9,15.1,10.35,0
ORD,2019/3/26 2:51,30.9,17.1,9.2,0
ORD,2019/3/26 3:51,28,18,6.9,0
ORD,2019/3/26 4:51,27,19,6.9,0
ORD,2019/3/26 5:51,27,18,6.9,0
ORD,2019/3/26 6:51,27,17.1,3.45,0
ORD,2019/3/26 7:51,28,18,3.45,0
ORD,2019/3/26 8:51,26.1,18,4.6,0
ORD,2019/3/26 9:51,25,17.1,4.6,0
ORD,2019/3/26 10:51,26.1,18,3.45,0
ORD,2019/3/26 11:51,26.1,19,4.6,0
ORD,2019/3/26 12:51,33,26.1,3.45,0
ORD,2019/3/26 13:51,37,19.9,5.75,0
ORD,2019/3/26 14:51,39,12,6.9,0
ORD,2019/3/26 15:51,41,8.1,6.9,0
ORD,2019/3/26 16:51,43,9,3.45,0
ORD,2019/3/26 17:51,43,7,4.6,0
ORD,2019/3/26 18:51,46,9,4.6,0
ORD,2019/3/26 19:51,47,9,6.9,0
ORD,2019/3/26 20:51,47,6,6.9,0
ORD,2019/3/26 21:51,47,6,8.05,0
ORD,2019/3/26 22:51,44,7,11.5,0
ORD,2019/3/26 23:51,42,5,10.35,0
ORD,2019/3/27 0:51,39,10,8.05,0
ORD,2019/3/27 1:51,36,9,5.75,0
ORD,2019/3/27 2:51,37,10,3.45,0
ORD,2019/3/27 3:51,35,12.9,0,0
ORD,2019/3/27 4:51,33,14,0,0
ORD,2019/3/27 5:51,32,15.1,4.6,0
ORD,2019/3/27 6:51,30.9,15.1,0,0
ORD,2019/3/27 7:51,30.9,15.1,3.45,0
ORD,2019/3/27 8:51,30.9,14,4.6,0
ORD,2019/3/27 9:51,30,14,6.9,0
ORD,2019/3/27 10:51,30.9,14,4.6,0
ORD,2019/3/27 11:51,32,15.1,8.05,0
ORD,2019/3/27 12:51,36,17.1,8.05,0
ORD,2019/3/27 13:51,42,18,11.5,0
ORD,2019/3/27 14:51,46,18,13.8,0
ORD,2019/3/27 15:51,48,18,16.1,0
ORD,2019/3/27 16:51,51,19.9,14.95,0
ORD,2019/3/27 17:51,53,24.1,12.65,0
ORD,2019/3/27 18:51,56,25,12.65,0
ORD,2019/3/27 19:51,58,26.1,12.65,0
ORD,2019/3/27 20:51,58,27,17.25,0
ORD,2019/3/27 21:51,58,28.9,17.25,0
ORD,2019/3/27 22:51,57,30,14.95,0
ORD,2019/3/27 23:51,55,30.9,14.95,0
ORD,2019/3/28 0:51,54,30.9,14.95,0
ORD,2019/3/28 1:51,53,30.9,18.4,0
ORD,2019/3/28 2:51,53,32,17.25,T
ORD,2019/3/28 3:19,52,35,10.35,0.25
ORD,2019/3/28 3:51,50,37,11.5,0.25
ORD,2019/3/28 4:51,47,40,16.1,T
ORD,2019/3/28 5:51,48,39,16.1,T
ORD,2019/3/28 6:51,49,38,14.95,0
ORD,2019/3/28 7:51,49,39,17.25,0
ORD,2019/3/28 8:51,49,39,13.8,0
ORD,2019/3/28 9:51,50,39,16.1,0
ORD,2019/3/28 10:51,50,39,11.5,0
ORD,2019/3/28 11:51,49,39,16.1,0
ORD,2019/3/28 12:51,49,39,17.25,0
ORD,2019/3/28 13:51,52,40,14.95,0
ORD,2019/3/28 14:51,55,40,14.95,0
ORD,2019/3/28 15:51,58,41,13.8,0
ORD,2019/3/28 16:51,59,42,9.2,0
ORD,2019/3/28 17:51,63,44,5.75,0
ORD,2019/3/28 18:51,62,44,8.05,0
ORD,2019/3/28 19:51,65,46,8.05,0
ORD,2019/3/28 20:51,59,42,17.25,0
ORD,2019/3/28 21:51,51,40,13.8,0
ORD,2019/3/28 22:51,48,37,11.5,0
ORD,2019/3/28 23:51,47,36,9.2,0
ORD,2019/3/29 0:51,45,35,10.35,0
ORD,2019/3/29 1:51,45,34,10.35,0
ORD,2019/3/29 2:51,45,34,11.5,0
ORD,2019/3/29 3:51,45,35,9.2,0
ORD,2019/3/29 4:51,45,34,9.2,0
ORD,2019/3/29 5:51,45,32,4.6,0
ORD,2019/3/29 6:51,45,30.9,5.75,0
ORD,2019/3/29 7:51,44,30.9,5.75,0
ORD,2019/3/29 8:51,42,30.9,9.2,T
ORD,2019/3/29 9:51,40,30,5.75,0
ORD,2019/3/29 10:51,38,32,8.05,0
ORD,2019/3/29 11:51,39,33,3.45,0
ORD,2019/3/29 12:51,42,33,10.35,0
ORD,2019/3/29 13:51,46,32,10.35,0
ORD,2019/3/29 14:51,48,30,9.2,0
ORD,2019/3/29 15:51,50,30.9,10.35,0
ORD,2019/3/29 16:51,51,34,8.05,0
ORD,2019/3/29 17:51,53,30,6.9,0
ORD,2019/3/29 18:51,57,30,5.75,0
ORD,2019/3/29 19:51,56,28.9,6.9,0
ORD,2019/3/29 20:51,55,30,9.2,0
ORD,2019/3/29 21:51,51,28.9,10.35,0
ORD,2019/3/29 22:51,47,32,9.2,0
ORD,2019/3/29 23:51,46,33,10.35,0
ORD,2019/3/30 0:51,45,33,9.2,0
ORD,2019/3/30 1:51,41,36,8.05,0.51
ORD,2019/3/30 2:51,40,36,10.35,2.03
ORD,2019/3/30 3:51,39,36,12.65,1.52
ORD,2019/3/30 4:51,37,35,13.8,2.54
ORD,2019/3/30 5:31,37,35,12.65,1.02
ORD,2019/3/30 5:51,37,35,11.5,1.27
ORD,2019/3/30 6:17,37,35,12.65,0.25
ORD,2019/3/30 6:51,37,35,12.65,1.02
ORD,2019/3/30 7:51,38,36,10.35,1.02
ORD,2019/3/30 8:15,38,36,11.5,T
ORD,2019/3/30 8:51,38,36,10.35,T
ORD,2019/3/30 9:51,39,37,6.9,T
ORD,2019/3/30 10:51,39,37,6.9,T
ORD,2019/3/30 11:51,38,34,10.35,0
ORD,2019/3/30 12:51,38,33,11.5,0
ORD,2019/3/30 13:51,39,30.9,10.35,0
ORD,2019/3/30 14:51,42,30.9,13.8,0
ORD,2019/3/30 15:51,41,27,10.35,0
ORD,2019/3/30 16:51,41,26.1,13.8,0
ORD,2019/3/30 17:51,43,25,16.1,0
ORD,2019/3/30 18:51,45,24.1,11.5,0
ORD,2019/3/30 19:51,43,26.1,16.1,0
ORD,2019/3/30 20:51,37,30,20.7,0
ORD,2019/3/30 21:13,36,28.9,21.85,T
ORD,2019/3/30 21:51,36,28.9,23,T
ORD,2019/3/30 22:51,35,30,17.25,T
ORD,2019/3/30 23:20,34,28.9,21.85,T
ORD,2019/3/30 23:51,34,28,12.65,T
ORD,2019/3/31 0:51,34,26.1,19.55,0
ORD,2019/3/31 1:51,32,25,9.2,0
ORD,2019/3/31 2:51,30,24.1,10.35,0
ORD,2019/3/31 3:51,30,24.1,11.5,0
ORD,2019/3/31 4:51,30,23,8.05,0
ORD,2019/3/31 5:34,28.9,23,16.1,T
ORD,2019/3/31 5:36,28.9,23,12.65,T
ORD,2019/3/31 5:42,28.9,23,9.2,T
ORD,2019/3/31 5:46,28.4,21.2,14.95,T
ORD,2019/3/31 5:51,28.9,18,17.25,T
ORD,2019/3/31 6:51,27,10.9,14.95,0
ORD,2019/3/31 7:51,26.1,10,16.1,0
ORD,2019/3/31 8:51,24.1,8.1,13.8,0
ORD,2019/3/31 9:51,23,7,9.2,0
ORD,2019/3/31 10:51,23,8.1,11.5,0
ORD,2019/3/31 11:51,23,9,6.9,0
ORD,2019/3/31 12:51,25,10,10.35,0
ORD,2019/3/31 13:51,28,10,11.5,0
ORD,2019/3/31 14:51,30,9,19.55,0
ORD,2019/3/31 15:51,32,10,13.8,0
ORD,2019/3/31 16:51,32,10,13.8,0
ORD,2019/3/31 17:51,35,10.9,13.8,0
ORD,2019/3/31 18:51,38,12.9,12.65,0
ORD,2019/3/31 19:51,38,12,14.95,0
ORD,2019/3/31 20:51,39,14,14.95,0
ORD,2019/3/31 21:51,38,12.9,10.35,0
ORD,2019/3/31 22:51,38,12,11.5,0
ORD,2019/3/31 23:51,36,12,8.05,0
ORD,2019/4/1 0:51,32,18,11.5,0
ORD,2019/4/1 1:51,30,18,8.05,0
ORD,2019/4/1 2:51,28.9,18,6.9,0
ORD,2019/4/1 3:51,28.9,18,8.05,0
ORD,2019/4/1 4:51,28.9,18,8.05,0
ORD,2019/4/1 5:51,28.9,18,6.9,0
ORD,2019/4/1 6:51,28,17.1,3.45,0
ORD,2019/4/1 7:51,27,18,4.6,0
ORD,2019/4/1 8:51,26.1,18,3.45,0
ORD,2019/4/1 9:51,26.1,18,3.45,0
ORD,2019/4/1 10:51,26.1,19,6.9,0
ORD,2019/4/1 11:51,26.1,19,4.6,0
ORD,2019/4/1 12:51,30.9,21,6.9,0
ORD,2019/4/1 13:51,35,19.9,10.35,0
ORD,2019/4/1 14:51,38,19.9,13.8,0
ORD,2019/4/1 15:51,41,19.9,10.35,0
ORD,2019/4/1 16:51,41,19.9,9.2,0
ORD,2019/4/1 17:51,45,21.9,20.7,0
ORD,2019/4/1 18:51,46,24.1,23,0
ORD,2019/4/1 19:51,47,25,18.4,0
ORD,2019/4/1 20:51,48,27,19.55,0
ORD,2019/4/1 21:51,48,28,18.4,0
ORD,2019/4/1 22:51,48,28.9,21.85,0
ORD,2019/4/1 23:51,46,28.9,19.55,0
ORD,2019/4/2 0:51,45,28.9,16.1,0
ORD,2019/4/2 1:51,44,30,11.5,0
ORD,2019/4/2 2:51,43,30.9,14.95,0
ORD,2019/4/2 3:51,42,30.9,12.65,0
ORD,2019/4/2 4:51,43,30.9,16.1,0
ORD,2019/4/2 5:51,42,30,13.8,0
ORD,2019/4/2 6:51,42,28.9,13.8,0
ORD,2019/4/2 7:51,41,28.9,13.8,0
ORD,2019/4/2 8:51,40,28.9,14.95,0
ORD,2019/4/2 9:51,39,28.9,11.5,0
ORD,2019/4/2 10:51,39,28.9,12.65,0
ORD,2019/4/2 11:51,39,28.9,12.65,0
ORD,2019/4/2 12:51,40,28,13.8,0
ORD,2019/4/2 13:51,42,28.9,12.65,0
ORD,2019/4/2 14:51,47,30,11.5,0
ORD,2019/4/2 15:51,50,30.9,13.8,0
ORD,2019/4/2 16:51,53,28,19.55,0
ORD,2019/4/2 17:51,53,28,18.4,0
ORD,2019/4/2 18:51,53,34,19.55,0
ORD,2019/4/2 19:51,47,37,19.55,T
ORD,2019/4/2 20:51,48,35,18.4,T
ORD,2019/4/2 21:51,48,34,16.1,0
ORD,2019/4/2 22:51,46,35,16.1,0
ORD,2019/4/2 23:51,45,33,16.1,0
ORD,2019/4/3 0:51,43,32,9.2,0
ORD,2019/4/3 1:51,43,33,9.2,0
ORD,2019/4/3 2:51,42,32,11.5,0
ORD,2019/4/3 3:51,41,32,10.35,0
ORD,2019/4/3 4:51,42,30.9,11.5,0
ORD,2019/4/3 5:51,41,30.9,11.5,0
ORD,2019/4/3 6:51,42,30.9,14.95,0
ORD,2019/4/3 7:51,40,30,12.65,0
ORD,2019/4/3 8:51,40,30.9,11.5,0
ORD,2019/4/3 9:51,39,30.9,9.2,0
ORD,2019/4/3 10:51,38,30,8.05,0
ORD,2019/4/3 11:51,37,30,5.75,0
ORD,2019/4/3 12:51,39,30,5.75,0
ORD,2019/4/3 13:51,43,26.1,8.05,0
ORD,2019/4/3 14:51,45,23,4.6,0
ORD,2019/4/3 15:51,47,21,5.75,0
ORD,2019/4/3 16:51,50,21,6.9,0
ORD,2019/4/3 17:51,54,21.9,10.35,0
ORD,2019/4/3 18:51,55,23,14.95,0
ORD,2019/4/3 19:51,57,25,12.65,0
ORD,2019/4/3 20:51,57,27,14.95,0
ORD,2019/4/3 21:51,57,28,17.25,0
ORD,2019/4/3 22:51,56,28.9,12.65,0
ORD,2019/4/3 23:51,55,30,9.2,0
ORD,2019/4/4 0:51,54,30.9,14.95,0
ORD,2019/4/4 1:51,52,34,13.8,T
ORD,2019/4/4 2:51,50,38,5.75,T
ORD,2019/4/4 3:51,49,37,0,T
ORD,2019/4/4 4:51,49,38,3.45,0
ORD,2019/4/4 5:51,47,37,3.45,T
ORD,2019/4/4 6:51,45,39,4.6,T
ORD,2019/4/4 7:51,46,39,0,0.25
ORD,2019/4/4 8:51,46,40,0,T
ORD,2019/4/4 9:51,45,40,4.6,1.02
ORD,2019/4/4 10:51,44,40,9.2,0.76
ORD,2019/4/4 11:51,44,40,8.05,0.51
ORD,2019/4/4 12:51,42,35,14.95,T
ORD,2019/4/4 13:51,43,38,6.9,T
ORD,2019/4/4 14:51,45,37,12.65,T
ORD,2019/4/4 15:51,45,38,12.65,T
ORD,2019/4/4 16:51,43,39,13.8,0.25
ORD,2019/4/4 17:51,44,41,11.5,0.51
ORD,2019/4/4 18:23,44,41,14.95,T
ORD,2019/4/4 18:36,44,41,17.25,T
ORD,2019/4/4 18:51,44,41,12.65,T
ORD,2019/4/4 19:51,43,41,13.8,1.02
ORD,2019/4/4 20:51,42,41,10.35,0.76
ORD,2019/4/4 21:51,43,41,9.2,0.51
ORD,2019/4/4 22:26,43,42,12.65,0.25
ORD,2019/4/4 22:51,43,41,13.8,0.25
ORD,2019/4/4 23:33,43,40,12.65,0
ORD,2019/4/4 23:51,43,40,12.65,0
ORD,2019/4/5 0:09,42,39,12.65,0
ORD,2019/4/5 0:51,41,38,11.5,T
ORD,2019/4/5 1:51,40,37,10.35,T
ORD,2019/4/5 2:51,39,37,10.35,0.25
ORD,2019/4/5 3:51,39,37,9.2,0.25
ORD,2019/4/5 4:36,39,37,12.65,T
ORD,2019/4/5 4:51,39,36,12.65,T
ORD,2019/4/5 5:51,39,37,9.2,0
ORD,2019/4/5 6:51,39,37,8.05,T
ORD,2019/4/5 7:51,40,38,5.75,0
ORD,2019/4/5 8:51,40,37,5.75,0
ORD,2019/4/5 9:11,40,37,4.6,0
ORD,2019/4/5 9:38,40,36,5.75,0
ORD,2019/4/5 9:51,40,36,4.6,0
ORD,2019/4/5 10:51,39,36,3.45,0
ORD,2019/4/5 11:14,40,36,3.45,0
ORD,2019/4/5 11:51,40,36,3.45,0
ORD,2019/4/5 12:51,40,36,3.45,0
ORD,2019/4/5 13:51,41,37,0,0
ORD,2019/4/5 14:51,42,38,4.6,0
ORD,2019/4/5 15:51,43,39,3.45,0
ORD,2019/4/5 16:11,44,40,0,0
ORD,2019/4/5 16:51,45,40,0,0
ORD,2019/4/5 17:41,47,42,3.45,0
ORD,2019/4/5 17:51,48,43,0,0
ORD,2019/4/5 18:51,49,43,0,0
ORD,2019/4/5 19:11,51,44,0,0
ORD,2019/4/5 19:51,54,45,3.45,0
ORD,2019/4/5 20:27,55,45,0,0
ORD,2019/4/5 20:51,56,46,4.6,0
ORD,2019/4/5 21:04,55,45,0,0
ORD,2019/4/5 21:51,55,46,4.6,0
ORD,2019/4/5 22:51,55,45,6.9,0
ORD,2019/4/5 23:51,53,42,5.75,0
ORD,2019/4/6 0:51,51,42,5.75,0
ORD,2019/4/6 1:51,51,41,0,0
ORD,2019/4/6 2:51,51,42,3.45,0
ORD,2019/4/6 3:51,50,43,4.6,0
ORD,2019/4/6 4:51,50,43,3.45,0
ORD,2019/4/6 5:29,49,43,3.45,0
ORD,2019/4/6 5:51,48,43,0,0
ORD,2019/4/6 6:51,45,43,0,0
ORD,2019/4/6 7:51,45,42,3.45,0
ORD,2019/4/6 8:37,43,41,0,0
ORD,2019/4/6 8:51,43,41,0,0
ORD,2019/4/6 9:51,41,41,0,0
ORD,2019/4/6 10:19,42,40,0,0
ORD,2019/4/6 10:43,41,40,0,0
ORD,2019/4/6 10:51,41,40,0,0
ORD,2019/4/6 11:08,40,40,0,0
ORD,2019/4/6 11:39,40,39,0,0
ORD,2019/4/6 11:51,40,40,0,0
ORD,2019/4/6 11:54,40,40,0,0
ORD,2019/4/6 12:09,40,40,3.45,0
ORD,2019/4/6 12:46,42.8,42.8,0,0
ORD,2019/4/6 12:51,43,43,0,0
ORD,2019/4/6 13:18,45,45,0,0
ORD,2019/4/6 13:51,48,47,3.45,0
ORD,2019/4/6 14:03,49,47,3.45,0
ORD,2019/4/6 14:51,52,47,5.75,0
ORD,2019/4/6 15:51,57,48,6.9,0
ORD,2019/4/6 16:51,58,48,5.75,0
ORD,2019/4/6 17:37,61,48,3.45,0
ORD,2019/4/6 17:51,61,48,0,0
ORD,2019/4/6 18:51,62,48,9.2,0
ORD,2019/4/6 19:51,64,48,10.35,0
ORD,2019/4/6 20:51,66,49,11.5,0
ORD,2019/4/6 21:51,62,48,12.65,0
ORD,2019/4/6 22:51,60,48,9.2,0
ORD,2019/4/6 23:51,58,47,6.9,0
ORD,2019/4/7 0:51,54,46,4.6,0
ORD,2019/4/7 1:51,53,46,6.9,0
ORD,2019/4/7 2:51,52,46,4.6,0
ORD,2019/4/7 3:51,53,46,4.6,0
ORD,2019/4/7 4:51,53,46,5.75,0
ORD,2019/4/7 5:51,54,46,5.75,0
ORD,2019/4/7 6:51,54,46,4.6,0
ORD,2019/4/7 7:51,53,46,4.6,0
ORD,2019/4/7 8:51,51,45,5.75,0
ORD,2019/4/7 9:51,51,45,6.9,0
ORD,2019/4/7 10:51,52,45,4.6,0
ORD,2019/4/7 11:51,53,46,5.75,0
ORD,2019/4/7 12:51,54,46,9.2,0
ORD,2019/4/7 13:51,56,47,6.9,0
ORD,2019/4/7 14:51,56,48,6.9,T
ORD,2019/4/7 15:51,56,52,5.75,1.27
ORD,2019/4/7 16:51,59,54,6.9,T
ORD,2019/4/7 17:04,60,54,6.9,0
ORD,2019/4/7 17:21,60,54,8.05,0
ORD,2019/4/7 17:44,60,54,6.9,0.25
ORD,2019/4/7 17:51,62,56,9.2,0.25
ORD,2019/4/7 18:10,60,56,11.5,0.51
ORD,2019/4/7 18:19,60,57,10.35,1.27
ORD,2019/4/7 18:51,62,57,5.75,1.27
ORD,2019/4/7 19:51,62,57,10.35,T
ORD,2019/4/7 20:06,63,58,6.9,0
ORD,2019/4/7 20:43,63,58,9.2,T
ORD,2019/4/7 20:51,64,59,9.2,T
ORD,2019/4/7 21:51,67,58,13.8,0
ORD,2019/4/7 22:51,62,57,16.1,0.76
ORD,2019/4/7 22:55,60,56,16.1,0.76
ORD,2019/4/7 23:02,61,58,8.05,6.35
ORD,2019/4/7 23:16,63,59,5.75,6.35
ORD,2019/4/7 23:41,64,59,8.05,6.35
ORD,2019/4/7 23:51,64,58,8.05,6.35
ORD,2019/4/8 0:51,64,54,12.65,0
ORD,2019/4/8 1:51,61,52,14.95,0
ORD,2019/4/8 2:51,59,52,8.05,0
ORD,2019/4/8 3:51,57,52,5.75,0
ORD,2019/4/8 4:51,57,52,6.9,0
ORD,2019/4/8 5:51,56,52,8.05,0
ORD,2019/4/8 6:51,56,52,6.9,0
ORD,2019/4/8 7:51,57,52,8.05,0
ORD,2019/4/8 8:51,56,52,6.9,0
ORD,2019/4/8 9:51,54,51,6.9,0
ORD,2019/4/8 10:51,53,51,6.9,0
ORD,2019/4/8 11:51,52,50,6.9,0
ORD,2019/4/8 12:51,54,51,6.9,0
ORD,2019/4/8 13:51,57,51,5.75,0
ORD,2019/4/8 14:51,59,50,8.05,0
ORD,2019/4/8 15:51,63,45,6.9,0
ORD,2019/4/8 16:51,65,39,8.05,0
ORD,2019/4/8 17:51,68,37,4.6,0
ORD,2019/4/8 18:51,71,36,4.6,0
ORD,2019/4/8 19:51,70,33,4.6,0
ORD,2019/4/8 20:51,72,32,9.2,0
ORD,2019/4/8 21:51,73,32,10.35,0
ORD,2019/4/8 22:51,72,35,12.65,0
ORD,2019/4/8 23:51,71,36,12.65,0
ORD,2019/4/9 0:51,68,35,9.2,0
ORD,2019/4/9 1:51,66,40,11.5,0
ORD,2019/4/9 2:51,65,42,11.5,0
ORD,2019/4/9 3:51,64,40,8.05,0
ORD,2019/4/9 4:51,63,42,9.2,0
ORD,2019/4/9 5:51,61,39,14.95,0
ORD,2019/4/9 6:51,57,40,13.8,0
ORD,2019/4/9 7:51,52,40,10.35,0
ORD,2019/4/9 8:51,50,39,5.75,0
ORD,2019/4/9 9:51,50,38,4.6,0
ORD,2019/4/9 10:51,49,39,3.45,0
ORD,2019/4/9 11:51,48,39,3.45,0
ORD,2019/4/9 12:51,52,40,4.6,0
ORD,2019/4/9 13:51,56,40,10.35,0
ORD,2019/4/9 14:51,57,40,10.35,0
ORD,2019/4/9 15:51,61,37,13.8,0
ORD,2019/4/9 16:51,62,34,14.95,0
ORD,2019/4/9 17:51,62,30.9,10.35,0
ORD,2019/4/9 18:51,64,30,11.5,0
ORD,2019/4/9 19:51,64,28,8.05,0
ORD,2019/4/9 20:51,63,27,14.95,0
ORD,2019/4/9 21:51,65,27,14.95,0
ORD,2019/4/9 22:51,64,27,12.65,0
ORD,2019/4/9 23:51,62,28,10.35,0
ORD,2019/4/10 0:51,61,28,10.35,0
ORD,2019/4/10 1:51,59,28.9,9.2,0
ORD,2019/4/10 2:14,50,33,29.9,0
ORD,2019/4/10 2:51,44,34,24.15,0
ORD,2019/4/10 3:51,42,28.9,21.85,0
ORD,2019/4/10 4:51,41,28,20.7,0
ORD,2019/4/10 5:51,39,30.9,19.55,0
ORD,2019/4/10 6:51,38,30.9,19.55,0
ORD,2019/4/10 7:51,36,28.9,14.95,0
ORD,2019/4/10 8:51,35,28.9,16.1,0
ORD,2019/4/10 9:41,35,28.9,18.4,0
ORD,2019/4/10 9:51,35,28.9,19.55,0
ORD,2019/4/10 10:51,34,28.9,14.95,0
ORD,2019/4/10 11:51,35,28.9,19.55,0
ORD,2019/4/10 12:51,36,30.9,18.4,0
ORD,2019/4/10 13:51,36,30.9,17.25,0
ORD,2019/4/10 14:51,37,30.9,13.8,0
ORD,2019/4/10 15:51,38,30.9,14.95,0
ORD,2019/4/10 16:51,38,30,11.5,0
ORD,2019/4/10 17:34,37,32,16.1,0.25
ORD,2019/4/10 17:51,37,32,14.95,0.51
ORD,2019/4/10 18:01,36,32,19.55,T
ORD,2019/4/10 18:07,36,30.9,16.1,0.51
ORD,2019/4/10 18:42,36,32,12.65,1.27
ORD,2019/4/10 18:51,36,32,11.5,1.52
ORD,2019/4/10 19:00,37,34,11.5,T
ORD,2019/4/10 19:17,37,34,14.95,T
ORD,2019/4/10 19:51,37,34,17.25,T
ORD,2019/4/10 20:41,38,34,20.7,0.25
ORD,2019/4/10 20:51,38,34,17.25,0.76
ORD,2019/4/10 20:59,38,34,16.1,0.51
ORD,2019/4/10 21:51,39,35,18.4,0.51
ORD,2019/4/10 22:51,38,34,20.7,0
ORD,2019/4/10 23:51,39,34,19.55,0
ORD,2019/4/11 0:51,39,34,19.55,0
ORD,2019/4/11 1:51,39,34,19.55,0
ORD,2019/4/11 2:09,39,34,21.85,0
ORD,2019/4/11 2:51,38,34,20.7,0
ORD,2019/4/11 3:51,38,34,21.85,0
ORD,2019/4/11 4:51,38,34,23,0
ORD,2019/4/11 5:51,37,34,21.85,0
ORD,2019/4/11 6:51,37,34,19.55,0
ORD,2019/4/11 7:51,37,33,20.7,0
ORD,2019/4/11 8:51,37,33,19.55,0
ORD,2019/4/11 8:58,37,33,23,0
ORD,2019/4/11 9:51,37,33,18.4,0
ORD,2019/4/11 10:51,37,32,20.7,0
ORD,2019/4/11 11:48,37.4,32,20.7,0
ORD,2019/4/11 11:51,37,32,20.7,0
ORD,2019/4/11 12:51,38,30.9,18.4,0
ORD,2019/4/11 13:51,40,30.9,23,0
ORD,2019/4/11 14:51,40,30.9,23,0
ORD,2019/4/11 15:51,44,32,23,0
ORD,2019/4/11 16:51,46,33,19.55,0
ORD,2019/4/11 17:51,47,34,18.4,0
ORD,2019/4/11 18:51,51,36,17.25,0
ORD,2019/4/11 19:51,54,38,19.55,0
ORD,2019/4/11 20:51,55,39,17.25,0
ORD,2019/4/11 21:51,55,40,11.5,0
ORD,2019/4/11 22:51,53,40,11.5,0
ORD,2019/4/11 23:51,52,40,12.65,0
ORD,2019/4/12 0:51,52,41,11.5,0
ORD,2019/4/12 1:40,53,43,6.9,T
ORD,2019/4/12 1:51,50,43,16.1,T
ORD,2019/4/12 2:18,48,43,10.35,T
ORD,2019/4/12 2:22,48,43,13.8,T
ORD,2019/4/12 2:32,48,44,13.8,1.52
ORD,2019/4/12 2:35,48,44,13.8,2.03
ORD,2019/4/12 2:46,48.2,44.6,11.5,2.29
ORD,2019/4/12 2:51,48,45,13.8,3.3
ORD,2019/4/12 3:51,49,47,0,1.02
ORD,2019/4/12 4:11,49,48,0,0.51
ORD,2019/4/12 4:51,49,47,6.9,2.29
ORD,2019/4/12 5:51,49,47,0,0.51
ORD,2019/4/12 6:51,49,48,3.45,1.27
ORD,2019/4/12 7:17,50,48,3.45,0.51
ORD,2019/4/12 7:51,51,49,9.2,0.51
ORD,2019/4/12 8:32,51,47,11.5,0
ORD,2019/4/12 8:51,49,43,17.25,0
ORD,2019/4/12 9:32,47,36,11.5,0
ORD,2019/4/12 9:51,46,36,9.2,0
ORD,2019/4/12 10:51,44,30,12.65,0
ORD,2019/4/12 11:51,43,30.9,14.95,0
ORD,2019/4/12 12:51,42,28.9,18.4,0
ORD,2019/4/12 13:51,44,28.9,21.85,0
ORD,2019/4/12 14:51,45,28.9,20.7,0
ORD,2019/4/12 15:51,46,25,21.85,0
ORD,2019/4/12 16:51,46,28,26.45,0
ORD,2019/4/12 17:51,48,27,25.3,0
ORD,2019/4/12 18:51,48,27,26.45,0
ORD,2019/4/12 19:51,48,27,26.45,0
ORD,2019/4/12 20:51,48,26.1,23,0
ORD,2019/4/12 21:51,49,26.1,20.7,0
ORD,2019/4/12 22:51,48,26.1,17.25,0
ORD,2019/4/12 23:51,47,26.1,11.5,0
ORD,2019/4/13 0:51,45,27,13.8,0
ORD,2019/4/13 1:51,44,26.1,11.5,0
ORD,2019/4/13 2:51,42,26.1,12.65,0
ORD,2019/4/13 3:51,40,25,13.8,0
ORD,2019/4/13 4:51,39,23,10.35,0
ORD,2019/4/13 5:51,38,24.1,10.35,0
ORD,2019/4/13 6:51,37,23,9.2,0
ORD,2019/4/13 7:51,37,21.9,11.5,0
ORD,2019/4/13 8:51,36,23,8.05,0
ORD,2019/4/13 9:51,36,23,9.2,0
ORD,2019/4/13 10:51,36,23,11.5,0
ORD,2019/4/13 11:51,35,23,8.05,0
ORD,2019/4/13 12:51,37,24.1,13.8,0
ORD,2019/4/13 13:51,39,24.1,12.65,0
ORD,2019/4/13 14:51,42,25,13.8,0
ORD,2019/4/13 15:51,43,26.1,14.95,0
ORD,2019/4/13 16:51,45,25,18.4,0
ORD,2019/4/13 17:51,48,25,14.95,0
ORD,2019/4/13 18:51,49,26.1,18.4,0
ORD,2019/4/13 19:51,50,26.1,17.25,0
ORD,2019/4/13 20:51,51,27,12.65,0
ORD,2019/4/13 21:51,52,28,12.65,0
ORD,2019/4/13 22:51,50,28,12.65,0
ORD,2019/4/13 23:51,49,28,11.5,0
ORD,2019/4/14 0:51,44,28,5.75,0
ORD,2019/4/14 1:51,43,30,5.75,0
ORD,2019/4/14 2:51,42,30,9.2,0
ORD,2019/4/14 3:51,41,28,10.35,0
ORD,2019/4/14 4:51,40,28,16.1,0
ORD,2019/4/14 5:51,39,26.1,13.8,0
ORD,2019/4/14 6:51,38,26.1,11.5,0
ORD,2019/4/14 7:51,38,28.9,12.65,0
ORD,2019/4/14 8:51,38,24.1,16.1,0
ORD,2019/4/14 9:51,38,26.1,17.25,0
ORD,2019/4/14 10:51,37,28.9,14.95,T
ORD,2019/4/14 11:19,36,30.9,19.55,T
ORD,2019/4/14 11:38,34,32,19.55,0.51
ORD,2019/4/14 11:51,35,32,17.25,0.76
ORD,2019/4/14 12:51,35,30.9,17.25,0.25
ORD,2019/4/14 12:53,35,30.9,19.55,T
ORD,2019/4/14 12:56,35,30.9,20.7,T
ORD,2019/4/14 13:05,34,30.9,18.4,T
ORD,2019/4/14 13:14,34,30.9,19.55,0.25
ORD,2019/4/14 13:38,33,30.9,19.55,0.76
ORD,2019/4/14 13:51,33,32,19.55,1.02
ORD,2019/4/14 13:58,33,32,19.55,0.25
ORD,2019/4/14 14:31,32,32,18.4,1.02
ORD,2019/4/14 14:51,32,32,21.85,2.03
ORD,2019/4/14 15:51,32,30.9,23,1.52
ORD,2019/4/14 16:30,32,30.9,24.15,0.51
ORD,2019/4/14 16:43,32,30.9,24.15,0.76
ORD,2019/4/14 16:51,32,30.9,23,0.76
ORD,2019/4/14 17:51,32,30.9,21.85,0.76
ORD,2019/4/14 18:24,32,32,28.75,0.51
ORD,2019/4/14 18:43,33,32,25.3,0.76
ORD,2019/4/14 18:51,33,30.9,26.45,0.76
ORD,2019/4/14 19:10,33,32,25.3,T
ORD,2019/4/14 19:39,33,33,23,T
ORD,2019/4/14 19:51,33,33,24.15,T
ORD,2019/4/14 20:08,34,34,24.15,T
ORD,2019/4/14 20:40,34,34,27.6,T
ORD,2019/4/14 20:51,35,35,27.6,T
ORD,2019/4/14 20:57,34,34,24.15,T
ORD,2019/4/14 21:27,33,33,25.3,T
ORD,2019/4/14 21:51,33,33,21.85,T
ORD,2019/4/14 22:30,33,33,20.7,T
ORD,2019/4/14 22:51,33,30.9,18.4,T
ORD,2019/4/14 23:03,33,30.9,19.55,T
ORD,2019/4/14 23:22,33,30.9,14.95,0.25
ORD,2019/4/14 23:51,32,30.9,13.8,0.25
ORD,2019/4/15 0:04,32,30.9,13.8,T
ORD,2019/4/15 0:36,32,30.9,12.65,0.51
ORD,2019/4/15 0:51,32,30.9,13.8,0.51
ORD,2019/4/15 1:04,32,30.9,12.65,T
ORD,2019/4/15 1:16,32,30.9,11.5,0.25
ORD,2019/4/15 1:51,32,30,11.5,0.25
ORD,2019/4/15 2:17,32,30,11.5,T
ORD,2019/4/15 2:51,32,30,11.5,T
ORD,2019/4/15 3:48,32,30.2,11.5,T
ORD,2019/4/15 3:51,32,28.9,12.65,T
ORD,2019/4/15 4:06,33,30,11.5,0
ORD,2019/4/15 4:51,33,30,10.35,0
ORD,2019/4/15 5:32,33,30,12.65,T
ORD,2019/4/15 5:39,33,30.9,10.35,T
ORD,2019/4/15 5:51,33,30.9,13.8,T
ORD,2019/4/15 6:00,33,30.9,11.5,T
ORD,2019/4/15 6:15,33,30,12.65,T
ORD,2019/4/15 6:32,33,30,8.05,T
ORD,2019/4/15 6:51,33,30,9.2,T
ORD,2019/4/15 7:51,33,28.9,9.2,0
ORD,2019/4/15 8:51,32,28,6.9,0
ORD,2019/4/15 9:51,30.9,27,6.9,0
ORD,2019/4/15 10:51,30.9,26.1,8.05,0
ORD,2019/4/15 11:51,32,25,8.05,0
ORD,2019/4/15 12:51,33,26.1,5.75,0
ORD,2019/4/15 13:51,38,27,6.9,0
ORD,2019/4/15 14:51,40,28,8.05,0
ORD,2019/4/15 15:51,42,28,5.75,0
ORD,2019/4/15 16:51,44,27,4.6,0
ORD,2019/4/15 17:51,46,28.9,6.9,0
ORD,2019/4/15 18:51,47,27,5.75,0
ORD,2019/4/15 19:51,49,28,9.2,0
ORD,2019/4/15 20:51,50,28.9,8.05,0
ORD,2019/4/15 21:51,50,28.9,11.5,0
ORD,2019/4/15 22:51,51,28.9,8.05,0
ORD,2019/4/15 23:51,50,30,9.2,0
ORD,2019/4/16 0:51,50,33,8.05,0
ORD,2019/4/16 1:51,50,35,10.35,0
ORD,2019/4/16 2:51,50,36,9.2,0
ORD,2019/4/16 3:51,49,36,11.5,0
ORD,2019/4/16 4:51,48,37,9.2,0
ORD,2019/4/16 5:51,48,37,11.5,0
ORD,2019/4/16 6:51,48,37,10.35,0
ORD,2019/4/16 7:51,49,38,10.35,0
ORD,2019/4/16 8:51,50,38,11.5,0
ORD,2019/4/16 9:51,51,40,12.65,0
ORD,2019/4/16 10:51,51,41,13.8,0
ORD,2019/4/16 11:51,51,41,9.2,0
ORD,2019/4/16 12:51,52,42,6.9,0
ORD,2019/4/16 13:51,54,44,9.2,0
ORD,2019/4/16 14:51,58,45,10.35,0
ORD,2019/4/16 15:51,62,47,11.5,0
ORD,2019/4/16 16:51,65,48,10.35,0
ORD,2019/4/16 17:51,69,50,10.35,0
ORD,2019/4/16 18:51,70,50,8.05,0
ORD,2019/4/16 19:51,71,51,3.45,0
ORD,2019/4/16 20:51,72,52,3.45,0
ORD,2019/4/16 21:51,67,48,13.8,0
ORD,2019/4/16 22:51,59,46,20.7,0
ORD,2019/4/16 23:51,56,45,13.8,0
ORD,2019/4/17 0:51,51,43,12.65,0
ORD,2019/4/17 1:51,48,42,9.2,0
ORD,2019/4/17 2:51,48,42,6.9,0
ORD,2019/4/17 3:51,47,42,10.35,0
ORD,2019/4/17 4:51,46,42,9.2,0
ORD,2019/4/17 5:51,46,41,8.05,0
ORD,2019/4/17 6:51,44,41,11.5,0
ORD,2019/4/17 7:51,46,43,4.6,0
ORD,2019/4/17 8:51,46,43,8.05,0
ORD,2019/4/17 9:51,47,43,9.2,0
ORD,2019/4/17 10:51,47,43,9.2,0
ORD,2019/4/17 11:51,48,44,11.5,0
ORD,2019/4/17 12:51,48,43,8.05,0
ORD,2019/4/17 13:51,49,44,4.6,0
ORD,2019/4/17 14:51,51,45,4.6,0
ORD,2019/4/17 15:51,55,46,4.6,0
ORD,2019/4/17 16:51,61,50,9.2,0
ORD,2019/4/17 17:51,68,54,5.75,0
ORD,2019/4/17 18:51,71,54,13.8,0
ORD,2019/4/17 19:51,74,55,16.1,0
ORD,2019/4/17 20:51,75,54,14.95,0
ORD,2019/4/17 21:51,74,54,21.85,0
ORD,2019/4/17 22:51,74,54,19.55,0
ORD,2019/4/17 23:51,74,50,12.65,0
ORD,2019/4/18 0:51,74,50,18.4,0
ORD,2019/4/18 1:51,72,51,14.95,0
ORD,2019/4/18 2:51,71,52,17.25,0
ORD,2019/4/18 3:51,69,55,17.25,0
ORD,2019/4/18 4:51,67,57,16.1,0
ORD,2019/4/18 5:51,65,58,13.8,0
ORD,2019/4/18 6:51,64,58,14.95,0
ORD,2019/4/18 7:51,63,58,17.25,0
ORD,2019/4/18 8:03,63,58,13.8,0
ORD,2019/4/18 8:48,62.6,57.2,13.8,0
ORD,2019/4/18 8:51,62,57,14.95,0
ORD,2019/4/18 9:51,58,54,12.65,0
ORD,2019/4/18 10:48,55.4,51.8,6.9,0.51
ORD,2019/4/18 10:51,55,52,9.2,0.51
ORD,2019/4/18 11:01,54,51,5.75,0.25
ORD,2019/4/18 11:43,54,51,10.35,0.25
ORD,2019/4/18 11:51,54,50,4.6,0.25
ORD,2019/4/18 12:51,53,49,8.05,T
ORD,2019/4/18 13:51,53,48,5.75,0
ORD,2019/4/18 14:46,53.6,48.2,6.9,0.25
ORD,2019/4/18 14:51,53,49,9.2,0.25
ORD,2019/4/18 15:51,53,48,14.95,T
ORD,2019/4/18 16:22,52,48,9.2,0.76
ORD,2019/4/18 16:41,52,49,9.2,1.52
ORD,2019/4/18 16:51,52,49,8.05,2.03
ORD,2019/4/18 17:24,51,49,8.05,1.52
ORD,2019/4/18 17:51,50,47,10.35,3.56
ORD,2019/4/18 18:19,50,47,10.35,0.76
ORD,2019/4/18 18:28,50,47,9.2,0.76
ORD,2019/4/18 18:51,50,47,11.5,1.27
ORD,2019/4/18 19:29,49,45,9.2,T
ORD,2019/4/18 19:51,49,44,11.5,T
ORD,2019/4/18 20:51,47,43,16.1,0
ORD,2019/4/18 21:51,47,41,13.8,0
ORD,2019/4/18 22:51,47,40,13.8,0
ORD,2019/4/18 23:51,45,39,13.8,0
ORD,2019/4/19 0:51,45,38,11.5,0
ORD,2019/4/19 1:44,44,38,13.8,0
ORD,2019/4/19 1:51,44,38,12.65,0
ORD,2019/4/19 2:51,44,38,12.65,0
ORD,2019/4/19 3:51,44,38,14.95,0
ORD,2019/4/19 4:07,44,38,14.95,0
ORD,2019/4/19 4:26,44,38,11.5,0
ORD,2019/4/19 4:51,44,37,13.8,0
ORD,2019/4/19 5:51,44,36,12.65,0
ORD,2019/4/19 6:43,44,35,18.4,0
ORD,2019/4/19 6:51,44,35,20.7,0
ORD,2019/4/19 7:34,42,35,25.3,0
ORD,2019/4/19 7:51,42,36,20.7,0
ORD,2019/4/19 8:51,42,36,24.15,0
ORD,2019/4/19 9:51,41,35,25.3,0
ORD,2019/4/19 10:51,41,35,25.3,0
ORD,2019/4/19 11:51,41,35,27.6,0
ORD,2019/4/19 12:51,41,34,27.6,0
ORD,2019/4/19 13:51,42,35,28.75,0
ORD,2019/4/19 14:44,43,35,28.75,0
ORD,2019/4/19 14:51,42,35,29.9,0
ORD,2019/4/19 15:51,46,35,28.75,0
ORD,2019/4/19 16:43,47,35,31.05,0
ORD,2019/4/19 16:51,46,35,28.75,0
ORD,2019/4/19 17:51,48,34,33.35,0
ORD,2019/4/19 18:51,50,34,27.6,0
ORD,2019/4/19 19:51,50,32,26.45,0
ORD,2019/4/19 20:51,51,27,33.35,0
ORD,2019/4/19 21:51,50,24.1,32.2,0
ORD,2019/4/19 22:51,49,21,31.05,0
ORD,2019/4/19 23:51,47,25,21.85,0
ORD,2019/4/20 0:51,46,17.1,24.15,0
ORD,2019/4/20 1:51,45,19,24.15,0
ORD,2019/4/20 2:51,45,23,26.45,0
ORD,2019/4/20 3:51,44,25,21.85,0
ORD,2019/4/20 4:51,43,26.1,17.25,0
ORD,2019/4/20 5:51,43,28,17.25,0
ORD,2019/4/20 6:51,43,27,14.95,0
ORD,2019/4/20 7:51,42,27,16.1,0
ORD,2019/4/20 8:51,42,26.1,13.8,0
ORD,2019/4/20 9:51,37,26.1,11.5,0
ORD,2019/4/20 10:51,37,26.1,12.65,0
ORD,2019/4/20 11:51,39,27,10.35,0
ORD,2019/4/20 12:51,45,25,20.7,0
ORD,2019/4/20 13:51,48,25,25.3,0
ORD,2019/4/20 14:51,51,21.9,23,0
ORD,2019/4/20 15:51,55,17.1,23,0
ORD,2019/4/20 16:51,57,12,24.15,0
ORD,2019/4/20 17:51,61,12,21.85,0
ORD,2019/4/20 18:51,63,10,19.55,0
ORD,2019/4/20 19:51,63,10.9,17.25,0
ORD,2019/4/20 20:51,64,10.9,17.25,0
ORD,2019/4/20 21:51,64,12.9,17.25,0
ORD,2019/4/20 22:51,64,16,9.2,0
ORD,2019/4/20 23:51,59,17.1,10.35,0
ORD,2019/4/21 0:51,53,16,6.9,0
ORD,2019/4/21 1:51,52,14,5.75,0
ORD,2019/4/21 2:51,50,12,5.75,0
ORD,2019/4/21 3:51,49,10.9,0,0
ORD,2019/4/21 4:51,46,19,3.45,0
ORD,2019/4/21 5:51,45,19.9,0,0
ORD,2019/4/21 6:51,45,24.1,0,0
ORD,2019/4/21 7:51,47,24.1,0,0
ORD,2019/4/21 8:51,47,23,3.45,0
ORD,2019/4/21 9:51,46,19.9,5.75,0
ORD,2019/4/21 10:51,45,19,0,0
ORD,2019/4/21 11:51,48,19,4.6,0
ORD,2019/4/21 12:51,53,19.9,5.75,0
ORD,2019/4/21 13:51,59,24.1,6.9,0
ORD,2019/4/21 14:51,64,27,6.9,0
ORD,2019/4/21 15:51,68,33,9.2,0
ORD,2019/4/21 16:51,71,37,12.65,0
ORD,2019/4/21 17:51,73,38,10.35,0
ORD,2019/4/21 18:51,74,38,10.35,0
ORD,2019/4/21 19:51,76,39,12.65,0
ORD,2019/4/21 20:51,77,39,12.65,0
ORD,2019/4/21 21:51,77,38,14.95,0
ORD,2019/4/21 22:51,76,37,14.95,0
ORD,2019/4/21 23:51,74,37,14.95,0
ORD,2019/4/22 0:51,72,36,13.8,0
ORD,2019/4/22 1:51,69,37,10.35,0
ORD,2019/4/22 2:51,68,37,12.65,0
ORD,2019/4/22 3:51,66,36,8.05,0
ORD,2019/4/22 4:51,64,37,9.2,0
ORD,2019/4/22 5:51,61,38,9.2,0
ORD,2019/4/22 6:51,60,37,6.9,0
ORD,2019/4/22 7:51,59,36,6.9,0
ORD,2019/4/22 8:51,60,35,11.5,0
ORD,2019/4/22 9:51,60,36,9.2,0
ORD,2019/4/22 10:51,60,37,10.35,0
ORD,2019/4/22 11:51,60,39,10.35,0
ORD,2019/4/22 12:51,61,41,10.35,0
ORD,2019/4/22 13:51,66,44,12.65,0
ORD,2019/4/22 14:51,69,45,14.95,0
ORD,2019/4/22 15:51,70,47,13.8,0
ORD,2019/4/22 16:51,72,48,12.65,0
ORD,2019/4/22 17:51,75,50,12.65,0
ORD,2019/4/22 18:51,76,50,17.25,0
ORD,2019/4/22 19:51,79,51,20.7,0
ORD,2019/4/22 20:51,79,52,16.1,0
ORD,2019/4/22 21:51,78,51,20.7,0
ORD,2019/4/22 22:51,76,51,11.5,0
ORD,2019/4/22 23:25,75,52,9.2,0
ORD,2019/4/22 23:51,71,56,11.5,T
ORD,2019/4/23 0:14,67,56,16.1,0.51
ORD,2019/4/23 0:27,67,57,14.95,0.51
ORD,2019/4/23 0:51,67,57,13.8,0.51
ORD,2019/4/23 1:51,67,54,13.8,0
ORD,2019/4/23 2:51,67,54,16.1,T
ORD,2019/4/23 3:51,67,54,16.1,T
ORD,2019/4/23 4:51,67,52,14.95,0
ORD,2019/4/23 5:51,65,55,12.65,0
ORD,2019/4/23 6:49,64.4,57.2,13.8,0
ORD,2019/4/23 6:51,64,57,13.8,0
ORD,2019/4/23 7:26,62,57,13.8,0
ORD,2019/4/23 7:51,61,57,13.8,0
ORD,2019/4/23 8:51,60,56,16.1,0
ORD,2019/4/23 9:51,54,51,18.4,T
ORD,2019/4/23 10:49,51.8,46.4,10.35,T
ORD,2019/4/23 10:51,51,47,11.5,T
ORD,2019/4/23 11:51,49,44,18.4,0
ORD,2019/4/23 12:51,49,44,10.35,0
ORD,2019/4/23 13:13,49,43,12.65,0
ORD,2019/4/23 13:51,49,43,12.65,0
ORD,2019/4/23 14:51,50,43,11.5,0
ORD,2019/4/23 15:51,51,44,5.75,0
ORD,2019/4/23 16:51,54,44,5.75,0
ORD,2019/4/23 17:03,55,43,8.05,0
ORD,2019/4/23 17:51,56,44,9.2,0
ORD,2019/4/23 18:11,57,44,10.35,0
ORD,2019/4/23 18:51,59,44,5.75,0
ORD,2019/4/23 19:51,60,44,5.75,0
ORD,2019/4/23 20:51,61,43,6.9,0
ORD,2019/4/23 21:51,60,42,5.75,0
ORD,2019/4/23 22:51,59,41,8.05,0
ORD,2019/4/23 23:51,56,41,10.35,0
ORD,2019/4/24 0:51,53,41,9.2,0
ORD,2019/4/24 1:51,52,41,5.75,0
ORD,2019/4/24 2:51,52,41,3.45,0
ORD,2019/4/24 3:51,51,41,4.6,0
ORD,2019/4/24 4:51,50,41,4.6,0
ORD,2019/4/24 5:51,49,40,4.6,0
ORD,2019/4/24 6:51,48,39,3.45,0
ORD,2019/4/24 7:51,47,39,0,0
ORD,2019/4/24 8:51,44,40,5.75,0
ORD,2019/4/24 9:51,43,40,3.45,0
ORD,2019/4/24 10:51,43,38,5.75,0
ORD,2019/4/24 11:51,44,38,4.6,0
ORD,2019/4/24 12:51,47,36,5.75,0
ORD,2019/4/24 13:51,50,36,5.75,0
ORD,2019/4/24 14:51,54,36,5.75,0
ORD,2019/4/24 15:51,57,34,6.9,0
ORD,2019/4/24 16:51,58,35,5.75,0
ORD,2019/4/24 17:51,60,35,5.75,0
ORD,2019/4/24 18:51,62,36,6.9,0
ORD,2019/4/24 19:51,61,39,8.05,0
ORD,2019/4/24 20:51,61,39,8.05,T
ORD,2019/4/24 21:51,61,39,5.75,0
ORD,2019/4/24 22:51,61,37,5.75,0
ORD,2019/4/24 23:51,60,35,10.35,0
ORD,2019/4/25 0:51,59,34,6.9,0
ORD,2019/4/25 1:51,58,36,8.05,0
ORD,2019/4/25 2:51,55,37,4.6,0
ORD,2019/4/25 3:51,55,36,5.75,0
ORD,2019/4/25 4:51,53,34,4.6,0
ORD,2019/4/25 5:51,49,35,4.6,0
ORD,2019/4/25 6:51,50,35,0,0
ORD,2019/4/25 7:51,48,36,0,0
ORD,2019/4/25 8:51,47,37,0,0
ORD,2019/4/25 9:51,48,37,3.45,0
ORD,2019/4/25 10:51,47,37,0,0
ORD,2019/4/25 11:51,49,40,0,0
ORD,2019/4/25 12:51,54,41,0,0
ORD,2019/4/25 13:51,57,37,0,0
ORD,2019/4/25 14:51,60,38,3.45,0
ORD,2019/4/25 15:51,63,39,3.45,0
ORD,2019/4/25 16:51,65,41,6.9,0
ORD,2019/4/25 17:51,67,41,10.35,0
ORD,2019/4/25 18:51,67,40,6.9,0
ORD,2019/4/25 19:51,65,39,10.35,0
ORD,2019/4/25 20:51,63,38,9.2,0
ORD,2019/4/25 21:51,61,38,8.05,0
ORD,2019/4/25 22:51,60,37,6.9,0
ORD,2019/4/25 23:51,60,38,5.75,0
ORD,2019/4/26 0:51,58,39,4.6,0
ORD,2019/4/26 1:51,56,39,9.2,0
ORD,2019/4/26 2:51,56,38,13.8,0
ORD,2019/4/26 3:49,57.2,46.4,18.4,0
ORD,2019/4/26 3:51,56,47,20.7,0
ORD,2019/4/26 4:51,52,49,13.8,1.78
ORD,2019/4/26 5:11,52,50,19.55,1.52
ORD,2019/4/26 5:32,51,48,24.15,2.54
ORD,2019/4/26 5:47,51.8,46.4,25.3,2.79
ORD,2019/4/26 5:51,51,47,23,2.79
ORD,2019/4/26 6:51,50,47,12.65,0.76
ORD,2019/4/26 7:51,49,46,12.65,0
ORD,2019/4/26 8:51,49,47,10.35,0
ORD,2019/4/26 9:51,49,46,8.05,0
ORD,2019/4/26 10:51,49,47,8.05,0
ORD,2019/4/26 11:51,49,42,14.95,0
ORD,2019/4/26 12:51,51,37,18.4,0
ORD,2019/4/26 13:51,54,34,21.85,0
ORD,2019/4/26 14:51,56,33,19.55,0
ORD,2019/4/26 15:51,58,28.9,18.4,0
ORD,2019/4/26 16:51,59,28,24.15,0
ORD,2019/4/26 17:51,61,30.9,17.25,0
ORD,2019/4/26 18:51,62,30.9,18.4,0
ORD,2019/4/26 19:51,63,32,20.7,0
ORD,2019/4/26 20:51,63,28,20.7,0
ORD,2019/4/26 21:51,62,27,18.4,0
ORD,2019/4/26 22:51,61,28.9,17.25,0
ORD,2019/4/26 23:51,59,25,14.95,0
ORD,2019/4/27 0:51,57,24.1,11.5,0
ORD,2019/4/27 1:51,55,26.1,6.9,0
ORD,2019/4/27 2:51,53,27,6.9,0
ORD,2019/4/27 3:51,52,27,9.2,0
ORD,2019/4/27 4:51,51,27,5.75,0
ORD,2019/4/27 5:51,49,27,6.9,0
ORD,2019/4/27 6:51,44,30,12.65,0
ORD,2019/4/27 7:51,43,30,8.05,0
ORD,2019/4/27 8:51,41,30.9,6.9,0
ORD,2019/4/27 9:51,40,30.9,5.75,0
ORD,2019/4/27 10:51,42,32,10.35,0
ORD,2019/4/27 11:51,41,30.9,10.35,0
ORD,2019/4/27 12:51,41,32,5.75,0
ORD,2019/4/27 13:51,41,30.9,6.9,0
ORD,2019/4/27 14:51,41,30.9,10.35,T
ORD,2019/4/27 15:16,39,30.9,9.2,T
ORD,2019/4/27 15:28,39,32,9.2,0.25
ORD,2019/4/27 15:51,36,32,8.05,1.02
ORD,2019/4/27 15:53,36,32,9.2,T
ORD,2019/4/27 16:08,34,32,6.9,1.27
ORD,2019/4/27 16:21,33,32,6.9,2.03
ORD,2019/4/27 16:29,33,30.9,9.2,2.54
ORD,2019/4/27 16:51,32,32,3.45,4.06
ORD,2019/4/27 17:51,33,32,4.6,1.78
ORD,2019/4/27 18:09,33,32,5.75,0.51
ORD,2019/4/27 18:17,33,32,8.05,0.76
ORD,2019/4/27 18:25,33,32,9.2,1.02
ORD,2019/4/27 18:39,34,32,12.65,1.52
ORD,2019/4/27 18:51,34,33,11.5,1.78
ORD,2019/4/27 19:07,34,33,13.8,0.51
ORD,2019/4/27 19:21,34,33,10.35,0.76
ORD,2019/4/27 19:34,34,33,13.8,1.02
ORD,2019/4/27 19:51,34,33,14.95,1.52
ORD,2019/4/27 20:24,33,32,12.65,1.27
ORD,2019/4/27 20:51,33,32,12.65,2.29
ORD,2019/4/27 21:02,33,32,13.8,0.51
ORD,2019/4/27 21:51,33,32,18.4,2.54
ORD,2019/4/27 22:07,33,32,14.95,0.51
ORD,2019/4/27 22:51,32,30.9,17.25,2.54
ORD,2019/4/27 23:51,32,30.9,24.15,1.02
ORD,2019/4/28 0:51,32,30.9,21.85,0.76
ORD,2019/4/28 0:59,32,30.9,23,T
ORD,2019/4/28 1:51,32,30.9,20.7,0.25
ORD,2019/4/28 2:25,32,32,24.15,0.25
ORD,2019/4/28 2:31,33,32,20.7,0.25
ORD,2019/4/28 2:42,33,32,21.85,0.25
ORD,2019/4/28 2:51,33,32,19.55,0.51
ORD,2019/4/28 3:19,33,32,20.7,T
ORD,2019/4/28 3:36,34,32,18.4,T
ORD,2019/4/28 3:51,34,33,18.4,T
ORD,2019/4/28 4:51,35,33,17.25,T
ORD,2019/4/28 5:14,35,32,14.95,0
ORD,2019/4/28 5:51,35,30.9,10.35,0
ORD,2019/4/28 6:51,34,30.9,10.35,0
ORD,2019/4/28 7:51,33,28.9,8.05,0
ORD,2019/4/28 8:51,33,27,8.05,0
ORD,2019/4/28 9:51,30.9,26.1,10.35,0
ORD,2019/4/28 10:51,30.9,26.1,9.2,0
ORD,2019/4/28 11:51,32,26.1,9.2,0
ORD,2019/4/28 12:51,35,28,6.9,0
ORD,2019/4/28 13:51,39,28.9,5.75,0
ORD,2019/4/28 14:51,42,25,9.2,0
ORD,2019/4/28 15:51,45,25,10.35,0
ORD,2019/4/28 16:51,47,24.1,13.8,0
ORD,2019/4/28 17:51,49,25,14.95,0
ORD,2019/4/28 18:51,51,25,11.5,0
ORD,2019/4/28 19:51,51,23,11.5,0
ORD,2019/4/28 20:51,51,23,10.35,0
ORD,2019/4/28 21:51,51,19.9,12.65,0
ORD,2019/4/28 22:51,51,19.9,9.2,0
ORD,2019/4/28 23:51,47,23,10.35,0
ORD,2019/4/29 0:51,45,24.1,11.5,0
ORD,2019/4/29 1:51,43,25,11.5,0
ORD,2019/4/29 2:51,44,26.1,9.2,0
ORD,2019/4/29 3:51,43,28,8.05,0
ORD,2019/4/29 4:51,43,28.9,3.45,0
ORD,2019/4/29 5:51,44,30.9,4.6,0
ORD,2019/4/29 6:51,44,34,6.9,T
ORD,2019/4/29 7:51,44,39,8.05,1.27
ORD,2019/4/29 8:08,45,41,13.8,1.02
ORD,2019/4/29 8:51,44,41,12.65,3.56
ORD,2019/4/29 9:51,44,42,14.95,3.56
ORD,2019/4/29 10:51,43,41,14.95,2.03
ORD,2019/4/29 11:51,43,41,10.35,3.3
ORD,2019/4/29 12:51,43,42,12.65,8.64
ORD,2019/4/29 13:51,44,43,17.25,8.13
ORD,2019/4/29 14:12,44,43,20.7,1.27
ORD,2019/4/29 14:40,45,43,16.1,1.78
ORD,2019/4/29 14:51,45,43,18.4,2.03
ORD,2019/4/29 15:51,45,43,12.65,1.02
ORD,2019/4/29 16:06,45,43,14.95,0.76
ORD,2019/4/29 16:51,45,44,10.35,3.56
ORD,2019/4/29 17:51,46,45,9.2,3.05
ORD,2019/4/29 17:58,47,45,6.9,T
ORD,2019/4/29 18:51,47,44,6.9,T
ORD,2019/4/29 19:51,49,45,4.6,0
ORD,2019/4/29 20:51,49,46,4.6,0
ORD,2019/4/29 21:51,50,46,5.75,0
ORD,2019/4/29 22:51,50,47,5.75,0
ORD,2019/4/29 23:51,50,47,4.6,0
ORD,2019/4/30 0:51,50,47,0,0
ORD,2019/4/30 1:51,51,48,3.45,0
ORD,2019/4/30 2:51,51,47,3.45,0
ORD,2019/4/30 3:51,50,46,9.2,0
ORD,2019/4/30 4:26,47,44,9.2,0
ORD,2019/4/30 4:51,47,45,5.75,0
ORD,2019/4/30 5:51,46,44,6.9,0
ORD,2019/4/30 6:41,45,44,12.65,0
ORD,2019/4/30 6:51,44,43,16.1,0
ORD,2019/4/30 6:55,44,43,14.95,0
ORD,2019/4/30 7:04,43,43,13.8,0
ORD,2019/4/30 7:17,44,44,3.45,0
ORD,2019/4/30 7:27,44,44,0,0
ORD,2019/4/30 7:37,44,43,5.75,0
ORD,2019/4/30 7:51,44,42,5.75,0
ORD,2019/4/30 8:51,43,42,5.75,0
ORD,2019/4/30 9:40,41,40,16.1,0
ORD,2019/4/30 9:51,40,39,16.1,0
ORD,2019/4/30 10:51,38,38,13.8,0
ORD,2019/4/30 11:02,38,38,12.65,0
ORD,2019/4/30 11:51,40,38,12.65,T
ORD,2019/4/30 12:51,39,38,12.65,T
ORD,2019/4/30 13:26,40,39,8.05,0
ORD,2019/4/30 13:51,40,38,8.05,0
ORD,2019/4/30 14:51,41,39,8.05,0
ORD,2019/4/30 15:51,42,40,10.35,0.25
ORD,2019/4/30 16:44,42,41,11.5,0.25
ORD,2019/4/30 16:51,42,41,13.8,0.25
ORD,2019/4/30 16:59,42,41,12.65,T
ORD,2019/4/30 17:51,42,41,13.8,1.02
ORD,2019/4/30 18:02,42,41,12.65,T
ORD,2019/4/30 18:26,43,42,10.35,0.51
ORD,2019/4/30 18:43,43,41,11.5,1.52
ORD,2019/4/30 18:51,43,41,9.2,2.03
ORD,2019/4/30 18:59,43,41,9.2,0.25
ORD,2019/4/30 19:19,43,42,11.5,2.54
ORD,2019/4/30 19:32,43,42,9.2,3.3
ORD,2019/4/30 19:39,43,42,9.2,4.32
ORD,2019/4/30 19:45,44.6,42.8,10.35,5.08
ORD,2019/4/30 19:51,44,43,14.95,5.84
ORD,2019/4/30 20:42,44,43,11.5,4.32
ORD,2019/4/30 20:51,44,43,20.7,5.59
ORD,2019/4/30 21:04,45,44,11.5,0.76
ORD,2019/4/30 21:21,46,44,12.65,0.76
ORD,2019/4/30 21:51,46,45,11.5,1.02
ORD,2019/4/30 22:51,46,45,16.1,T
ORD,2019/4/30 23:51,46,45,12.65,T
ORD,2019/5/1 0:51,46,44,11.5,0
ORD,2019/5/1 1:51,45,43,14.95,0
ORD,2019/5/1 2:51,44,42,13.8,0
ORD,2019/5/1 3:26,44,42,14.95,0.51
ORD,2019/5/1 3:44,43,42,16.1,2.54
ORD,2019/5/1 3:51,43,42,14.95,3.05
ORD,2019/5/1 4:12,43,42,14.95,7.11
ORD,2019/5/1 4:26,43,42,14.95,8.38
ORD,2019/5/1 4:51,43,42,13.8,8.89
ORD,2019/5/1 5:03,43,42,9.2,0.76
ORD,2019/5/1 5:15,43,42,12.65,2.79
ORD,2019/5/1 5:33,43,42,12.65,3.56
ORD,2019/5/1 5:51,43,43,11.5,4.83
ORD,2019/5/1 6:51,45,44,10.35,2.54
ORD,2019/5/1 7:51,45,45,9.2,1.78
ORD,2019/5/1 8:28,46,46,10.35,0.76
ORD,2019/5/1 8:51,47,46,11.5,2.29
ORD,2019/5/1 9:08,48,47,11.5,0.51
ORD,2019/5/1 9:51,48,47,11.5,2.54
ORD,2019/5/1 10:51,50,49,9.2,4.06
ORD,2019/5/1 11:18,50,50,8.05,3.05
ORD,2019/5/1 11:29,51,50,11.5,4.57
ORD,2019/5/1 11:46,51.8,50,10.35,6.35
ORD,2019/5/1 11:51,50,50,9.2,6.35
ORD,2019/5/1 12:23,48,48,0,1.02
ORD,2019/5/1 12:33,48,47,3.45,1.02
ORD,2019/5/1 12:51,49,48,4.6,1.02
ORD,2019/5/1 13:51,53,51,6.9,0
ORD,2019/5/1 13:57,53,51,5.75,0
ORD,2019/5/1 14:51,56,53,10.35,0
ORD,2019/5/1 15:17,55,53,14.95,0
ORD,2019/5/1 15:51,55,52,10.35,0
ORD,2019/5/1 16:51,53,51,13.8,T
ORD,2019/5/1 17:31,56,51,16.1,0
ORD,2019/5/1 17:51,55,51,14.95,0
ORD,2019/5/1 18:51,56,50,10.35,0
ORD,2019/5/1 19:37,56,50,8.05,0
ORD,2019/5/1 19:51,56,50,6.9,0
ORD,2019/5/1 20:51,56,50,6.9,0
ORD,2019/5/1 21:51,57,50,4.6,0
ORD,2019/5/1 22:51,58,50,0,0
ORD,2019/5/1 23:51,58,50,0,0
ORD,2019/5/2 0:47,50,44.6,6.9,0
ORD,2019/5/2 0:51,50,44,8.05,0
ORD,2019/5/2 1:51,47,42,9.2,0
ORD,2019/5/2 2:19,45,42,9.2,0
ORD,2019/5/2 2:44,45,42,6.9,0
ORD,2019/5/2 2:51,45,42,8.05,0
ORD,2019/5/2 3:49,44.6,41,8.05,0
ORD,2019/5/2 3:51,45,41,8.05,0
ORD,2019/5/2 4:49,44.6,41,8.05,0
ORD,2019/5/2 4:51,44,41,9.2,0
ORD,2019/5/2 5:51,43,41,6.9,0
ORD,2019/5/2 6:41,43,41,8.05,0
ORD,2019/5/2 6:51,42,41,8.05,0
ORD,2019/5/2 7:51,42,41,10.35,0
ORD,2019/5/2 8:51,41,41,8.05,0
ORD,2019/5/2 9:51,41,41,9.2,0
ORD,2019/5/2 10:51,42,41,9.2,0
ORD,2019/5/2 11:51,41,41,10.35,T
ORD,2019/5/2 12:27,42,41,9.2,T
ORD,2019/5/2 12:51,42,41,9.2,T
ORD,2019/5/2 13:49,42.8,42.8,5.75,7.11
ORD,2019/5/2 13:51,42,42,6.9,7.37
ORD,2019/5/2 14:43,42,42,5.75,4.83
ORD,2019/5/2 14:51,42,42,6.9,5.84
ORD,2019/5/2 15:33,44,43,10.35,1.27
ORD,2019/5/2 15:51,45,44,12.65,1.27
ORD,2019/5/2 16:51,46,44,9.2,0
ORD,2019/5/2 17:51,47,45,12.65,0
ORD,2019/5/2 18:40,43,42,14.95,T
ORD,2019/5/2 18:51,43,42,12.65,T
ORD,2019/5/2 19:12,43,42,12.65,0.25
ORD,2019/5/2 19:33,43,42,13.8,0.25
ORD,2019/5/2 19:51,43,42,12.65,0.76
ORD,2019/5/2 20:43,43,42,12.65,T
ORD,2019/5/2 20:51,43,42,13.8,T
ORD,2019/5/2 21:18,43,42,10.35,T
ORD,2019/5/2 21:25,43,42,11.5,T
ORD,2019/5/2 21:42,43,42,14.95,T
ORD,2019/5/2 21:51,44,42,10.35,T
ORD,2019/5/2 21:58,44,42,10.35,0.25
ORD,2019/5/2 22:51,45,43,10.35,0.25
ORD,2019/5/2 23:51,45,43,13.8,0
ORD,2019/5/3 0:51,44,42,12.65,0
ORD,2019/5/3 1:51,44,43,9.2,0
ORD,2019/5/3 2:51,45,43,11.5,0
ORD,2019/5/3 3:39,45,43,9.2,0
ORD,2019/5/3 3:51,45,43,10.35,0
ORD,2019/5/3 4:14,45,43,9.2,0
ORD,2019/5/3 4:46,44.6,42.8,6.9,0
ORD,2019/5/3 4:51,45,43,5.75,0
ORD,2019/5/3 5:12,45,43,4.6,0
ORD,2019/5/3 5:47,44.6,42.8,9.2,0
ORD,2019/5/3 5:51,45,43,8.05,0
ORD,2019/5/3 6:51,45,43,8.05,0
ORD,2019/5/3 7:51,45,42,5.75,0
ORD,2019/5/3 8:51,45,42,9.2,0
ORD,2019/5/3 9:51,44,41,11.5,0
ORD,2019/5/3 10:51,41,39,9.2,0
ORD,2019/5/3 11:47,41,39.2,9.2,0
ORD,2019/5/3 11:51,41,40,8.05,0
ORD,2019/5/3 12:51,45,40,9.2,0
ORD,2019/5/3 13:51,49,41,12.65,0
ORD,2019/5/3 14:51,51,40,11.5,0
ORD,2019/5/3 15:51,52,40,13.8,0
ORD,2019/5/3 16:51,54,40,16.1,0
ORD,2019/5/3 17:51,54,39,16.1,0
ORD,2019/5/3 18:51,54,38,16.1,0
ORD,2019/5/3 19:51,54,36,14.95,0
ORD,2019/5/3 20:51,53,35,18.4,0
ORD,2019/5/3 21:51,52,36,14.95,0
ORD,2019/5/3 22:51,50,35,14.95,0
ORD,2019/5/3 23:51,48,36,12.65,0
ORD,2019/5/4 0:51,47,37,9.2,T
ORD,2019/5/4 1:51,46,37,11.5,T
ORD,2019/5/4 2:51,45,38,5.75,T
ORD,2019/5/4 3:51,44,39,4.6,0.25
ORD,2019/5/4 4:51,42,38,5.75,0
ORD,2019/5/4 5:51,41,37,5.75,0
ORD,2019/5/4 6:51,40,37,5.75,0
ORD,2019/5/4 7:51,41,37,3.45,0
ORD,2019/5/4 8:51,40,37,5.75,0
ORD,2019/5/4 9:51,40,36,4.6,0
ORD,2019/5/4 10:51,39,36,5.75,0
ORD,2019/5/4 11:51,42,38,5.75,0
ORD,2019/5/4 12:51,45,39,5.75,0
ORD,2019/5/4 13:51,50,40,3.45,0
ORD,2019/5/4 14:51,54,40,6.9,0
ORD,2019/5/4 15:51,57,40,9.2,0
ORD,2019/5/4 16:51,58,40,9.2,0
ORD,2019/5/4 17:51,60,41,5.75,0
ORD,2019/5/4 18:51,61,40,5.75,0
ORD,2019/5/4 19:51,62,39,8.05,0
ORD,2019/5/4 20:51,62,38,6.9,0
ORD,2019/5/4 21:51,63,38,6.9,0
ORD,2019/5/4 22:51,62,37,8.05,0
ORD,2019/5/4 23:51,60,37,6.9,0
ORD,2019/5/5 0:51,56,37,6.9,0
ORD,2019/5/5 1:51,55,37,3.45,0
ORD,2019/5/5 2:51,54,39,3.45,0
ORD,2019/5/5 3:51,52,38,0,0
ORD,2019/5/5 4:51,51,39,0,0
ORD,2019/5/5 5:51,49,39,0,0
ORD,2019/5/5 6:51,47,39,0,0
ORD,2019/5/5 7:51,47,38,3.45,0
ORD,2019/5/5 8:51,47,38,3.45,0
ORD,2019/5/5 9:51,47,38,0,0
ORD,2019/5/5 10:51,47,38,3.45,0
ORD,2019/5/5 11:51,48,39,3.45,0
ORD,2019/5/5 12:51,55,39,5.75,0
ORD,2019/5/5 13:51,60,41,6.9,0
ORD,2019/5/5 14:51,64,44,8.05,0
ORD,2019/5/5 15:51,65,44,12.65,0
ORD,2019/5/5 16:51,68,42,8.05,0
ORD,2019/5/5 17:51,69,43,11.5,0
ORD,2019/5/5 18:51,71,44,11.5,0
ORD,2019/5/5 19:51,72,46,10.35,0
ORD,2019/5/5 20:51,72,46,9.2,0
ORD,2019/5/5 21:51,71,47,10.35,0
ORD,2019/5/5 22:51,72,48,9.2,0
ORD,2019/5/5 23:51,71,47,10.35,0
ORD,2019/5/6 0:51,69,47,6.9,0
ORD,2019/5/6 1:51,66,47,4.6,0
ORD,2019/5/6 2:51,65,47,5.75,0
ORD,2019/5/6 3:22,61,51,14.95,0
ORD,2019/5/6 3:51,59,51,8.05,0
ORD,2019/5/6 4:51,58,51,0,0
ORD,2019/5/6 5:51,59,52,0,0
ORD,2019/5/6 6:51,57,51,0,0
ORD,2019/5/6 7:51,55,51,4.6,0
ORD,2019/5/6 8:51,57,52,0,0
ORD,2019/5/6 9:51,57,51,5.75,0
ORD,2019/5/6 10:51,58,49,9.2,0
ORD,2019/5/6 11:51,59,47,10.35,0
ORD,2019/5/6 12:51,62,47,9.2,0
ORD,2019/5/6 13:51,67,47,9.2,0
ORD,2019/5/6 14:51,66,48,9.2,0
ORD,2019/5/6 15:51,68,49,5.75,0
ORD,2019/5/6 16:51,56,45,19.55,T
ORD,2019/5/6 17:51,50,46,13.8,T
ORD,2019/5/6 18:51,51,46,12.65,T
ORD,2019/5/6 19:51,53,47,14.95,0.25
ORD,2019/5/6 20:51,55,44,9.2,0
ORD,2019/5/6 21:51,54,42,14.95,0
ORD,2019/5/6 22:51,52,41,13.8,0
ORD,2019/5/6 23:51,50,40,14.95,0
ORD,2019/5/7 0:51,49,39,13.8,0
ORD,2019/5/7 1:51,47,38,17.25,T
ORD,2019/5/7 2:51,46,38,11.5,0
ORD,2019/5/7 3:51,45,38,8.05,0
ORD,2019/5/7 4:51,46,38,10.35,0
ORD,2019/5/7 5:51,45,40,4.6,0.51
ORD,2019/5/7 6:26,44,41,12.65,3.05
ORD,2019/5/7 6:51,44,42,10.35,4.83
ORD,2019/5/7 7:51,45,42,3.45,3.81
ORD,2019/5/7 8:51,45,43,9.2,2.29
ORD,2019/5/7 9:51,45,43,12.65,0.25
ORD,2019/5/7 10:22,45,43,13.8,T
ORD,2019/5/7 10:41,45,43,13.8,T
ORD,2019/5/7 10:51,45,43,13.8,T
ORD,2019/5/7 11:51,44,42,14.95,T
ORD,2019/5/7 12:51,44,42,16.1,T
ORD,2019/5/7 13:51,45,42,14.95,0
ORD,2019/5/7 14:44,45,41,18.4,0
ORD,2019/5/7 14:51,45,42,14.95,0
ORD,2019/5/7 15:51,47,42,18.4,0
ORD,2019/5/7 16:51,47,41,19.55,0
ORD,2019/5/7 17:51,50,41,16.1,0
ORD,2019/5/7 18:51,49,40,19.55,0
ORD,2019/5/7 19:51,48,38,16.1,0
ORD,2019/5/7 20:25,50,38,19.55,0
ORD,2019/5/7 20:51,49,37,18.4,0
ORD,2019/5/7 21:13,49,36,17.25,0
ORD,2019/5/7 21:51,49,35,12.65,0
ORD,2019/5/7 22:12,48,34,14.95,0
ORD,2019/5/7 22:51,46,34,17.25,0
ORD,2019/5/7 23:51,44,33,13.8,0
ORD,2019/5/8 0:51,43,32,12.65,T
ORD,2019/5/8 1:51,43,30.9,17.25,0
ORD,2019/5/8 2:51,43,30.9,16.1,0
ORD,2019/5/8 3:51,43,30.9,13.8,0
ORD,2019/5/8 4:51,44,30.9,13.8,0
ORD,2019/5/8 5:51,46,32,11.5,0
ORD,2019/5/8 6:51,47,34,8.05,0
ORD,2019/5/8 7:51,47,37,9.2,0
ORD,2019/5/8 8:51,48,39,9.2,0
ORD,2019/5/8 9:51,48,40,9.2,T
ORD,2019/5/8 10:51,46,42,10.35,1.02
ORD,2019/5/8 11:51,46,43,13.8,0.51
ORD,2019/5/8 12:51,47,43,14.95,T
ORD,2019/5/8 13:51,47,40,12.65,0
ORD,2019/5/8 14:51,49,39,16.1,0
ORD,2019/5/8 15:51,52,38,14.95,0
ORD,2019/5/8 16:51,54,38,13.8,0
ORD,2019/5/8 17:51,54,39,17.25,0
ORD,2019/5/8 18:51,56,42,14.95,0
ORD,2019/5/8 19:51,62,46,16.1,0
ORD,2019/5/8 20:51,64,48,14.95,0
ORD,2019/5/8 21:51,65,49,11.5,0
ORD,2019/5/8 22:51,65,50,10.35,0
ORD,2019/5/8 23:51,66,52,11.5,0
ORD,2019/5/9 0:51,67,53,18.4,0
ORD,2019/5/9 1:51,68,54,14.95,0
ORD,2019/5/9 2:51,65,56,6.9,1.02
ORD,2019/5/9 3:51,62,57,9.2,0.76
ORD,2019/5/9 4:51,60,56,6.9,0.76
ORD,2019/5/9 5:09,60,57,0,1.52
ORD,2019/5/9 5:51,59,58,4.6,3.81
ORD,2019/5/9 6:07,59,58,3.45,0.51
ORD,2019/5/9 6:24,59,58,4.6,0.51
ORD,2019/5/9 6:41,59,59,3.45,1.52
ORD,2019/5/9 6:51,59,59,0,3.3
ORD,2019/5/9 7:23,60,59,5.75,4.32
ORD,2019/5/9 7:51,60,60,6.9,6.1
ORD,2019/5/9 8:21,60,60,5.75,1.02
ORD,2019/5/9 8:51,60,60,0,5.08
ORD,2019/5/9 9:36,60,59,9.2,4.32
ORD,2019/5/9 9:51,60,59,8.05,4.57
ORD,2019/5/9 10:21,59,59,5.75,0.76
ORD,2019/5/9 10:51,59,59,4.6,1.27
ORD,2019/5/9 11:09,59,59,3.45,T
ORD,2019/5/9 11:18,59,59,4.6,T
ORD,2019/5/9 11:48,60.8,59,4.6,T
ORD,2019/5/9 11:51,60,59,5.75,T
ORD,2019/5/9 12:22,62,61,5.75,0
ORD,2019/5/9 12:47,62.6,62.6,6.9,0
ORD,2019/5/9 12:51,63,62,10.35,0
ORD,2019/5/9 13:02,64,63,10.35,0
ORD,2019/5/9 13:51,65,62,12.65,0
ORD,2019/5/9 14:51,65,61,13.8,0
ORD,2019/5/9 15:17,66,61,11.5,0
ORD,2019/5/9 15:51,67,60,16.1,0
ORD,2019/5/9 16:51,65,58,12.65,0
ORD,2019/5/9 17:51,61,54,20.7,0
ORD,2019/5/9 18:51,58,50,21.85,0
ORD,2019/5/9 19:51,57,47,21.85,0
ORD,2019/5/9 20:14,56,47,16.1,0
ORD,2019/5/9 20:51,56,46,16.1,0
ORD,2019/5/9 21:51,54,45,13.8,0
ORD,2019/5/9 22:51,53,43,13.8,0
ORD,2019/5/9 23:51,52,42,13.8,0
ORD,2019/5/10 0:51,51,42,12.65,0
ORD,2019/5/10 1:43,50,42,11.5,0
ORD,2019/5/10 1:51,50,42,11.5,0
ORD,2019/5/10 2:51,49,40,11.5,0
ORD,2019/5/10 3:51,49,40,11.5,0
ORD,2019/5/10 4:51,47,40,9.2,0
ORD,2019/5/10 5:43,46,39,9.2,0
ORD,2019/5/10 5:51,46,39,6.9,0
ORD,2019/5/10 6:51,46,39,10.35,0
ORD,2019/5/10 7:51,45,39,8.05,0
ORD,2019/5/10 8:51,45,39,11.5,0
ORD,2019/5/10 9:04,44,40,11.5,0
ORD,2019/5/10 9:41,44,39,9.2,0
ORD,2019/5/10 9:51,44,39,10.35,0
ORD,2019/5/10 10:23,44,38,6.9,0
ORD,2019/5/10 10:51,45,36,10.35,0
ORD,2019/5/10 11:51,44,35,8.05,0
ORD,2019/5/10 12:02,44,35,9.2,0
ORD,2019/5/10 12:51,45,35,11.5,0
ORD,2019/5/10 13:51,48,36,9.2,0
ORD,2019/5/10 14:51,49,34,12.65,0
ORD,2019/5/10 15:51,53,38,6.9,0
ORD,2019/5/10 16:51,54,37,14.95,0
ORD,2019/5/10 17:51,55,37,9.2,0
ORD,2019/5/10 18:51,56,37,6.9,0
ORD,2019/5/10 19:51,55,38,10.35,0
ORD,2019/5/10 20:51,54,38,8.05,0
ORD,2019/5/10 21:51,55,38,6.9,0
ORD,2019/5/10 22:51,55,37,8.05,0
ORD,2019/5/10 23:51,53,37,10.35,0
ORD,2019/5/11 0:51,48,35,9.2,0
ORD,2019/5/11 1:51,46,35,6.9,0
ORD,2019/5/11 2:51,45,35,5.75,0
ORD,2019/5/11 3:51,45,35,4.6,0
ORD,2019/5/11 4:51,44,35,3.45,0
ORD,2019/5/11 5:51,44,36,3.45,0
ORD,2019/5/11 6:51,45,37,3.45,0
ORD,2019/5/11 7:51,46,37,3.45,0
ORD,2019/5/11 8:51,47,38,3.45,0
ORD,2019/5/11 9:51,47,38,3.45,0
ORD,2019/5/11 10:51,47,37,5.75,0
ORD,2019/5/11 11:51,48,36,6.9,0
ORD,2019/5/11 12:51,47,37,11.5,T
ORD,2019/5/11 13:51,49,35,11.5,T
ORD,2019/5/11 14:51,51,35,9.2,0
ORD,2019/5/11 15:51,53,34,11.5,0
ORD,2019/5/11 16:51,52,34,8.05,0
ORD,2019/5/11 17:51,51,36,8.05,0
ORD,2019/5/11 18:51,49,37,6.9,T
ORD,2019/5/11 19:51,47,38,8.05,0.76
ORD,2019/5/11 20:51,46,39,10.35,1.27
ORD,2019/5/11 21:51,46,39,10.35,0.51
ORD,2019/5/11 22:51,46,40,11.5,0.51
ORD,2019/5/11 23:51,45,39,11.5,T
ORD,2019/5/12 0:51,44,38,11.5,0
ORD,2019/5/12 1:51,44,38,12.65,0
ORD,2019/5/12 2:51,45,37,10.35,0
ORD,2019/5/12 3:51,44,37,12.65,0
ORD,2019/5/12 4:51,44,38,6.9,0
ORD,2019/5/12 5:51,45,39,6.9,0
ORD,2019/5/12 6:51,45,38,9.2,0
ORD,2019/5/12 7:51,43,39,10.35,0
ORD,2019/5/12 8:51,43,38,9.2,0
ORD,2019/5/12 9:51,42,38,10.35,0
ORD,2019/5/12 10:51,43,38,9.2,0
ORD,2019/5/12 11:51,44,37,11.5,0
ORD,2019/5/12 12:51,44,36,11.5,0
ORD,2019/5/12 13:51,45,37,13.8,0
ORD,2019/5/12 14:51,46,37,11.5,0
ORD,2019/5/12 15:51,49,38,12.65,0
ORD,2019/5/12 16:51,51,38,13.8,0
ORD,2019/5/12 17:51,52,37,11.5,0
ORD,2019/5/12 18:51,52,38,16.1,0
ORD,2019/5/12 19:51,51,37,14.95,0
ORD,2019/5/12 20:51,50,36,14.95,0
ORD,2019/5/12 21:51,49,36,13.8,0
ORD,2019/5/12 22:51,49,37,12.65,T
ORD,2019/5/12 23:51,46,38,13.8,T
ORD,2019/5/13 0:51,43,34,9.2,1.02
ORD,2019/5/13 1:51,42,35,11.5,0.25
ORD,2019/5/13 2:51,42,36,8.05,T
ORD,2019/5/13 3:51,43,37,5.75,T
ORD,2019/5/13 4:51,44,38,6.9,0
ORD,2019/5/13 5:51,44,39,8.05,0
ORD,2019/5/13 6:51,44,38,6.9,0
ORD,2019/5/13 7:51,44,36,6.9,0
ORD,2019/5/13 8:51,44,36,6.9,0
ORD,2019/5/13 9:51,43,35,5.75,0
ORD,2019/5/13 10:51,44,36,5.75,0
ORD,2019/5/13 11:51,46,37,4.6,0
ORD,2019/5/13 12:51,48,38,6.9,0
ORD,2019/5/13 13:51,52,40,5.75,0
ORD,2019/5/13 14:51,54,40,9.2,0
ORD,2019/5/13 15:51,56,38,9.2,0
ORD,2019/5/13 16:51,59,39,8.05,0
ORD,2019/5/13 17:51,59,40,11.5,0
ORD,2019/5/13 18:51,60,39,10.35,0
ORD,2019/5/13 19:51,60,40,11.5,0
ORD,2019/5/13 20:51,59,39,12.65,0
ORD,2019/5/13 21:51,59,39,10.35,0
ORD,2019/5/13 22:51,57,38,10.35,0
ORD,2019/5/13 23:51,55,36,12.65,0
ORD,2019/5/14 0:51,52,36,8.05,0
ORD,2019/5/14 1:51,49,37,5.75,0
ORD,2019/5/14 2:51,48,37,5.75,0
ORD,2019/5/14 3:51,48,36,0,0
ORD,2019/5/14 4:51,46,37,0,0
ORD,2019/5/14 5:51,44,38,0,0
ORD,2019/5/14 6:51,43,37,0,0
ORD,2019/5/14 7:51,42,37,0,0
ORD,2019/5/14 8:51,42,37,3.45,0
ORD,2019/5/14 9:51,41,37,0,0
ORD,2019/5/14 10:51,42,38,3.45,0
ORD,2019/5/14 11:51,45,40,3.45,0
ORD,2019/5/14 12:51,52,39,3.45,0
ORD,2019/5/14 13:51,57,37,3.45,0
ORD,2019/5/14 14:51,61,39,0,0
ORD,2019/5/14 15:51,65,39,0,0
ORD,2019/5/14 16:51,66,38,0,0
ORD,2019/5/14 17:51,67,36,8.05,0
ORD,2019/5/14 18:51,69,38,5.75,0
ORD,2019/5/14 19:51,69,37,9.2,0
ORD,2019/5/14 20:51,67,36,8.05,0
ORD,2019/5/14 21:51,68,35,9.2,0
ORD,2019/5/14 22:51,65,33,12.65,0
ORD,2019/5/14 23:51,64,33,12.65,0
ORD,2019/5/15 0:51,62,32,10.35,0
ORD,2019/5/15 1:51,59,33,6.9,0
ORD,2019/5/15 2:51,59,33,3.45,0
ORD,2019/5/15 3:51,58,34,3.45,0
ORD,2019/5/15 4:51,56,35,4.6,0
ORD,2019/5/15 5:51,56,35,6.9,0
ORD,2019/5/15 6:51,55,40,6.9,0
ORD,2019/5/15 7:51,53,44,5.75,0
ORD,2019/5/15 8:51,53,45,0,0
ORD,2019/5/15 9:51,51,45,0,0
ORD,2019/5/15 10:51,52,46,0,0
ORD,2019/5/15 11:51,55,48,0,0
ORD,2019/5/15 12:51,62,48,3.45,0
ORD,2019/5/15 13:51,63,46,5.75,0
ORD,2019/5/15 14:51,65,46,4.6,0
ORD,2019/5/15 15:51,68,48,8.05,0
ORD,2019/5/15 16:51,70,48,3.45,0
ORD,2019/5/15 17:51,70,49,3.45,0
ORD,2019/5/15 18:51,71,47,5.75,0
ORD,2019/5/15 19:51,72,46,6.9,0
ORD,2019/5/15 20:51,74,46,8.05,0
ORD,2019/5/15 21:51,74,47,8.05,0
ORD,2019/5/15 22:51,73,46,9.2,0
ORD,2019/5/15 23:51,73,46,8.05,0
ORD,2019/5/16 0:51,72,47,8.05,0
ORD,2019/5/16 1:51,69,48,4.6,0
ORD,2019/5/16 2:51,67,48,5.75,0
ORD,2019/5/16 3:51,66,49,5.75,0
ORD,2019/5/16 4:51,64,49,6.9,0
ORD,2019/5/16 5:51,63,50,6.9,0
ORD,2019/5/16 6:51,62,50,6.9,0
ORD,2019/5/16 7:51,61,50,6.9,0
ORD,2019/5/16 8:51,62,50,10.35,0
ORD,2019/5/16 9:51,61,50,6.9,0
ORD,2019/5/16 10:51,60,52,10.35,0
ORD,2019/5/16 11:51,62,55,13.8,0
ORD,2019/5/16 12:51,65,57,14.95,0
ORD,2019/5/16 13:51,67,57,14.95,0
ORD,2019/5/16 14:51,68,56,13.8,0
ORD,2019/5/16 15:51,69,57,8.05,0
ORD,2019/5/16 16:51,68,60,13.8,T
ORD,2019/5/16 16:54,67,60,13.8,T
ORD,2019/5/16 17:03,65,60,17.25,0.51
ORD,2019/5/16 17:08,64,60,12.65,1.02
ORD,2019/5/16 17:18,63,61,3.45,2.79
ORD,2019/5/16 17:31,63,62,4.6,3.05
ORD,2019/5/16 17:38,64,61,5.75,3.3
ORD,2019/5/16 17:51,63,61,8.05,3.81
ORD,2019/5/16 17:55,63,61,9.2,0.51
ORD,2019/5/16 18:01,63,61,10.35,0.76
ORD,2019/5/16 18:51,64,59,11.5,1.27
ORD,2019/5/16 19:51,67,60,13.8,0
ORD,2019/5/16 20:51,68,61,8.05,0
ORD,2019/5/16 21:51,72,63,9.2,0
ORD,2019/5/16 22:51,76,63,9.2,0
ORD,2019/5/16 23:51,75,63,9.2,0
ORD,2019/5/17 0:51,73,63,8.05,0
ORD,2019/5/17 1:51,71,64,4.6,T
ORD,2019/5/17 2:51,70,64,5.75,T
ORD,2019/5/17 3:51,69,63,3.45,0
ORD,2019/5/17 4:51,69,64,3.45,0
ORD,2019/5/17 5:36,67,64,0,0
ORD,2019/5/17 5:46,69.8,62.6,25.3,T
ORD,2019/5/17 5:51,66.2,60.8,14.95,5.08
ORD,2019/5/17 5:55,66,60,12.65,1.02
ORD,2019/5/17 6:14,64,60,5.75,1.02
ORD,2019/5/17 6:24,64,60,3.45,1.27
ORD,2019/5/17 6:51,64,60,5.75,1.27
ORD,2019/5/17 7:51,67,62,8.05,T
ORD,2019/5/17 8:49,57.2,55.4,12.65,0
ORD,2019/5/17 8:51,57,55,13.8,0
ORD,2019/5/17 9:28,55,52,16.1,0
ORD,2019/5/17 9:51,55,50,14.95,0
ORD,2019/5/17 10:13,54,49,13.8,0
ORD,2019/5/17 10:51,53,46,13.8,0
ORD,2019/5/17 11:51,53,44,16.1,0
ORD,2019/5/17 12:51,51,43,21.85,0
ORD,2019/5/17 13:51,51,42,9.2,0
ORD,2019/5/17 14:43,51,40,10.35,0
ORD,2019/5/17 14:51,51,40,10.35,0
ORD,2019/5/17 15:17,50,40,16.1,0
ORD,2019/5/17 15:51,49,40,11.5,0
ORD,2019/5/17 16:51,50,40,11.5,T
ORD,2019/5/17 17:18,50,41,10.35,T
ORD,2019/5/17 17:44,50,42,11.5,T
ORD,2019/5/17 17:51,49,42,16.1,T
ORD,2019/5/17 18:51,49,40,16.1,0.25
ORD,2019/5/17 19:51,49,39,14.95,0
ORD,2019/5/17 20:51,50,39,11.5,0
ORD,2019/5/17 21:51,48,37,13.8,0
ORD,2019/5/17 22:51,47,36,12.65,0
ORD,2019/5/17 23:51,46,36,12.65,0
ORD,2019/5/18 0:51,47,35,11.5,0
ORD,2019/5/18 1:51,45,39,14.95,1.02
ORD,2019/5/18 2:51,46,39,9.2,0
ORD,2019/5/18 3:51,46,38,8.05,0
ORD,2019/5/18 4:51,45,38,9.2,0
ORD,2019/5/18 5:51,45,38,8.05,0
ORD,2019/5/18 6:51,44,38,6.9,0
ORD,2019/5/18 7:51,44,39,11.5,0
ORD,2019/5/18 8:51,44,39,8.05,0
ORD,2019/5/18 9:39,45,39,5.75,0
ORD,2019/5/18 9:51,45,40,5.75,0
ORD,2019/5/18 10:44,46,40,6.9,0
ORD,2019/5/18 10:51,46,40,6.9,0
ORD,2019/5/18 11:51,47,42,6.9,0
ORD,2019/5/18 12:13,48,42,4.6,0
ORD,2019/5/18 12:51,50,44,4.6,0
ORD,2019/5/18 13:51,57,50,6.9,0
ORD,2019/5/18 14:51,64,54,5.75,0
ORD,2019/5/18 15:51,73,58,8.05,0
ORD,2019/5/18 16:51,78,60,6.9,0
ORD,2019/5/18 17:51,79,60,8.05,0
ORD,2019/5/18 18:51,78,62,6.9,0
ORD,2019/5/18 19:20,73,58,12.65,T
ORD,2019/5/18 19:37,69,62,16.1,0.25
ORD,2019/5/18 19:46,68,62.6,6.9,3.81
ORD,2019/5/18 19:51,67,63,4.6,4.57
ORD,2019/5/18 19:56,68,62,4.6,0.51
ORD,2019/5/18 19:59,68,62,6.9,0.51
ORD,2019/5/18 20:12,67,64,5.75,1.27
ORD,2019/5/18 20:35,66,63,11.5,2.54
ORD,2019/5/18 20:44,66,63,9.2,3.05
ORD,2019/5/18 20:51,66,62,10.35,3.56
ORD,2019/5/18 21:35,65,62,14.95,2.29
ORD,2019/5/18 21:51,65,62,12.65,2.29
ORD,2019/5/18 22:51,67,62,10.35,T
ORD,2019/5/18 23:51,69,63,0,0
ORD,2019/5/19 0:51,66,62,6.9,0
ORD,2019/5/19 1:51,65,62,5.75,0
ORD,2019/5/19 2:51,63,60,4.6,0
ORD,2019/5/19 3:51,56,54,10.35,0
ORD,2019/5/19 4:51,50,49,10.35,0
ORD,2019/5/19 5:02,50,49,10.35,0
ORD,2019/5/19 5:35,49,47,10.35,0
ORD,2019/5/19 5:51,48,47,10.35,0
ORD,2019/5/19 6:32,47,46,9.2,0
ORD,2019/5/19 6:49,46.4,46.4,6.9,0
ORD,2019/5/19 6:51,47,46,8.05,0
ORD,2019/5/19 7:03,48,47,8.05,T
ORD,2019/5/19 7:51,49,48,6.9,1.02
ORD,2019/5/19 8:51,51,49,3.45,T
ORD,2019/5/19 9:51,52,50,3.45,0.51
ORD,2019/5/19 10:21,53,52,3.45,0.25
ORD,2019/5/19 10:44,54,53,0,0.25
ORD,2019/5/19 10:51,54,53,0,0.25
ORD,2019/5/19 11:51,66,61,11.5,0
ORD,2019/5/19 12:51,69,60,14.95,0
ORD,2019/5/19 13:16,68,60,17.25,0
ORD,2019/5/19 13:51,67,60,17.25,T
ORD,2019/5/19 14:51,67,60,14.95,T
ORD,2019/5/19 15:51,68,61,20.7,T
ORD,2019/5/19 16:42,70,61,21.85,0
ORD,2019/5/19 16:51,71,61,16.1,0
ORD,2019/5/19 17:19,70,60,14.95,0
ORD,2019/5/19 17:42,72,61,16.1,0
ORD,2019/5/19 17:51,73,61,12.65,0
ORD,2019/5/19 18:35,70,60,16.1,T
ORD,2019/5/19 18:51,73,59,19.55,T
ORD,2019/5/19 19:51,73,55,24.15,T
ORD,2019/5/19 20:51,72,57,25.3,0
ORD,2019/5/19 21:51,71,55,20.7,0
ORD,2019/5/19 22:51,69,54,23,0
ORD,2019/5/19 23:51,66,54,18.4,0
ORD,2019/5/20 0:51,65,54,14.95,0
ORD,2019/5/20 1:51,62,52,17.25,0
ORD,2019/5/20 2:51,60,51,11.5,0
ORD,2019/5/20 3:15,59,51,9.2,0
ORD,2019/5/20 3:23,59,51,12.65,0
ORD,2019/5/20 3:51,58,50,17.25,0
ORD,2019/5/20 3:59,58,49,17.25,0
ORD,2019/5/20 4:19,57,48,16.1,0
ORD,2019/5/20 4:51,56,48,13.8,0
ORD,2019/5/20 5:51,54,48,13.8,0
ORD,2019/5/20 6:42,52,45,9.2,T
ORD,2019/5/20 6:51,53,44,12.65,T
ORD,2019/5/20 7:16,53,43,16.1,0
ORD,2019/5/20 7:51,52,42,17.25,0
ORD,2019/5/20 8:01,52,43,10.35,0
ORD,2019/5/20 8:51,52,43,9.2,0
ORD,2019/5/20 9:51,50,41,12.65,0
ORD,2019/5/20 9:59,50,41,11.5,0
ORD,2019/5/20 10:51,48,41,17.25,0
ORD,2019/5/20 11:51,48,40,11.5,0
ORD,2019/5/20 12:46,46.4,39.2,12.65,0
ORD,2019/5/20 12:51,47,38,16.1,0
ORD,2019/5/20 13:51,48,37,16.1,0
ORD,2019/5/20 14:13,48,38,12.65,0
ORD,2019/5/20 14:51,48,38,12.65,0
ORD,2019/5/20 15:51,48,38,9.2,0
ORD,2019/5/20 16:51,50,38,11.5,0
ORD,2019/5/20 17:19,51,38,11.5,0
ORD,2019/5/20 17:51,51,39,9.2,0
ORD,2019/5/20 18:51,52,39,10.35,0
ORD,2019/5/20 19:51,53,39,9.2,0
ORD,2019/5/20 20:51,56,39,8.05,0
ORD,2019/5/20 21:51,52,39,12.65,0
ORD,2019/5/20 22:51,52,39,8.05,0
ORD,2019/5/20 23:51,51,37,8.05,0
ORD,2019/5/21 0:51,49,36,9.2,0
ORD,2019/5/21 1:51,48,35,10.35,0
ORD,2019/5/21 2:51,48,35,6.9,0
ORD,2019/5/21 3:51,47,35,4.6,0
ORD,2019/5/21 4:51,47,35,3.45,0
ORD,2019/5/21 5:51,47,35,5.75,0
ORD,2019/5/21 6:51,47,36,6.9,0
ORD,2019/5/21 7:51,47,36,14.95,0
ORD,2019/5/21 8:51,48,36,10.35,0
ORD,2019/5/21 9:51,47,37,11.5,T
ORD,2019/5/21 10:51,47,38,13.8,T
ORD,2019/5/21 11:51,47,41,11.5,0.25
ORD,2019/5/21 12:51,48,43,16.1,0.51
ORD,2019/5/21 13:42,48,43,13.8,T
ORD,2019/5/21 13:51,48,43,17.25,T
ORD,2019/5/21 14:51,50,42,12.65,0
ORD,2019/5/21 15:51,49,44,12.65,0.25
ORD,2019/5/21 16:51,48,44,12.65,0.25
ORD,2019/5/21 16:58,48,44,12.65,T
ORD,2019/5/21 17:10,48,45,13.8,T
ORD,2019/5/21 17:22,47,45,14.95,0.25
ORD,2019/5/21 17:41,48,45,13.8,0.25
ORD,2019/5/21 17:51,48,45,16.1,0.25
ORD,2019/5/21 18:51,49,45,14.95,0
ORD,2019/5/21 19:51,51,43,19.55,0
ORD,2019/5/21 20:51,51,40,23,0
ORD,2019/5/21 21:51,52,40,17.25,0
ORD,2019/5/21 22:51,51,41,17.25,0
ORD,2019/5/21 23:51,51,41,17.25,0
ORD,2019/5/22 0:51,53,41,18.4,0
ORD,2019/5/22 1:51,53,41,13.8,0
ORD,2019/5/22 2:51,54,41,23,0
ORD,2019/5/22 3:51,54,41,21.85,0
ORD,2019/5/22 4:51,54,41,17.25,T
ORD,2019/5/22 5:20,54,42,14.95,T
ORD,2019/5/22 5:35,52,45,6.9,1.52
ORD,2019/5/22 5:39,51,45,0,2.79
ORD,2019/5/22 5:49,50,46.4,4.6,6.35
ORD,2019/5/22 5:58,50,48,4.6,0.51
ORD,2019/5/22 6:04,50,48,0,1.52
ORD,2019/5/22 6:22,50,48,3.45,5.59
ORD,2019/5/22 6:51,50,48,3.45,7.62
ORD,2019/5/22 7:14,50,48,5.75,1.27
ORD,2019/5/22 7:27,50,49,6.9,3.81
ORD,2019/5/22 7:43,50,49,10.35,5.33
ORD,2019/5/22 7:51,50,49,14.95,5.59
ORD,2019/5/22 8:07,50,49,16.1,0.25
ORD,2019/5/22 8:51,51,49,21.85,0.51
ORD,2019/5/22 9:15,52,50,10.35,0.25
ORD,2019/5/22 9:51,52,50,11.5,0.25
ORD,2019/5/22 10:16,52,50,13.8,0
ORD,2019/5/22 10:51,52,50,5.75,0
ORD,2019/5/22 11:01,53,50,6.9,0
ORD,2019/5/22 11:51,53,51,8.05,0
ORD,2019/5/22 12:33,54,52,6.9,0
ORD,2019/5/22 12:51,55,53,5.75,0
ORD,2019/5/22 13:51,59,56,8.05,0
ORD,2019/5/22 14:06,60,56,11.5,0
ORD,2019/5/22 14:44,63,57,16.1,0
ORD,2019/5/22 14:51,64,57,16.1,0
ORD,2019/5/22 15:51,69,58,18.4,0
ORD,2019/5/22 16:51,72,59,16.1,0
ORD,2019/5/22 17:51,74,58,18.4,0
ORD,2019/5/22 18:51,78,56,14.95,0
ORD,2019/5/22 19:51,81,55,14.95,0
ORD,2019/5/22 20:51,81,54,24.15,0
ORD,2019/5/22 21:51,82,55,17.25,0
ORD,2019/5/22 22:51,81,54,24.15,0
ORD,2019/5/22 23:51,80,56,18.4,0
ORD,2019/5/23 0:51,78,60,14.95,0
ORD,2019/5/23 1:51,76,61,14.95,0
ORD,2019/5/23 2:51,75,62,17.25,0
ORD,2019/5/23 3:51,73,63,23,0
ORD,2019/5/23 4:51,70,65,12.65,1.02
ORD,2019/5/23 5:51,69,65,8.05,0.51
ORD,2019/5/23 6:34,70,66,11.5,0.51
ORD,2019/5/23 6:49,69.8,66.2,10.35,1.78
ORD,2019/5/23 6:51,70,66,10.35,1.78
ORD,2019/5/23 7:11,70,66,11.5,T
ORD,2019/5/23 7:51,69,66,13.8,T
ORD,2019/5/23 8:09,69,66,12.65,T
ORD,2019/5/23 8:51,68,66,10.35,0.25
ORD,2019/5/23 9:09,68,65,14.95,0
ORD,2019/5/23 9:51,66,59,10.35,0
ORD,2019/5/23 10:51,63,57,6.9,0
ORD,2019/5/23 11:51,63,57,8.05,0
ORD,2019/5/23 12:51,64,51,11.5,0
ORD,2019/5/23 13:51,66,48,14.95,0
ORD,2019/5/23 14:51,67,45,19.55,0
ORD,2019/5/23 15:51,68,46,13.8,0
ORD,2019/5/23 16:51,69,49,16.1,0
ORD,2019/5/23 17:51,70,48,19.55,0
ORD,2019/5/23 18:51,71,50,16.1,0
ORD,2019/5/23 19:51,73,50,13.8,0
ORD,2019/5/23 20:51,73,48,18.4,0
ORD,2019/5/23 21:51,74,50,16.1,0
ORD,2019/5/23 22:51,73,49,12.65,0
ORD,2019/5/23 23:51,73,49,9.2,0
ORD,2019/5/24 0:51,71,50,6.9,0
ORD,2019/5/24 1:51,68,51,5.75,0
ORD,2019/5/24 2:51,67,51,3.45,0
ORD,2019/5/24 3:51,63,52,3.45,0
ORD,2019/5/24 4:51,62,52,0,0
ORD,2019/5/24 5:51,63,51,9.2,0
ORD,2019/5/24 6:51,61,48,8.05,0
ORD,2019/5/24 7:51,60,48,6.9,0
ORD,2019/5/24 8:51,60,48,8.05,0
ORD,2019/5/24 9:51,59,47,4.6,0
ORD,2019/5/24 9:59,60,47,4.6,0
ORD,2019/5/24 10:08,59,48,6.9,T
ORD,2019/5/24 10:51,55,51,12.65,2.54
ORD,2019/5/24 11:14,55,52,12.65,0.51
ORD,2019/5/24 11:36,54,52,8.05,1.78
ORD,2019/5/24 11:51,54,52,4.6,3.3
ORD,2019/5/24 12:43,55,52,12.65,0.25
ORD,2019/5/24 12:51,54,52,9.2,0.25
ORD,2019/5/24 13:51,56,52,10.35,0.25
ORD,2019/5/24 14:51,59,52,11.5,0
ORD,2019/5/24 15:51,60,52,8.05,0
ORD,2019/5/24 16:51,63,53,4.6,0
ORD,2019/5/24 17:51,61,54,12.65,0
ORD,2019/5/24 18:51,63,55,10.35,T
ORD,2019/5/24 19:51,65,55,10.35,0
ORD,2019/5/24 20:51,64,55,10.35,0
ORD,2019/5/24 21:51,65,55,5.75,0
ORD,2019/5/24 22:51,69,57,3.45,0
ORD,2019/5/24 23:51,71,60,5.75,0
ORD,2019/5/25 0:51,69,58,6.9,0
ORD,2019/5/25 1:51,67,58,4.6,0
ORD,2019/5/25 2:51,68,60,3.45,0
ORD,2019/5/25 3:32,68,62,0,0.25
ORD,2019/5/25 3:47,68,62.6,4.6,0.25
ORD,2019/5/25 3:51,67,63,4.6,0.25
ORD,2019/5/25 4:51,69,66,6.9,T
ORD,2019/5/25 5:51,75,68,11.5,T
ORD,2019/5/25 6:51,75,67,10.35,0
ORD,2019/5/25 7:51,75,66,11.5,0
ORD,2019/5/25 8:51,74,65,13.8,0
ORD,2019/5/25 9:51,71,65,6.9,0
ORD,2019/5/25 10:51,71,64,9.2,0
ORD,2019/5/25 11:51,72,63,11.5,0
ORD,2019/5/25 12:51,73,62,11.5,0
ORD,2019/5/25 13:51,73,60,11.5,0
ORD,2019/5/25 14:51,76,61,16.1,0
ORD,2019/5/25 15:51,73,60,14.95,0
ORD,2019/5/25 16:51,74,62,16.1,0
ORD,2019/5/25 17:25,75,63,16.1,0
ORD,2019/5/25 17:51,76,63,11.5,0
ORD,2019/5/25 18:51,76,63,16.1,0
ORD,2019/5/25 19:51,78,63,14.95,0
ORD,2019/5/25 20:51,80,62,16.1,0
ORD,2019/5/25 21:51,81,63,18.4,0
ORD,2019/5/25 22:51,80,64,11.5,0
ORD,2019/5/25 23:51,79,64,12.65,0
ORD,2019/5/26 0:51,78,64,9.2,0
ORD,2019/5/26 1:51,75,64,6.9,0
ORD,2019/5/26 2:51,73,64,4.6,0
ORD,2019/5/26 3:51,72,64,4.6,0
ORD,2019/5/26 4:51,72,64,6.9,0
ORD,2019/5/26 5:51,71,64,5.75,0
ORD,2019/5/26 6:51,72,64,5.75,0
ORD,2019/5/26 7:51,70,60,9.2,0
ORD,2019/5/26 8:51,69,60,8.05,0
ORD,2019/5/26 9:51,68,59,6.9,0
ORD,2019/5/26 10:51,68,59,0,0
ORD,2019/5/26 11:21,66,53,10.35,0
ORD,2019/5/26 11:51,66,50,9.2,T
ORD,2019/5/26 12:51,65,50,6.9,T
ORD,2019/5/26 13:51,65,51,10.35,T
ORD,2019/5/26 14:51,63,52,3.45,T
ORD,2019/5/26 15:51,64,52,3.45,T
ORD,2019/5/26 16:12,64,52,0,0
ORD,2019/5/26 16:51,65,53,3.45,0
ORD,2019/5/26 17:51,70,53,4.6,0
ORD,2019/5/26 18:51,71,53,0,0
ORD,2019/5/26 19:51,72,54,0,0
ORD,2019/5/26 20:51,72,55,8.05,0
ORD,2019/5/26 21:51,73,55,9.2,0
ORD,2019/5/26 22:51,68,54,13.8,0
ORD,2019/5/26 23:51,65,51,10.35,0
ORD,2019/5/27 0:51,61,48,9.2,0
ORD,2019/5/27 1:51,59,47,6.9,0
ORD,2019/5/27 2:51,58,46,5.75,0
ORD,2019/5/27 3:51,56,45,4.6,0
ORD,2019/5/27 4:51,54,45,3.45,0
ORD,2019/5/27 5:51,56,45,0,0
ORD,2019/5/27 6:51,55,45,0,0
ORD,2019/5/27 7:51,55,45,3.45,0
ORD,2019/5/27 8:51,53,45,4.6,0
ORD,2019/5/27 9:51,53,46,3.45,0
ORD,2019/5/27 10:51,54,46,3.45,0
ORD,2019/5/27 11:51,56,48,3.45,0
ORD,2019/5/27 12:51,60,48,5.75,0
ORD,2019/5/27 13:51,64,48,8.05,0
ORD,2019/5/27 14:51,68,51,8.05,0
ORD,2019/5/27 15:51,71,56,8.05,0
ORD,2019/5/27 16:51,73,60,9.2,0
ORD,2019/5/27 17:51,72,59,11.5,0
ORD,2019/5/27 18:11,71,57,12.65,T
ORD,2019/5/27 18:31,67,58,10.35,0.76
ORD,2019/5/27 18:34,65,59,12.65,2.29
ORD,2019/5/27 18:44,64,59,12.65,5.08
ORD,2019/5/27 18:51,63,59,14.95,5.59
ORD,2019/5/27 19:02,61,58,17.25,1.02
ORD,2019/5/27 19:06,61,58,20.7,2.29
ORD,2019/5/27 19:16,61,59,11.5,8.13
ORD,2019/5/27 19:48,62.6,62.6,11.5,25.15
ORD,2019/5/27 19:51,64,63,17.25,25.15
ORD,2019/5/27 20:02,65,63,24.15,T
ORD,2019/5/27 20:51,66,63,13.8,T
ORD,2019/5/27 21:51,65,63,13.8,0.51
ORD,2019/5/27 22:13,65,63,12.65,0.51
ORD,2019/5/27 22:23,65,63,11.5,1.02
ORD,2019/5/27 22:31,65,64,10.35,6.1
ORD,2019/5/27 22:39,65,64,6.9,7.37
ORD,2019/5/27 22:43,65,64,5.75,8.89
ORD,2019/5/27 22:51,66,66,5.75,17.02
ORD,2019/5/27 22:59,66,65,4.6,0.25
ORD,2019/5/27 23:07,67,65,3.45,0.51
ORD,2019/5/27 23:51,67,65,5.75,0.51
ORD,2019/5/28 0:51,66,64,6.9,0
ORD,2019/5/28 1:51,67,65,6.9,0
ORD,2019/5/28 2:51,68,66,8.05,T
ORD,2019/5/28 3:51,71,67,8.05,0
ORD,2019/5/28 4:51,71,66,8.05,0
ORD,2019/5/28 5:51,70,65,6.9,0
ORD,2019/5/28 6:51,69,65,6.9,0
ORD,2019/5/28 7:51,69,66,6.9,0
ORD,2019/5/28 8:51,68,65,9.2,0
ORD,2019/5/28 9:24,68,66,9.2,0
ORD,2019/5/28 9:41,68,66,10.35,0
ORD,2019/5/28 9:51,68,66,6.9,0
ORD,2019/5/28 10:51,67,65,6.9,0
ORD,2019/5/28 11:51,66,60,11.5,0
ORD,2019/5/28 12:51,65,59,8.05,0
ORD,2019/5/28 13:51,67,59,8.05,0
ORD,2019/5/28 14:51,66,58,8.05,0
ORD,2019/5/28 15:51,63,56,6.9,0
ORD,2019/5/28 16:51,63,56,9.2,0
ORD,2019/5/28 17:51,59,53,11.5,0
ORD,2019/5/28 18:19,58,52,8.05,0
ORD,2019/5/28 18:51,58,52,8.05,0
ORD,2019/5/28 19:47,59,53.6,11.5,T
ORD,2019/5/28 19:51,59,53,11.5,T
ORD,2019/5/28 20:01,58,54,21.85,0.25
ORD,2019/5/28 20:18,57,55,34.5,0.76
ORD,2019/5/28 20:25,57,54,27.6,1.02
ORD,2019/5/28 20:30,54,52,17.25,1.02
ORD,2019/5/28 20:51,54,51,18.4,1.02
ORD,2019/5/28 21:18,53,50,19.55,0
ORD,2019/5/28 21:51,54,50,14.95,0
ORD,2019/5/28 22:51,54,50,10.35,0
ORD,2019/5/28 23:51,53,49,11.5,0
ORD,2019/5/29 0:17,52,49,10.35,0
ORD,2019/5/29 0:51,52,49,12.65,0
ORD,2019/5/29 1:51,52,50,8.05,0
ORD,2019/5/29 2:35,53,50,11.5,T
ORD,2019/5/29 2:51,53,51,8.05,0.25
ORD,2019/5/29 3:51,52,51,12.65,4.83
ORD,2019/5/29 4:33,53,52,8.05,4.83
ORD,2019/5/29 4:51,52,52,4.6,7.11
ORD,2019/5/29 5:01,53,52,6.9,0.76
ORD,2019/5/29 5:18,53,52,3.45,1.78
ORD,2019/5/29 5:51,53,52,4.6,2.54
ORD,2019/5/29 6:51,53,52,4.6,1.02
ORD,2019/5/29 7:51,53,53,6.9,0.76
ORD,2019/5/29 8:51,54,53,16.1,0.25
ORD,2019/5/29 9:07,53,53,20.7,T
ORD,2019/5/29 9:46,53.6,51.8,5.75,T
ORD,2019/5/29 9:51,53,52,5.75,T
ORD,2019/5/29 10:51,52,51,10.35,0
ORD,2019/5/29 11:13,52,51,8.05,0
ORD,2019/5/29 11:38,53,52,12.65,0
ORD,2019/5/29 11:51,53,52,6.9,0
ORD,2019/5/29 12:42,55,54,5.75,0
ORD,2019/5/29 12:49,55.4,53.6,5.75,0
ORD,2019/5/29 12:51,56,54,5.75,0
ORD,2019/5/29 13:04,57,54,4.6,0
ORD,2019/5/29 13:51,60,56,5.75,0
ORD,2019/5/29 14:48,60.8,57.2,6.9,0
ORD,2019/5/29 14:51,60,57,6.9,0
ORD,2019/5/29 15:51,65,59,6.9,0
ORD,2019/5/29 16:51,69,60,4.6,0
ORD,2019/5/29 17:32,70,59,4.6,0
ORD,2019/5/29 17:51,71,60,3.45,0
ORD,2019/5/29 18:51,72,61,3.45,0
ORD,2019/5/29 19:51,73,60,3.45,0
ORD,2019/5/29 20:51,74,61,4.6,0
ORD,2019/5/29 21:51,72,60,5.75,0
ORD,2019/5/29 22:51,72,59,8.05,0
ORD,2019/5/29 23:51,66,56,10.35,0
ORD,2019/5/30 0:51,64,55,8.05,0
ORD,2019/5/30 1:51,62,55,4.6,0
ORD,2019/5/30 2:51,60,54,6.9,0
ORD,2019/5/30 3:51,60,54,3.45,0
ORD,2019/5/30 4:51,60,55,4.6,0
ORD,2019/5/30 5:51,60,55,6.9,0
ORD,2019/5/30 6:51,62,55,3.45,0
ORD,2019/5/30 7:24,61,56,3.45,0
ORD,2019/5/30 7:31,61,56,5.75,T
ORD,2019/5/30 7:51,60,56,9.2,0.76
ORD,2019/5/30 8:08,60,58,5.75,0.51
ORD,2019/5/30 8:42,60,58,5.75,2.03
ORD,2019/5/30 8:51,60,58,11.5,2.03
ORD,2019/5/30 9:32,61,60,12.65,0.76
ORD,2019/5/30 9:51,61,59,11.5,2.03
ORD,2019/5/30 10:51,60,58,3.45,0.51
ORD,2019/5/30 11:51,60,58,9.2,0.25
ORD,2019/5/30 12:51,61,60,8.05,0
ORD,2019/5/30 13:51,65,60,0,0
ORD,2019/5/30 14:51,68,59,6.9,0
ORD,2019/5/30 15:51,70,58,13.8,0
ORD,2019/5/30 16:51,70,58,8.05,0
ORD,2019/5/30 17:51,74,58,9.2,0
ORD,2019/5/30 18:51,76,57,3.45,0
ORD,2019/5/30 19:51,77,57,5.75,0
ORD,2019/5/30 20:51,77,58,8.05,0
ORD,2019/5/30 21:51,74,58,12.65,0
ORD,2019/5/30 22:51,75,57,8.05,0
ORD,2019/5/30 23:51,74,57,6.9,0
ORD,2019/5/31 0:51,72,56,8.05,0
ORD,2019/5/31 1:51,70,56,6.9,0
ORD,2019/5/31 2:51,67,56,4.6,0
ORD,2019/5/31 3:51,67,56,4.6,0
ORD,2019/5/31 4:51,65,56,0,0
ORD,2019/5/31 5:51,64,56,0,0
ORD,2019/5/31 6:51,62,57,3.45,0
ORD,2019/5/31 7:51,62,56,0,0
ORD,2019/5/31 8:51,61,56,0,0
ORD,2019/5/31 9:51,60,56,5.75,0
ORD,2019/5/31 10:51,62,58,6.9,0
ORD,2019/5/31 11:51,63,59,6.9,0
ORD,2019/5/31 12:51,66,60,6.9,0
ORD,2019/5/31 13:51,68,59,10.35,0
ORD,2019/5/31 14:51,73,62,5.75,0
ORD,2019/5/31 15:51,76,61,9.2,0
ORD,2019/5/31 16:51,77,58,12.65,0
ORD,2019/5/31 17:51,79,59,13.8,0
ORD,2019/5/31 18:51,80,58,10.35,0
ORD,2019/5/31 19:51,81,60,13.8,0
ORD,2019/5/31 20:51,81,58,16.1,0
ORD,2019/5/31 21:51,81,60,11.5,0
ORD,2019/5/31 22:51,80,59,14.95,0
ORD,2019/5/31 23:51,79,59,17.25,0
ORD,2019/6/1 0:51,77,59,9.2,0
ORD,2019/6/1 1:51,75,61,8.05,0
ORD,2019/6/1 2:51,74,61,11.5,0
ORD,2019/6/1 3:51,73,61,11.5,0
ORD,2019/6/1 4:51,71,62,10.35,0
ORD,2019/6/1 5:51,71,61,10.35,0
ORD,2019/6/1 6:51,69,61,8.05,0
ORD,2019/6/1 7:51,68,61,13.8,0
ORD,2019/6/1 8:51,67,61,10.35,0
ORD,2019/6/1 9:51,66,61,11.5,0
ORD,2019/6/1 10:51,66,61,12.65,0
ORD,2019/6/1 11:51,67,61,9.2,0
ORD,2019/6/1 12:29,67,62,9.2,T
ORD,2019/6/1 12:51,67,62,6.9,T
ORD,2019/6/1 13:11,68,62,10.35,0
ORD,2019/6/1 13:42,69,62,11.5,0
ORD,2019/6/1 13:51,69,62,10.35,0
ORD,2019/6/1 14:09,69,62,6.9,0
ORD,2019/6/1 14:51,71,63,4.6,0
ORD,2019/6/1 15:51,75,62,6.9,0
ORD,2019/6/1 16:51,79,62,6.9,0
ORD,2019/6/1 17:39,66,56,17.25,0
ORD,2019/6/1 17:51,66,55,12.65,0
ORD,2019/6/1 18:51,67,56,8.05,0
ORD,2019/6/1 19:51,72,60,6.9,0
ORD,2019/6/1 20:51,76,61,9.2,0
ORD,2019/6/1 20:58,77,62,8.05,0
ORD,2019/6/1 21:51,77,61,5.75,0
ORD,2019/6/1 22:24,69,56,24.15,0
ORD,2019/6/1 22:51,62,53,16.1,0
ORD,2019/6/1 22:58,63,53,14.95,0
ORD,2019/6/1 23:32,63,53,4.6,0
ORD,2019/6/1 23:51,62,54,3.45,T
ORD,2019/6/2 0:51,61,54,5.75,T
ORD,2019/6/2 1:51,57,54,12.65,0
ORD,2019/6/2 2:51,55,50,10.35,0
ORD,2019/6/2 3:51,54,44,10.35,0
ORD,2019/6/2 4:51,53,44,4.6,0
ORD,2019/6/2 5:51,53,44,5.75,0
ORD,2019/6/2 6:51,54,44,5.75,0
ORD,2019/6/2 7:51,54,45,6.9,0
ORD,2019/6/2 8:51,52,46,4.6,0
ORD,2019/6/2 9:46,53.6,46.4,5.75,0
ORD,2019/6/2 9:51,52,46,8.05,0
ORD,2019/6/2 10:04,54,48,5.75,0
ORD,2019/6/2 10:51,52,48,6.9,0
ORD,2019/6/2 11:51,56,47,8.05,0
ORD,2019/6/2 12:51,59,48,5.75,0
ORD,2019/6/2 13:51,62,46,8.05,0
ORD,2019/6/2 14:51,65,48,10.35,0
ORD,2019/6/2 15:51,67,48,14.95,0
ORD,2019/6/2 16:51,69,50,8.05,0
ORD,2019/6/2 17:51,69,47,13.8,0
ORD,2019/6/2 18:51,68,43,8.05,0
ORD,2019/6/2 19:51,68,42,10.35,0
ORD,2019/6/2 20:51,68,43,10.35,0
ORD,2019/6/2 21:51,66,42,10.35,0
ORD,2019/6/2 22:51,64,41,9.2,0
ORD,2019/6/2 23:51,63,39,9.2,0
ORD,2019/6/3 0:51,60,40,9.2,0
ORD,2019/6/3 1:51,59,41,4.6,0
ORD,2019/6/3 2:51,58,40,6.9,0
ORD,2019/6/3 3:51,57,37,8.05,0
ORD,2019/6/3 4:51,54,39,10.35,0
ORD,2019/6/3 5:51,51,39,12.65,0
ORD,2019/6/3 6:51,50,38,8.05,0
ORD,2019/6/3 7:51,49,38,10.35,0
ORD,2019/6/3 8:51,50,38,6.9,0
ORD,2019/6/3 9:51,51,37,9.2,0
ORD,2019/6/3 10:51,51,37,6.9,0
ORD,2019/6/3 11:51,53,37,9.2,0
ORD,2019/6/3 12:51,55,36,9.2,0
ORD,2019/6/3 13:51,56,36,8.05,0
ORD,2019/6/3 14:51,59,37,11.5,0
ORD,2019/6/3 15:51,61,37,8.05,0
ORD,2019/6/3 16:51,62,37,9.2,0
ORD,2019/6/3 17:51,64,38,10.35,0
ORD,2019/6/3 18:51,65,39,8.05,0
ORD,2019/6/3 19:51,66,40,9.2,0
ORD,2019/6/3 20:51,67,40,6.9,0
ORD,2019/6/3 21:51,65,39,10.35,0
ORD,2019/6/3 22:51,62,38,9.2,0
ORD,2019/6/3 23:51,59,36,9.2,0
ORD,2019/6/4 0:51,58,36,6.9,0
ORD,2019/6/4 1:51,57,36,6.9,0
ORD,2019/6/4 2:51,56,37,6.9,0
ORD,2019/6/4 3:51,57,39,3.45,0
ORD,2019/6/4 4:51,57,40,5.75,0
ORD,2019/6/4 5:51,57,43,3.45,0
ORD,2019/6/4 6:51,57,45,3.45,0
ORD,2019/6/4 7:51,59,48,4.6,0
ORD,2019/6/4 8:51,61,49,6.9,0
ORD,2019/6/4 9:51,63,51,4.6,0
ORD,2019/6/4 10:51,65,52,6.9,0
ORD,2019/6/4 11:51,66,52,8.05,0
ORD,2019/6/4 12:51,66,52,12.65,0
ORD,2019/6/4 13:51,65,53,14.95,0
ORD,2019/6/4 14:51,60,55,18.4,1.27
ORD,2019/6/4 15:49,59,55.4,17.25,2.54
ORD,2019/6/4 15:51,59,55,19.55,2.54
ORD,2019/6/4 15:56,59,55,17.25,1.02
ORD,2019/6/4 16:05,59,55,11.5,3.56
ORD,2019/6/4 16:11,59,55,9.2,3.56
ORD,2019/6/4 16:43,61,55,8.05,3.56
ORD,2019/6/4 16:51,61,56,5.75,3.56
ORD,2019/6/4 17:51,64,56,8.05,0
ORD,2019/6/4 18:51,72,59,11.5,0
ORD,2019/6/4 19:51,78,57,18.4,0
ORD,2019/6/4 20:51,80,56,17.25,0
ORD,2019/6/4 21:51,81,57,12.65,0
ORD,2019/6/4 22:51,82,60,14.95,0
ORD,2019/6/4 23:51,81,62,17.25,0
ORD,2019/6/5 0:51,80,63,10.35,0
ORD,2019/6/5 1:51,78,63,6.9,0
ORD,2019/6/5 2:51,75,63,5.75,0
ORD,2019/6/5 3:51,74,64,5.75,0
ORD,2019/6/5 4:51,73,64,6.9,0
ORD,2019/6/5 5:39,73,64,9.2,0
ORD,2019/6/5 5:51,73,64,9.2,T
ORD,2019/6/5 6:51,71,67,19.55,3.05
ORD,2019/6/5 7:04,68,64,9.2,0.25
ORD,2019/6/5 7:16,68,64,5.75,0.25
ORD,2019/6/5 7:51,67,64,3.45,0.51
ORD,2019/6/5 8:51,66,65,0,1.27
ORD,2019/6/5 9:51,67,65,4.6,0.76
ORD,2019/6/5 10:51,66,65,10.35,1.02
ORD,2019/6/5 11:51,66,64,8.05,0.76
ORD,2019/6/5 12:51,66,64,6.9,0
ORD,2019/6/5 13:51,69,64,11.5,0
ORD,2019/6/5 14:51,74,64,9.2,0
ORD,2019/6/5 15:51,77,64,10.35,0
ORD,2019/6/5 16:51,78,62,11.5,0
ORD,2019/6/5 17:51,78,64,9.2,0
ORD,2019/6/5 18:51,80,64,8.05,0
ORD,2019/6/5 19:51,82,63,9.2,0
ORD,2019/6/5 20:51,82,63,10.35,0
ORD,2019/6/5 21:51,82,64,8.05,0
ORD,2019/6/5 22:51,79,62,14.95,0
ORD,2019/6/5 23:04,76,62,20.7,0
ORD,2019/6/5 23:51,70,61,14.95,0
ORD,2019/6/6 0:51,65,59,13.8,0
ORD,2019/6/6 1:33,61,58,11.5,0
ORD,2019/6/6 1:37,61,58,13.8,0
ORD,2019/6/6 1:51,61,59,11.5,0
ORD,2019/6/6 1:57,61,59,6.9,0
ORD,2019/6/6 2:51,61,59,11.5,0
ORD,2019/6/6 3:51,60,57,5.75,0
ORD,2019/6/6 4:51,60,57,4.6,0
ORD,2019/6/6 5:48,60.8,57.2,4.6,0
ORD,2019/6/6 5:51,60,58,6.9,0
ORD,2019/6/6 6:27,60,58,3.45,0
ORD,2019/6/6 6:51,59,58,3.45,0
ORD,2019/6/6 7:03,59,57,4.6,0
ORD,2019/6/6 7:51,58,56,5.75,0
ORD,2019/6/6 8:51,59,56,5.75,0
ORD,2019/6/6 9:51,59,56,4.6,0
ORD,2019/6/6 10:51,59,56,5.75,0
ORD,2019/6/6 11:51,60,56,4.6,0
ORD,2019/6/6 12:51,62,56,0,0
ORD,2019/6/6 13:51,65,58,6.9,0
ORD,2019/6/6 14:51,69,59,6.9,0
ORD,2019/6/6 15:51,72,60,5.75,0
ORD,2019/6/6 16:51,74,61,5.75,0
ORD,2019/6/6 17:51,72,60,8.05,0
ORD,2019/6/6 18:51,71,60,8.05,0
ORD,2019/6/6 19:51,73,61,8.05,0
ORD,2019/6/6 20:51,74,62,9.2,0
ORD,2019/6/6 21:51,74,62,10.35,0
ORD,2019/6/6 22:51,74,61,9.2,0
ORD,2019/6/6 23:51,73,60,9.2,0
ORD,2019/6/7 0:51,69,60,9.2,0
ORD,2019/6/7 1:51,63,57,9.2,0
ORD,2019/6/7 2:51,59,56,10.35,0
ORD,2019/6/7 2:58,58,56,11.5,0
ORD,2019/6/7 3:19,57,55,10.35,0
ORD,2019/6/7 3:32,56,55,8.05,0
ORD,2019/6/7 3:51,56,55,6.9,0
ORD,2019/6/7 3:58,56,56,6.9,0
ORD,2019/6/7 4:48,55.4,55.4,8.05,0
ORD,2019/6/7 4:51,56,55,9.2,0
ORD,2019/6/7 4:59,56,55,8.05,0
ORD,2019/6/7 5:51,56,54,4.6,0
ORD,2019/6/7 6:51,56,53,4.6,0
ORD,2019/6/7 7:51,56,53,4.6,0
ORD,2019/6/7 8:51,56,52,6.9,0
ORD,2019/6/7 9:51,56,51,5.75,0
ORD,2019/6/7 10:51,56,51,3.45,0
ORD,2019/6/7 11:51,59,52,4.6,0
ORD,2019/6/7 12:51,63,55,5.75,0
ORD,2019/6/7 13:51,68,58,5.75,0
ORD,2019/6/7 14:51,72,60,3.45,0
ORD,2019/6/7 15:51,76,62,10.35,0
ORD,2019/6/7 16:51,76,62,10.35,0
ORD,2019/6/7 17:51,76,62,10.35,0
ORD,2019/6/7 18:51,77,62,12.65,0
ORD,2019/6/7 19:51,78,60,11.5,0
ORD,2019/6/7 20:51,78,60,11.5,0
ORD,2019/6/7 21:51,78,59,13.8,0
ORD,2019/6/7 22:51,77,59,13.8,0
ORD,2019/6/7 23:51,75,58,14.95,0
ORD,2019/6/8 0:51,68,56,14.95,0
ORD,2019/6/8 1:51,62,52,10.35,0
ORD,2019/6/8 2:51,61,51,11.5,0
ORD,2019/6/8 3:51,60,50,8.05,0
ORD,2019/6/8 4:51,61,50,8.05,0
ORD,2019/6/8 5:51,58,50,6.9,0
ORD,2019/6/8 6:51,61,50,5.75,0
ORD,2019/6/8 7:51,58,51,4.6,0
ORD,2019/6/8 8:51,62,52,5.75,0
ORD,2019/6/8 9:51,63,52,6.9,0
ORD,2019/6/8 10:51,63,50,6.9,0
ORD,2019/6/8 11:51,65,50,8.05,0
ORD,2019/6/8 12:51,67,50,9.2,0
ORD,2019/6/8 13:51,69,51,10.35,0
ORD,2019/6/8 14:51,70,52,10.35,0
ORD,2019/6/8 15:51,72,53,11.5,0
ORD,2019/6/8 16:51,74,54,10.35,0
ORD,2019/6/8 17:51,73,54,14.95,0
ORD,2019/6/8 18:51,75,53,14.95,0
ORD,2019/6/8 19:51,74,54,11.5,0
ORD,2019/6/8 20:51,73,54,11.5,0
ORD,2019/6/8 21:51,73,55,9.2,0
ORD,2019/6/8 22:51,71,54,10.35,0
ORD,2019/6/8 23:51,71,52,10.35,0
ORD,2019/6/9 0:51,69,52,10.35,0
ORD,2019/6/9 1:51,68,52,9.2,0
ORD,2019/6/9 2:51,68,52,8.05,T
ORD,2019/6/9 3:51,67,53,8.05,T
ORD,2019/6/9 4:51,70,58,8.05,T
ORD,2019/6/9 5:51,70,58,5.75,T
ORD,2019/6/9 6:51,68,56,9.2,T
ORD,2019/6/9 7:51,67,55,6.9,0
ORD,2019/6/9 8:51,66,57,8.05,0
ORD,2019/6/9 9:51,64,57,8.05,0
ORD,2019/6/9 10:51,64,54,9.2,0
ORD,2019/6/9 11:51,65,52,8.05,0
ORD,2019/6/9 12:51,66,54,6.9,0
ORD,2019/6/9 13:51,67,55,5.75,0
ORD,2019/6/9 14:51,69,57,6.9,0
ORD,2019/6/9 15:51,71,59,3.45,T
ORD,2019/6/9 16:47,69.8,60.8,5.75,0
ORD,2019/6/9 16:51,69,60,3.45,0
ORD,2019/6/9 17:51,74,63,6.9,T
ORD,2019/6/9 18:51,71,65,9.2,0
ORD,2019/6/9 19:34,74,66,6.9,0
ORD,2019/6/9 19:51,74,65,8.05,0
ORD,2019/6/9 20:51,73,65,4.6,0
ORD,2019/6/9 21:32,71,66,4.6,T
ORD,2019/6/9 21:51,70,66,0,T
ORD,2019/6/9 22:01,71,67,4.6,T
ORD,2019/6/9 22:51,69,66,8.05,T
ORD,2019/6/9 23:27,70,65,5.75,0
ORD,2019/6/9 23:36,70,65,6.9,0
ORD,2019/6/9 23:51,70,65,5.75,0
ORD,2019/6/10 0:51,69,64,6.9,0
ORD,2019/6/10 1:51,66,63,6.9,0
ORD,2019/6/10 2:51,64,63,4.6,0
ORD,2019/6/10 3:51,64,63,3.45,0
ORD,2019/6/10 4:51,64,63,0,0
ORD,2019/6/10 5:51,64,62,0,0
ORD,2019/6/10 6:44,64,63,3.45,0
ORD,2019/6/10 6:51,64,63,4.6,0
ORD,2019/6/10 7:11,65,63,8.05,0
ORD,2019/6/10 7:51,66,63,13.8,0
ORD,2019/6/10 8:46,62.6,57.2,16.1,0
ORD,2019/6/10 8:51,63,57,11.5,0
ORD,2019/6/10 9:51,62,55,12.65,0
ORD,2019/6/10 10:51,61,53,20.7,0
ORD,2019/6/10 11:28,61,52,16.1,0
ORD,2019/6/10 11:51,60,51,17.25,0
ORD,2019/6/10 12:51,61,49,21.85,0
ORD,2019/6/10 13:51,63,48,18.4,0
ORD,2019/6/10 14:51,65,47,19.55,0
ORD,2019/6/10 15:51,68,46,19.55,0
ORD,2019/6/10 16:51,70,44,19.55,0
ORD,2019/6/10 17:51,71,41,14.95,0
ORD,2019/6/10 18:51,72,41,16.1,0
ORD,2019/6/10 19:51,73,41,19.55,0
ORD,2019/6/10 20:51,73,42,17.25,0
ORD,2019/6/10 21:51,73,41,18.4,0
ORD,2019/6/10 22:51,74,42,17.25,0
ORD,2019/6/10 23:51,72,43,13.8,0
ORD,2019/6/11 0:51,70,42,11.5,0
ORD,2019/6/11 1:51,68,41,6.9,0
ORD,2019/6/11 2:51,66,44,3.45,0
ORD,2019/6/11 3:51,64,45,0,0
ORD,2019/6/11 4:51,62,46,4.6,0
ORD,2019/6/11 5:51,60,46,3.45,0
ORD,2019/6/11 6:51,58,46,4.6,0
ORD,2019/6/11 7:51,58,46,8.05,0
ORD,2019/6/11 8:51,58,45,9.2,0
ORD,2019/6/11 9:51,57,46,8.05,0
ORD,2019/6/11 10:51,57,46,6.9,0
ORD,2019/6/11 11:51,61,47,5.75,0
ORD,2019/6/11 12:51,67,48,6.9,0
ORD,2019/6/11 13:51,71,45,9.2,0
ORD,2019/6/11 14:51,74,45,13.8,0
ORD,2019/6/11 15:51,76,45,6.9,0
ORD,2019/6/11 16:51,77,40,5.75,0
ORD,2019/6/11 17:51,78,41,0,0
ORD,2019/6/11 18:51,80,38,4.6,0
ORD,2019/6/11 19:51,82,42,11.5,0
ORD,2019/6/11 20:51,82,41,10.35,0
ORD,2019/6/11 21:51,80,39,12.65,0
ORD,2019/6/11 22:51,74,44,12.65,0
ORD,2019/6/11 23:51,75,43,12.65,0
ORD,2019/6/12 0:51,73,43,10.35,0
ORD,2019/6/12 1:51,69,43,8.05,0
ORD,2019/6/12 2:51,67,42,6.9,0
ORD,2019/6/12 3:51,66,43,3.45,0
ORD,2019/6/12 4:51,68,43,9.2,0
ORD,2019/6/12 5:51,69,44,12.65,0
ORD,2019/6/12 6:51,68,45,11.5,0
ORD,2019/6/12 7:51,68,45,13.8,0
ORD,2019/6/12 8:51,68,46,13.8,0
ORD,2019/6/12 9:51,68,46,9.2,0
ORD,2019/6/12 10:51,67,46,5.75,0
ORD,2019/6/12 11:51,67,47,8.05,0
ORD,2019/6/12 12:51,68,47,10.35,0
ORD,2019/6/12 13:51,69,48,10.35,0
ORD,2019/6/12 14:51,70,49,10.35,0
ORD,2019/6/12 15:51,71,49,12.65,0
ORD,2019/6/12 16:51,67,55,8.05,0.25
ORD,2019/6/12 17:51,70,53,5.75,0
ORD,2019/6/12 18:51,65,55,6.9,0.25
ORD,2019/6/12 19:33,61,57,19.55,1.27
ORD,2019/6/12 19:36,59,54,14.95,3.81
ORD,2019/6/12 19:39,59,54,11.5,6.86
ORD,2019/6/12 19:45,59,55.4,17.25,9.4
ORD,2019/6/12 19:51,59,54,17.25,11.43
ORD,2019/6/12 19:54,59,55,11.5,0.51
ORD,2019/6/12 20:00,59,56,6.9,0.76
ORD,2019/6/12 20:07,59,56,10.35,1.02
ORD,2019/6/12 20:51,60,56,9.2,1.78
ORD,2019/6/12 21:51,62,56,5.75,0
ORD,2019/6/12 22:51,61,54,4.6,T
ORD,2019/6/12 23:51,61,54,10.35,T
ORD,2019/6/13 0:51,60,55,5.75,T
ORD,2019/6/13 1:51,59,57,9.2,1.78
ORD,2019/6/13 1:58,59,57,6.9,T
ORD,2019/6/13 2:09,58,57,4.6,0.51
ORD,2019/6/13 2:51,58,57,9.2,1.02
ORD,2019/6/13 3:51,57,55,10.35,1.52
ORD,2019/6/13 4:51,56,53,12.65,0.76
ORD,2019/6/13 5:39,53,50,18.4,0.25
ORD,2019/6/13 5:51,52,49,21.85,0.25
ORD,2019/6/13 6:51,51,49,16.1,1.02
ORD,2019/6/13 7:51,52,49,17.25,0.25
ORD,2019/6/13 8:51,52,49,16.1,T
ORD,2019/6/13 9:51,52,49,16.1,T
ORD,2019/6/13 10:51,52,48,18.4,T
ORD,2019/6/13 11:47,53.6,46.4,19.55,0
ORD,2019/6/13 11:51,53,46,16.1,0
ORD,2019/6/13 12:08,53,46,18.4,0
ORD,2019/6/13 12:46,53.6,44.6,13.8,0
ORD,2019/6/13 12:51,53,45,19.55,0
ORD,2019/6/13 13:51,54,45,16.1,0
ORD,2019/6/13 14:51,55,45,17.25,0
ORD,2019/6/13 15:51,57,45,17.25,0
ORD,2019/6/13 16:51,61,47,16.1,0
ORD,2019/6/13 17:51,64,46,14.95,0
ORD,2019/6/13 18:51,65,43,19.55,0
ORD,2019/6/13 19:51,64,42,11.5,0
ORD,2019/6/13 20:51,65,38,18.4,0
ORD,2019/6/13 21:51,67,39,18.4,0
ORD,2019/6/13 22:51,67,38,11.5,0
ORD,2019/6/13 23:51,66,38,16.1,0
ORD,2019/6/14 0:51,64,38,11.5,0
ORD,2019/6/14 1:51,62,40,5.75,0
ORD,2019/6/14 2:51,60,41,4.6,0
ORD,2019/6/14 3:51,58,42,6.9,0
ORD,2019/6/14 4:51,57,42,6.9,0
ORD,2019/6/14 5:51,56,42,6.9,0
ORD,2019/6/14 6:51,55,42,6.9,0
ORD,2019/6/14 7:51,53,43,8.05,0
ORD,2019/6/14 8:51,53,42,9.2,0
ORD,2019/6/14 9:51,52,42,6.9,0
ORD,2019/6/14 10:51,52,42,6.9,0
ORD,2019/6/14 11:51,58,43,9.2,0
ORD,2019/6/14 12:51,62,44,10.35,0
ORD,2019/6/14 13:51,66,45,13.8,0
ORD,2019/6/14 14:51,69,46,14.95,0
ORD,2019/6/14 15:51,72,47,16.1,0
ORD,2019/6/14 16:51,75,48,19.55,0
ORD,2019/6/14 17:51,76,48,20.7,0
ORD,2019/6/14 18:51,78,48,24.15,0
ORD,2019/6/14 19:51,78,48,20.7,0
ORD,2019/6/14 20:51,77,47,18.4,0
ORD,2019/6/14 21:51,79,46,20.7,0
ORD,2019/6/14 22:51,78,42,14.95,0
ORD,2019/6/14 23:51,76,42,23,0
ORD,2019/6/15 0:51,73,45,16.1,0
ORD,2019/6/15 1:51,71,48,19.55,0
ORD,2019/6/15 2:51,62,56,24.15,0.25
ORD,2019/6/15 3:00,61,57,18.4,0.25
ORD,2019/6/15 3:23,61,57,13.8,0.76
ORD,2019/6/15 3:51,60,57,9.2,1.02
ORD,2019/6/15 4:51,61,56,6.9,T
ORD,2019/6/15 5:51,62,55,6.9,0
ORD,2019/6/15 6:51,64,54,12.65,0
ORD,2019/6/15 7:51,64,55,9.2,T
ORD,2019/6/15 8:51,64,55,13.8,T
ORD,2019/6/15 9:51,64,56,12.65,0
ORD,2019/6/15 10:51,65,56,10.35,0
ORD,2019/6/15 11:51,66,57,12.65,0
ORD,2019/6/15 12:51,67,58,12.65,0
ORD,2019/6/15 13:51,67,58,8.05,0
ORD,2019/6/15 14:51,69,59,11.5,T
ORD,2019/6/15 15:51,70,59,10.35,0
ORD,2019/6/15 16:31,69,60,13.8,0
ORD,2019/6/15 16:47,68,60.8,12.65,T
ORD,2019/6/15 16:51,67,61,10.35,T
ORD,2019/6/15 17:51,67,61,9.2,T
ORD,2019/6/15 18:30,67,61,10.35,T
ORD,2019/6/15 18:51,67,62,3.45,T
ORD,2019/6/15 19:51,67,63,4.6,T
ORD,2019/6/15 20:51,67,64,4.6,T
ORD,2019/6/15 21:22,68,64,4.6,T
ORD,2019/6/15 21:51,68,65,5.75,T
ORD,2019/6/15 22:51,67,65,6.9,T
ORD,2019/6/15 23:33,67,65,3.45,0.25
ORD,2019/6/15 23:51,68,65,3.45,0.25
ORD,2019/6/16 0:25,61,59,11.5,T
ORD,2019/6/16 0:51,59,58,10.35,T
ORD,2019/6/16 1:51,57,55,10.35,0
ORD,2019/6/16 1:58,57,55,8.05,T
ORD,2019/6/16 2:51,56,54,8.05,T
ORD,2019/6/16 3:51,54,52,10.35,0
ORD,2019/6/16 4:51,55,53,9.2,0
ORD,2019/6/16 5:51,55,53,0,T
ORD,2019/6/16 5:58,55,53,0,0.25
ORD,2019/6/16 6:08,55,54,3.45,0.51
ORD,2019/6/16 6:51,55,54,9.2,1.78
ORD,2019/6/16 7:51,54,54,5.75,0.25
ORD,2019/6/16 8:33,55,54,5.75,T
ORD,2019/6/16 8:51,54,54,8.05,T
ORD,2019/6/16 9:07,54,54,6.9,0
ORD,2019/6/16 9:51,55,55,5.75,0
ORD,2019/6/16 10:51,56,55,8.05,0
ORD,2019/6/16 11:39,57,57,4.6,0
ORD,2019/6/16 11:51,57,57,5.75,0
ORD,2019/6/16 12:34,58,58,5.75,0
ORD,2019/6/16 12:51,58,58,6.9,0
ORD,2019/6/16 13:00,58,58,8.05,0
ORD,2019/6/16 13:51,58,58,8.05,0
ORD,2019/6/16 14:15,58,57,9.2,0
ORD,2019/6/16 14:43,58,57,10.35,0
ORD,2019/6/16 14:51,57,56,11.5,0
ORD,2019/6/16 15:51,58,56,9.2,0
ORD,2019/6/16 16:38,59,56,9.2,0
ORD,2019/6/16 16:51,59,56,9.2,0
ORD,2019/6/16 17:41,59,55,13.8,0
ORD,2019/6/16 17:51,58,54,14.95,0
ORD,2019/6/16 18:51,58,53,11.5,0
ORD,2019/6/16 19:51,56,52,12.65,0
ORD,2019/6/16 20:51,56,52,10.35,0
ORD,2019/6/16 21:51,56,52,5.75,0
ORD,2019/6/16 22:51,56,52,12.65,0
ORD,2019/6/16 23:16,57,51,11.5,0
ORD,2019/6/16 23:51,56,51,13.8,0
ORD,2019/6/17 0:51,56,51,12.65,0
ORD,2019/6/17 1:06,56,51,14.95,0
ORD,2019/6/17 1:51,56,51,9.2,0
ORD,2019/6/17 2:51,56,51,10.35,0
ORD,2019/6/17 3:51,55,50,10.35,0
ORD,2019/6/17 4:41,56,50,8.05,0
ORD,2019/6/17 4:51,56,50,6.9,0
ORD,2019/6/17 5:29,56,51,9.2,0
ORD,2019/6/17 5:51,56,51,9.2,0
ORD,2019/6/17 6:51,56,52,8.05,0
ORD,2019/6/17 7:51,56,51,8.05,0
ORD,2019/6/17 8:51,56,50,10.35,0
ORD,2019/6/17 9:51,55,50,10.35,0
ORD,2019/6/17 10:02,55,50,6.9,0
ORD,2019/6/17 10:51,55,51,5.75,0
ORD,2019/6/17 11:51,55,51,9.2,0
ORD,2019/6/17 12:07,56,51,8.05,0
ORD,2019/6/17 12:51,57,51,9.2,0
ORD,2019/6/17 13:51,58,53,8.05,0
ORD,2019/6/17 14:51,60,53,8.05,0
ORD,2019/6/17 15:33,62,54,9.2,0
ORD,2019/6/17 15:51,63,55,9.2,0
ORD,2019/6/17 16:51,65,56,8.05,0
ORD,2019/6/17 17:51,66,56,8.05,0
ORD,2019/6/17 18:51,66,57,8.05,0
ORD,2019/6/17 19:51,67,56,8.05,0
ORD,2019/6/17 20:51,66,56,8.05,0
ORD,2019/6/17 21:51,64,56,8.05,0
ORD,2019/6/17 22:51,62,55,9.2,0
ORD,2019/6/17 23:51,62,55,6.9,0
ORD,2019/6/18 0:27,63,55,6.9,0
ORD,2019/6/18 0:51,62,55,8.05,0
ORD,2019/6/18 1:51,61,55,6.9,0
ORD,2019/6/18 2:14,61,56,8.05,0
ORD,2019/6/18 2:51,61,56,4.6,0
ORD,2019/6/18 3:46,59,53.6,6.9,0
ORD,2019/6/18 3:51,59,54,6.9,0
ORD,2019/6/18 4:27,58,54,5.75,0
ORD,2019/6/18 4:51,58,54,3.45,0
ORD,2019/6/18 4:54,58,54,4.6,0
ORD,2019/6/18 5:51,57,54,3.45,0
ORD,2019/6/18 6:51,58,54,3.45,0
ORD,2019/6/18 7:51,57,55,3.45,0
ORD,2019/6/18 8:41,54,53,4.6,0
ORD,2019/6/18 8:51,54,53,6.9,0
ORD,2019/6/18 8:58,55,54,4.6,0
ORD,2019/6/18 9:21,55,55,3.45,0
ORD,2019/6/18 9:51,55,55,3.45,0
ORD,2019/6/18 9:58,55,55,0,0
ORD,2019/6/18 10:51,55,55,0,0
ORD,2019/6/18 11:51,55,55,0,0
ORD,2019/6/18 12:23,55,55,3.45,0
ORD,2019/6/18 12:51,55,55,3.45,0
ORD,2019/6/18 13:33,57,56,0,0
ORD,2019/6/18 13:51,58,57,3.45,0
ORD,2019/6/18 14:11,59,56,3.45,0
ORD,2019/6/18 14:23,61,57,0,0
ORD,2019/6/18 14:51,64,58,3.45,0
ORD,2019/6/18 15:51,69,59,4.6,0
ORD,2019/6/18 16:51,72,58,3.45,0
ORD,2019/6/18 17:51,75,58,4.6,0
ORD,2019/6/18 18:51,76,56,0,0
ORD,2019/6/18 19:51,78,58,6.9,0
ORD,2019/6/18 20:51,77,59,8.05,0
ORD,2019/6/18 21:51,78,58,5.75,0
ORD,2019/6/18 22:51,77,56,5.75,0
ORD,2019/6/18 23:51,77,55,6.9,0
ORD,2019/6/19 0:51,74,53,9.2,0
ORD,2019/6/19 1:51,71,54,6.9,0
ORD,2019/6/19 2:51,70,55,5.75,0
ORD,2019/6/19 3:51,69,54,4.6,0
ORD,2019/6/19 4:51,68,55,3.45,0
ORD,2019/6/19 5:51,67,55,0,0
ORD,2019/6/19 6:51,66,56,4.6,0
ORD,2019/6/19 7:51,65,56,0,0
ORD,2019/6/19 8:51,63,57,3.45,0
ORD,2019/6/19 9:51,63,57,0,0
ORD,2019/6/19 10:47,64.4,57.2,0,0
ORD,2019/6/19 10:51,64,57,0,0
ORD,2019/6/19 11:51,67,58,0,0
ORD,2019/6/19 12:51,69,58,3.45,0
ORD,2019/6/19 13:51,70,59,6.9,0
ORD,2019/6/19 14:51,68,59,10.35,T
ORD,2019/6/19 15:51,68,57,9.2,T
ORD,2019/6/19 16:51,69,59,12.65,0
ORD,2019/6/19 17:51,67,57,11.5,0
ORD,2019/6/19 18:34,67,60,10.35,T
ORD,2019/6/19 18:51,65,59,9.2,T
ORD,2019/6/19 19:51,62,57,12.65,0
ORD,2019/6/19 20:51,59,55,11.5,0
ORD,2019/6/19 21:51,58,54,14.95,0
ORD,2019/6/19 22:51,57,54,12.65,T
ORD,2019/6/19 23:51,56,55,13.8,0.51
ORD,2019/6/20 0:51,57,55,14.95,0.25
ORD,2019/6/20 1:16,57,55,14.95,T
ORD,2019/6/20 1:51,57,54,12.65,T
ORD,2019/6/20 2:51,56,53,18.4,0.51
ORD,2019/6/20 3:51,56,53,13.8,T
ORD,2019/6/20 4:42,56,53,12.65,0.76
ORD,2019/6/20 4:51,56,53,11.5,1.02
ORD,2019/6/20 5:51,56,53,14.95,2.03
ORD,2019/6/20 5:58,56,53,16.1,0.25
ORD,2019/6/20 6:51,56,54,11.5,0.76
ORD,2019/6/20 7:16,56,54,13.8,1.27
ORD,2019/6/20 7:51,57,55,11.5,1.52
ORD,2019/6/20 8:51,58,57,10.35,0.51
ORD,2019/6/20 9:07,58,57,11.5,T
ORD,2019/6/20 9:38,58,57,10.35,0.76
ORD,2019/6/20 9:51,58,58,10.35,2.03
ORD,2019/6/20 10:12,59,58,9.2,1.27
ORD,2019/6/20 10:51,59,58,11.5,1.52
ORD,2019/6/20 11:51,59,58,12.65,T
ORD,2019/6/20 12:51,59,58,17.25,1.02
ORD,2019/6/20 13:51,60,58,12.65,0
ORD,2019/6/20 14:51,60,58,13.8,T
ORD,2019/6/20 15:28,60,59,11.5,T
ORD,2019/6/20 15:51,61,59,13.8,T
ORD,2019/6/20 16:51,61,59,10.35,T
ORD,2019/6/20 17:51,62,58,10.35,0
ORD,2019/6/20 18:51,64,58,11.5,0
ORD,2019/6/20 18:59,65,58,10.35,0
ORD,2019/6/20 19:51,68,59,9.2,0
ORD,2019/6/20 20:01,68,59,10.35,0
ORD,2019/6/20 20:51,69,59,12.65,0
ORD,2019/6/20 21:51,68,57,6.9,0
ORD,2019/6/20 22:51,68,56,13.8,0
ORD,2019/6/20 23:51,64,54,10.35,0
ORD,2019/6/21 0:51,63,51,10.35,0
ORD,2019/6/21 1:51,62,49,8.05,0
ORD,2019/6/21 2:51,60,48,5.75,0
ORD,2019/6/21 3:51,57,50,0,0
ORD,2019/6/21 4:51,58,47,0,0
ORD,2019/6/21 5:51,55,50,3.45,0
ORD,2019/6/21 6:51,55,51,5.75,0
ORD,2019/6/21 7:51,54,50,3.45,0
ORD,2019/6/21 8:51,54,51,0,0
ORD,2019/6/21 9:51,53,50,0,0
ORD,2019/6/21 10:51,55,51,3.45,0
ORD,2019/6/21 11:51,58,51,3.45,0
ORD,2019/6/21 12:51,65,48,4.6,0
ORD,2019/6/21 13:51,68,48,4.6,0
ORD,2019/6/21 14:51,70,48,8.05,0
ORD,2019/6/21 15:51,71,47,6.9,0
ORD,2019/6/21 16:51,71,48,13.8,0
ORD,2019/6/21 17:51,71,47,9.2,0
ORD,2019/6/21 18:51,69,47,9.2,0
ORD,2019/6/21 19:51,70,47,8.05,0
ORD,2019/6/21 20:51,70,46,9.2,0
ORD,2019/6/21 21:51,69,46,10.35,0
ORD,2019/6/21 22:51,66,45,11.5,T
ORD,2019/6/21 23:51,62,45,13.8,T
ORD,2019/6/22 0:51,61,44,8.05,0
ORD,2019/6/22 1:51,60,44,12.65,0
ORD,2019/6/22 2:51,59,44,4.6,0
ORD,2019/6/22 3:51,60,45,6.9,0
ORD,2019/6/22 4:51,60,46,8.05,0
ORD,2019/6/22 5:51,59,47,8.05,0
ORD,2019/6/22 6:51,59,48,5.75,0
ORD,2019/6/22 7:51,59,48,4.6,0
ORD,2019/6/22 8:51,59,49,6.9,0
ORD,2019/6/22 9:51,58,50,5.75,0
ORD,2019/6/22 10:51,59,52,6.9,0
ORD,2019/6/22 11:51,61,54,5.75,0
ORD,2019/6/22 12:51,65,56,5.75,0
ORD,2019/6/22 13:51,67,57,11.5,0
ORD,2019/6/22 14:51,71,58,11.5,0
ORD,2019/6/22 15:51,73,59,11.5,0
ORD,2019/6/22 16:51,75,60,11.5,0
ORD,2019/6/22 17:51,77,60,13.8,0
ORD,2019/6/22 18:51,79,61,14.95,0
ORD,2019/6/22 19:51,77,60,13.8,0
ORD,2019/6/22 20:51,78,60,14.95,0
ORD,2019/6/22 21:51,79,61,20.7,0
ORD,2019/6/22 22:51,78,62,14.95,0
ORD,2019/6/22 23:51,77,61,10.35,0
ORD,2019/6/23 0:51,75,61,10.35,0
ORD,2019/6/23 1:51,74,60,8.05,0
ORD,2019/6/23 2:51,73,61,6.9,0
ORD,2019/6/23 3:51,72,61,8.05,0
ORD,2019/6/23 4:51,72,62,8.05,0
ORD,2019/6/23 5:51,73,61,11.5,0
ORD,2019/6/23 6:51,72,62,11.5,0
ORD,2019/6/23 7:51,70,62,9.2,T
ORD,2019/6/23 8:51,69,59,11.5,T
ORD,2019/6/23 9:51,67,57,5.75,0
ORD,2019/6/23 10:51,67,56,0,T
ORD,2019/6/23 11:22,64,58,6.9,0.51
ORD,2019/6/23 11:51,63,58,11.5,0.76
ORD,2019/6/23 12:07,63,59,9.2,0.25
ORD,2019/6/23 12:51,67,61,16.1,0.25
ORD,2019/6/23 13:51,69,63,13.8,0
ORD,2019/6/23 14:51,72,64,12.65,0
ORD,2019/6/23 15:51,77,66,12.65,0
ORD,2019/6/23 16:51,77,66,12.65,0
ORD,2019/6/23 17:24,76,66,14.95,0
ORD,2019/6/23 17:51,77,67,13.8,0
ORD,2019/6/23 18:51,77,68,14.95,0
ORD,2019/6/23 19:51,79,69,14.95,0
ORD,2019/6/23 20:05,80,69,12.65,0
ORD,2019/6/23 20:51,80,69,11.5,0
ORD,2019/6/23 21:40,80,68,12.65,0
ORD,2019/6/23 21:51,79,68,11.5,0
ORD,2019/6/23 22:31,75,66,4.6,0
ORD,2019/6/23 22:38,75,67,6.9,0
ORD,2019/6/23 22:51,76,67,8.05,T
ORD,2019/6/23 23:51,76,67,10.35,T
ORD,2019/6/24 0:51,72,69,10.35,1.27
ORD,2019/6/24 1:09,71,69,11.5,1.78
ORD,2019/6/24 1:30,71,70,10.35,7.37
ORD,2019/6/24 1:51,71,69,6.9,7.37
ORD,2019/6/24 2:51,71,69,4.6,0
ORD,2019/6/24 3:51,71,69,4.6,0
ORD,2019/6/24 4:51,71,69,9.2,0
ORD,2019/6/24 5:51,70,68,9.2,0
ORD,2019/6/24 6:47,69.8,68,5.75,0
ORD,2019/6/24 6:51,70,68,5.75,0
ORD,2019/6/24 7:51,70,68,5.75,0
ORD,2019/6/24 8:51,70,68,5.75,0
ORD,2019/6/24 9:51,69,67,3.45,0
ORD,2019/6/24 10:06,69,67,4.6,0
ORD,2019/6/24 10:19,69,67,4.6,0
ORD,2019/6/24 10:51,70,68,6.9,0
ORD,2019/6/24 11:18,70,68,4.6,0
ORD,2019/6/24 11:47,69.8,66.2,6.9,0
ORD,2019/6/24 11:51,70,67,6.9,0
ORD,2019/6/24 12:51,70,67,5.75,T
ORD,2019/6/24 13:51,70,68,8.05,T
ORD,2019/6/24 13:59,70,68,9.2,0.51
ORD,2019/6/24 14:51,71,67,14.95,1.02
ORD,2019/6/24 15:28,72,68,11.5,0
ORD,2019/6/24 15:44,72,67,13.8,0
ORD,2019/6/24 15:51,72,68,11.5,0
ORD,2019/6/24 16:48,70,67,8.05,1.27
ORD,2019/6/24 17:51,70,67,10.35,0.25
ORD,2019/6/24 18:37,71,67,8.05,0.25
ORD,2019/6/24 18:51,71,67,8.05,0.25
ORD,2019/6/24 19:35,73,67,11.5,T
ORD,2019/6/24 19:51,74,67,12.65,T
ORD,2019/6/24 20:51,77,65,12.65,0
ORD,2019/6/24 21:49,77,62.6,12.65,0
ORD,2019/6/24 21:51,77,63,16.1,0
ORD,2019/6/24 22:16,68,59,17.25,T
ORD,2019/6/24 22:36,69,61,8.05,1.52
ORD,2019/6/24 22:51,71,63,8.05,1.52
ORD,2019/6/24 23:04,73,64,8.05,0
ORD,2019/6/24 23:20,75,62,19.55,0
ORD,2019/6/24 23:51,73,58,16.1,0
ORD,2019/6/25 0:51,70,58,12.65,0
ORD,2019/6/25 1:51,69,59,10.35,0
ORD,2019/6/25 2:51,68,60,12.65,0
ORD,2019/6/25 3:51,67,60,8.05,0
ORD,2019/6/25 4:51,67,58,10.35,0
ORD,2019/6/25 5:51,66,59,9.2,0
ORD,2019/6/25 6:51,65,58,6.9,0
ORD,2019/6/25 7:51,64,58,6.9,0
ORD,2019/6/25 8:51,62,58,8.05,0
ORD,2019/6/25 9:51,62,58,6.9,0
ORD,2019/6/25 10:51,63,58,8.05,0
ORD,2019/6/25 11:51,65,59,9.2,0
ORD,2019/6/25 12:51,68,59,10.35,0
ORD,2019/6/25 13:51,72,60,10.35,0
ORD,2019/6/25 14:51,75,61,11.5,0
ORD,2019/6/25 15:51,79,61,14.95,0
ORD,2019/6/25 16:51,81,59,14.95,0
ORD,2019/6/25 17:51,82,59,18.4,0
ORD,2019/6/25 18:51,84,58,19.55,0
ORD,2019/6/25 19:51,83,57,21.85,0
ORD,2019/6/25 20:51,83,58,23,0
ORD,2019/6/25 21:12,81,61,16.1,T
ORD,2019/6/25 21:18,75,63,25.3,0.76
ORD,2019/6/25 21:24,74,63,5.75,3.56
ORD,2019/6/25 21:47,77,64.4,9.2,3.56
ORD,2019/6/25 21:51,77,65,10.35,3.56
ORD,2019/6/25 22:02,79,65,13.8,0
ORD,2019/6/25 22:51,82,62,9.2,0
ORD,2019/6/25 23:51,83,60,8.05,0
ORD,2019/6/26 0:51,81,60,10.35,0
ORD,2019/6/26 1:51,78,60,5.75,0
ORD,2019/6/26 2:51,76,61,5.75,0
ORD,2019/6/26 3:51,77,61,9.2,0
ORD,2019/6/26 4:51,75,61,6.9,0
ORD,2019/6/26 5:51,76,61,9.2,0
ORD,2019/6/26 6:51,74,62,8.05,0
ORD,2019/6/26 7:51,71,62,6.9,0
ORD,2019/6/26 8:51,70,63,6.9,0
ORD,2019/6/26 9:51,69,62,8.05,0
ORD,2019/6/26 10:51,68,62,5.75,0
ORD,2019/6/26 11:51,70,62,5.75,0
ORD,2019/6/26 12:51,73,63,4.6,0
ORD,2019/6/26 13:51,77,62,0,0
ORD,2019/6/26 14:51,80,60,0,0
ORD,2019/6/26 15:51,81,56,3.45,0
ORD,2019/6/26 16:51,84,59,5.75,0
ORD,2019/6/26 17:51,84,58,3.45,0
ORD,2019/6/26 18:51,86,58,0,0
ORD,2019/6/26 19:51,86,59,8.05,0
ORD,2019/6/26 20:51,87,60,6.9,0
ORD,2019/6/26 21:51,87,62,10.35,0
ORD,2019/6/26 22:51,84,61,9.2,0
ORD,2019/6/26 23:39,83,61,10.35,0
ORD,2019/6/26 23:51,83,61,11.5,0
ORD,2019/6/26 23:59,82,61,12.65,0
ORD,2019/6/27 0:25,80,60,12.65,0
ORD,2019/6/27 0:51,79,61,9.2,T
ORD,2019/6/27 1:41,72,65,0,3.81
ORD,2019/6/27 1:51,73,66,4.6,3.81
ORD,2019/6/27 2:51,72,65,3.45,0
ORD,2019/6/27 3:51,72,63,9.2,0
ORD,2019/6/27 4:51,70,64,3.45,0
ORD,2019/6/27 5:51,70,64,4.6,0
ORD,2019/6/27 6:51,69,63,4.6,0
ORD,2019/6/27 7:51,70,64,9.2,0
ORD,2019/6/27 8:51,69,64,8.05,0
ORD,2019/6/27 9:51,69,64,4.6,0
ORD,2019/6/27 10:51,68,64,3.45,0
ORD,2019/6/27 11:51,71,65,5.75,0
ORD,2019/6/27 12:51,74,66,6.9,0
ORD,2019/6/27 13:51,76,67,4.6,0
ORD,2019/6/27 14:51,80,69,4.6,0
ORD,2019/6/27 15:51,82,68,6.9,0
ORD,2019/6/27 16:51,84,69,0,0
ORD,2019/6/27 17:51,85,70,6.9,0
ORD,2019/6/27 18:51,85,69,10.35,0
ORD,2019/6/27 19:51,88,69,5.75,0
ORD,2019/6/27 20:51,88,67,10.35,0
ORD,2019/6/27 21:51,88,67,9.2,0
ORD,2019/6/27 22:51,88,65,8.05,0
ORD,2019/6/27 23:51,77,63,19.55,0
ORD,2019/6/27 23:55,77,63,21.85,0
ORD,2019/6/28 0:09,76,63,26.45,0
ORD,2019/6/28 0:51,72,66,8.05,0.51
ORD,2019/6/28 1:06,72,66,9.2,T
ORD,2019/6/28 1:16,73,66,8.05,T
ORD,2019/6/28 1:51,70,64,13.8,T
ORD,2019/6/28 2:51,69,63,5.75,0
ORD,2019/6/28 3:51,70,64,4.6,0
ORD,2019/6/28 4:51,70,64,10.35,0
ORD,2019/6/28 5:51,71,63,8.05,0
ORD,2019/6/28 6:51,72,64,9.2,0
ORD,2019/6/28 7:51,73,65,6.9,0
ORD,2019/6/28 8:51,74,65,5.75,0
ORD,2019/6/28 9:51,75,66,8.05,0
ORD,2019/6/28 10:51,74,66,0,0
ORD,2019/6/28 11:51,74,68,4.6,0
ORD,2019/6/28 12:51,76,67,8.05,0
ORD,2019/6/28 13:51,78,67,5.75,0
ORD,2019/6/28 14:51,75,66,16.1,0
ORD,2019/6/28 14:58,75,66,14.95,0
ORD,2019/6/28 15:51,76,64,5.75,T
ORD,2019/6/28 16:17,75,67,13.8,T
ORD,2019/6/28 16:34,72,67,9.2,0.25
ORD,2019/6/28 16:51,73,66,8.05,0.25
ORD,2019/6/28 17:00,74,67,8.05,T
ORD,2019/6/28 17:51,77,67,12.65,T
ORD,2019/6/28 18:51,80,67,18.4,0
ORD,2019/6/28 19:51,83,68,11.5,0
ORD,2019/6/28 20:51,85,70,9.2,0
ORD,2019/6/28 21:51,88,70,6.9,0
ORD,2019/6/28 22:51,89,69,10.35,0
ORD,2019/6/28 23:46,87.8,69.8,8.05,T
ORD,2019/6/28 23:51,88,68,10.35,T
ORD,2019/6/29 0:06,86,67,9.2,0
ORD,2019/6/29 0:51,78,67,10.35,0
ORD,2019/6/29 1:51,74,65,4.6,0
ORD,2019/6/29 2:51,72,66,4.6,0
ORD,2019/6/29 3:51,73,66,0,0
ORD,2019/6/29 4:51,74,66,0,0
ORD,2019/6/29 5:51,72,66,3.45,0
ORD,2019/6/29 6:51,73,67,0,0
ORD,2019/6/29 7:51,73,66,0,0
ORD,2019/6/29 8:51,73,65,4.6,0
ORD,2019/6/29 9:51,70,65,0,0
ORD,2019/6/29 10:51,70,65,0,0
ORD,2019/6/29 11:51,72,65,3.45,0
ORD,2019/6/29 12:51,75,66,0,0
ORD,2019/6/29 13:51,79,66,0,0
ORD,2019/6/29 14:51,81,68,3.45,0
ORD,2019/6/29 15:51,84,69,4.6,0
ORD,2019/6/29 16:51,85,69,11.5,0
ORD,2019/6/29 17:51,85,69,11.5,0
ORD,2019/6/29 18:51,86,69,8.05,0
ORD,2019/6/29 19:51,86,68,9.2,0
ORD,2019/6/29 20:51,87,69,9.2,0
ORD,2019/6/29 21:51,86,68,10.35,0
ORD,2019/6/29 22:51,85,68,9.2,0
ORD,2019/6/29 23:51,83,66,8.05,0
ORD,2019/6/30 0:51,82,64,6.9,0
ORD,2019/6/30 1:51,80,63,8.05,0
ORD,2019/6/30 2:51,77,64,5.75,0
ORD,2019/6/30 3:51,76,63,5.75,0
ORD,2019/6/30 4:51,74,63,3.45,0
ORD,2019/6/30 5:51,74,62,0,0
ORD,2019/6/30 6:51,73,63,0,0
ORD,2019/6/30 7:51,73,62,0,0
ORD,2019/6/30 8:51,72,63,0,0
ORD,2019/6/30 9:51,72,64,0,0
ORD,2019/6/30 10:51,72,64,0,0
ORD,2019/6/30 11:51,75,64,0,0
ORD,2019/6/30 12:51,80,64,3.45,0
ORD,2019/6/30 13:51,81,65,5.75,0
ORD,2019/6/30 14:51,85,67,3.45,0
ORD,2019/6/30 15:51,86,68,5.75,0
ORD,2019/6/30 16:51,87,68,8.05,0
ORD,2019/6/30 17:51,89,69,5.75,0
ORD,2019/6/30 18:51,85,68,24.15,0
ORD,2019/6/30 18:54,81,66,44.85,0
ORD,2019/6/30 19:01,72,66,37.95,T
ORD,2019/6/30 19:06,70,67,24.15,1.78
ORD,2019/6/30 19:14,71,68,29.9,3.3
ORD,2019/6/30 19:51,72,68,13.8,3.56
ORD,2019/6/30 20:49,71.6,66.2,12.65,1.52
ORD,2019/6/30 20:51,71,68,12.65,1.52
ORD,2019/6/30 21:02,71,67,19.55,T
ORD,2019/6/30 21:51,73,67,4.6,T
ORD,2019/6/30 22:51,74,68,9.2,0
ORD,2019/6/30 23:51,75,68,8.05,0
ORD,2019/7/1 0:51,75,68,13.8,0
ORD,2019/7/1 1:51,74,67,11.5,0
ORD,2019/7/1 2:51,73,67,6.9,0
ORD,2019/7/1 3:51,73,68,0,0
ORD,2019/7/1 4:51,72,68,0,0
ORD,2019/7/1 5:51,71,68,5.75,0
ORD,2019/7/1 6:51,71,68,6.9,0
ORD,2019/7/1 7:51,70,68,8.05,0
ORD,2019/7/1 8:51,69,67,5.75,0
ORD,2019/7/1 9:51,69,67,4.6,0
ORD,2019/7/1 10:51,69,67,3.45,0
ORD,2019/7/1 11:51,70,67,3.45,0
ORD,2019/7/1 12:51,74,66,5.75,0
ORD,2019/7/1 13:51,78,67,9.2,0
ORD,2019/7/1 14:51,80,68,10.35,0
ORD,2019/7/1 15:51,82,68,12.65,0
ORD,2019/7/1 16:51,85,67,6.9,0
ORD,2019/7/1 17:51,85,65,4.6,0
ORD,2019/7/1 18:51,87,66,8.05,0
ORD,2019/7/1 19:51,86,70,6.9,0
ORD,2019/7/1 20:51,88,68,5.75,0
ORD,2019/7/1 21:51,88,69,10.35,0
ORD,2019/7/1 22:51,87,68,9.2,0
ORD,2019/7/1 23:51,87,66,5.75,0
ORD,2019/7/2 0:51,86,67,4.6,0
ORD,2019/7/2 1:51,84,68,4.6,0
ORD,2019/7/2 2:51,83,68,0,0
ORD,2019/7/2 3:51,82,69,4.6,0
ORD,2019/7/2 4:51,80,70,5.75,0
ORD,2019/7/2 5:51,79,71,6.9,0
ORD,2019/7/2 6:51,79,71,6.9,0
ORD,2019/7/2 7:51,79,71,9.2,0
ORD,2019/7/2 8:51,78,70,9.2,0
ORD,2019/7/2 9:51,77,71,9.2,0
ORD,2019/7/2 10:51,77,71,6.9,0
ORD,2019/7/2 11:51,78,71,10.35,0
ORD,2019/7/2 12:51,81,71,8.05,0
ORD,2019/7/2 13:51,83,72,9.2,0
ORD,2019/7/2 14:51,85,71,9.2,0
ORD,2019/7/2 15:51,88,72,10.35,0
ORD,2019/7/2 16:51,86,75,5.75,0.25
ORD,2019/7/2 17:12,88,74,6.9,0
ORD,2019/7/2 17:38,88,70,9.2,0
ORD,2019/7/2 17:51,89,69,9.2,0
ORD,2019/7/2 18:43,92,68,13.8,0
ORD,2019/7/2 18:51,90,68,11.5,0
ORD,2019/7/2 18:58,90,68,8.05,0
ORD,2019/7/2 19:51,90,69,13.8,0
ORD,2019/7/2 20:51,91,70,13.8,0
ORD,2019/7/2 21:51,90,68,13.8,0
ORD,2019/7/2 22:51,90,69,13.8,0
ORD,2019/7/2 23:33,90,71,5.75,0
ORD,2019/7/2 23:44,80,66,23,0
ORD,2019/7/2 23:51,78,66,14.95,0
ORD,2019/7/3 0:11,79,67,6.9,0
ORD,2019/7/3 0:51,79,66,12.65,0
ORD,2019/7/3 1:20,77,68,14.95,T
ORD,2019/7/3 1:51,76,68,9.2,T
ORD,2019/7/3 2:16,76,69,8.05,T
ORD,2019/7/3 2:51,75,69,8.05,T
ORD,2019/7/3 3:51,75,68,6.9,0
ORD,2019/7/3 4:51,75,67,5.75,0
ORD,2019/7/3 5:51,74,68,8.05,0
ORD,2019/7/3 6:51,73,69,11.5,0
ORD,2019/7/3 7:51,73,69,4.6,0
ORD,2019/7/3 8:51,73,69,4.6,0
ORD,2019/7/3 9:43,73,69,4.6,0
ORD,2019/7/3 9:51,73,69,5.75,0
ORD,2019/7/3 10:51,70,67,4.6,3.56
ORD,2019/7/3 10:56,69,68,0,2.54
ORD,2019/7/3 11:09,69,68,5.75,6.35
ORD,2019/7/3 11:51,70,68,6.9,6.86
ORD,2019/7/3 12:51,73,69,4.6,0
ORD,2019/7/3 13:51,79,70,5.75,0
ORD,2019/7/3 14:51,81,71,3.45,0
ORD,2019/7/3 15:51,82,70,0,0
ORD,2019/7/3 16:51,83,68,0,0
ORD,2019/7/3 17:51,83,70,6.9,0
ORD,2019/7/3 18:51,85,71,6.9,0
ORD,2019/7/3 19:51,84,70,9.2,0
ORD,2019/7/3 20:51,84,69,11.5,0
ORD,2019/7/3 21:51,83,69,9.2,0
ORD,2019/7/3 22:51,82,68,9.2,0
ORD,2019/7/3 23:51,79,67,8.05,0
ORD,2019/7/4 0:51,78,66,10.35,0
ORD,2019/7/4 1:51,75,67,9.2,0
ORD,2019/7/4 2:51,72,67,8.05,0
ORD,2019/7/4 3:51,72,67,5.75,0
ORD,2019/7/4 4:51,72,67,4.6,0
ORD,2019/7/4 5:51,71,67,6.9,0
ORD,2019/7/4 6:51,71,67,5.75,0
ORD,2019/7/4 7:51,71,66,4.6,0
ORD,2019/7/4 8:51,70,66,4.6,0
ORD,2019/7/4 9:51,71,67,4.6,0
ORD,2019/7/4 10:51,71,67,4.6,0
ORD,2019/7/4 11:51,73,69,5.75,0
ORD,2019/7/4 12:51,75,70,5.75,0
ORD,2019/7/4 13:51,77,68,8.05,0
ORD,2019/7/4 14:51,80,68,9.2,0
ORD,2019/7/4 15:51,82,68,9.2,0
ORD,2019/7/4 16:51,85,69,11.5,0
ORD,2019/7/4 17:51,86,69,13.8,0
ORD,2019/7/4 18:51,88,69,8.05,0
ORD,2019/7/4 19:51,89,68,11.5,0
ORD,2019/7/4 20:51,89,68,11.5,0
ORD,2019/7/4 21:51,90,68,10.35,0
ORD,2019/7/4 22:51,88,69,14.95,0
ORD,2019/7/4 23:51,86,65,12.65,0
ORD,2019/7/5 0:51,83,67,12.65,0
ORD,2019/7/5 1:51,82,67,5.75,0
ORD,2019/7/5 2:51,81,69,6.9,0
ORD,2019/7/5 3:51,80,69,5.75,0
ORD,2019/7/5 4:51,79,69,5.75,0
ORD,2019/7/5 5:51,78,70,6.9,0
ORD,2019/7/5 6:51,77,70,10.35,0
ORD,2019/7/5 7:51,76,70,4.6,0
ORD,2019/7/5 8:51,76,70,4.6,0
ORD,2019/7/5 9:51,75,70,5.75,0
ORD,2019/7/5 10:51,75,69,4.6,0
ORD,2019/7/5 11:51,76,70,6.9,0
ORD,2019/7/5 12:51,78,71,6.9,0
ORD,2019/7/5 13:51,80,70,8.05,T
ORD,2019/7/5 14:51,83,69,11.5,0
ORD,2019/7/5 15:51,85,70,11.5,0
ORD,2019/7/5 16:51,87,72,9.2,0
ORD,2019/7/5 17:51,89,71,10.35,0
ORD,2019/7/5 18:51,90,71,6.9,0
ORD,2019/7/5 19:51,89,70,3.45,T
ORD,2019/7/5 20:05,89,70,3.45,0
ORD,2019/7/5 20:42,76,63,10.35,6.35
ORD,2019/7/5 20:47,75.2,64.4,10.35,8.64
ORD,2019/7/5 20:51,73,65,9.2,10.41
ORD,2019/7/5 20:57,75,66,10.35,1.52
ORD,2019/7/5 21:10,80,67,8.05,1.52
ORD,2019/7/5 21:20,85,65,3.45,1.52
ORD,2019/7/5 21:34,88,65,4.6,1.52
ORD,2019/7/5 21:51,88,66,3.45,1.52
ORD,2019/7/5 22:51,85,71,5.75,0
ORD,2019/7/5 23:51,83,73,9.2,0
ORD,2019/7/6 0:51,82,71,4.6,0
ORD,2019/7/6 1:51,82,72,0,0
ORD,2019/7/6 2:51,81,73,0,0
ORD,2019/7/6 3:51,79,73,3.45,0
ORD,2019/7/6 4:51,79,73,0,0
ORD,2019/7/6 5:51,79,72,3.45,0
ORD,2019/7/6 6:51,77,71,4.6,0
ORD,2019/7/6 7:51,76,71,3.45,0
ORD,2019/7/6 8:51,74,70,11.5,0
ORD,2019/7/6 9:51,73,70,6.9,0
ORD,2019/7/6 10:00,73,70,9.2,0
ORD,2019/7/6 10:51,73,70,4.6,0
ORD,2019/7/6 11:51,73,69,8.05,0
ORD,2019/7/6 12:51,75,69,9.2,0
ORD,2019/7/6 13:51,79,69,4.6,0
ORD,2019/7/6 14:51,81,69,5.75,0
ORD,2019/7/6 15:51,82,69,9.2,0
ORD,2019/7/6 16:51,80,69,16.1,0
ORD,2019/7/6 17:44,77,68,20.7,0
ORD,2019/7/6 17:51,77,67,20.7,0
ORD,2019/7/6 18:51,77,64,17.25,0
ORD,2019/7/6 19:51,77,60,18.4,0
ORD,2019/7/6 20:51,76,59,23,0
ORD,2019/7/6 21:51,75,59,18.4,0
ORD,2019/7/6 22:51,75,60,18.4,0
ORD,2019/7/6 23:51,73,59,21.85,0
ORD,2019/7/7 0:51,71,59,16.1,0
ORD,2019/7/7 1:51,70,58,16.1,0
ORD,2019/7/7 2:51,69,57,14.95,0
ORD,2019/7/7 3:51,67,57,9.2,0
ORD,2019/7/7 4:51,68,58,9.2,0
ORD,2019/7/7 5:17,68,58,11.5,0
ORD,2019/7/7 5:36,68,59,11.5,0
ORD,2019/7/7 5:51,68,59,13.8,0
ORD,2019/7/7 6:51,69,62,18.4,0
ORD,2019/7/7 7:04,68,62,16.1,0
ORD,2019/7/7 7:51,67,62,17.25,0
ORD,2019/7/7 8:39,66,62,19.55,0
ORD,2019/7/7 8:51,66,62,14.95,0
ORD,2019/7/7 9:51,66,61,14.95,0
ORD,2019/7/7 10:51,65,58,16.1,0
ORD,2019/7/7 11:51,66,58,14.95,0
ORD,2019/7/7 12:43,67,59,13.8,0
ORD,2019/7/7 12:51,67,59,13.8,0
ORD,2019/7/7 13:51,67,58,14.95,0
ORD,2019/7/7 14:51,71,58,13.8,0
ORD,2019/7/7 15:11,72,58,14.95,0
ORD,2019/7/7 15:51,72,58,13.8,0
ORD,2019/7/7 16:51,72,58,13.8,0
ORD,2019/7/7 17:51,73,58,14.95,0
ORD,2019/7/7 18:51,75,57,16.1,0
ORD,2019/7/7 19:51,76,57,12.65,0
ORD,2019/7/7 20:51,76,54,14.95,0
ORD,2019/7/7 21:51,76,54,17.25,0
ORD,2019/7/7 22:51,76,54,12.65,0
ORD,2019/7/7 23:51,75,53,12.65,0
ORD,2019/7/8 0:51,73,52,12.65,0
ORD,2019/7/8 1:51,72,50,10.35,0
ORD,2019/7/8 2:51,68,52,16.1,0
ORD,2019/7/8 3:51,66,50,11.5,0
ORD,2019/7/8 4:51,65,49,8.05,0
ORD,2019/7/8 5:51,64,50,5.75,0
ORD,2019/7/8 6:51,63,50,5.75,0
ORD,2019/7/8 7:51,61,50,6.9,0
ORD,2019/7/8 8:51,61,51,6.9,0
ORD,2019/7/8 9:51,61,51,8.05,0
ORD,2019/7/8 10:51,62,51,6.9,0
ORD,2019/7/8 11:51,64,52,5.75,0
ORD,2019/7/8 12:51,67,53,9.2,0
ORD,2019/7/8 13:51,70,54,6.9,0
ORD,2019/7/8 14:51,73,55,5.75,0
ORD,2019/7/8 15:51,75,56,5.75,0
ORD,2019/7/8 16:51,77,58,3.45,0
ORD,2019/7/8 17:51,80,58,3.45,0
ORD,2019/7/8 18:51,81,55,3.45,0
ORD,2019/7/8 19:51,82,59,6.9,0
ORD,2019/7/8 20:51,81,58,11.5,0
ORD,2019/7/8 21:51,79,55,11.5,0
ORD,2019/7/8 22:51,78,55,9.2,0
ORD,2019/7/8 23:51,76,53,6.9,0
ORD,2019/7/9 0:51,72,52,8.05,0
ORD,2019/7/9 1:51,69,51,8.05,0
ORD,2019/7/9 2:51,68,51,6.9,0
ORD,2019/7/9 3:51,67,53,5.75,0
ORD,2019/7/9 4:51,66,56,4.6,0
ORD,2019/7/9 5:51,64,56,0,0
ORD,2019/7/9 6:51,65,57,4.6,0
ORD,2019/7/9 7:51,63,58,4.6,0
ORD,2019/7/9 8:51,62,57,3.45,0
ORD,2019/7/9 9:51,64,58,3.45,0
ORD,2019/7/9 10:51,65,61,0,0
ORD,2019/7/9 11:51,69,62,3.45,0
ORD,2019/7/9 12:51,72,60,6.9,0
ORD,2019/7/9 13:51,77,59,9.2,0
ORD,2019/7/9 14:51,79,59,8.05,0
ORD,2019/7/9 15:51,82,60,6.9,0
ORD,2019/7/9 16:51,83,60,6.9,0
ORD,2019/7/9 17:51,85,60,9.2,0
ORD,2019/7/9 18:51,86,59,8.05,0
ORD,2019/7/9 19:51,87,59,12.65,0
ORD,2019/7/9 20:51,86,60,6.9,0
ORD,2019/7/9 21:51,87,60,4.6,0
ORD,2019/7/9 22:51,86,59,9.2,0
ORD,2019/7/9 23:51,84,59,11.5,0
ORD,2019/7/10 0:51,82,60,11.5,0
ORD,2019/7/10 1:51,79,61,9.2,0
ORD,2019/7/10 2:51,78,61,9.2,0
ORD,2019/7/10 3:51,78,62,5.75,0
ORD,2019/7/10 4:51,79,63,6.9,0
ORD,2019/7/10 5:51,79,64,9.2,0
ORD,2019/7/10 6:51,78,66,6.9,T
ORD,2019/7/10 7:51,78,67,11.5,0.25
ORD,2019/7/10 8:51,77,69,8.05,T
ORD,2019/7/10 9:51,76,69,5.75,0
ORD,2019/7/10 10:51,76,70,5.75,0
ORD,2019/7/10 11:51,77,70,9.2,0
ORD,2019/7/10 12:51,79,72,9.2,0
ORD,2019/7/10 13:51,82,72,10.35,0
ORD,2019/7/10 14:51,85,72,6.9,0
ORD,2019/7/10 15:51,88,70,13.8,0
ORD,2019/7/10 16:51,90,71,12.65,0
ORD,2019/7/10 17:51,92,67,11.5,0
ORD,2019/7/10 18:51,93,67,14.95,0
ORD,2019/7/10 19:51,93,65,10.35,0
ORD,2019/7/10 20:51,94,62,12.65,0
ORD,2019/7/10 21:51,93,64,17.25,0
ORD,2019/7/10 22:51,91,63,16.1,0
ORD,2019/7/10 23:51,90,62,12.65,0
ORD,2019/7/11 0:51,87,62,9.2,0
ORD,2019/7/11 1:51,84,58,9.2,0
ORD,2019/7/11 2:51,81,58,13.8,0
ORD,2019/7/11 3:51,79,59,8.05,0
ORD,2019/7/11 4:51,77,60,8.05,0
ORD,2019/7/11 5:51,75,60,5.75,0
ORD,2019/7/11 6:51,74,60,6.9,0
ORD,2019/7/11 7:51,73,61,3.45,0
ORD,2019/7/11 8:51,72,61,3.45,0
ORD,2019/7/11 9:51,70,62,4.6,0
ORD,2019/7/11 10:51,70,62,5.75,0
ORD,2019/7/11 11:51,72,63,5.75,0
ORD,2019/7/11 12:51,73,63,5.75,0
ORD,2019/7/11 13:51,75,63,6.9,0
ORD,2019/7/11 14:51,78,63,6.9,0
ORD,2019/7/11 15:51,78,63,8.05,0
ORD,2019/7/11 16:51,78,63,12.65,0
ORD,2019/7/11 17:51,79,64,12.65,0
ORD,2019/7/11 18:51,79,63,10.35,0
ORD,2019/7/11 19:51,80,63,9.2,0
ORD,2019/7/11 20:51,81,63,10.35,0
ORD,2019/7/11 21:51,80,61,11.5,0
ORD,2019/7/11 22:51,76,61,13.8,0
ORD,2019/7/11 23:51,72,59,11.5,0
ORD,2019/7/12 0:51,70,58,9.2,0
ORD,2019/7/12 1:51,68,57,8.05,0
ORD,2019/7/12 2:51,68,57,6.9,0
ORD,2019/7/12 3:51,68,56,4.6,0
ORD,2019/7/12 4:51,66,57,6.9,0
ORD,2019/7/12 5:51,65,57,6.9,0
ORD,2019/7/12 6:51,62,57,6.9,0
ORD,2019/7/12 7:51,61,56,5.75,0
ORD,2019/7/12 8:51,61,55,5.75,0
ORD,2019/7/12 9:51,62,55,3.45,0
ORD,2019/7/12 10:51,61,54,4.6,0
ORD,2019/7/12 11:51,64,56,4.6,0
ORD,2019/7/12 12:51,68,55,0,0
ORD,2019/7/12 13:51,72,46,3.45,0
ORD,2019/7/12 14:51,75,51,0,0
ORD,2019/7/12 15:51,76,53,4.6,0
ORD,2019/7/12 16:51,79,55,4.6,0
ORD,2019/7/12 17:51,81,56,8.05,0
ORD,2019/7/12 18:51,82,56,8.05,0
ORD,2019/7/12 19:51,84,58,4.6,0
ORD,2019/7/12 20:51,86,59,8.05,0
ORD,2019/7/12 21:51,87,57,5.75,0
ORD,2019/7/12 22:51,86,57,10.35,0
ORD,2019/7/12 23:51,86,58,11.5,0
ORD,2019/7/13 0:51,84,59,11.5,0
ORD,2019/7/13 1:51,82,59,10.35,0
ORD,2019/7/13 2:51,80,59,9.2,0
ORD,2019/7/13 3:51,79,61,5.75,0
ORD,2019/7/13 4:51,76,62,5.75,0
ORD,2019/7/13 5:51,75,63,5.75,0
ORD,2019/7/13 6:51,73,63,5.75,0
ORD,2019/7/13 7:51,73,63,6.9,0
ORD,2019/7/13 8:51,72,63,8.05,0
ORD,2019/7/13 9:51,72,63,9.2,0
ORD,2019/7/13 10:51,72,63,8.05,0
ORD,2019/7/13 11:51,74,63,9.2,0
ORD,2019/7/13 12:51,77,64,12.65,0
ORD,2019/7/13 13:51,80,64,11.5,0
ORD,2019/7/13 14:51,84,65,11.5,0
ORD,2019/7/13 15:51,87,66,12.65,0
ORD,2019/7/13 16:51,89,67,12.65,0
ORD,2019/7/13 17:02,89,68,9.2,0
ORD,2019/7/13 17:51,89,68,10.35,0
ORD,2019/7/13 18:51,92,68,12.65,0
ORD,2019/7/13 19:51,91,68,12.65,0
ORD,2019/7/13 20:51,94,59,4.6,0
ORD,2019/7/13 21:51,92,64,5.75,0
ORD,2019/7/13 22:51,92,65,8.05,0
ORD,2019/7/13 23:51,84,69,14.95,0
ORD,2019/7/14 0:51,77,67,11.5,0
ORD,2019/7/14 1:51,75,64,9.2,0
ORD,2019/7/14 2:51,76,64,6.9,0
ORD,2019/7/14 3:51,76,62,8.05,0
ORD,2019/7/14 4:51,76,60,11.5,0
ORD,2019/7/14 5:51,74,61,8.05,0
ORD,2019/7/14 6:51,73,60,8.05,0
ORD,2019/7/14 7:51,72,61,6.9,0
ORD,2019/7/14 8:51,72,60,4.6,0
ORD,2019/7/14 9:51,70,62,6.9,0
ORD,2019/7/14 10:51,71,63,4.6,0
ORD,2019/7/14 11:51,73,64,8.05,0
ORD,2019/7/14 12:51,76,64,8.05,0
ORD,2019/7/14 13:51,79,63,5.75,0
ORD,2019/7/14 14:51,82,62,9.2,0
ORD,2019/7/14 15:51,84,61,4.6,0
ORD,2019/7/14 16:51,87,61,0,0
ORD,2019/7/14 17:51,88,63,6.9,0
ORD,2019/7/14 18:51,91,64,3.45,0
ORD,2019/7/14 19:51,89,63,13.8,0
ORD,2019/7/14 20:51,88,61,11.5,0
ORD,2019/7/14 21:51,88,60,11.5,0
ORD,2019/7/14 22:51,85,61,10.35,0
ORD,2019/7/14 23:20,83,61,8.05,0
ORD,2019/7/14 23:51,82,63,9.2,T
ORD,2019/7/15 0:09,79,65,3.45,T
ORD,2019/7/15 0:51,78,66,3.45,T
ORD,2019/7/15 1:51,78,66,6.9,0
ORD,2019/7/15 2:51,79,62,5.75,0
ORD,2019/7/15 3:51,79,63,0,0
ORD,2019/7/15 4:51,77,64,0,0
ORD,2019/7/15 5:51,75,66,3.45,0
ORD,2019/7/15 6:51,75,68,5.75,0
ORD,2019/7/15 7:51,75,68,5.75,0
ORD,2019/7/15 8:51,75,68,8.05,0
ORD,2019/7/15 9:51,74,68,8.05,0
ORD,2019/7/15 10:51,74,68,8.05,0
ORD,2019/7/15 11:51,76,68,9.2,0
ORD,2019/7/15 12:51,76,66,9.2,0
ORD,2019/7/15 13:51,80,65,13.8,0
ORD,2019/7/15 14:51,82,64,11.5,0
ORD,2019/7/15 15:51,85,63,16.1,0
ORD,2019/7/15 16:51,86,63,12.65,0
ORD,2019/7/15 17:51,89,63,14.95,0
ORD,2019/7/15 18:51,90,64,17.25,0
ORD,2019/7/15 19:51,90,64,16.1,0
ORD,2019/7/15 20:51,90,64,18.4,0
ORD,2019/7/15 21:51,91,63,18.4,0
ORD,2019/7/15 22:51,88,65,19.55,0
ORD,2019/7/15 23:51,86,63,14.95,0
ORD,2019/7/16 0:51,84,62,14.95,0
ORD,2019/7/16 1:51,81,62,11.5,0
ORD,2019/7/16 2:51,79,62,9.2,0
ORD,2019/7/16 3:51,78,62,4.6,0
ORD,2019/7/16 4:51,77,62,5.75,0
ORD,2019/7/16 5:51,75,62,4.6,0
ORD,2019/7/16 6:51,76,63,8.05,0
ORD,2019/7/16 7:51,73,67,10.35,0
ORD,2019/7/16 8:27,71,68,6.9,0
ORD,2019/7/16 8:51,71,68,6.9,T
ORD,2019/7/16 9:42,71,69,6.9,T
ORD,2019/7/16 9:51,71,69,9.2,T
ORD,2019/7/16 10:51,72,69,6.9,0
ORD,2019/7/16 11:51,72,68,10.35,0
ORD,2019/7/16 12:51,73,69,4.6,T
ORD,2019/7/16 13:14,74,70,11.5,T
ORD,2019/7/16 13:23,75,70,14.95,T
ORD,2019/7/16 13:51,75,70,5.75,T
ORD,2019/7/16 14:18,76,70,9.2,0
ORD,2019/7/16 14:51,76,70,11.5,0
ORD,2019/7/16 15:51,77,70,9.2,0
ORD,2019/7/16 16:51,79,70,6.9,0
ORD,2019/7/16 17:28,80,70,6.9,0
ORD,2019/7/16 17:51,81,69,9.2,0
ORD,2019/7/16 18:39,78,71,4.6,0.25
ORD,2019/7/16 18:47,78.8,71.6,4.6,0.25
ORD,2019/7/16 18:51,78,72,4.6,0.25
ORD,2019/7/16 19:02,80,71,0,T
ORD,2019/7/16 19:51,80,71,4.6,T
ORD,2019/7/16 20:51,77,73,9.2,1.02
ORD,2019/7/16 21:51,81,71,5.75,T
ORD,2019/7/16 22:51,81,71,5.75,0
ORD,2019/7/16 23:51,82,71,4.6,0
ORD,2019/7/17 0:51,80,71,6.9,0
ORD,2019/7/17 1:51,79,72,5.75,0
ORD,2019/7/17 2:51,79,72,4.6,0
ORD,2019/7/17 3:51,78,71,4.6,0
ORD,2019/7/17 4:51,77,71,0,0
ORD,2019/7/17 5:51,77,72,0,0
ORD,2019/7/17 6:51,75,72,3.45,0
ORD,2019/7/17 7:51,75,72,4.6,0
ORD,2019/7/17 8:51,74,71,4.6,0
ORD,2019/7/17 9:51,74,71,3.45,0
ORD,2019/7/17 10:51,74,71,0,0
ORD,2019/7/17 11:51,76,70,5.75,0
ORD,2019/7/17 12:51,79,70,4.6,0
ORD,2019/7/17 13:51,82,70,6.9,0
ORD,2019/7/17 14:51,84,71,0,0
ORD,2019/7/17 15:51,87,70,3.45,0
ORD,2019/7/17 16:51,87,68,3.45,0
ORD,2019/7/17 17:51,90,66,3.45,0
ORD,2019/7/17 18:51,90,70,9.2,0
ORD,2019/7/17 19:26,79,69,12.65,2.03
ORD,2019/7/17 19:39,79,74,13.8,7.87
ORD,2019/7/17 19:41,78,74,12.65,9.14
ORD,2019/7/17 19:43,78,74,11.5,9.91
ORD,2019/7/17 19:51,79,73,10.35,10.16
ORD,2019/7/17 19:58,80,73,10.35,1.52
ORD,2019/7/17 20:29,83,71,6.9,1.78
ORD,2019/7/17 20:51,85,71,5.75,1.78
ORD,2019/7/17 21:51,87,72,8.05,0
ORD,2019/7/17 22:51,82,68,10.35,0
ORD,2019/7/17 22:58,83,69,6.9,0
ORD,2019/7/17 23:31,77,71,9.2,0
ORD,2019/7/17 23:51,79,71,6.9,0
ORD,2019/7/18 0:51,78,71,8.05,0
ORD,2019/7/18 1:51,78,70,5.75,0
ORD,2019/7/18 2:51,78,70,6.9,0
ORD,2019/7/18 3:51,79,70,4.6,0
ORD,2019/7/18 4:51,78,70,4.6,0
ORD,2019/7/18 5:51,77,70,4.6,0
ORD,2019/7/18 6:51,77,71,3.45,0
ORD,2019/7/18 7:51,76,72,5.75,0
ORD,2019/7/18 8:51,76,72,4.6,0
ORD,2019/7/18 9:51,75,71,4.6,0
ORD,2019/7/18 10:51,74,71,6.9,0
ORD,2019/7/18 11:51,76,69,9.2,0
ORD,2019/7/18 12:16,75,70,16.1,0.76
ORD,2019/7/18 12:37,73,72,4.6,8.38
ORD,2019/7/18 12:51,73,70,12.65,8.38
ORD,2019/7/18 12:57,73,70,11.5,1.27
ORD,2019/7/18 13:06,75,70,10.35,5.08
ORD,2019/7/18 13:11,74,70,9.2,5.33
ORD,2019/7/18 13:51,73,71,9.2,9.91
ORD,2019/7/18 14:06,72,70,8.05,5.33
ORD,2019/7/18 14:16,72,71,8.05,5.33
ORD,2019/7/18 14:27,72,71,4.6,5.59
ORD,2019/7/18 14:42,72,71,0,6.35
ORD,2019/7/18 14:47,71.6,71.6,3.45,7.62
ORD,2019/7/18 14:51,72,70,5.75,8.13
ORD,2019/7/18 15:04,72,71,4.6,1.78
ORD,2019/7/18 15:13,72,70,0,2.29
ORD,2019/7/18 15:21,73,71,5.75,2.54
ORD,2019/7/18 15:32,72,71,3.45,3.3
ORD,2019/7/18 15:46,71.6,71.6,6.9,5.59
ORD,2019/7/18 15:51,72,71,9.2,5.84
ORD,2019/7/18 16:03,73,71,13.8,T
ORD,2019/7/18 16:08,72,71,13.8,T
ORD,2019/7/18 16:27,72,70,14.95,T
ORD,2019/7/18 16:46,71.6,69.8,13.8,0.25
ORD,2019/7/18 16:51,71,69,14.95,1.27
ORD,2019/7/18 17:05,71,69,16.1,0.76
ORD,2019/7/18 17:51,75,72,12.65,1.02
ORD,2019/7/18 18:51,81,71,16.1,0
ORD,2019/7/18 19:51,82,71,21.85,0
ORD,2019/7/18 20:51,84,73,20.7,0
ORD,2019/7/18 21:51,86,74,23,0
ORD,2019/7/18 22:51,87,75,12.65,0
ORD,2019/7/18 23:51,86,76,8.05,0
ORD,2019/7/19 0:51,87,77,12.65,0
ORD,2019/7/19 1:51,86,77,10.35,0
ORD,2019/7/19 2:51,85,77,9.2,0
ORD,2019/7/19 3:51,84,77,10.35,0
ORD,2019/7/19 4:51,84,76,10.35,0
ORD,2019/7/19 5:51,83,76,9.2,0
ORD,2019/7/19 6:51,82,76,9.2,0
ORD,2019/7/19 7:51,82,76,11.5,0
ORD,2019/7/19 8:51,81,76,12.65,0
ORD,2019/7/19 9:51,81,75,12.65,0
ORD,2019/7/19 10:51,81,75,10.35,0
ORD,2019/7/19 11:51,81,75,10.35,0
ORD,2019/7/19 12:51,82,75,11.5,0
ORD,2019/7/19 13:51,82,74,12.65,0
ORD,2019/7/19 14:51,84,74,12.65,0
ORD,2019/7/19 15:51,86,75,10.35,0
ORD,2019/7/19 16:51,88,75,11.5,0
ORD,2019/7/19 17:51,89,75,11.5,0
ORD,2019/7/19 18:51,91,76,5.75,0
ORD,2019/7/19 19:51,91,76,9.2,0
ORD,2019/7/19 20:51,92,76,13.8,0
ORD,2019/7/19 21:51,92,76,13.8,0
ORD,2019/7/19 22:51,93,77,14.95,0
ORD,2019/7/19 23:51,92,77,12.65,0
ORD,2019/7/20 0:51,90,77,14.95,0
ORD,2019/7/20 1:51,89,77,13.8,0
ORD,2019/7/20 2:51,88,76,12.65,0
ORD,2019/7/20 3:51,87,75,12.65,0
ORD,2019/7/20 4:51,86,76,11.5,0
ORD,2019/7/20 5:51,85,75,11.5,0
ORD,2019/7/20 6:51,84,75,12.65,0
ORD,2019/7/20 7:51,83,74,5.75,0
ORD,2019/7/20 8:51,76,68,11.5,0
ORD,2019/7/20 9:51,75,69,12.65,0.51
ORD,2019/7/20 9:58,75,69,14.95,0
ORD,2019/7/20 10:51,75,68,12.65,0
ORD,2019/7/20 11:51,78,68,10.35,0
ORD,2019/7/20 12:13,79,71,12.65,0
ORD,2019/7/20 12:51,80,73,12.65,0
ORD,2019/7/20 13:51,82,75,10.35,0
ORD,2019/7/20 14:51,85,75,10.35,0
ORD,2019/7/20 15:51,88,76,13.8,0
ORD,2019/7/20 16:51,90,77,16.1,0
ORD,2019/7/20 17:33,null,null,null,0
ORD,2019/7/20 17:51,93,77,12.65,0
ORD,2019/7/20 18:51,94,75,17.25,0
ORD,2019/7/20 19:51,94,73,14.95,0
ORD,2019/7/20 20:51,95,74,14.95,0
ORD,2019/7/20 21:14,86,69,25.3,0
ORD,2019/7/20 21:19,80,68,28.75,0
ORD,2019/7/20 21:51,77,68,23,0
ORD,2019/7/20 22:17,74,70,18.4,0.51
ORD,2019/7/20 22:21,73,70,14.95,1.02
ORD,2019/7/20 22:25,74,71,9.2,1.27
ORD,2019/7/20 22:34,75,71,11.5,1.52
ORD,2019/7/20 22:51,76,71,8.05,1.52
ORD,2019/7/20 23:51,77,69,3.45,0
ORD,2019/7/21 0:51,77,70,8.05,0
ORD,2019/7/21 1:51,78,69,11.5,0
ORD,2019/7/21 2:51,78,69,9.2,0
ORD,2019/7/21 3:51,77,69,3.45,0
ORD,2019/7/21 4:51,77,70,10.35,0
ORD,2019/7/21 5:51,75,70,12.65,0
ORD,2019/7/21 6:51,71,67,16.1,0
ORD,2019/7/21 7:51,71,66,11.5,0
ORD,2019/7/21 8:00,71,66,9.2,0
ORD,2019/7/21 8:22,71,66,11.5,0
ORD,2019/7/21 8:51,70,66,10.35,0
ORD,2019/7/21 9:51,70,66,12.65,0
ORD,2019/7/21 10:04,70,67,12.65,T
ORD,2019/7/21 10:19,69,67,9.2,1.27
ORD,2019/7/21 10:23,69,67,11.5,3.05
ORD,2019/7/21 10:26,69,67,18.4,5.59
ORD,2019/7/21 10:37,68,67,12.65,13.46
ORD,2019/7/21 10:40,68,67,12.65,13.46
ORD,2019/7/21 10:51,69,67,9.2,13.46
ORD,2019/7/21 11:05,69,68,5.75,0.25
ORD,2019/7/21 11:11,69,67,9.2,2.03
ORD,2019/7/21 11:20,69,67,10.35,3.81
ORD,2019/7/21 11:38,69,67,6.9,5.08
ORD,2019/7/21 11:51,69,67,8.05,5.08
ORD,2019/7/21 12:12,69,67,8.05,0
ORD,2019/7/21 12:44,70,67,9.2,T
ORD,2019/7/21 12:51,70,68,8.05,T
ORD,2019/7/21 13:24,71,68,9.2,0
ORD,2019/7/21 13:51,72,68,9.2,0
ORD,2019/7/21 14:51,71,68,10.35,0
ORD,2019/7/21 15:14,70,67,8.05,0
ORD,2019/7/21 15:29,69,67,8.05,T
ORD,2019/7/21 15:51,69,67,10.35,0.25
ORD,2019/7/21 16:37,71,68,8.05,0.25
ORD,2019/7/21 16:51,71,68,10.35,0.51
ORD,2019/7/21 17:51,75,68,12.65,T
ORD,2019/7/21 18:06,77,68,12.65,0
ORD,2019/7/21 18:51,76,66,14.95,0
ORD,2019/7/21 19:51,77,66,14.95,0
ORD,2019/7/21 20:51,76,61,17.25,0
ORD,2019/7/21 21:51,76,56,20.7,0
ORD,2019/7/21 22:51,76,53,19.55,0
ORD,2019/7/21 23:51,75,54,14.95,0
ORD,2019/7/22 0:51,74,52,10.35,0
ORD,2019/7/22 1:51,73,53,11.5,0
ORD,2019/7/22 2:51,71,56,11.5,0
ORD,2019/7/22 3:51,69,58,11.5,0
ORD,2019/7/22 4:51,69,57,11.5,0
ORD,2019/7/22 5:51,68,56,8.05,0
ORD,2019/7/22 6:51,67,56,8.05,0
ORD,2019/7/22 7:51,67,57,10.35,0
ORD,2019/7/22 8:51,67,60,13.8,0
ORD,2019/7/22 9:51,66,61,11.5,0
ORD,2019/7/22 10:51,65,60,12.65,0
ORD,2019/7/22 11:51,66,59,12.65,0
ORD,2019/7/22 12:51,67,56,17.25,0
ORD,2019/7/22 13:51,69,57,18.4,0
ORD,2019/7/22 14:51,70,56,18.4,0
ORD,2019/7/22 15:51,71,53,19.55,0
ORD,2019/7/22 16:51,71,49,19.55,0
ORD,2019/7/22 17:51,72,48,18.4,0
ORD,2019/7/22 18:51,73,46,19.55,0
ORD,2019/7/22 19:51,75,45,20.7,0
ORD,2019/7/22 20:51,75,49,16.1,0
ORD,2019/7/22 21:51,73,52,13.8,0
ORD,2019/7/22 22:51,73,51,18.4,0
ORD,2019/7/22 23:51,71,50,12.65,0
ORD,2019/7/23 0:51,70,49,10.35,0
ORD,2019/7/23 1:51,67,49,8.05,0
ORD,2019/7/23 2:51,65,49,6.9,0
ORD,2019/7/23 3:51,65,50,0,0
ORD,2019/7/23 4:51,64,51,0,0
ORD,2019/7/23 5:51,62,53,0,0
ORD,2019/7/23 6:51,63,53,5.75,0
ORD,2019/7/23 7:51,64,52,4.6,0
ORD,2019/7/23 8:51,63,52,6.9,0
ORD,2019/7/23 9:51,63,53,6.9,0
ORD,2019/7/23 10:51,62,54,6.9,0
ORD,2019/7/23 11:51,64,55,6.9,0
ORD,2019/7/23 12:51,68,56,8.05,0
ORD,2019/7/23 13:51,71,57,4.6,0
ORD,2019/7/23 14:51,75,54,3.45,0
ORD,2019/7/23 15:51,78,58,5.75,0
ORD,2019/7/23 16:51,78,59,10.35,0
ORD,2019/7/23 17:51,79,57,13.8,0
ORD,2019/7/23 18:51,77,57,12.65,0
ORD,2019/7/23 19:51,78,59,11.5,0
ORD,2019/7/23 20:51,77,60,11.5,0
ORD,2019/7/23 21:51,77,59,11.5,0
ORD,2019/7/23 22:51,76,58,9.2,0
ORD,2019/7/23 23:51,74,57,6.9,0
ORD,2019/7/24 0:51,72,56,5.75,0
ORD,2019/7/24 1:51,69,55,8.05,0
ORD,2019/7/24 2:51,68,56,9.2,0
ORD,2019/7/24 3:51,68,56,3.45,0
ORD,2019/7/24 4:51,66,57,3.45,0
ORD,2019/7/24 5:51,64,58,3.45,0
ORD,2019/7/24 6:51,64,58,3.45,0
ORD,2019/7/24 7:51,63,57,0,0
ORD,2019/7/24 8:51,62,58,4.6,0
ORD,2019/7/24 9:51,64,57,4.6,0
ORD,2019/7/24 10:51,63,57,0,0
ORD,2019/7/24 11:51,64,58,0,0
ORD,2019/7/24 12:51,69,55,4.6,0
ORD,2019/7/24 13:51,73,47,4.6,0
ORD,2019/7/24 14:51,75,47,4.6,0
ORD,2019/7/24 15:51,76,49,8.05,0
ORD,2019/7/24 16:51,78,50,6.9,0
ORD,2019/7/24 17:51,78,50,6.9,0
ORD,2019/7/24 18:51,79,48,10.35,0
ORD,2019/7/24 19:51,80,49,4.6,0
ORD,2019/7/24 20:51,80,48,10.35,0
ORD,2019/7/24 21:51,79,49,5.75,0
ORD,2019/7/24 22:51,80,48,6.9,0
ORD,2019/7/24 23:51,79,48,null,0
ORD,2019/7/25 0:51,75,47,6.9,0
ORD,2019/7/25 1:51,72,46,6.9,0
ORD,2019/7/25 2:51,70,44,8.05,0
ORD,2019/7/25 3:51,70,47,3.45,0
ORD,2019/7/25 4:51,69,47,3.45,0
ORD,2019/7/25 5:51,68,47,4.6,0
ORD,2019/7/25 6:51,66,49,0,0
ORD,2019/7/25 7:51,65,50,0,0
ORD,2019/7/25 8:51,64,50,4.6,0
ORD,2019/7/25 9:51,63,50,0,0
ORD,2019/7/25 10:51,63,51,3.45,0
ORD,2019/7/25 11:51,64,53,4.6,0
ORD,2019/7/25 12:51,68,53,5.75,0
ORD,2019/7/25 13:51,72,53,6.9,0
ORD,2019/7/25 14:51,75,53,5.75,0
ORD,2019/7/25 15:51,78,54,0,0
ORD,2019/7/25 16:51,81,56,0,0
ORD,2019/7/25 17:51,82,56,5.75,0
ORD,2019/7/25 18:51,82,55,5.75,0
ORD,2019/7/25 19:51,83,55,4.6,0
ORD,2019/7/25 20:51,85,56,3.45,0
ORD,2019/7/25 21:51,83,56,9.2,0
ORD,2019/7/25 22:51,83,56,9.2,0
ORD,2019/7/25 23:51,81,55,6.9,0
ORD,2019/7/26 0:51,79,54,8.05,0
ORD,2019/7/26 1:51,77,54,9.2,0
ORD,2019/7/26 2:51,75,56,9.2,0
ORD,2019/7/26 3:51,73,57,5.75,0
ORD,2019/7/26 4:51,72,58,5.75,0
ORD,2019/7/26 5:51,71,58,4.6,0
ORD,2019/7/26 6:51,71,58,5.75,0
ORD,2019/7/26 7:51,70,58,4.6,0
ORD,2019/7/26 8:51,69,58,5.75,0
ORD,2019/7/26 9:51,68,58,5.75,0
ORD,2019/7/26 10:51,68,58,4.6,0
ORD,2019/7/26 11:51,70,58,5.75,0
ORD,2019/7/26 12:51,71,58,6.9,0
ORD,2019/7/26 13:51,73,60,6.9,0
ORD,2019/7/26 14:51,75,61,8.05,0
ORD,2019/7/26 15:51,76,61,8.05,0
ORD,2019/7/26 16:51,80,63,8.05,0
ORD,2019/7/26 17:51,82,64,11.5,0
ORD,2019/7/26 18:51,82,63,13.8,0
ORD,2019/7/26 19:51,84,60,13.8,0
ORD,2019/7/26 20:51,83,62,13.8,0
ORD,2019/7/26 21:51,82,62,13.8,0
ORD,2019/7/26 22:51,82,63,13.8,0
ORD,2019/7/26 23:51,82,62,14.95,0
ORD,2019/7/27 0:51,81,61,12.65,0
ORD,2019/7/27 1:51,80,61,11.5,0
ORD,2019/7/27 2:51,79,62,9.2,0
ORD,2019/7/27 3:51,77,63,8.05,0
ORD,2019/7/27 4:51,76,63,9.2,0
ORD,2019/7/27 5:51,76,63,10.35,0
ORD,2019/7/27 6:51,75,63,10.35,0
ORD,2019/7/27 7:51,74,62,11.5,0
ORD,2019/7/27 8:51,73,61,11.5,0
ORD,2019/7/27 9:51,73,61,10.35,0
ORD,2019/7/27 10:51,72,61,5.75,0
ORD,2019/7/27 11:51,73,61,11.5,0
ORD,2019/7/27 12:51,75,61,12.65,0
ORD,2019/7/27 13:51,77,62,10.35,0
ORD,2019/7/27 14:51,80,62,17.25,0
ORD,2019/7/27 15:51,82,63,18.4,0
ORD,2019/7/27 16:51,85,63,20.7,0
ORD,2019/7/27 17:51,87,64,16.1,0
ORD,2019/7/27 18:51,87,63,19.55,0
ORD,2019/7/27 19:51,88,64,17.25,0
ORD,2019/7/27 20:51,88,64,19.55,0
ORD,2019/7/27 21:51,87,63,17.25,0
ORD,2019/7/27 22:51,86,65,17.25,0
ORD,2019/7/27 23:51,85,64,13.8,0
ORD,2019/7/28 0:51,83,65,9.2,0
ORD,2019/7/28 1:51,81,65,10.35,0
ORD,2019/7/28 2:51,80,65,13.8,0
ORD,2019/7/28 3:51,79,64,9.2,0
ORD,2019/7/28 4:51,78,63,10.35,0
ORD,2019/7/28 5:51,78,63,12.65,0
ORD,2019/7/28 6:51,77,64,11.5,0
ORD,2019/7/28 7:51,78,64,12.65,0
ORD,2019/7/28 8:51,76,64,10.35,0
ORD,2019/7/28 9:51,75,64,8.05,0
ORD,2019/7/28 10:51,73,65,6.9,0
ORD,2019/7/28 11:51,73,66,9.2,0
ORD,2019/7/28 12:51,76,66,10.35,0
ORD,2019/7/28 13:51,77,66,9.2,0
ORD,2019/7/28 14:51,81,67,10.35,0
ORD,2019/7/28 15:51,84,67,9.2,0
ORD,2019/7/28 16:51,86,67,12.65,0
ORD,2019/7/28 17:51,86,67,11.5,0
ORD,2019/7/28 18:51,88,64,16.1,0
ORD,2019/7/28 19:51,89,63,12.65,0
ORD,2019/7/28 20:51,88,64,17.25,0
ORD,2019/7/28 21:51,88,64,14.95,0
ORD,2019/7/28 22:51,87,62,14.95,0
ORD,2019/7/28 23:51,86,63,13.8,0
ORD,2019/7/29 0:51,84,64,10.35,0
ORD,2019/7/29 1:51,83,65,10.35,0
ORD,2019/7/29 2:51,82,65,8.05,0
ORD,2019/7/29 3:51,81,65,11.5,0
ORD,2019/7/29 4:51,79,65,10.35,0
ORD,2019/7/29 5:51,78,65,9.2,0
ORD,2019/7/29 6:51,78,65,9.2,0
ORD,2019/7/29 7:51,77,65,9.2,0
ORD,2019/7/29 8:51,77,65,12.65,0
ORD,2019/7/29 9:51,77,65,12.65,0
ORD,2019/7/29 10:51,76,66,9.2,0
ORD,2019/7/29 11:51,72,70,10.35,2.29
ORD,2019/7/29 12:51,72,70,8.05,0.25
ORD,2019/7/29 13:51,73,70,9.2,0
ORD,2019/7/29 14:51,74,70,9.2,0
ORD,2019/7/29 15:51,74,69,9.2,0
ORD,2019/7/29 16:51,76,71,5.75,T
ORD,2019/7/29 17:21,76,69,10.35,0
ORD,2019/7/29 17:28,74,69,12.65,T
ORD,2019/7/29 17:35,73,70,9.2,0.76
ORD,2019/7/29 17:41,74,70,5.75,0.76
ORD,2019/7/29 17:47,73.4,69.8,11.5,0.76
ORD,2019/7/29 17:48,73.4,69.8,14.95,0.76
ORD,2019/7/29 17:51,73,70,13.8,1.02
ORD,2019/7/29 17:53,73,70,14.95,T
ORD,2019/7/29 18:25,74,71,11.5,T
ORD,2019/7/29 18:39,74,71,10.35,T
ORD,2019/7/29 18:51,75,71,9.2,T
ORD,2019/7/29 19:51,80,71,10.35,0
ORD,2019/7/29 20:20,81,70,8.05,0
ORD,2019/7/29 20:43,70,64,24.15,2.79
ORD,2019/7/29 20:51,76,65,8.05,4.57
ORD,2019/7/29 21:01,76,67,5.75,T
ORD,2019/7/29 21:08,76,68,4.6,T
ORD,2019/7/29 21:18,77,69,6.9,T
ORD,2019/7/29 21:51,77,70,5.75,T
ORD,2019/7/29 22:51,81,68,4.6,0
ORD,2019/7/29 23:51,81,62,10.35,0
ORD,2019/7/30 0:51,78,60,8.05,0
ORD,2019/7/30 1:51,76,60,5.75,0
ORD,2019/7/30 2:51,75,61,0,0
ORD,2019/7/30 3:51,73,63,0,0
ORD,2019/7/30 4:51,71,63,4.6,0
ORD,2019/7/30 5:51,71,63,4.6,0
ORD,2019/7/30 6:51,70,63,4.6,0
ORD,2019/7/30 7:51,69,63,4.6,0
ORD,2019/7/30 8:51,68,62,5.75,0
ORD,2019/7/30 9:51,67,62,5.75,0
ORD,2019/7/30 10:51,67,61,5.75,0
ORD,2019/7/30 11:51,68,62,9.2,0
ORD,2019/7/30 12:51,71,62,8.05,0
ORD,2019/7/30 13:51,72,61,8.05,0
ORD,2019/7/30 14:51,74,60,9.2,0
ORD,2019/7/30 15:51,75,60,5.75,0
ORD,2019/7/30 16:51,75,59,5.75,0
ORD,2019/7/30 17:51,77,61,9.2,0
ORD,2019/7/30 18:51,76,61,9.2,0
ORD,2019/7/30 19:51,78,61,10.35,0
ORD,2019/7/30 20:51,75,60,12.65,0
ORD,2019/7/30 21:51,76,60,11.5,0
ORD,2019/7/30 22:51,74,58,10.35,0
ORD,2019/7/30 23:51,73,56,10.35,0
ORD,2019/7/31 0:51,71,56,10.35,0
ORD,2019/7/31 1:51,69,56,9.2,0
ORD,2019/7/31 2:51,68,57,8.05,0
ORD,2019/7/31 3:51,68,58,8.05,0
ORD,2019/7/31 4:51,66,58,8.05,0
ORD,2019/7/31 5:51,66,58,5.75,0
ORD,2019/7/31 6:51,64,58,5.75,0
ORD,2019/7/31 7:51,63,58,3.45,0
ORD,2019/7/31 8:51,62,58,3.45,0
ORD,2019/7/31 9:51,61,57,5.75,0
ORD,2019/7/31 10:51,61,57,6.9,0
ORD,2019/7/31 11:51,62,59,8.05,0
ORD,2019/7/31 12:51,66,58,10.35,0
ORD,2019/7/31 13:51,69,53,14.95,0
ORD,2019/7/31 14:51,71,53,12.65,0
ORD,2019/7/31 15:51,71,52,11.5,0
ORD,2019/7/31 16:51,72,53,10.35,0
ORD,2019/7/31 17:51,73,53,10.35,0
ORD,2019/7/31 18:51,73,53,10.35,0
ORD,2019/7/31 19:51,74,52,10.35,0
ORD,2019/7/31 20:51,75,53,10.35,0
ORD,2019/7/31 21:51,75,55,13.8,0
ORD,2019/7/31 22:51,73,53,11.5,0
ORD,2019/7/31 23:51,71,52,10.35,0
ORD,2019/8/1 0:51,69,54,11.5,0
ORD,2019/8/1 1:51,67,52,8.05,0
ORD,2019/8/1 2:51,64,53,6.9,0
ORD,2019/8/1 3:51,62,52,5.75,0
ORD,2019/8/1 4:51,62,52,5.75,0
ORD,2019/8/1 5:51,61,53,6.9,0
ORD,2019/8/1 6:51,59,53,6.9,0
ORD,2019/8/1 7:51,58,52,5.75,0
ORD,2019/8/1 8:51,57,53,8.05,0
ORD,2019/8/1 9:51,59,53,4.6,0
ORD,2019/8/1 10:51,59,54,0,0
ORD,2019/8/1 11:51,61,56,4.6,0
ORD,2019/8/1 12:51,66,58,5.75,0
ORD,2019/8/1 13:51,70,59,6.9,0
ORD,2019/8/1 14:51,74,59,4.6,0
ORD,2019/8/1 15:51,76,58,6.9,0
ORD,2019/8/1 16:51,76,58,6.9,0
ORD,2019/8/1 17:51,79,60,8.05,0
ORD,2019/8/1 18:51,79,58,8.05,0
ORD,2019/8/1 19:51,79,57,8.05,0
ORD,2019/8/1 20:51,79,57,10.35,0
ORD,2019/8/1 21:51,79,54,10.35,0
ORD,2019/8/1 22:51,78,51,10.35,0
ORD,2019/8/1 23:51,76,48,11.5,0
ORD,2019/8/2 0:51,74,46,10.35,0
ORD,2019/8/2 1:51,71,53,9.2,0
ORD,2019/8/2 2:51,69,58,6.9,0
ORD,2019/8/2 3:51,67,58,5.75,0
ORD,2019/8/2 4:51,67,58,3.45,0
ORD,2019/8/2 5:51,65,59,4.6,0
ORD,2019/8/2 6:51,62,59,6.9,0
ORD,2019/8/2 7:51,62,58,0,0
ORD,2019/8/2 8:51,61,58,6.9,0
ORD,2019/8/2 9:51,62,58,5.75,0
ORD,2019/8/2 10:51,62,58,3.45,0
ORD,2019/8/2 11:51,63,60,5.75,0
ORD,2019/8/2 12:51,68,61,5.75,0
ORD,2019/8/2 13:51,73,62,3.45,0
ORD,2019/8/2 14:51,76,60,0,0
ORD,2019/8/2 15:51,79,59,4.6,0
ORD,2019/8/2 16:51,81,56,3.45,0
ORD,2019/8/2 17:51,82,59,8.05,0
ORD,2019/8/2 18:51,83,61,4.6,0
ORD,2019/8/2 19:51,82,58,9.2,0
ORD,2019/8/2 20:51,82,56,9.2,0
ORD,2019/8/2 21:51,82,54,10.35,0
ORD,2019/8/2 22:51,80,54,9.2,0
ORD,2019/8/2 23:51,78,55,8.05,0
ORD,2019/8/3 0:51,76,54,6.9,0
ORD,2019/8/3 1:51,74,55,6.9,0
ORD,2019/8/3 2:51,73,57,5.75,0
ORD,2019/8/3 3:51,71,58,4.6,0
ORD,2019/8/3 4:51,71,58,0,0
ORD,2019/8/3 5:51,68,58,0,0
ORD,2019/8/3 6:51,67,58,0,0
ORD,2019/8/3 7:51,65,58,3.45,0
ORD,2019/8/3 8:51,65,58,0,0
ORD,2019/8/3 9:51,64,58,0,0
ORD,2019/8/3 10:51,63,58,0,0
ORD,2019/8/3 11:51,66,60,0,0
ORD,2019/8/3 12:51,71,62,3.45,0
ORD,2019/8/3 13:51,76,58,3.45,0
ORD,2019/8/3 14:51,79,55,5.75,0
ORD,2019/8/3 15:51,81,54,6.9,0
ORD,2019/8/3 16:51,84,54,0,0
ORD,2019/8/3 17:51,85,53,6.9,0
ORD,2019/8/3 18:51,85,54,8.05,0
ORD,2019/8/3 19:51,86,52,6.9,0
ORD,2019/8/3 20:51,87,50,0,0
ORD,2019/8/3 21:51,88,51,0,0
ORD,2019/8/3 22:51,87,54,6.9,0
ORD,2019/8/3 23:51,85,55,3.45,0
ORD,2019/8/4 0:51,83,56,8.05,0
ORD,2019/8/4 1:51,80,57,10.35,0
ORD,2019/8/4 2:51,78,55,6.9,0
ORD,2019/8/4 3:51,77,57,4.6,0
ORD,2019/8/4 4:51,76,55,0,0
ORD,2019/8/4 5:51,76,62,9.2,0
ORD,2019/8/4 6:51,74,62,0,0
ORD,2019/8/4 7:51,74,61,3.45,0
ORD,2019/8/4 8:51,71,63,6.9,0
ORD,2019/8/4 9:51,71,64,6.9,0
ORD,2019/8/4 10:51,71,66,6.9,0
ORD,2019/8/4 11:51,71,66,6.9,0
ORD,2019/8/4 12:51,72,65,5.75,0
ORD,2019/8/4 13:51,76,65,0,0
ORD,2019/8/4 14:51,78,64,3.45,0
ORD,2019/8/4 15:51,81,63,0,0
ORD,2019/8/4 16:51,84,61,10.35,0
ORD,2019/8/4 17:51,85,61,6.9,0
ORD,2019/8/4 18:51,86,61,3.45,0
ORD,2019/8/4 19:51,88,61,0,0
ORD,2019/8/4 20:51,85,65,5.75,0
ORD,2019/8/4 21:51,84,66,9.2,0
ORD,2019/8/4 22:51,83,66,9.2,0
ORD,2019/8/4 23:51,81,67,6.9,0
ORD,2019/8/5 0:51,78,65,6.9,0
ORD,2019/8/5 1:51,76,65,5.75,0
ORD,2019/8/5 2:51,74,64,5.75,0
ORD,2019/8/5 3:51,74,65,0,0
ORD,2019/8/5 4:51,74,64,0,0
ORD,2019/8/5 5:51,73,65,0,0
ORD,2019/8/5 6:51,73,65,0,0
ORD,2019/8/5 7:51,71,65,0,0
ORD,2019/8/5 8:51,71,65,3.45,0
ORD,2019/8/5 9:51,70,65,0,0
ORD,2019/8/5 10:51,70,64,3.45,0
ORD,2019/8/5 11:51,71,63,3.45,0
ORD,2019/8/5 12:51,75,62,4.6,0
ORD,2019/8/5 13:51,79,63,9.2,0
ORD,2019/8/5 14:51,82,64,6.9,0
ORD,2019/8/5 15:51,85,64,10.35,0
ORD,2019/8/5 16:51,84,62,10.35,0
ORD,2019/8/5 17:51,87,63,9.2,0
ORD,2019/8/5 18:51,89,61,10.35,0
ORD,2019/8/5 19:51,88,61,11.5,0
ORD,2019/8/5 20:51,90,57,16.1,0
ORD,2019/8/5 21:51,88,62,10.35,0
ORD,2019/8/5 22:51,88,59,14.95,0
ORD,2019/8/5 23:51,87,61,14.95,0
ORD,2019/8/6 0:51,84,62,11.5,0
ORD,2019/8/6 1:51,82,63,8.05,0
ORD,2019/8/6 2:51,81,64,9.2,0
ORD,2019/8/6 3:51,80,64,9.2,0
ORD,2019/8/6 4:51,79,64,6.9,0
ORD,2019/8/6 5:31,73,63,17.25,0
ORD,2019/8/6 5:51,73,63,14.95,0
ORD,2019/8/6 6:51,71,64,8.05,0
ORD,2019/8/6 7:51,69,64,4.6,0.25
ORD,2019/8/6 8:51,69,65,4.6,T
ORD,2019/8/6 9:51,69,66,4.6,T
ORD,2019/8/6 10:51,69,66,9.2,T
ORD,2019/8/6 11:51,67,64,6.9,0
ORD,2019/8/6 12:51,70,64,9.2,0
ORD,2019/8/6 13:51,70,64,10.35,0
ORD,2019/8/6 14:31,73,65,13.8,0
ORD,2019/8/6 14:51,72,65,10.35,0
ORD,2019/8/6 15:44,72,64,6.9,0
ORD,2019/8/6 15:51,73,64,10.35,0
ORD,2019/8/6 16:16,72,64,8.05,0
ORD,2019/8/6 16:42,74,64,6.9,0
ORD,2019/8/6 16:51,74,64,6.9,0
ORD,2019/8/6 17:31,75,65,6.9,0
ORD,2019/8/6 17:51,75,64,5.75,0
ORD,2019/8/6 18:51,80,64,6.9,0
ORD,2019/8/6 19:51,81,62,10.35,0
ORD,2019/8/6 20:51,84,63,8.05,0
ORD,2019/8/6 21:51,84,60,9.2,0
ORD,2019/8/6 22:51,83,59,9.2,0
ORD,2019/8/6 23:51,81,59,9.2,0
ORD,2019/8/7 0:51,78,64,6.9,0
ORD,2019/8/7 1:51,74,65,5.75,0
ORD,2019/8/7 2:51,73,65,4.6,0
ORD,2019/8/7 3:51,73,65,0,0
ORD,2019/8/7 4:51,72,65,0,0
ORD,2019/8/7 5:51,71,65,0,0
ORD,2019/8/7 6:51,70,65,3.45,0
ORD,2019/8/7 7:51,69,64,4.6,0
ORD,2019/8/7 8:51,68,63,4.6,0
ORD,2019/8/7 9:51,67,62,0,0
ORD,2019/8/7 10:51,67,62,0,0
ORD,2019/8/7 11:51,67,63,0,0
ORD,2019/8/7 12:51,72,63,4.6,0
ORD,2019/8/7 13:51,78,61,5.75,0
ORD,2019/8/7 14:51,80,59,5.75,0
ORD,2019/8/7 15:51,83,58,5.75,0
ORD,2019/8/7 16:51,84,57,9.2,0
ORD,2019/8/7 17:51,85,59,11.5,0
ORD,2019/8/7 18:51,85,58,12.65,0
ORD,2019/8/7 19:51,86,60,11.5,0
ORD,2019/8/7 20:51,88,61,13.8,0
ORD,2019/8/7 21:51,86,59,13.8,0
ORD,2019/8/7 22:51,85,58,13.8,0
ORD,2019/8/7 23:51,84,60,12.65,0
ORD,2019/8/8 0:51,82,61,11.5,0
ORD,2019/8/8 1:51,80,62,10.35,0
ORD,2019/8/8 2:51,79,61,6.9,0
ORD,2019/8/8 3:51,77,62,8.05,0
ORD,2019/8/8 4:51,77,62,9.2,0
ORD,2019/8/8 5:51,77,63,8.05,0
ORD,2019/8/8 6:20,73,60,19.55,0
ORD,2019/8/8 6:36,73,59,13.8,0
ORD,2019/8/8 6:51,72,61,4.6,0.25
ORD,2019/8/8 7:07,71,62,0,T
ORD,2019/8/8 7:51,71,64,3.45,T
ORD,2019/8/8 8:51,71,63,5.75,0
ORD,2019/8/8 9:51,72,64,5.75,0
ORD,2019/8/8 10:51,71,65,6.9,0
ORD,2019/8/8 11:51,71,66,8.05,0
ORD,2019/8/8 12:51,75,64,6.9,0
ORD,2019/8/8 13:51,79,62,11.5,0
ORD,2019/8/8 14:51,80,60,10.35,0
ORD,2019/8/8 15:51,84,60,8.05,0
ORD,2019/8/8 16:51,84,58,13.8,0
ORD,2019/8/8 17:51,86,58,16.1,0
ORD,2019/8/8 18:51,86,54,16.1,0
ORD,2019/8/8 19:51,86,54,16.1,0
ORD,2019/8/8 20:51,86,50,20.7,0
ORD,2019/8/8 21:51,85,51,17.25,0
ORD,2019/8/8 22:51,83,48,12.65,0
ORD,2019/8/8 23:51,80,52,13.8,0
ORD,2019/8/9 0:51,76,51,11.5,0
ORD,2019/8/9 1:51,74,52,8.05,0
ORD,2019/8/9 2:51,72,53,5.75,0
ORD,2019/8/9 4:51,68,54,5.75,0
ORD,2019/8/9 5:51,68,54,5.75,0
ORD,2019/8/9 6:51,66,55,4.6,0
ORD,2019/8/9 7:51,64,54,4.6,0
ORD,2019/8/9 8:51,63,54,5.75,0
ORD,2019/8/9 9:51,63,54,5.75,0
ORD,2019/8/9 10:51,62,53,0,0
ORD,2019/8/9 11:51,63,54,3.45,0
ORD,2019/8/9 12:51,68,54,5.75,0
ORD,2019/8/9 13:51,73,51,5.75,0
ORD,2019/8/9 14:51,75,49,5.75,0
ORD,2019/8/9 15:51,77,48,6.9,0
ORD,2019/8/9 16:51,79,49,6.9,0
ORD,2019/8/9 17:51,80,50,9.2,0
ORD,2019/8/9 18:51,79,49,9.2,0
ORD,2019/8/9 19:51,82,50,10.35,0
ORD,2019/8/9 20:51,81,51,8.05,0
ORD,2019/8/9 21:51,81,51,5.75,0
ORD,2019/8/9 22:51,81,51,4.6,0
ORD,2019/8/9 23:51,78,56,5.75,0
ORD,2019/8/10 0:51,75,56,8.05,0
ORD,2019/8/10 1:51,73,56,8.05,0
ORD,2019/8/10 2:51,71,57,6.9,0
ORD,2019/8/10 3:51,71,57,3.45,0
ORD,2019/8/10 4:51,69,57,3.45,0
ORD,2019/8/10 5:51,68,57,3.45,0
ORD,2019/8/10 6:51,68,58,3.45,0
ORD,2019/8/10 7:51,68,58,3.45,0
ORD,2019/8/10 8:51,67,58,0,0
ORD,2019/8/10 9:51,68,57,0,0
ORD,2019/8/10 10:51,67,58,3.45,0
ORD,2019/8/10 11:51,68,57,4.6,0
ORD,2019/8/10 12:51,70,57,4.6,0
ORD,2019/8/10 13:51,73,55,5.75,0
ORD,2019/8/10 14:51,76,54,0,0
ORD,2019/8/10 15:51,77,54,5.75,0
ORD,2019/8/10 16:51,80,55,5.75,0
ORD,2019/8/10 17:51,82,52,6.9,0
ORD,2019/8/10 18:51,84,52,4.6,0
ORD,2019/8/10 19:51,83,53,4.6,0
ORD,2019/8/10 20:51,83,56,8.05,0
ORD,2019/8/10 21:51,82,56,8.05,0
ORD,2019/8/10 22:51,80,56,11.5,0
ORD,2019/8/10 23:51,79,56,10.35,0
ORD,2019/8/11 0:51,76,57,10.35,0
ORD,2019/8/11 1:51,75,58,8.05,0
ORD,2019/8/11 2:51,74,58,6.9,0
ORD,2019/8/11 3:51,73,58,5.75,0
ORD,2019/8/11 4:51,72,57,5.75,0
ORD,2019/8/11 5:51,71,57,5.75,0
ORD,2019/8/11 6:51,71,56,5.75,0
ORD,2019/8/11 7:51,71,55,4.6,0
ORD,2019/8/11 8:51,69,56,8.05,0
ORD,2019/8/11 9:51,70,57,4.6,0
ORD,2019/8/11 10:51,69,58,4.6,T
ORD,2019/8/11 11:51,69,60,5.75,0
ORD,2019/8/11 12:51,67,62,6.9,T
ORD,2019/8/11 13:51,72,60,4.6,T
ORD,2019/8/11 14:51,74,61,12.65,0
ORD,2019/8/11 15:51,76,60,8.05,0
ORD,2019/8/11 16:51,79,61,12.65,0
ORD,2019/8/11 17:51,79,62,12.65,0
ORD,2019/8/11 18:51,81,62,12.65,0
ORD,2019/8/11 19:51,81,63,13.8,0
ORD,2019/8/11 20:51,81,65,11.5,0
ORD,2019/8/11 21:32,79,65,8.05,0
ORD,2019/8/11 21:51,79,66,10.35,0
ORD,2019/8/11 22:47,78.8,68,8.05,0
ORD,2019/8/11 22:51,78,68,8.05,0
ORD,2019/8/11 23:51,78,68,6.9,0
ORD,2019/8/12 0:51,77,69,5.75,0
ORD,2019/8/12 1:51,77,68,8.05,0
ORD,2019/8/12 2:38,76,69,8.05,0
ORD,2019/8/12 2:51,76,69,6.9,0
ORD,2019/8/12 3:29,75,69,4.6,0
ORD,2019/8/12 3:39,74,69,0,0
ORD,2019/8/12 3:51,74,70,3.45,0
ORD,2019/8/12 4:01,74,69,3.45,0
ORD,2019/8/12 4:51,73,70,0,0
ORD,2019/8/12 5:51,73,70,0,0
ORD,2019/8/12 6:51,72,70,3.45,0
ORD,2019/8/12 7:51,72,70,4.6,0
ORD,2019/8/12 8:51,72,70,0,0
ORD,2019/8/12 9:51,71,69,0,0
ORD,2019/8/12 10:51,71,69,5.75,0
ORD,2019/8/12 11:41,72,70,6.9,0
ORD,2019/8/12 11:51,73,70,6.9,0
ORD,2019/8/12 12:51,74,69,4.6,0
ORD,2019/8/12 12:59,75,69,4.6,0
ORD,2019/8/12 13:46,77,68,4.6,0
ORD,2019/8/12 13:51,77,68,4.6,0
ORD,2019/8/12 14:51,79,68,0,0
ORD,2019/8/12 15:39,80,68,0,0
ORD,2019/8/12 15:51,80,68,0,0
ORD,2019/8/12 16:18,81,68,0,0
ORD,2019/8/12 16:51,81,68,5.75,0
ORD,2019/8/12 17:51,83,67,8.05,0
ORD,2019/8/12 18:51,81,69,9.2,0
ORD,2019/8/12 19:51,79,69,5.75,0
ORD,2019/8/12 20:51,78,70,8.05,T
ORD,2019/8/12 21:51,77,70,6.9,0.25
ORD,2019/8/12 22:51,76,69,6.9,T
ORD,2019/8/12 23:51,75,70,5.75,T
ORD,2019/8/13 0:32,74,70,0,0.25
ORD,2019/8/13 0:40,74,71,4.6,1.02
ORD,2019/8/13 0:51,73,71,3.45,2.79
ORD,2019/8/13 1:04,73,71,0,2.03
ORD,2019/8/13 1:14,73,71,0,3.3
ORD,2019/8/13 1:51,72,70,6.9,6.6
ORD,2019/8/13 2:51,71,70,10.35,2.79
ORD,2019/8/13 3:24,71,69,9.2,T
ORD,2019/8/13 3:51,71,69,6.9,T
ORD,2019/8/13 4:51,71,69,4.6,0.25
ORD,2019/8/13 5:09,71,69,4.6,0
ORD,2019/8/13 5:51,71,69,0,T
ORD,2019/8/13 6:51,71,70,0,T
ORD,2019/8/13 7:36,71,70,0,T
ORD,2019/8/13 7:51,71,69,3.45,T
ORD,2019/8/13 8:51,71,69,4.6,0
ORD,2019/8/13 9:24,71,70,4.6,0
ORD,2019/8/13 9:51,71,70,5.75,0
ORD,2019/8/13 10:51,71,69,6.9,0
ORD,2019/8/13 11:51,71,69,9.2,0
ORD,2019/8/13 12:51,72,69,6.9,0
ORD,2019/8/13 13:51,74,68,5.75,0
ORD,2019/8/13 14:51,76,68,6.9,0
ORD,2019/8/13 15:51,78,67,8.05,0
ORD,2019/8/13 16:51,81,66,6.9,0
ORD,2019/8/13 17:51,82,67,10.35,0
ORD,2019/8/13 18:51,83,65,0,0
ORD,2019/8/13 19:51,84,64,12.65,0
ORD,2019/8/13 20:51,80,67,10.35,0
ORD,2019/8/13 21:51,83,67,5.75,0
ORD,2019/8/13 22:51,81,67,11.5,0
ORD,2019/8/13 23:12,79,67,13.8,0
ORD,2019/8/13 23:33,75,69,12.65,0.76
ORD,2019/8/13 23:41,73,69,8.05,3.3
ORD,2019/8/13 23:51,73,69,8.05,4.83
ORD,2019/8/14 0:06,72,68,11.5,T
ORD,2019/8/14 0:10,72,69,9.2,T
ORD,2019/8/14 0:51,72,67,4.6,T
ORD,2019/8/14 1:51,71,66,6.9,0
ORD,2019/8/14 2:51,70,65,6.9,0
ORD,2019/8/14 3:51,69,65,9.2,0
ORD,2019/8/14 4:51,68,64,8.05,0
ORD,2019/8/14 5:51,67,64,4.6,0
ORD,2019/8/14 6:51,67,64,0,0
ORD,2019/8/14 7:51,66,64,4.6,0
ORD,2019/8/14 8:51,66,63,3.45,0
ORD,2019/8/14 9:51,66,63,4.6,0
ORD,2019/8/14 10:51,66,63,3.45,0
ORD,2019/8/14 11:51,68,65,0,0
ORD,2019/8/14 12:51,70,65,3.45,0
ORD,2019/8/14 13:51,74,66,0,0
ORD,2019/8/14 14:51,75,66,0,0
ORD,2019/8/14 15:14,75,65,3.45,0
ORD,2019/8/14 15:51,76,65,0,0
ORD,2019/8/14 16:51,77,65,6.9,0
ORD,2019/8/14 17:51,78,65,8.05,0
ORD,2019/8/14 18:51,79,65,6.9,0
ORD,2019/8/14 19:51,81,63,6.9,0
ORD,2019/8/14 20:51,78,65,11.5,0
ORD,2019/8/14 21:51,74,64,17.25,T
ORD,2019/8/14 22:51,73,63,16.1,T
ORD,2019/8/14 23:51,72,62,16.1,0
ORD,2019/8/15 0:51,71,61,16.1,0
ORD,2019/8/15 1:51,70,60,14.95,0
ORD,2019/8/15 2:51,68,62,9.2,0
ORD,2019/8/15 3:51,68,61,6.9,0
ORD,2019/8/15 4:51,67,61,8.05,0
ORD,2019/8/15 5:51,66,62,9.2,0
ORD,2019/8/15 6:51,66,61,8.05,0
ORD,2019/8/15 7:51,65,61,9.2,0
ORD,2019/8/15 8:51,65,61,8.05,0
ORD,2019/8/15 9:51,64,61,6.9,0
ORD,2019/8/15 10:51,63,60,8.05,0
ORD,2019/8/15 11:51,63,60,8.05,0
ORD,2019/8/15 12:51,67,61,8.05,0
ORD,2019/8/15 13:51,71,62,8.05,0
ORD,2019/8/15 14:51,73,61,10.35,0
ORD,2019/8/15 15:51,75,60,12.65,0
ORD,2019/8/15 16:51,74,59,8.05,0
ORD,2019/8/15 17:51,74,59,8.05,0
ORD,2019/8/15 18:51,77,60,8.05,0
ORD,2019/8/15 19:51,77,60,11.5,0
ORD,2019/8/15 20:51,76,59,10.35,0
ORD,2019/8/15 21:51,76,59,11.5,0
ORD,2019/8/15 22:51,75,56,9.2,0
ORD,2019/8/15 23:51,73,55,11.5,0
ORD,2019/8/16 0:51,71,56,6.9,0
ORD,2019/8/16 1:51,69,57,6.9,0
ORD,2019/8/16 2:51,69,58,5.75,0
ORD,2019/8/16 3:51,69,58,4.6,0
ORD,2019/8/16 4:51,67,58,0,0
ORD,2019/8/16 5:51,66,59,0,0
ORD,2019/8/16 6:51,65,59,0,0
ORD,2019/8/16 7:51,65,60,0,0
ORD,2019/8/16 8:51,64,60,5.75,0
ORD,2019/8/16 9:51,64,60,5.75,0
ORD,2019/8/16 10:51,64,60,3.45,0
ORD,2019/8/16 11:51,65,61,5.75,0
ORD,2019/8/16 12:51,68,59,9.2,0
ORD,2019/8/16 13:51,70,57,9.2,0
ORD,2019/8/16 14:51,72,60,9.2,0
ORD,2019/8/16 15:51,74,61,9.2,0
ORD,2019/8/16 16:51,77,62,10.35,0
ORD,2019/8/16 17:51,80,63,11.5,0
ORD,2019/8/16 18:51,81,63,13.8,0
ORD,2019/8/16 19:51,81,64,9.2,0
ORD,2019/8/16 20:51,83,65,9.2,0
ORD,2019/8/16 21:51,83,64,10.35,0
ORD,2019/8/16 22:51,83,64,13.8,0
ORD,2019/8/16 23:51,82,64,13.8,0
ORD,2019/8/17 0:51,81,65,10.35,0
ORD,2019/8/17 1:51,78,64,8.05,0
ORD,2019/8/17 2:51,76,63,3.45,0
ORD,2019/8/17 3:51,74,64,3.45,0
ORD,2019/8/17 4:51,72,64,3.45,0
ORD,2019/8/17 5:51,71,65,3.45,0
ORD,2019/8/17 6:51,69,65,0,0
ORD,2019/8/17 7:51,68,65,3.45,0
ORD,2019/8/17 8:51,67,64,4.6,0
ORD,2019/8/17 9:51,68,65,3.45,0
ORD,2019/8/17 10:51,68,65,3.45,0
ORD,2019/8/17 11:51,69,65,0,0
ORD,2019/8/17 12:51,70,65,0,0
ORD,2019/8/17 13:51,73,65,0,T
ORD,2019/8/17 14:51,75,65,3.45,0.25
ORD,2019/8/17 15:51,75,66,8.05,T
ORD,2019/8/17 16:44,73,69,4.6,0.76
ORD,2019/8/17 16:46,73.4,69.8,6.9,1.02
ORD,2019/8/17 16:51,73,69,6.9,3.81
ORD,2019/8/17 17:10,72,69,4.6,0.25
ORD,2019/8/17 17:51,73,69,6.9,0.51
ORD,2019/8/17 18:51,74,69,4.6,0
ORD,2019/8/17 19:51,75,68,5.75,T
ORD,2019/8/17 20:51,76,68,6.9,T
ORD,2019/8/17 21:21,75,69,8.05,0
ORD,2019/8/17 21:42,75,69,6.9,0
ORD,2019/8/17 21:51,75,69,6.9,0
ORD,2019/8/17 22:51,77,68,8.05,0
ORD,2019/8/17 23:51,76,69,9.2,0
ORD,2019/8/18 0:51,76,69,6.9,0
ORD,2019/8/18 1:51,74,68,4.6,0
ORD,2019/8/18 2:51,72,68,5.75,0
ORD,2019/8/18 3:51,72,68,5.75,0
ORD,2019/8/18 4:51,72,68,6.9,0
ORD,2019/8/18 5:51,70,67,3.45,0
ORD,2019/8/18 6:51,69,67,3.45,0
ORD,2019/8/18 7:27,70,68,4.6,0
ORD,2019/8/18 7:51,70,68,4.6,0
ORD,2019/8/18 8:41,71,68,3.45,0
ORD,2019/8/18 8:51,71,68,5.75,0
ORD,2019/8/18 9:51,70,68,10.35,T
ORD,2019/8/18 10:51,71,68,5.75,0
ORD,2019/8/18 11:51,71,69,10.35,0
ORD,2019/8/18 12:21,71,69,14.95,T
ORD,2019/8/18 12:27,72,69,5.75,0.76
ORD,2019/8/18 12:34,71,68,17.25,4.32
ORD,2019/8/18 12:37,71,68,8.05,4.83
ORD,2019/8/18 12:51,71,68,9.2,5.33
ORD,2019/8/18 13:08,69,67,6.9,1.27
ORD,2019/8/18 13:29,69,67,17.25,2.79
ORD,2019/8/18 13:31,69,67,21.85,3.56
ORD,2019/8/18 13:39,68,67,8.05,12.7
ORD,2019/8/18 13:45,69.8,66.2,13.8,14.22
ORD,2019/8/18 13:47,69.8,66.2,11.5,14.22
ORD,2019/8/18 13:51,70,67,6.9,14.73
ORD,2019/8/18 14:16,69,66,10.35,0.51
ORD,2019/8/18 14:51,70,66,9.2,1.78
ORD,2019/8/18 15:51,70,67,9.2,0
ORD,2019/8/18 16:51,71,67,12.65,0
ORD,2019/8/18 17:51,77,67,16.1,0
ORD,2019/8/18 18:51,80,67,10.35,0
ORD,2019/8/18 19:51,81,65,13.8,0
ORD,2019/8/18 20:51,80,64,8.05,0
ORD,2019/8/18 21:51,81,65,10.35,0
ORD,2019/8/18 22:51,80,63,11.5,0
ORD,2019/8/18 23:51,79,63,10.35,0
ORD,2019/8/19 0:51,77,64,8.05,0
ORD,2019/8/19 1:51,75,64,4.6,0
ORD,2019/8/19 2:51,73,65,3.45,0
ORD,2019/8/19 3:51,72,65,3.45,0
ORD,2019/8/19 4:51,70,65,0,0
ORD,2019/8/19 5:51,69,65,0,0
ORD,2019/8/19 6:51,69,65,0,0
ORD,2019/8/19 7:51,68,65,0,0
ORD,2019/8/19 8:51,69,66,0,0
ORD,2019/8/19 9:51,69,65,0,0
ORD,2019/8/19 10:51,68,65,0,0
ORD,2019/8/19 11:51,69,66,0,0
ORD,2019/8/19 12:51,74,66,0,0
ORD,2019/8/19 13:51,77,67,5.75,0
ORD,2019/8/19 14:51,80,66,4.6,0
ORD,2019/8/19 15:51,81,66,4.6,0
ORD,2019/8/19 16:51,81,67,3.45,0
ORD,2019/8/19 17:51,81,68,6.9,0
ORD,2019/8/19 18:51,84,68,6.9,0
ORD,2019/8/19 19:51,83,68,8.05,0
ORD,2019/8/19 20:51,82,68,9.2,0
ORD,2019/8/19 21:51,81,68,8.05,T
ORD,2019/8/19 22:51,82,69,8.05,0
ORD,2019/8/19 23:51,80,68,8.05,0
ORD,2019/8/20 0:51,78,68,8.05,0
ORD,2019/8/20 1:51,77,68,6.9,0
ORD,2019/8/20 2:51,77,69,6.9,0
ORD,2019/8/20 3:51,76,70,5.75,T
ORD,2019/8/20 4:51,75,71,4.6,T
ORD,2019/8/20 5:51,75,71,3.45,0
ORD,2019/8/20 6:51,74,71,0,0
ORD,2019/8/20 7:51,73,70,0,0
ORD,2019/8/20 8:51,72,70,4.6,0
ORD,2019/8/20 9:51,71,70,0,0
ORD,2019/8/20 10:51,71,70,0,0
ORD,2019/8/20 11:51,72,70,3.45,0
ORD,2019/8/20 12:51,74,72,0,0
ORD,2019/8/20 13:51,75,71,4.6,0
ORD,2019/8/20 14:51,76,72,5.75,0
ORD,2019/8/20 15:51,76,73,0,0
ORD,2019/8/20 16:16,76,73,4.6,T
ORD,2019/8/20 16:51,73,70,10.35,1.27
ORD,2019/8/20 17:27,71,68,0,3.3
ORD,2019/8/20 17:48,71.6,68,6.9,4.57
ORD,2019/8/20 17:51,71,68,8.05,4.57
ORD,2019/8/20 18:13,71,67,6.9,0.76
ORD,2019/8/20 18:31,71,68,0,2.29
ORD,2019/8/20 18:51,72,68,4.6,2.29
ORD,2019/8/20 19:51,72,68,3.45,T
ORD,2019/8/20 20:51,74,70,17.25,0.76
ORD,2019/8/20 21:51,75,69,0,T
ORD,2019/8/20 22:51,75,68,0,0
ORD,2019/8/20 23:51,74,68,5.75,0
ORD,2019/8/21 0:51,73,68,3.45,0
ORD,2019/8/21 1:51,72,67,3.45,0
ORD,2019/8/21 2:51,70,67,4.6,0
ORD,2019/8/21 3:51,70,66,5.75,0
ORD,2019/8/21 4:51,70,64,0,0
ORD,2019/8/21 5:51,68,64,3.45,0
ORD,2019/8/21 6:51,67,64,0,0
ORD,2019/8/21 7:51,66,64,0,0
ORD,2019/8/21 8:51,65,64,0,0
ORD,2019/8/21 9:51,65,64,3.45,0
ORD,2019/8/21 10:51,65,63,0,0
ORD,2019/8/21 11:51,65,64,3.45,0
ORD,2019/8/21 12:51,70,66,6.9,0
ORD,2019/8/21 13:51,75,68,5.75,0
ORD,2019/8/21 14:51,78,69,4.6,0
ORD,2019/8/21 15:51,81,69,6.9,0
ORD,2019/8/21 16:51,82,70,11.5,0
ORD,2019/8/21 17:51,83,69,11.5,0
ORD,2019/8/21 18:51,83,68,12.65,0
ORD,2019/8/21 19:51,81,68,11.5,0
ORD,2019/8/21 20:51,79,70,10.35,T
ORD,2019/8/21 21:08,78,70,13.8,0
ORD,2019/8/21 21:23,77,70,9.2,T
ORD,2019/8/21 21:51,76,71,3.45,0.51
ORD,2019/8/21 22:51,76,69,11.5,0
ORD,2019/8/21 23:51,74,69,10.35,0
ORD,2019/8/22 0:51,74,70,4.6,0
ORD,2019/8/22 1:51,74,67,8.05,0
ORD,2019/8/22 2:51,74,63,4.6,0
ORD,2019/8/22 3:51,73,62,6.9,0
ORD,2019/8/22 4:51,71,63,5.75,0
ORD,2019/8/22 5:51,70,60,5.75,0
ORD,2019/8/22 6:51,69,60,6.9,0
ORD,2019/8/22 7:51,68,58,5.75,0
ORD,2019/8/22 8:43,68,58,4.6,0
ORD,2019/8/22 8:51,68,59,4.6,0
ORD,2019/8/22 9:09,68,58,4.6,0
ORD,2019/8/22 9:51,66,58,5.75,0
ORD,2019/8/22 10:51,64,58,5.75,0
ORD,2019/8/22 11:51,64,59,5.75,0
ORD,2019/8/22 12:51,67,61,6.9,0
ORD,2019/8/22 13:51,72,63,9.2,0
ORD,2019/8/22 14:51,75,63,9.2,0
ORD,2019/8/22 15:51,76,62,13.8,0
ORD,2019/8/22 16:51,72,60,16.1,0
ORD,2019/8/22 17:51,72,59,16.1,0
ORD,2019/8/22 18:51,74,57,18.4,0
ORD,2019/8/22 19:51,75,55,11.5,0
ORD,2019/8/22 20:51,74,53,13.8,0
ORD,2019/8/22 21:51,74,52,12.65,0
ORD,2019/8/22 22:51,73,52,16.1,0
ORD,2019/8/22 23:51,71,52,13.8,0
ORD,2019/8/23 0:51,69,52,12.65,0
ORD,2019/8/23 1:51,68,52,11.5,0
ORD,2019/8/23 2:51,68,53,11.5,0
ORD,2019/8/23 3:51,67,51,9.2,0
ORD,2019/8/23 4:51,66,52,8.05,0
ORD,2019/8/23 5:51,64,52,4.6,0
ORD,2019/8/23 6:51,63,52,3.45,0
ORD,2019/8/23 7:51,61,53,4.6,0
ORD,2019/8/23 8:51,59,53,6.9,0
ORD,2019/8/23 9:51,62,54,8.05,0
ORD,2019/8/23 10:51,62,54,6.9,0
ORD,2019/8/23 11:51,65,54,8.05,0
ORD,2019/8/23 12:51,68,53,10.35,0
ORD,2019/8/23 13:51,70,53,11.5,0
ORD,2019/8/23 14:51,71,53,13.8,0
ORD,2019/8/23 15:51,72,52,13.8,0
ORD,2019/8/23 16:51,71,53,16.1,0
ORD,2019/8/23 17:51,72,54,14.95,0
ORD,2019/8/23 18:51,72,53,13.8,0
ORD,2019/8/23 19:51,71,52,10.35,0
ORD,2019/8/23 20:51,72,53,11.5,0
ORD,2019/8/23 21:51,70,53,12.65,0
ORD,2019/8/23 22:51,69,53,14.95,0
ORD,2019/8/23 23:51,68,50,18.4,0
ORD,2019/8/24 0:51,66,51,13.8,0
ORD,2019/8/24 1:51,66,52,9.2,0
ORD,2019/8/24 2:51,65,53,6.9,0
ORD,2019/8/24 3:51,62,53,6.9,0
ORD,2019/8/24 4:51,60,54,4.6,0
ORD,2019/8/24 5:51,61,55,3.45,0
ORD,2019/8/24 6:51,61,56,3.45,0
ORD,2019/8/24 7:51,62,56,4.6,0
ORD,2019/8/24 8:51,62,56,0,0
ORD,2019/8/24 9:51,62,56,0,0
ORD,2019/8/24 10:51,61,55,3.45,0
ORD,2019/8/24 11:51,63,54,3.45,0
ORD,2019/8/24 12:51,65,55,4.6,0
ORD,2019/8/24 13:51,69,56,8.05,0
ORD,2019/8/24 14:51,70,51,14.95,0
ORD,2019/8/24 15:51,71,51,11.5,0
ORD,2019/8/24 16:51,72,51,13.8,0
ORD,2019/8/24 17:51,74,49,13.8,0
ORD,2019/8/24 18:51,74,48,16.1,0
ORD,2019/8/24 19:51,73,48,12.65,0
ORD,2019/8/24 20:51,72,49,12.65,0
ORD,2019/8/24 21:51,72,50,12.65,0
ORD,2019/8/24 22:51,71,50,10.35,0
ORD,2019/8/24 23:51,70,51,10.35,0
ORD,2019/8/25 0:51,69,53,9.2,0
ORD,2019/8/25 1:51,68,54,6.9,0
ORD,2019/8/25 2:51,68,54,6.9,0
ORD,2019/8/25 3:51,67,54,4.6,0
ORD,2019/8/25 4:51,65,52,4.6,0
ORD,2019/8/25 5:51,64,52,4.6,0
ORD,2019/8/25 6:51,63,53,8.05,0
ORD,2019/8/25 7:51,63,52,6.9,0
ORD,2019/8/25 8:51,61,50,5.75,0
ORD,2019/8/25 9:51,61,51,6.9,0
ORD,2019/8/25 10:51,61,52,5.75,0
ORD,2019/8/25 11:51,62,53,0,0
ORD,2019/8/25 12:51,65,54,4.6,0
ORD,2019/8/25 13:51,67,54,9.2,0
ORD,2019/8/25 14:51,70,53,10.35,0
ORD,2019/8/25 15:51,73,53,9.2,0
ORD,2019/8/25 16:51,75,52,8.05,0
ORD,2019/8/25 17:51,76,53,14.95,0
ORD,2019/8/25 18:51,77,53,14.95,0
ORD,2019/8/25 19:51,77,53,16.1,0
ORD,2019/8/25 20:51,76,54,12.65,0
ORD,2019/8/25 21:51,75,54,12.65,0
ORD,2019/8/25 22:51,73,55,12.65,0
ORD,2019/8/25 23:51,72,57,11.5,0
ORD,2019/8/26 0:51,72,56,11.5,0
ORD,2019/8/26 1:51,72,55,10.35,0
ORD,2019/8/26 2:51,72,55,13.8,0
ORD,2019/8/26 3:51,72,58,14.95,T
ORD,2019/8/26 4:51,72,59,11.5,0
ORD,2019/8/26 5:51,71,58,11.5,0
ORD,2019/8/26 6:51,69,61,5.75,T
ORD,2019/8/26 7:51,67,61,5.75,0.51
ORD,2019/8/26 8:51,68,62,6.9,T
ORD,2019/8/26 9:51,68,62,9.2,0
ORD,2019/8/26 10:19,67,62,6.9,T
ORD,2019/8/26 10:51,66,63,6.9,0.25
ORD,2019/8/26 11:51,66,62,8.05,0.51
ORD,2019/8/26 12:00,65,62,6.9,2.29
ORD,2019/8/26 12:17,64,63,6.9,5.59
ORD,2019/8/26 12:27,65,63,5.75,5.59
ORD,2019/8/26 12:44,65,63,4.6,5.59
ORD,2019/8/26 12:51,65,63,8.05,6.6
ORD,2019/8/26 12:58,65,63,6.9,0.51
ORD,2019/8/26 13:07,65,63,10.35,0.51
ORD,2019/8/26 13:37,65,64,8.05,2.79
ORD,2019/8/26 13:44,65,64,6.9,2.79
ORD,2019/8/26 13:51,65,64,6.9,3.05
ORD,2019/8/26 14:51,68,66,9.2,T
ORD,2019/8/26 15:22,68,66,11.5,0.76
ORD,2019/8/26 15:39,68,66,10.35,7.37
ORD,2019/8/26 15:51,69,67,9.2,10.67
ORD,2019/8/26 15:59,70,68,11.5,T
ORD,2019/8/26 16:51,71,68,10.35,T
ORD,2019/8/26 17:49,73.4,69.8,10.35,T
ORD,2019/8/26 17:51,73,70,9.2,T
ORD,2019/8/26 18:51,74,69,18.4,T
ORD,2019/8/26 19:51,74,70,9.2,0.25
ORD,2019/8/26 20:20,73,70,16.1,1.27
ORD,2019/8/26 20:22,73,69,12.65,2.79
ORD,2019/8/26 20:31,71,69,12.65,12.7
ORD,2019/8/26 20:37,71,69,12.65,12.95
ORD,2019/8/26 20:41,72,70,10.35,13.21
ORD,2019/8/26 20:51,74,71,9.2,13.46
ORD,2019/8/26 21:51,75,71,9.2,0.25
ORD,2019/8/26 22:15,75,70,11.5,0
ORD,2019/8/26 22:43,75,69,12.65,0
ORD,2019/8/26 22:51,76,68,13.8,0
ORD,2019/8/26 23:51,72,69,10.35,T
ORD,2019/8/27 0:51,73,69,13.8,T
ORD,2019/8/27 1:51,72,68,14.95,T
ORD,2019/8/27 2:51,70,66,10.35,0
ORD,2019/8/27 3:51,69,66,10.35,0
ORD,2019/8/27 4:51,70,66,9.2,0
ORD,2019/8/27 5:51,69,66,8.05,0
ORD,2019/8/27 6:51,68,66,8.05,0
ORD,2019/8/27 7:51,69,66,5.75,0
ORD,2019/8/27 8:47,68,64.4,6.9,0
ORD,2019/8/27 8:51,68,65,8.05,0
ORD,2019/8/27 9:51,67,64,9.2,0
ORD,2019/8/27 10:51,66,63,6.9,0
ORD,2019/8/27 11:51,65,62,9.2,0
ORD,2019/8/27 12:51,66,62,6.9,0
ORD,2019/8/27 13:51,69,61,8.05,0
ORD,2019/8/27 14:51,71,62,8.05,0
ORD,2019/8/27 15:51,73,63,10.35,0
ORD,2019/8/27 16:51,76,62,11.5,0
ORD,2019/8/27 17:51,78,60,12.65,0
ORD,2019/8/27 18:51,78,59,11.5,0
ORD,2019/8/27 19:51,78,58,12.65,0
ORD,2019/8/27 20:51,77,57,11.5,0
ORD,2019/8/27 21:51,77,56,11.5,0
ORD,2019/8/27 22:51,77,54,13.8,0
ORD,2019/8/27 23:51,76,55,11.5,0
ORD,2019/8/28 0:51,73,56,11.5,0
ORD,2019/8/28 1:51,72,55,12.65,0
ORD,2019/8/28 2:51,70,55,9.2,0
ORD,2019/8/28 3:51,68,54,8.05,0
ORD,2019/8/28 4:51,67,53,9.2,0
ORD,2019/8/28 5:51,65,53,9.2,0
ORD,2019/8/28 6:51,64,52,6.9,0
ORD,2019/8/28 7:51,63,52,8.05,0
ORD,2019/8/28 8:51,62,51,8.05,0
ORD,2019/8/28 9:51,60,52,8.05,0
ORD,2019/8/28 10:51,59,51,8.05,0
ORD,2019/8/28 11:51,59,51,8.05,0
ORD,2019/8/28 12:51,61,51,10.35,0
ORD,2019/8/28 13:51,65,52,13.8,0
ORD,2019/8/28 14:51,68,52,12.65,0
ORD,2019/8/28 15:51,70,51,16.1,0
ORD,2019/8/28 16:51,72,52,17.25,0
ORD,2019/8/28 17:51,73,50,24.15,0
ORD,2019/8/28 18:51,73,51,18.4,0
ORD,2019/8/28 19:51,74,50,20.7,0
ORD,2019/8/28 20:51,75,51,12.65,0
ORD,2019/8/28 21:51,74,49,21.85,0
ORD,2019/8/28 22:51,74,50,14.95,0
ORD,2019/8/28 23:51,72,51,13.8,0
ORD,2019/8/29 0:51,70,51,8.05,0
ORD,2019/8/29 1:51,68,53,5.75,0
ORD,2019/8/29 2:51,67,54,6.9,0
ORD,2019/8/29 3:51,65,54,6.9,0
ORD,2019/8/29 4:51,63,54,3.45,0
ORD,2019/8/29 5:51,62,54,4.6,0
ORD,2019/8/29 6:51,60,54,5.75,0
ORD,2019/8/29 7:51,60,54,6.9,0
ORD,2019/8/29 8:51,59,54,5.75,0
ORD,2019/8/29 9:51,59,54,8.05,0
ORD,2019/8/29 10:51,59,54,6.9,0
ORD,2019/8/29 11:51,59,54,6.9,0
ORD,2019/8/29 12:51,63,55,6.9,0
ORD,2019/8/29 13:51,68,55,11.5,0
ORD,2019/8/29 14:51,72,54,18.4,0
ORD,2019/8/29 15:51,76,55,14.95,0
ORD,2019/8/29 16:51,79,60,14.95,0
ORD,2019/8/29 17:51,81,61,18.4,0
ORD,2019/8/29 18:51,83,60,20.7,0
ORD,2019/8/29 19:51,84,63,17.25,0
ORD,2019/8/29 20:51,83,65,18.4,0
ORD,2019/8/29 21:51,83,64,20.7,0
ORD,2019/8/29 22:51,81,65,19.55,0
ORD,2019/8/29 23:51,80,65,17.25,0
ORD,2019/8/30 0:51,78,66,12.65,0
ORD,2019/8/30 1:51,78,67,13.8,0
ORD,2019/8/30 2:51,76,68,11.5,0
ORD,2019/8/30 3:51,75,55,9.2,0
ORD,2019/8/30 4:51,71,51,11.5,0
ORD,2019/8/30 5:51,67,51,6.9,0
ORD,2019/8/30 6:51,65,52,6.9,0
ORD,2019/8/30 7:51,63,52,6.9,0
ORD,2019/8/30 8:51,62,51,5.75,0
ORD,2019/8/30 9:51,62,51,4.6,0
ORD,2019/8/30 10:51,61,52,4.6,0
ORD,2019/8/30 11:51,60,52,6.9,0
ORD,2019/8/30 12:51,63,52,5.75,0
ORD,2019/8/30 13:51,66,51,8.05,0
ORD,2019/8/30 14:51,67,50,6.9,0
ORD,2019/8/30 15:51,70,50,5.75,0
ORD,2019/8/30 16:51,70,49,3.45,0
ORD,2019/8/30 17:51,72,49,5.75,0
ORD,2019/8/30 18:51,72,47,8.05,0
ORD,2019/8/30 19:51,72,45,5.75,0
ORD,2019/8/30 20:51,73,45,5.75,0
ORD,2019/8/30 21:51,74,47,6.9,0
ORD,2019/8/30 22:51,73,46,0,0
ORD,2019/8/30 23:51,70,51,8.05,0
ORD,2019/8/31 0:51,67,51,9.2,0
ORD,2019/8/31 1:51,66,51,6.9,0
ORD,2019/8/31 2:51,64,52,4.6,0
ORD,2019/8/31 3:51,64,52,3.45,0
ORD,2019/8/31 4:51,63,52,4.6,0
ORD,2019/8/31 5:51,64,52,4.6,0
ORD,2019/8/31 6:51,61,53,5.75,0
ORD,2019/8/31 7:51,63,52,3.45,0
ORD,2019/8/31 8:51,64,51,6.9,0
ORD,2019/8/31 9:51,63,53,6.9,0
ORD,2019/8/31 10:51,63,50,6.9,0
ORD,2019/8/31 11:51,63,49,3.45,0
ORD,2019/8/31 12:51,65,52,9.2,0
ORD,2019/8/31 13:51,67,52,14.95,0
ORD,2019/8/31 14:51,69,50,17.25,0
ORD,2019/8/31 15:51,70,51,14.95,0
ORD,2019/8/31 16:51,70,52,11.5,0
ORD,2019/8/31 17:51,73,51,11.5,0
ORD,2019/8/31 18:51,74,52,6.9,0
ORD,2019/8/31 19:51,72,52,12.65,0
ORD,2019/8/31 20:51,72,53,12.65,0
ORD,2019/8/31 21:51,70,54,12.65,0
ORD,2019/8/31 22:51,68,57,11.5,T
ORD,2019/8/31 23:51,68,55,8.05,T
ORD,2019/9/1 0:51,68,57,10.35,T
ORD,2019/9/1 1:51,68,59,6.9,T
ORD,2019/9/1 2:51,66,62,8.05,0.25
ORD,2019/9/1 3:51,67,61,6.9,T
ORD,2019/9/1 4:51,66,62,8.05,T
ORD,2019/9/1 5:51,65,62,5.75,2.54
ORD,2019/9/1 6:51,64,62,6.9,1.52
ORD,2019/9/1 7:51,64,62,8.05,1.27
ORD,2019/9/1 7:58,64,62,8.05,0.25
ORD,2019/9/1 8:07,64,62,8.05,0.51
ORD,2019/9/1 8:51,63,61,13.8,0.76
ORD,2019/9/1 9:21,62,60,6.9,3.81
ORD,2019/9/1 9:24,62,61,6.9,4.06
ORD,2019/9/1 9:51,62,61,9.2,4.83
ORD,2019/9/1 10:51,62,60,5.75,0.25
ORD,2019/9/1 11:37,62,60,8.05,0
ORD,2019/9/1 11:51,62,60,8.05,0
ORD,2019/9/1 12:51,63,59,4.6,0
ORD,2019/9/1 13:51,65,59,5.75,0
ORD,2019/9/1 14:51,67,60,4.6,0
ORD,2019/9/1 15:51,69,60,0,0
ORD,2019/9/1 16:51,70,60,4.6,0
ORD,2019/9/1 17:51,72,61,0,0
ORD,2019/9/1 18:51,71,62,5.75,0
ORD,2019/9/1 19:51,71,61,0,0
ORD,2019/9/1 20:51,72,61,3.45,0
ORD,2019/9/1 21:51,71,61,5.75,0
ORD,2019/9/1 22:51,70,61,6.9,0
ORD,2019/9/1 23:51,69,61,5.75,0
ORD,2019/9/2 0:51,68,61,4.6,0
ORD,2019/9/2 1:51,67,61,4.6,0
ORD,2019/9/2 2:51,66,61,0,0
ORD,2019/9/2 3:51,64,61,0,0
ORD,2019/9/2 4:51,64,61,0,0
ORD,2019/9/2 5:51,63,60,0,0
ORD,2019/9/2 6:51,62,60,3.45,0
ORD,2019/9/2 7:51,61,59,0,0
ORD,2019/9/2 8:51,62,60,4.6,0
ORD,2019/9/2 9:51,62,61,6.9,0
ORD,2019/9/2 10:51,63,61,5.75,0
ORD,2019/9/2 11:51,63,61,5.75,0
ORD,2019/9/2 12:51,66,63,5.75,0
ORD,2019/9/2 13:51,70,63,10.35,0
ORD,2019/9/2 14:51,73,63,6.9,0
ORD,2019/9/2 15:51,75,64,8.05,0
ORD,2019/9/2 16:51,78,62,9.2,0
ORD,2019/9/2 17:51,79,62,4.6,0
ORD,2019/9/2 18:51,80,62,5.75,0
ORD,2019/9/2 19:51,81,62,6.9,0
ORD,2019/9/2 20:51,81,62,9.2,0
ORD,2019/9/2 21:51,82,62,11.5,0
ORD,2019/9/2 22:51,81,62,9.2,0
ORD,2019/9/2 23:51,79,63,9.2,0
ORD,2019/9/3 0:51,77,64,5.75,0
ORD,2019/9/3 1:51,75,64,4.6,0
ORD,2019/9/3 2:51,74,64,3.45,0
ORD,2019/9/3 3:51,72,64,4.6,0
ORD,2019/9/3 4:51,71,64,6.9,0
ORD,2019/9/3 5:51,70,64,5.75,0
ORD,2019/9/3 6:51,70,63,6.9,0
ORD,2019/9/3 7:51,70,63,8.05,0
ORD,2019/9/3 8:51,70,63,9.2,0
ORD,2019/9/3 9:51,69,63,4.6,0
ORD,2019/9/3 10:51,69,63,4.6,T
ORD,2019/9/3 11:35,68,64,3.45,0.51
ORD,2019/9/3 11:51,67,64,0,1.27
ORD,2019/9/3 12:02,67,64,0,1.02
ORD,2019/9/3 12:10,67,64,0,1.52
ORD,2019/9/3 12:51,67,65,14.95,3.81
ORD,2019/9/3 13:14,67,64,27.6,0.25
ORD,2019/9/3 13:31,67,64,18.4,0.25
ORD,2019/9/3 13:42,68,64,27.6,0.25
ORD,2019/9/3 13:51,69,64,20.7,0.25
ORD,2019/9/3 14:08,69,63,23,0
ORD,2019/9/3 14:51,70,63,16.1,0
ORD,2019/9/3 15:51,71,63,16.1,0
ORD,2019/9/3 16:51,73,65,19.55,0
ORD,2019/9/3 17:46,73.4,64.4,16.1,0
ORD,2019/9/3 17:51,73,65,19.55,0
ORD,2019/9/3 18:51,74,67,18.4,0
ORD,2019/9/3 19:41,74,68,14.95,T
ORD,2019/9/3 19:51,73,69,14.95,T
ORD,2019/9/3 19:56,73,69,10.35,T
ORD,2019/9/3 20:04,73,70,11.5,T
ORD,2019/9/3 20:11,72,70,11.5,0.25
ORD,2019/9/3 20:34,73,71,17.25,0.25
ORD,2019/9/3 20:51,74,71,19.55,0.25
ORD,2019/9/3 21:51,79,72,16.1,0
ORD,2019/9/3 22:51,80,73,17.25,0
ORD,2019/9/3 23:51,80,73,11.5,0
ORD,2019/9/4 0:51,80,71,11.5,0
ORD,2019/9/4 1:51,78,67,10.35,0
ORD,2019/9/4 2:51,75,62,12.65,0
ORD,2019/9/4 3:51,72,59,8.05,0
ORD,2019/9/4 4:51,69,56,9.2,0
ORD,2019/9/4 5:51,68,55,8.05,0
ORD,2019/9/4 6:51,66,55,10.35,0
ORD,2019/9/4 7:51,64,55,6.9,0
ORD,2019/9/4 8:51,62,54,9.2,0
ORD,2019/9/4 9:51,61,53,10.35,0
ORD,2019/9/4 10:51,60,53,8.05,0
ORD,2019/9/4 11:51,60,53,9.2,0
ORD,2019/9/4 12:51,62,54,9.2,0
ORD,2019/9/4 13:51,65,55,11.5,0
ORD,2019/9/4 14:51,66,55,8.05,0
ORD,2019/9/4 15:51,67,56,8.05,0
ORD,2019/9/4 16:39,68,56,9.2,0
ORD,2019/9/4 16:51,67,55,8.05,0
ORD,2019/9/4 17:51,67,56,9.2,0
ORD,2019/9/4 18:51,67,55,11.5,0
ORD,2019/9/4 19:51,67,55,10.35,0
ORD,2019/9/4 20:51,66,54,11.5,0
ORD,2019/9/4 21:51,66,54,11.5,0
ORD,2019/9/4 22:51,65,53,9.2,0
ORD,2019/9/4 23:51,63,53,10.35,0
ORD,2019/9/5 0:51,62,53,8.05,0
ORD,2019/9/5 1:51,62,53,8.05,0
ORD,2019/9/5 2:51,62,53,5.75,0
ORD,2019/9/5 3:51,62,52,6.9,0
ORD,2019/9/5 4:51,62,52,9.2,0
ORD,2019/9/5 5:51,62,52,4.6,0
ORD,2019/9/5 6:51,61,52,4.6,0
ORD,2019/9/5 7:51,59,52,0,0
ORD,2019/9/5 8:51,57,52,5.75,0
ORD,2019/9/5 9:51,57,53,5.75,0
ORD,2019/9/5 10:51,56,51,4.6,0
ORD,2019/9/5 11:51,57,51,3.45,0
ORD,2019/9/5 12:51,60,52,0,0
ORD,2019/9/5 13:51,63,52,0,0
ORD,2019/9/5 14:51,65,50,3.45,0
ORD,2019/9/5 15:51,67,52,0,0
ORD,2019/9/5 16:51,68,51,3.45,0
ORD,2019/9/5 17:51,70,52,6.9,0
ORD,2019/9/5 18:51,71,52,6.9,0
ORD,2019/9/5 19:51,72,51,0,0
ORD,2019/9/5 20:51,73,53,4.6,0
ORD,2019/9/5 21:51,72,55,9.2,0
ORD,2019/9/5 22:51,70,54,10.35,0
ORD,2019/9/5 23:51,67,54,9.2,0
ORD,2019/9/6 0:51,65,54,8.05,0
ORD,2019/9/6 1:51,65,54,9.2,0
ORD,2019/9/6 2:51,63,54,6.9,0
ORD,2019/9/6 3:51,64,55,6.9,0
ORD,2019/9/6 4:51,65,56,6.9,0
ORD,2019/9/6 5:51,65,56,4.6,0
ORD,2019/9/6 6:51,66,56,8.05,0
ORD,2019/9/6 7:51,66,56,8.05,0
ORD,2019/9/6 8:51,66,56,6.9,0
ORD,2019/9/6 9:51,67,56,5.75,0
ORD,2019/9/6 10:51,67,57,10.35,0
ORD,2019/9/6 11:51,67,59,10.35,0
ORD,2019/9/6 12:04,67,59,8.05,0
ORD,2019/9/6 12:28,67,59,6.9,0
ORD,2019/9/6 12:51,67,60,10.35,0
ORD,2019/9/6 13:29,68,61,8.05,0
ORD,2019/9/6 13:51,68,62,10.35,0
ORD,2019/9/6 14:51,68,63,11.5,0
ORD,2019/9/6 15:51,71,63,11.5,0
ORD,2019/9/6 16:33,71,62,16.1,0
ORD,2019/9/6 16:51,71,61,14.95,0
ORD,2019/9/6 17:51,71,61,14.95,0
ORD,2019/9/6 18:51,69,60,17.25,0
ORD,2019/9/6 19:51,71,60,17.25,0
ORD,2019/9/6 20:11,70,58,14.95,0
ORD,2019/9/6 20:51,71,57,16.1,0
ORD,2019/9/6 21:51,68,57,12.65,0
ORD,2019/9/6 22:51,68,57,10.35,0
ORD,2019/9/6 23:51,66,57,11.5,0
ORD,2019/9/7 0:51,66,57,8.05,0
ORD,2019/9/7 1:51,65,56,14.95,0
ORD,2019/9/7 2:51,65,57,10.35,0
ORD,2019/9/7 3:51,64,56,10.35,0
ORD,2019/9/7 4:51,64,56,10.35,0
ORD,2019/9/7 5:51,61,54,8.05,0
ORD,2019/9/7 6:51,60,54,4.6,0
ORD,2019/9/7 7:51,59,54,3.45,0
ORD,2019/9/7 8:51,58,55,4.6,0
ORD,2019/9/7 9:51,57,54,4.6,0
ORD,2019/9/7 10:51,57,54,4.6,0
ORD,2019/9/7 11:51,57,55,4.6,0
ORD,2019/9/7 12:51,60,55,4.6,0
ORD,2019/9/7 13:51,64,56,8.05,0
ORD,2019/9/7 14:51,68,57,6.9,0
ORD,2019/9/7 15:51,71,57,8.05,0
ORD,2019/9/7 16:51,73,55,8.05,0
ORD,2019/9/7 17:51,74,55,11.5,0
ORD,2019/9/7 18:51,76,57,10.35,0
ORD,2019/9/7 19:51,76,57,10.35,0
ORD,2019/9/7 20:51,77,58,11.5,0
ORD,2019/9/7 21:51,77,58,14.95,0
ORD,2019/9/7 22:51,75,57,12.65,0
ORD,2019/9/7 23:51,70,58,12.65,0
ORD,2019/9/8 0:51,69,57,9.2,0
ORD,2019/9/8 1:51,68,57,9.2,0
ORD,2019/9/8 2:51,67,58,8.05,0
ORD,2019/9/8 3:51,67,58,8.05,0
ORD,2019/9/8 4:51,67,58,9.2,0
ORD,2019/9/8 5:51,66,57,6.9,0
ORD,2019/9/8 6:51,66,55,6.9,0
ORD,2019/9/8 7:51,66,55,8.05,0
ORD,2019/9/8 8:51,65,55,4.6,0
ORD,2019/9/8 9:51,65,54,5.75,0
ORD,2019/9/8 10:51,66,55,6.9,0
ORD,2019/9/8 11:51,65,56,6.9,0
ORD,2019/9/8 12:51,65,56,8.05,0
ORD,2019/9/8 13:01,65,56,8.05,0
ORD,2019/9/8 13:27,64,58,10.35,T
ORD,2019/9/8 13:51,63,58,9.2,0.25
ORD,2019/9/8 14:01,63,59,9.2,0.25
ORD,2019/9/8 14:17,63,59,13.8,0.51
ORD,2019/9/8 14:51,62,58,10.35,0.51
ORD,2019/9/8 15:51,63,55,10.35,T
ORD,2019/9/8 16:51,63,54,9.2,0
ORD,2019/9/8 17:24,64,54,9.2,0
ORD,2019/9/8 17:51,62,54,9.2,0
ORD,2019/9/8 17:58,62,53,11.5,0
ORD,2019/9/8 18:51,62,54,11.5,0
ORD,2019/9/8 19:51,64,52,8.05,0
ORD,2019/9/8 20:51,64,52,11.5,0
ORD,2019/9/8 21:51,64,52,12.65,0
ORD,2019/9/8 22:51,64,53,10.35,0
ORD,2019/9/8 23:51,63,52,9.2,0
ORD,2019/9/9 0:51,64,53,6.9,0
ORD,2019/9/9 1:51,63,53,8.05,0
ORD,2019/9/9 2:31,63,53,4.6,0
ORD,2019/9/9 2:51,64,54,5.75,0
ORD,2019/9/9 3:37,63,54,6.9,0
ORD,2019/9/9 3:51,63,55,6.9,0
ORD,2019/9/9 4:51,63,55,6.9,0
ORD,2019/9/9 5:51,62,56,6.9,0
ORD,2019/9/9 6:51,63,57,4.6,0
ORD,2019/9/9 7:41,63,57,4.6,0
ORD,2019/9/9 7:51,63,57,4.6,0
ORD,2019/9/9 8:01,63,57,3.45,0
ORD,2019/9/9 8:51,63,57,4.6,0
ORD,2019/9/9 9:51,62,58,5.75,0.25
ORD,2019/9/9 10:51,63,58,5.75,0
ORD,2019/9/9 11:51,63,58,5.75,0
ORD,2019/9/9 12:51,63,59,8.05,T
ORD,2019/9/9 13:51,66,60,6.9,0
ORD,2019/9/9 14:51,67,60,6.9,0
ORD,2019/9/9 15:51,69,61,8.05,0
ORD,2019/9/9 16:51,71,62,6.9,0
ORD,2019/9/9 17:51,72,62,3.45,0
ORD,2019/9/9 18:51,73,63,9.2,0.25
ORD,2019/9/9 19:51,73,63,9.2,0
ORD,2019/9/9 20:51,74,64,11.5,0
ORD,2019/9/9 21:51,74,64,11.5,0
ORD,2019/9/9 22:51,76,64,8.05,0
ORD,2019/9/9 23:51,74,64,8.05,0
ORD,2019/9/10 0:51,73,64,6.9,0
ORD,2019/9/10 1:51,72,65,9.2,0
ORD,2019/9/10 2:51,72,65,10.35,0
ORD,2019/9/10 3:51,72,66,9.2,0
ORD,2019/9/10 4:51,72,66,9.2,0
ORD,2019/9/10 5:51,72,66,9.2,0
ORD,2019/9/10 6:51,74,66,10.35,0
ORD,2019/9/10 7:51,74,65,11.5,0
ORD,2019/9/10 8:51,73,65,9.2,0
ORD,2019/9/10 9:51,73,65,9.2,0
ORD,2019/9/10 10:51,73,64,8.05,0
ORD,2019/9/10 11:51,73,65,8.05,0
ORD,2019/9/10 12:51,74,65,5.75,0
ORD,2019/9/10 13:51,75,66,8.05,0
ORD,2019/9/10 14:51,81,68,16.1,0
ORD,2019/9/10 15:51,83,69,12.65,0
ORD,2019/9/10 16:51,86,70,13.8,0
ORD,2019/9/10 17:51,87,70,12.65,0
ORD,2019/9/10 18:51,89,69,18.4,0
ORD,2019/9/10 19:51,89,67,17.25,0
ORD,2019/9/10 20:51,88,69,14.95,0
ORD,2019/9/10 21:51,86,68,13.8,0
ORD,2019/9/10 22:51,86,69,9.2,0
ORD,2019/9/10 23:51,84,68,6.9,0
ORD,2019/9/11 0:51,82,69,3.45,0
ORD,2019/9/11 1:51,81,70,0,0
ORD,2019/9/11 2:51,80,71,3.45,0
ORD,2019/9/11 3:51,78,71,3.45,0
ORD,2019/9/11 4:51,79,72,5.75,0
ORD,2019/9/11 5:51,78,71,5.75,0
ORD,2019/9/11 6:51,76,71,4.6,0
ORD,2019/9/11 7:51,75,71,5.75,0
ORD,2019/9/11 8:51,75,71,5.75,0
ORD,2019/9/11 9:51,74,71,6.9,0
ORD,2019/9/11 10:51,75,71,6.9,0
ORD,2019/9/11 11:51,75,71,3.45,0
ORD,2019/9/11 12:51,76,71,5.75,0
ORD,2019/9/11 13:51,78,71,6.9,0
ORD,2019/9/11 14:51,80,72,8.05,0
ORD,2019/9/11 15:51,83,72,10.35,0
ORD,2019/9/11 16:51,84,70,13.8,0
ORD,2019/9/11 17:51,87,69,14.95,0
ORD,2019/9/11 18:51,88,69,12.65,0
ORD,2019/9/11 19:51,88,68,11.5,0
ORD,2019/9/11 20:51,87,69,12.65,0
ORD,2019/9/11 21:51,85,69,12.65,0
ORD,2019/9/11 22:51,85,71,10.35,0
ORD,2019/9/11 23:51,84,71,9.2,0
ORD,2019/9/12 0:51,83,71,6.9,0
ORD,2019/9/12 1:04,83,71,6.9,0
ORD,2019/9/12 1:19,82,71,8.05,0
ORD,2019/9/12 1:51,82,71,9.2,0
ORD,2019/9/12 2:12,81,71,9.2,0
ORD,2019/9/12 2:51,81,71,9.2,0
ORD,2019/9/12 3:47,71.6,66.2,20.7,0
ORD,2019/9/12 3:51,73,65,21.85,0
ORD,2019/9/12 4:10,70,65,19.55,0.25
ORD,2019/9/12 4:31,69,66,8.05,2.79
ORD,2019/9/12 4:49,69.8,66.2,8.05,3.05
ORD,2019/9/12 4:51,69,66,6.9,3.3
ORD,2019/9/12 5:51,70,66,4.6,1.02
ORD,2019/9/12 6:13,70,66,6.9,0.51
ORD,2019/9/12 6:38,69,66,12.65,0.51
ORD,2019/9/12 6:51,66,64,11.5,0.51
ORD,2019/9/12 7:02,65,64,9.2,0
ORD,2019/9/12 7:12,65,64,3.45,0
ORD,2019/9/12 7:27,65,64,4.6,0
ORD,2019/9/12 7:49,66.2,64.4,8.05,T
ORD,2019/9/12 7:51,66,64,9.2,T
ORD,2019/9/12 7:56,66,64,4.6,0
ORD,2019/9/12 8:19,66,64,10.35,T
ORD,2019/9/12 8:42,65,64,4.6,0.76
ORD,2019/9/12 8:51,65,64,0,2.29
ORD,2019/9/12 9:11,66,65,3.45,0.51
ORD,2019/9/12 9:27,66,65,0,0.76
ORD,2019/9/12 9:51,66,65,4.6,1.78
ORD,2019/9/12 10:51,67,66,5.75,3.05
ORD,2019/9/12 11:34,67,66,11.5,0
ORD,2019/9/12 11:51,66,65,10.35,0
ORD,2019/9/12 12:51,63,63,8.05,0
ORD,2019/9/12 13:42,64,63,8.05,0
ORD,2019/9/12 13:51,64,63,8.05,0
ORD,2019/9/12 14:41,66,64,5.75,0
ORD,2019/9/12 14:51,66,64,5.75,0
ORD,2019/9/12 15:12,67,65,8.05,0
ORD,2019/9/12 15:43,68,65,6.9,0
ORD,2019/9/12 15:51,68,66,8.05,0
ORD,2019/9/12 16:51,71,66,8.05,0
ORD,2019/9/12 17:51,71,67,9.2,0
ORD,2019/9/12 18:17,74,68,9.2,0
ORD,2019/9/12 18:51,75,68,9.2,0
ORD,2019/9/12 19:19,76,68,5.75,0
ORD,2019/9/12 19:34,77,68,8.05,0
ORD,2019/9/12 19:51,78,69,8.05,0
ORD,2019/9/12 20:51,77,68,9.2,0
ORD,2019/9/12 21:51,75,68,6.9,0
ORD,2019/9/12 22:51,77,69,8.05,0
ORD,2019/9/12 23:51,77,69,6.9,0
ORD,2019/9/13 0:51,75,69,6.9,0
ORD,2019/9/13 1:51,76,70,9.2,0
ORD,2019/9/13 2:51,77,68,10.35,0
ORD,2019/9/13 3:51,75,68,9.2,0
ORD,2019/9/13 4:51,76,69,11.5,0
ORD,2019/9/13 5:51,76,70,11.5,0
ORD,2019/9/13 6:44,72,67,10.35,T
ORD,2019/9/13 6:51,71,66,8.05,T
ORD,2019/9/13 7:09,70,67,9.2,T
ORD,2019/9/13 7:51,71,67,6.9,T
ORD,2019/9/13 8:16,71,67,8.05,0
ORD,2019/9/13 8:33,71,67,10.35,T
ORD,2019/9/13 8:38,70,67,10.35,0.51
ORD,2019/9/13 8:43,70,67,10.35,3.56
ORD,2019/9/13 8:51,69,68,8.05,4.83
ORD,2019/9/13 9:13,69,68,12.65,4.57
ORD,2019/9/13 9:18,69,68,8.05,10.16
ORD,2019/9/13 9:31,69,68,4.6,19.56
ORD,2019/9/13 9:35,69,68,4.6,19.81
ORD,2019/9/13 9:43,69,68,5.75,20.07
ORD,2019/9/13 9:51,69,68,6.9,20.32
ORD,2019/9/13 10:06,69,68,8.05,5.33
ORD,2019/9/13 10:51,70,70,6.9,8.89
ORD,2019/9/13 11:01,70,70,6.9,T
ORD,2019/9/13 11:36,70,70,4.6,0.25
ORD,2019/9/13 11:51,70,70,5.75,0.25
ORD,2019/9/13 12:12,71,70,6.9,0
ORD,2019/9/13 12:31,70,70,8.05,0
ORD,2019/9/13 12:51,70,69,6.9,T
ORD,2019/9/13 13:51,69,68,11.5,T
ORD,2019/9/13 14:51,69,68,9.2,0
ORD,2019/9/13 15:51,74,67,18.4,0
ORD,2019/9/13 16:51,75,64,17.25,0
ORD,2019/9/13 17:51,75,60,14.95,0
ORD,2019/9/13 18:51,75,58,24.15,0
ORD,2019/9/13 19:51,73,58,16.1,0
ORD,2019/9/13 20:51,71,56,23,0
ORD,2019/9/13 21:51,71,55,16.1,0
ORD,2019/9/13 22:51,69,55,13.8,0
ORD,2019/9/13 23:51,68,55,17.25,0
ORD,2019/9/14 0:51,66,53,10.35,0
ORD,2019/9/14 1:51,64,53,8.05,0
ORD,2019/9/14 2:51,64,53,10.35,0
ORD,2019/9/14 3:51,64,53,10.35,0
ORD,2019/9/14 4:51,63,54,8.05,0
ORD,2019/9/14 5:51,62,54,6.9,0
ORD,2019/9/14 6:51,62,54,5.75,0
ORD,2019/9/14 7:51,58,54,9.2,0
ORD,2019/9/14 8:51,59,54,5.75,0
ORD,2019/9/14 9:51,58,54,3.45,0
ORD,2019/9/14 10:51,57,54,4.6,0
ORD,2019/9/14 11:51,56,54,3.45,0
ORD,2019/9/14 12:51,59,55,6.9,0
ORD,2019/9/14 13:51,63,55,5.75,0
ORD,2019/9/14 14:51,66,53,6.9,0
ORD,2019/9/14 15:51,70,54,5.75,0
ORD,2019/9/14 16:51,73,56,5.75,0
ORD,2019/9/14 17:51,75,57,9.2,0
ORD,2019/9/14 18:51,77,58,11.5,0
ORD,2019/9/14 19:51,79,59,11.5,0
ORD,2019/9/14 20:51,79,60,10.35,0
ORD,2019/9/14 21:51,79,59,10.35,0
ORD,2019/9/14 22:51,79,57,9.2,0
ORD,2019/9/14 23:51,77,58,4.6,0
ORD,2019/9/15 0:51,74,59,5.75,0
ORD,2019/9/15 1:51,74,60,8.05,0
ORD,2019/9/15 2:51,73,60,8.05,0
ORD,2019/9/15 3:51,72,60,9.2,0
ORD,2019/9/15 4:51,74,60,11.5,0
ORD,2019/9/15 5:38,72,61,12.65,T
ORD,2019/9/15 5:51,70,62,11.5,1.52
ORD,2019/9/15 6:09,71,61,11.5,T
ORD,2019/9/15 6:51,69,60,13.8,T
ORD,2019/9/15 7:51,68,59,8.05,0
ORD,2019/9/15 8:51,66,60,6.9,0.25
ORD,2019/9/15 9:51,65,61,14.95,3.05
ORD,2019/9/15 10:51,64,62,12.65,4.83
ORD,2019/9/15 11:51,64,63,10.35,2.29
ORD,2019/9/15 12:47,64.4,62.6,14.95,0.25
ORD,2019/9/15 12:51,64,63,13.8,0.25
ORD,2019/9/15 13:51,65,63,13.8,T
ORD,2019/9/15 14:38,67,63,13.8,0
ORD,2019/9/15 14:51,67,63,13.8,0
ORD,2019/9/15 15:44,68,64,14.95,0
ORD,2019/9/15 15:51,68,64,14.95,0
ORD,2019/9/15 16:06,68,64,10.35,0
ORD,2019/9/15 16:51,68,64,9.2,0
ORD,2019/9/15 17:39,70,64,8.05,0
ORD,2019/9/15 17:51,71,65,12.65,0
ORD,2019/9/15 18:51,75,66,9.2,0
ORD,2019/9/15 19:51,77,67,10.35,0
ORD,2019/9/15 20:24,77,67,8.05,0
ORD,2019/9/15 20:51,77,68,9.2,0
ORD,2019/9/15 21:51,77,69,5.75,0
ORD,2019/9/15 22:14,77,69,5.75,0
ORD,2019/9/15 22:51,75,70,4.6,T
ORD,2019/9/15 23:51,73,70,5.75,0.25
ORD,2019/9/16 0:51,74,70,0,0
ORD,2019/9/16 1:06,74,70,0,0
ORD,2019/9/16 1:51,73,70,0,0
ORD,2019/9/16 2:51,72,70,0,0
ORD,2019/9/16 3:51,72,70,0,0
ORD,2019/9/16 4:51,71,70,0,0
ORD,2019/9/16 5:51,71,69,3.45,0
ORD,2019/9/16 6:51,72,69,0,0
ORD,2019/9/16 7:51,71,69,5.75,0
ORD,2019/9/16 8:51,69,68,4.6,0
ORD,2019/9/16 9:51,69,67,5.75,0
ORD,2019/9/16 10:15,69,67,9.2,0
ORD,2019/9/16 10:29,68,68,10.35,0
ORD,2019/9/16 10:51,68,68,8.05,0
ORD,2019/9/16 11:51,68,67,11.5,0
ORD,2019/9/16 12:03,69,67,11.5,0
ORD,2019/9/16 12:51,69,67,10.35,0
ORD,2019/9/16 13:51,69,66,11.5,0
ORD,2019/9/16 14:51,69,65,9.2,0
ORD,2019/9/16 15:07,70,66,9.2,0
ORD,2019/9/16 15:24,71,66,11.5,0
ORD,2019/9/16 15:51,71,65,10.35,0
ORD,2019/9/16 16:13,72,65,12.65,0
ORD,2019/9/16 16:51,73,65,9.2,0
ORD,2019/9/16 17:51,72,64,10.35,0
ORD,2019/9/16 18:51,73,65,9.2,0
ORD,2019/9/16 19:51,72,64,6.9,0
ORD,2019/9/16 20:17,72,64,6.9,0
ORD,2019/9/16 20:51,72,63,5.75,0
ORD,2019/9/16 21:51,73,62,6.9,0
ORD,2019/9/16 22:51,72,62,9.2,0
ORD,2019/9/16 23:51,69,63,9.2,0
ORD,2019/9/17 0:37,66,62,8.05,0
ORD,2019/9/17 0:51,65,62,9.2,0
ORD,2019/9/17 1:04,65,62,8.05,0
ORD,2019/9/17 1:51,65,62,9.2,0
ORD,2019/9/17 2:51,65,62,8.05,0
ORD,2019/9/17 3:51,65,63,5.75,0
ORD,2019/9/17 4:51,65,63,5.75,0
ORD,2019/9/17 5:51,66,63,6.9,0
ORD,2019/9/17 6:51,66,63,5.75,0
ORD,2019/9/17 7:51,66,63,4.6,0
ORD,2019/9/17 8:51,65,62,4.6,0
ORD,2019/9/17 9:51,65,63,5.75,0
ORD,2019/9/17 10:51,65,63,6.9,0
ORD,2019/9/17 11:51,65,63,4.6,0
ORD,2019/9/17 12:51,67,64,3.45,0
ORD,2019/9/17 13:20,67,63,4.6,0
ORD,2019/9/17 13:51,68,63,6.9,0
ORD,2019/9/17 14:51,69,64,6.9,0
ORD,2019/9/17 15:51,72,64,3.45,0
ORD,2019/9/17 16:51,75,63,8.05,0
ORD,2019/9/17 17:51,77,64,8.05,0
ORD,2019/9/17 18:51,78,63,6.9,0
ORD,2019/9/17 19:51,78,64,10.35,0
ORD,2019/9/17 20:51,76,64,8.05,0
ORD,2019/9/17 21:51,76,65,9.2,0
ORD,2019/9/17 22:51,74,63,10.35,0
ORD,2019/9/17 23:51,72,62,6.9,0
ORD,2019/9/18 0:51,70,62,6.9,0
ORD,2019/9/18 1:51,69,61,6.9,0
ORD,2019/9/18 2:51,68,61,4.6,0
ORD,2019/9/18 3:51,68,62,3.45,0
ORD,2019/9/18 4:51,67,62,3.45,0
ORD,2019/9/18 5:51,66,62,0,0
ORD,2019/9/18 6:51,65,62,5.75,0
ORD,2019/9/18 7:51,64,61,6.9,0
ORD,2019/9/18 8:51,65,60,9.2,0
ORD,2019/9/18 10:51,63,59,5.75,0
ORD,2019/9/18 11:51,63,59,5.75,0
ORD,2019/9/18 12:51,65,60,9.2,0
ORD,2019/9/18 13:51,69,60,6.9,0
ORD,2019/9/18 14:51,72,62,6.9,0
ORD,2019/9/18 15:51,75,61,8.05,0
ORD,2019/9/18 16:51,77,61,8.05,0
ORD,2019/9/18 17:51,79,62,6.9,0
ORD,2019/9/18 18:51,79,62,8.05,0
ORD,2019/9/18 19:51,81,62,9.2,0
ORD,2019/9/18 20:51,81,60,12.65,0
ORD,2019/9/18 21:51,81,60,11.5,0
ORD,2019/9/18 22:51,80,60,6.9,0
ORD,2019/9/18 23:51,76,62,8.05,0
ORD,2019/9/19 0:51,73,61,6.9,0
ORD,2019/9/19 1:51,72,60,4.6,0
ORD,2019/9/19 2:51,71,60,5.75,0
ORD,2019/9/19 3:51,71,59,8.05,0
ORD,2019/9/19 4:51,70,59,3.45,0
ORD,2019/9/19 5:51,68,59,5.75,0
ORD,2019/9/19 6:51,67,58,5.75,0
ORD,2019/9/19 7:51,67,58,4.6,0
ORD,2019/9/19 8:51,65,56,5.75,0
ORD,2019/9/19 9:51,65,56,4.6,0
ORD,2019/9/19 10:51,64,55,6.9,0
ORD,2019/9/19 11:51,63,55,4.6,0
ORD,2019/9/19 12:51,66,55,8.05,0
ORD,2019/9/19 13:51,68,55,8.05,0
ORD,2019/9/19 14:51,73,56,6.9,0
ORD,2019/9/19 15:51,77,59,5.75,0
ORD,2019/9/19 16:51,79,59,5.75,0
ORD,2019/9/19 17:51,80,60,0,0
ORD,2019/9/19 18:51,80,60,0,0
ORD,2019/9/19 19:51,81,62,0,0
ORD,2019/9/19 20:51,81,61,5.75,0
ORD,2019/9/19 21:51,79,63,8.05,0
ORD,2019/9/19 22:51,78,62,12.65,0
ORD,2019/9/19 23:51,76,60,8.05,0
ORD,2019/9/20 0:51,74,60,8.05,0
ORD,2019/9/20 1:51,72,58,6.9,0
ORD,2019/9/20 2:51,73,57,4.6,0
ORD,2019/9/20 3:51,73,59,4.6,0
ORD,2019/9/20 4:51,69,64,3.45,0.25
ORD,2019/9/20 5:51,68,64,4.6,T
ORD,2019/9/20 6:51,69,65,0,0
ORD,2019/9/20 7:51,68,65,0,0
ORD,2019/9/20 8:51,68,65,0,0
ORD,2019/9/20 9:51,68,65,0,0
ORD,2019/9/20 10:51,68,65,4.6,0
ORD,2019/9/20 11:51,68,65,4.6,0
ORD,2019/9/20 12:51,69,66,3.45,0
ORD,2019/9/20 13:51,71,66,3.45,0
ORD,2019/9/20 14:51,74,66,4.6,0
ORD,2019/9/20 15:51,75,67,0,0
ORD,2019/9/20 16:51,78,68,4.6,0
ORD,2019/9/20 17:51,80,67,0,0
ORD,2019/9/20 18:51,82,67,0,0
ORD,2019/9/20 19:51,84,68,5.75,0
ORD,2019/9/20 20:51,84,67,9.2,0
ORD,2019/9/20 21:51,84,66,9.2,0
ORD,2019/9/20 22:51,83,66,5.75,0
ORD,2019/9/20 23:51,82,65,5.75,0
ORD,2019/9/21 0:51,79,66,5.75,0
ORD,2019/9/21 1:51,77,67,3.45,0
ORD,2019/9/21 2:51,76,67,4.6,0
ORD,2019/9/21 3:51,75,67,5.75,0
ORD,2019/9/21 4:51,74,67,4.6,0
ORD,2019/9/21 5:51,74,67,6.9,0
ORD,2019/9/21 6:51,73,66,5.75,0
ORD,2019/9/21 7:51,74,66,8.05,0
ORD,2019/9/21 8:51,73,67,6.9,0
ORD,2019/9/21 9:51,73,68,8.05,0
ORD,2019/9/21 10:51,72,67,5.75,0
ORD,2019/9/21 11:51,73,67,9.2,0
ORD,2019/9/21 12:51,73,67,12.65,T
ORD,2019/9/21 13:51,75,67,13.8,0
ORD,2019/9/21 14:51,75,67,12.65,T
ORD,2019/9/21 15:51,75,68,16.1,T
ORD,2019/9/21 16:51,77,67,17.25,T
ORD,2019/9/21 17:51,77,68,18.4,0
ORD,2019/9/21 18:51,77,66,13.8,0
ORD,2019/9/21 19:51,77,67,13.8,0
ORD,2019/9/21 20:51,73,68,12.65,0.51
ORD,2019/9/21 21:15,73,70,8.05,1.52
ORD,2019/9/21 21:51,75,69,16.1,1.52
ORD,2019/9/21 22:51,74,68,11.5,0
ORD,2019/9/21 23:51,75,68,11.5,0
ORD,2019/9/22 0:51,74,69,12.65,0.25
ORD,2019/9/22 1:51,72,69,18.4,1.52
ORD,2019/9/22 2:48,71.6,69.8,11.5,0.51
ORD,2019/9/22 2:51,72,69,11.5,0.51
ORD,2019/9/22 3:32,72,69,11.5,T
ORD,2019/9/22 3:51,72,68,13.8,T
ORD,2019/9/22 4:51,72,68,10.35,T
ORD,2019/9/22 5:51,71,68,10.35,T
ORD,2019/9/22 6:51,70,68,10.35,0.51
ORD,2019/9/22 7:51,71,68,10.35,0
ORD,2019/9/22 8:51,71,68,13.8,T
ORD,2019/9/22 9:31,71,68,13.8,0.51
ORD,2019/9/22 9:38,71,69,10.35,3.3
ORD,2019/9/22 9:51,71,68,9.2,3.56
ORD,2019/9/22 10:51,70,68,8.05,T
ORD,2019/9/22 11:51,71,67,9.2,T
ORD,2019/9/22 11:59,71,67,13.8,T
ORD,2019/9/22 12:34,70,67,8.05,2.54
ORD,2019/9/22 12:51,70,68,8.05,2.54
ORD,2019/9/22 13:51,73,67,9.2,0
ORD,2019/9/22 14:51,74,65,13.8,0
ORD,2019/9/22 15:51,76,64,14.95,0
ORD,2019/9/22 16:51,76,65,13.8,0
ORD,2019/9/22 17:39,76,66,19.55,T
ORD,2019/9/22 17:51,75,66,14.95,T
ORD,2019/9/22 18:43,73,67,10.35,0.76
ORD,2019/9/22 18:51,72,68,8.05,1.02
ORD,2019/9/22 18:53,72,68,8.05,0.25
ORD,2019/9/22 19:12,72,68,8.05,0.76
ORD,2019/9/22 19:51,72,68,13.8,1.27
ORD,2019/9/22 20:32,71,68,11.5,T
ORD,2019/9/22 20:51,71,68,11.5,T
ORD,2019/9/22 21:51,71,68,10.35,0.25
ORD,2019/9/22 21:57,71,68,12.65,0.25
ORD,2019/9/22 22:04,70,68,6.9,3.81
ORD,2019/9/22 22:12,70,69,8.05,4.83
ORD,2019/9/22 22:40,70,68,6.9,6.35
ORD,2019/9/22 22:51,70,68,10.35,7.87
ORD,2019/9/22 23:02,70,69,6.9,1.78
ORD,2019/9/22 23:21,70,69,3.45,2.79
ORD,2019/9/22 23:32,70,69,3.45,3.56
ORD,2019/9/22 23:46,69.8,68,13.8,11.94
ORD,2019/9/22 23:51,69,68,12.65,14.73
ORD,2019/9/23 0:01,69,67,12.65,2.29
ORD,2019/9/23 0:28,69,67,6.9,3.56
ORD,2019/9/23 0:51,69,66,8.05,3.56
ORD,2019/9/23 1:08,68,66,8.05,1.52
ORD,2019/9/23 1:41,67,66,8.05,2.03
ORD,2019/9/23 1:51,67,66,6.9,2.03
ORD,2019/9/23 2:14,67,66,8.05,0
ORD,2019/9/23 2:51,67,65,8.05,0
ORD,2019/9/23 3:51,67,65,5.75,0
ORD,2019/9/23 4:51,66,65,8.05,0
ORD,2019/9/23 5:51,66,64,6.9,0
ORD,2019/9/23 5:59,66,64,5.75,0
ORD,2019/9/23 6:46,66.2,64.4,4.6,0
ORD,2019/9/23 6:51,66,64,6.9,0
ORD,2019/9/23 7:12,66,64,6.9,0
ORD,2019/9/23 7:51,65,61,5.75,T
ORD,2019/9/23 8:51,64,61,6.9,0
ORD,2019/9/23 9:51,64,60,10.35,0
ORD,2019/9/23 10:17,63,60,12.65,0
ORD,2019/9/23 10:41,62,58,9.2,0
ORD,2019/9/23 10:51,61,57,10.35,0
ORD,2019/9/23 11:51,59,56,8.05,0
ORD,2019/9/23 12:51,59,54,10.35,0
ORD,2019/9/23 13:51,61,54,9.2,0
ORD,2019/9/23 14:51,64,53,10.35,0
ORD,2019/9/23 15:51,66,52,12.65,0
ORD,2019/9/23 16:51,69,51,14.95,0
ORD,2019/9/23 17:51,71,52,9.2,0
ORD,2019/9/23 18:51,72,51,11.5,0
ORD,2019/9/23 19:51,73,52,19.55,0
ORD,2019/9/23 20:51,71,50,12.65,0
ORD,2019/9/23 21:51,71,49,9.2,0
ORD,2019/9/23 22:51,72,49,6.9,0
ORD,2019/9/23 23:51,69,50,5.75,0
ORD,2019/9/24 0:51,67,51,4.6,0
ORD,2019/9/24 1:51,65,52,5.75,0
ORD,2019/9/24 2:51,63,53,4.6,0
ORD,2019/9/24 3:51,62,53,5.75,0
ORD,2019/9/24 4:51,61,53,5.75,0
ORD,2019/9/24 5:51,60,53,5.75,0
ORD,2019/9/24 6:51,60,53,5.75,0
ORD,2019/9/24 7:51,59,53,6.9,0
ORD,2019/9/24 8:51,58,53,6.9,0
ORD,2019/9/24 9:51,59,53,6.9,0
ORD,2019/9/24 10:51,59,54,6.9,0
ORD,2019/9/24 11:51,59,54,6.9,0
ORD,2019/9/24 12:51,61,54,6.9,0
ORD,2019/9/24 13:51,66,56,8.05,0
ORD,2019/9/24 14:51,69,55,9.2,0
ORD,2019/9/24 15:51,71,56,12.65,0
ORD,2019/9/24 16:51,74,57,14.95,0
ORD,2019/9/24 17:51,75,58,14.95,0
ORD,2019/9/24 18:51,77,58,17.25,0
ORD,2019/9/24 19:51,78,57,14.95,0
ORD,2019/9/24 20:51,78,57,16.1,0
ORD,2019/9/24 21:51,78,57,14.95,0
ORD,2019/9/24 22:51,77,57,17.25,0
ORD,2019/9/24 23:51,74,56,9.2,0
ORD,2019/9/25 0:51,73,56,12.65,0
ORD,2019/9/25 1:51,72,55,12.65,0
ORD,2019/9/25 2:51,69,56,14.95,0
ORD,2019/9/25 3:51,69,56,19.55,0
ORD,2019/9/25 4:51,69,56,18.4,0
ORD,2019/9/25 5:51,67,56,16.1,0
ORD,2019/9/25 6:51,66,56,11.5,0
ORD,2019/9/25 7:51,68,55,17.25,0
ORD,2019/9/25 8:51,67,55,17.25,0
ORD,2019/9/25 9:14,67,54,18.4,0
ORD,2019/9/25 9:51,67,54,18.4,0
ORD,2019/9/25 10:51,65,55,16.1,0
ORD,2019/9/25 11:51,66,55,16.1,T
ORD,2019/9/25 12:11,66,55,13.8,0
ORD,2019/9/25 12:51,65,56,12.65,0
ORD,2019/9/25 12:59,63,57,14.95,0
ORD,2019/9/25 13:31,66,58,16.1,0
ORD,2019/9/25 13:51,66,59,13.8,0
ORD,2019/9/25 14:51,66,60,11.5,0
ORD,2019/9/25 15:51,68,61,12.65,0
ORD,2019/9/25 16:51,71,62,12.65,0
ORD,2019/9/25 17:51,74,61,9.2,0
ORD,2019/9/25 18:51,78,59,16.1,0
ORD,2019/9/25 19:51,78,54,13.8,0
ORD,2019/9/25 20:51,77,53,13.8,0
ORD,2019/9/25 21:51,77,49,13.8,0
ORD,2019/9/25 22:51,75,49,12.65,0
ORD,2019/9/25 23:51,73,48,8.05,0
ORD,2019/9/26 0:51,71,47,6.9,0
ORD,2019/9/26 1:51,69,49,10.35,0
ORD,2019/9/26 2:51,68,50,10.35,0
ORD,2019/9/26 3:51,67,51,8.05,0
ORD,2019/9/26 4:51,65,52,11.5,0
ORD,2019/9/26 5:51,65,52,10.35,T
ORD,2019/9/26 6:51,64,51,8.05,0
ORD,2019/9/26 7:51,62,48,11.5,0
ORD,2019/9/26 8:51,61,47,9.2,0
ORD,2019/9/26 9:51,59,46,9.2,0
ORD,2019/9/26 10:51,57,46,11.5,0
ORD,2019/9/26 11:51,56,47,6.9,0
ORD,2019/9/26 12:51,57,47,8.05,0
ORD,2019/9/26 13:51,60,47,9.2,0
ORD,2019/9/26 14:51,63,45,10.35,0
ORD,2019/9/26 15:51,66,39,12.65,0
ORD,2019/9/26 16:51,68,41,13.8,0
ORD,2019/9/26 17:51,69,40,13.8,0
ORD,2019/9/26 18:51,70,41,8.05,0
ORD,2019/9/26 19:51,70,41,12.65,0
ORD,2019/9/26 20:51,71,42,11.5,0
ORD,2019/9/26 21:51,71,41,8.05,0
ORD,2019/9/26 22:51,70,41,5.75,0
ORD,2019/9/26 23:51,68,42,4.6,0
ORD,2019/9/27 0:51,65,43,4.6,0
ORD,2019/9/27 1:51,63,45,5.75,0
ORD,2019/9/27 2:51,63,45,5.75,0
ORD,2019/9/27 3:51,62,44,6.9,0
ORD,2019/9/27 4:51,62,44,8.05,0
ORD,2019/9/27 5:51,60,45,6.9,0
ORD,2019/9/27 6:51,60,44,10.35,0
ORD,2019/9/27 7:51,61,43,9.2,0
ORD,2019/9/27 8:51,61,43,8.05,0
ORD,2019/9/27 9:51,63,42,9.2,T
ORD,2019/9/27 10:51,63,42,11.5,T
ORD,2019/9/27 11:51,63,43,11.5,0
ORD,2019/9/27 12:51,64,44,14.95,0
ORD,2019/9/27 13:51,66,46,11.5,0
ORD,2019/9/27 14:51,66,46,14.95,0
ORD,2019/9/27 15:12,66,47,12.65,0
ORD,2019/9/27 15:27,67,48,11.5,0
ORD,2019/9/27 15:51,65,50,6.9,T
ORD,2019/9/27 16:12,63,52,8.05,0.51
ORD,2019/9/27 16:23,59,54,11.5,4.06
ORD,2019/9/27 16:38,58,56,4.6,7.87
ORD,2019/9/27 16:51,58,56,3.45,9.14
ORD,2019/9/27 17:40,59,57,14.95,3.81
ORD,2019/9/27 17:51,59,58,16.1,4.06
ORD,2019/9/27 18:15,61,59,17.25,0.25
ORD,2019/9/27 18:31,62,60,12.65,0.25
ORD,2019/9/27 18:51,63,61,13.8,0.51
ORD,2019/9/27 19:39,65,63,14.95,T
ORD,2019/9/27 19:43,65,63,14.95,T
ORD,2019/9/27 19:51,65,64,12.65,1.27
ORD,2019/9/27 20:32,67,65,13.8,0.25
ORD,2019/9/27 20:51,67,64,17.25,0.25
ORD,2019/9/27 21:51,67,64,11.5,T
ORD,2019/9/27 22:51,67,65,9.2,1.02
ORD,2019/9/27 23:11,67,65,8.05,1.27
ORD,2019/9/27 23:51,67,66,3.45,1.52
ORD,2019/9/28 0:51,69,67,17.25,0.51
ORD,2019/9/28 1:03,69,67,13.8,2.29
ORD,2019/9/28 1:19,69,67,10.35,5.59
ORD,2019/9/28 1:47,66.2,62.6,11.5,7.11
ORD,2019/9/28 1:51,66,63,6.9,8.89
ORD,2019/9/28 1:58,66,64,11.5,T
ORD,2019/9/28 2:24,66,64,10.35,1.78
ORD,2019/9/28 2:29,66,65,4.6,6.6
ORD,2019/9/28 2:35,66,65,5.75,7.62
ORD,2019/9/28 2:51,67,65,8.05,7.87
ORD,2019/9/28 2:55,67,65,4.6,T
ORD,2019/9/28 3:34,66,65,14.95,4.32
ORD,2019/9/28 3:51,66,65,9.2,6.1
ORD,2019/9/28 4:14,66,65,4.6,0.76
ORD,2019/9/28 4:23,66,64,9.2,1.78
ORD,2019/9/28 4:37,66,65,6.9,5.08
ORD,2019/9/28 4:48,66.2,64.4,10.35,9.91
ORD,2019/9/28 4:51,67,65,10.35,11.68
ORD,2019/9/28 5:04,67,65,8.05,3.3
ORD,2019/9/28 5:23,66,66,6.9,4.57
ORD,2019/9/28 5:38,66,65,6.9,4.83
ORD,2019/9/28 5:51,66,65,6.9,5.08
ORD,2019/9/28 6:14,66,65,5.75,T
ORD,2019/9/28 6:29,66,65,4.6,1.02
ORD,2019/9/28 6:46,64.4,62.6,9.2,2.29
ORD,2019/9/28 6:51,63,62,12.65,2.79
ORD,2019/9/28 7:06,63,62,11.5,0.51
ORD,2019/9/28 7:51,62,61,9.2,0.51
ORD,2019/9/28 8:51,61,60,16.1,T
ORD,2019/9/28 9:51,62,60,5.75,0
ORD,2019/9/28 10:51,62,60,5.75,0.25
ORD,2019/9/28 11:23,61,60,5.75,0.51
ORD,2019/9/28 11:51,60,59,10.35,0.76
ORD,2019/9/28 12:09,60,59,13.8,T
ORD,2019/9/28 12:37,60,59,12.65,0.25
ORD,2019/9/28 12:48,60.8,59,10.35,0.25
ORD,2019/9/28 12:51,60,59,12.65,0.25
ORD,2019/9/28 13:28,59,59,13.8,0.25
ORD,2019/9/28 13:51,59,58,16.1,0.25
ORD,2019/9/28 14:42,58,57,18.4,T
ORD,2019/9/28 14:51,58,57,17.25,T
ORD,2019/9/28 15:04,57,56,19.55,T
ORD,2019/9/28 15:51,58,56,12.65,T
ORD,2019/9/28 16:38,59,56,16.1,T
ORD,2019/9/28 16:51,59,56,12.65,T
ORD,2019/9/28 17:51,56,54,18.4,0
ORD,2019/9/28 18:51,55,53,19.55,T
ORD,2019/9/28 19:51,58,52,19.55,T
ORD,2019/9/28 20:51,57,52,16.1,0
ORD,2019/9/28 21:51,57,52,18.4,0
ORD,2019/9/28 22:51,57,52,17.25,0
ORD,2019/9/28 23:51,54,51,14.95,0
ORD,2019/9/29 0:51,57,49,17.25,0
ORD,2019/9/29 1:51,57,51,14.95,0
ORD,2019/9/29 2:51,57,51,13.8,0
ORD,2019/9/29 3:34,57,51,10.35,0
ORD,2019/9/29 3:51,58,52,8.05,0
ORD,2019/9/29 4:51,57,54,6.9,0
ORD,2019/9/29 5:17,59,56,6.9,0
ORD,2019/9/29 5:51,62,58,10.35,0
ORD,2019/9/29 6:51,63,57,13.8,T
ORD,2019/9/29 7:51,62,58,11.5,0.25
ORD,2019/9/29 8:51,62,58,10.35,0
ORD,2019/9/29 9:51,60,59,11.5,6.86
ORD,2019/9/29 10:31,60,60,10.35,4.83
ORD,2019/9/29 10:51,61,60,8.05,5.08
ORD,2019/9/29 11:51,61,60,9.2,0.76
ORD,2019/9/29 12:18,61,61,6.9,0.25
ORD,2019/9/29 12:51,61,61,9.2,0.25
ORD,2019/9/29 13:51,62,61,9.2,T
ORD,2019/9/29 14:14,62,62,11.5,T
ORD,2019/9/29 14:30,62,62,12.65,0.51
ORD,2019/9/29 14:39,62,62,9.2,0.51
ORD,2019/9/29 14:41,62,62,11.5,0.51
ORD,2019/9/29 14:51,62,61,13.8,0.76
ORD,2019/9/29 15:02,62,61,10.35,0.25
ORD,2019/9/29 15:19,61,61,12.65,0.25
ORD,2019/9/29 15:51,61,60,11.5,0.25
ORD,2019/9/29 16:51,61,60,12.65,T
ORD,2019/9/29 17:51,61,60,9.2,0
ORD,2019/9/29 18:51,62,61,6.9,0
ORD,2019/9/29 19:51,64,61,4.6,0
ORD,2019/9/29 20:18,65,62,5.75,0
ORD,2019/9/29 20:51,66,62,6.9,0
ORD,2019/9/29 21:51,65,63,6.9,0
ORD,2019/9/29 22:51,65,63,5.75,T
ORD,2019/9/29 23:51,64,63,5.75,T
ORD,2019/9/30 0:51,64,64,4.6,0.25
ORD,2019/9/30 1:51,64,64,3.45,T
ORD,2019/9/30 2:17,64,63,4.6,0
ORD,2019/9/30 2:51,64,64,3.45,0
ORD,2019/9/30 3:16,64,63,3.45,0
ORD,2019/9/30 3:51,64,63,3.45,0
ORD,2019/9/30 4:49,62.6,62.6,4.6,0
ORD,2019/9/30 4:51,63,63,3.45,0
ORD,2019/9/30 5:51,63,63,0,0
ORD,2019/9/30 6:19,64,63,3.45,0
ORD,2019/9/30 6:36,64,63,3.45,0
ORD,2019/9/30 6:51,64,63,3.45,0
ORD,2019/9/30 7:33,64,64,0,0
ORD,2019/9/30 7:51,64,63,0,0
ORD,2019/9/30 8:51,64,64,3.45,0
ORD,2019/9/30 9:10,65,64,3.45,0
ORD,2019/9/30 9:51,65,65,3.45,0
ORD,2019/9/30 10:51,65,65,3.45,0
ORD,2019/9/30 11:05,65,65,3.45,0
ORD,2019/9/30 11:47,64.4,64.4,4.6,0
ORD,2019/9/30 11:51,65,65,4.6,0
ORD,2019/9/30 12:02,65,65,4.6,0
ORD,2019/9/30 12:22,65,65,4.6,0
ORD,2019/9/30 12:51,66,66,4.6,0
ORD,2019/9/30 13:03,67,67,5.75,0
ORD,2019/9/30 13:51,72,68,8.05,0
ORD,2019/9/30 14:51,76,68,9.2,0
ORD,2019/9/30 15:51,79,69,12.65,0
ORD,2019/9/30 16:51,81,69,13.8,0
ORD,2019/9/30 17:51,83,70,11.5,0
ORD,2019/9/30 18:51,84,69,12.65,0
ORD,2019/9/30 19:51,85,69,11.5,0
ORD,2019/9/30 20:51,84,68,11.5,0
ORD,2019/9/30 21:51,84,68,16.1,0
ORD,2019/9/30 22:51,83,68,10.35,0
ORD,2019/9/30 23:51,82,68,11.5,0
ORD,2019/10/1 0:51,82,67,10.35,0
ORD,2019/10/1 1:51,81,65,12.65,0
ORD,2019/10/1 2:51,80,65,10.35,0
ORD,2019/10/1 3:51,79,65,6.9,0
ORD,2019/10/1 4:51,77,65,8.05,0
ORD,2019/10/1 5:51,77,65,8.05,0
ORD,2019/10/1 6:51,75,65,8.05,0
ORD,2019/10/1 7:51,74,65,8.05,0
ORD,2019/10/1 8:51,73,66,9.2,0
ORD,2019/10/1 9:51,74,66,9.2,0
ORD,2019/10/1 10:51,74,65,11.5,0
ORD,2019/10/1 11:51,73,65,8.05,0
ORD,2019/10/1 12:51,73,66,10.35,0
ORD,2019/10/1 13:51,76,67,9.2,0
ORD,2019/10/1 14:51,77,68,11.5,0
ORD,2019/10/1 15:51,78,68,12.65,0
ORD,2019/10/1 16:51,73,69,6.9,0
ORD,2019/10/1 17:51,84,70,10.35,0
ORD,2019/10/1 18:51,85,70,10.35,0
ORD,2019/10/1 19:51,84,71,9.2,0
ORD,2019/10/1 20:51,86,71,10.35,0
ORD,2019/10/1 21:51,85,71,12.65,0
ORD,2019/10/1 22:51,84,72,10.35,0
ORD,2019/10/1 23:51,83,71,8.05,0
ORD,2019/10/2 0:51,82,71,9.2,0
ORD,2019/10/2 1:51,81,71,8.05,0
ORD,2019/10/2 2:51,80,71,9.2,0
ORD,2019/10/2 3:51,81,69,13.8,0
ORD,2019/10/2 4:51,81,68,9.2,0
ORD,2019/10/2 5:51,68,62,16.1,0
ORD,2019/10/2 6:51,65,63,5.75,1.02
ORD,2019/10/2 7:51,66,63,4.6,0
ORD,2019/10/2 8:51,66,63,4.6,0.51
ORD,2019/10/2 9:43,64,63,8.05,0.25
ORD,2019/10/2 9:51,64,62,6.9,0.25
ORD,2019/10/2 10:06,62,61,11.5,0
ORD,2019/10/2 10:51,60,59,12.65,0.25
ORD,2019/10/2 11:28,60,59,14.95,T
ORD,2019/10/2 11:51,59,58,11.5,T
ORD,2019/10/2 12:51,58,57,12.65,1.78
ORD,2019/10/2 13:51,58,57,14.95,0.25
ORD,2019/10/2 14:51,58,57,17.25,T
ORD,2019/10/2 15:51,58,57,11.5,T
ORD,2019/10/2 16:36,59,57,17.25,0.25
ORD,2019/10/2 16:51,59,58,16.1,0.25
ORD,2019/10/2 17:38,60,59,13.8,T
ORD,2019/10/2 17:51,60,58,14.95,T
ORD,2019/10/2 18:27,59,58,16.1,T
ORD,2019/10/2 18:51,60,58,14.95,T
ORD,2019/10/2 19:41,59,58,13.8,T
ORD,2019/10/2 19:51,60,58,13.8,T
ORD,2019/10/2 20:09,60,59,14.95,T
ORD,2019/10/2 20:37,59,58,17.25,T
ORD,2019/10/2 20:51,59,58,12.65,T
ORD,2019/10/2 21:51,59,58,14.95,0
ORD,2019/10/2 22:51,59,57,13.8,0.51
ORD,2019/10/2 23:51,58,57,4.6,0.51
ORD,2019/10/3 0:48,57.2,57.2,6.9,0.25
ORD,2019/10/3 0:51,58,57,6.9,0.25
ORD,2019/10/3 0:59,58,57,8.05,0
ORD,2019/10/3 1:39,59,58,8.05,T
ORD,2019/10/3 1:51,60,59,10.35,T
ORD,2019/10/3 2:51,60,59,10.35,T
ORD,2019/10/3 3:51,60,59,13.8,1.02
ORD,2019/10/3 4:13,60,60,5.75,9.14
ORD,2019/10/3 4:30,60,60,10.35,24.38
ORD,2019/10/3 4:51,60,60,5.75,26.67
ORD,2019/10/3 4:58,60,60,0,1.02
ORD,2019/10/3 5:01,60,60,5.75,3.05
ORD,2019/10/3 5:11,60,59,4.6,4.06
ORD,2019/10/3 5:34,60,59,5.75,5.84
ORD,2019/10/3 5:51,60,59,0,7.62
ORD,2019/10/3 5:55,60,59,3.45,2.03
ORD,2019/10/3 6:02,60,59,6.9,4.32
ORD,2019/10/3 6:06,60,59,6.9,4.32
ORD,2019/10/3 6:13,60,59,6.9,8.89
ORD,2019/10/3 6:19,60,59,6.9,10.41
ORD,2019/10/3 6:27,60,59,4.6,11.68
ORD,2019/10/3 6:39,60,59,4.6,13.72
ORD,2019/10/3 6:49,60.8,59,4.6,17.02
ORD,2019/10/3 6:51,60,59,3.45,17.02
ORD,2019/10/3 7:04,60,59,0,0.25
ORD,2019/10/3 7:51,60,59,3.45,0.76
ORD,2019/10/3 8:51,60,59,4.6,T
ORD,2019/10/3 9:24,60,60,4.6,T
ORD,2019/10/3 9:51,60,59,4.6,0.51
ORD,2019/10/3 10:51,60,59,5.75,T
ORD,2019/10/3 10:58,60,59,4.6,0
ORD,2019/10/3 11:51,61,60,10.35,0
ORD,2019/10/3 12:07,61,60,6.9,T
ORD,2019/10/3 12:40,61,60,9.2,T
ORD,2019/10/3 12:51,61,59,10.35,T
ORD,2019/10/3 13:51,60,58,13.8,0
ORD,2019/10/3 14:48,60.8,55.4,17.25,0
ORD,2019/10/3 14:51,60,56,12.65,0
ORD,2019/10/3 15:37,61,55,11.5,0
ORD,2019/10/3 15:51,63,56,12.65,0
ORD,2019/10/3 16:34,65,55,16.1,0
ORD,2019/10/3 16:51,64,54,14.95,0
ORD,2019/10/3 17:37,65,54,16.1,0
ORD,2019/10/3 17:51,66,54,17.25,0
ORD,2019/10/3 18:51,64,52,14.95,0
ORD,2019/10/3 19:51,63,52,12.65,0
ORD,2019/10/3 20:51,62,50,13.8,0
ORD,2019/10/3 21:51,60,48,13.8,0
ORD,2019/10/3 22:51,59,47,13.8,0
ORD,2019/10/3 23:51,57,46,11.5,0
ORD,2019/10/4 0:51,56,45,9.2,0
ORD,2019/10/4 1:51,54,45,9.2,0
ORD,2019/10/4 2:51,52,44,8.05,0
ORD,2019/10/4 3:51,51,44,6.9,0
ORD,2019/10/4 4:51,50,43,6.9,0
ORD,2019/10/4 5:51,49,42,10.35,0
ORD,2019/10/4 6:51,48,41,9.2,0
ORD,2019/10/4 7:51,47,41,5.75,0
ORD,2019/10/4 8:51,46,41,5.75,0
ORD,2019/10/4 9:51,47,43,5.75,0
ORD,2019/10/4 10:51,47,43,9.2,0
ORD,2019/10/4 11:51,48,44,9.2,0
ORD,2019/10/4 12:51,48,45,9.2,0
ORD,2019/10/4 13:07,49,45,10.35,0
ORD,2019/10/4 13:51,51,47,11.5,T
ORD,2019/10/4 14:39,53,47,16.1,T
ORD,2019/10/4 14:51,54,48,17.25,T
ORD,2019/10/4 15:51,55,48,16.1,0
ORD,2019/10/4 16:14,54,47,19.55,0
ORD,2019/10/4 16:48,53.6,48.2,13.8,T
ORD,2019/10/4 16:51,54,48,13.8,T
ORD,2019/10/4 17:51,55,48,16.1,T
ORD,2019/10/4 18:51,55,48,11.5,0
ORD,2019/10/4 19:51,56,48,13.8,0
ORD,2019/10/4 20:51,56,47,14.95,0
ORD,2019/10/4 21:51,55,47,17.25,0
ORD,2019/10/4 22:51,54,46,14.95,0
ORD,2019/10/4 23:51,54,47,12.65,0
ORD,2019/10/5 0:51,54,47,9.2,0
ORD,2019/10/5 1:51,53,47,9.2,0
ORD,2019/10/5 2:51,54,41,6.9,0
ORD,2019/10/5 3:51,54,44,6.9,0
ORD,2019/10/5 4:51,54,46,8.05,0
ORD,2019/10/5 5:51,52,44,6.9,0
ORD,2019/10/5 6:51,50,44,6.9,0
ORD,2019/10/5 7:51,50,45,6.9,0
ORD,2019/10/5 8:51,50,46,6.9,0
ORD,2019/10/5 9:51,49,45,5.75,0
ORD,2019/10/5 10:51,49,45,6.9,0
ORD,2019/10/5 11:51,49,45,9.2,0
ORD,2019/10/5 12:51,50,44,8.05,0
ORD,2019/10/5 13:51,52,45,12.65,0
ORD,2019/10/5 14:51,55,46,13.8,0
ORD,2019/10/5 15:51,57,46,11.5,0
ORD,2019/10/5 16:51,59,47,11.5,0
ORD,2019/10/5 17:51,61,49,11.5,0
ORD,2019/10/5 18:51,62,48,10.35,0
ORD,2019/10/5 19:51,62,48,12.65,0
ORD,2019/10/5 20:51,63,49,0,T
ORD,2019/10/5 21:51,61,50,4.6,T
ORD,2019/10/5 22:51,57,53,10.35,3.81
ORD,2019/10/5 23:51,57,54,10.35,3.05
ORD,2019/10/6 0:51,57,53,16.1,T
ORD,2019/10/6 1:51,57,53,9.2,0
ORD,2019/10/6 2:51,58,54,8.05,0
ORD,2019/10/6 3:29,58,54,8.05,0
ORD,2019/10/6 3:51,59,54,11.5,0
ORD,2019/10/6 4:46,59,53.6,12.65,0
ORD,2019/10/6 4:51,59,54,10.35,0
ORD,2019/10/6 5:36,59,55,10.35,0
ORD,2019/10/6 5:51,59,56,10.35,0
ORD,2019/10/6 6:26,59,56,10.35,0
ORD,2019/10/6 6:51,59,55,11.5,0
ORD,2019/10/6 7:46,57.2,51.8,8.05,0
ORD,2019/10/6 7:51,57,52,10.35,0
ORD,2019/10/6 8:51,54,47,8.05,0
ORD,2019/10/6 9:51,53,44,9.2,0
ORD,2019/10/6 10:51,52,45,8.05,0
ORD,2019/10/6 11:51,50,44,8.05,0
ORD,2019/10/6 12:51,51,45,9.2,0
ORD,2019/10/6 13:51,54,45,9.2,0
ORD,2019/10/6 14:51,58,45,11.5,0
ORD,2019/10/6 15:51,62,45,11.5,0
ORD,2019/10/6 16:51,63,42,13.8,0
ORD,2019/10/6 17:51,65,44,5.75,0
ORD,2019/10/6 18:51,66,40,12.65,0
ORD,2019/10/6 19:51,66,39,12.65,0
ORD,2019/10/6 20:51,64,41,10.35,0
ORD,2019/10/6 21:51,63,41,11.5,0
ORD,2019/10/6 22:51,62,43,8.05,0
ORD,2019/10/6 23:51,60,44,9.2,0
ORD,2019/10/7 0:51,60,44,8.05,0
ORD,2019/10/7 1:51,59,44,10.35,0
ORD,2019/10/7 2:51,57,44,10.35,0
ORD,2019/10/7 3:51,57,45,8.05,0
ORD,2019/10/7 4:51,55,46,6.9,0
ORD,2019/10/7 5:51,55,46,9.2,0
ORD,2019/10/7 6:51,53,45,8.05,0
ORD,2019/10/7 7:51,53,45,11.5,0
ORD,2019/10/7 8:51,51,45,9.2,0
ORD,2019/10/7 9:51,50,44,8.05,0
ORD,2019/10/7 10:51,49,44,8.05,0
ORD,2019/10/7 11:51,49,44,6.9,0
ORD,2019/10/7 12:51,50,44,6.9,0
ORD,2019/10/7 13:51,55,44,8.05,0
ORD,2019/10/7 14:51,60,43,8.05,0
ORD,2019/10/7 15:51,62,43,9.2,0
ORD,2019/10/7 16:51,66,43,9.2,0
ORD,2019/10/7 17:51,67,40,13.8,0
ORD,2019/10/7 18:51,69,39,14.95,0
ORD,2019/10/7 19:51,69,38,16.1,0
ORD,2019/10/7 20:51,68,39,8.05,0
ORD,2019/10/7 21:51,68,39,10.35,0
ORD,2019/10/7 22:51,65,40,5.75,0
ORD,2019/10/7 23:51,63,40,3.45,0
ORD,2019/10/8 0:51,59,43,3.45,0
ORD,2019/10/8 1:51,57,43,3.45,0
ORD,2019/10/8 2:51,54,44,0,0
ORD,2019/10/8 3:51,52,45,3.45,0
ORD,2019/10/8 4:51,49,44,0,0
ORD,2019/10/8 5:51,49,44,0,0
ORD,2019/10/8 6:51,49,44,0,0
ORD,2019/10/8 7:51,47,44,0,0
ORD,2019/10/8 8:51,47,44,0,0
ORD,2019/10/8 9:51,46,43,0,0
ORD,2019/10/8 10:51,47,43,0,0
ORD,2019/10/8 11:51,46,43,0,0
ORD,2019/10/8 12:51,49,45,0,0
ORD,2019/10/8 13:51,55,46,3.45,0
ORD,2019/10/8 14:51,60,47,0,0
ORD,2019/10/8 15:51,64,46,3.45,0
ORD,2019/10/8 16:51,67,44,5.75,0
ORD,2019/10/8 17:51,68,43,4.6,0
ORD,2019/10/8 18:51,69,40,6.9,0
ORD,2019/10/8 19:51,69,40,6.9,0
ORD,2019/10/8 20:51,69,41,10.35,0
ORD,2019/10/8 21:51,69,40,8.05,0
ORD,2019/10/8 22:51,67,41,4.6,0
ORD,2019/10/8 23:51,62,43,8.05,0
ORD,2019/10/9 0:51,60,44,8.05,0
ORD,2019/10/9 1:51,58,45,6.9,0
ORD,2019/10/9 2:51,58,46,4.6,0
ORD,2019/10/9 3:51,56,47,4.6,0
ORD,2019/10/9 4:51,55,47,5.75,0
ORD,2019/10/9 5:51,56,46,8.05,0
ORD,2019/10/9 6:51,55,43,5.75,0
ORD,2019/10/9 7:51,54,43,8.05,0
ORD,2019/10/9 8:51,53,42,5.75,0
ORD,2019/10/9 9:51,52,42,4.6,0
ORD,2019/10/9 10:51,52,42,3.45,0
ORD,2019/10/9 11:51,50,42,6.9,0
ORD,2019/10/9 12:51,52,43,5.75,0
ORD,2019/10/9 13:51,57,45,8.05,0
ORD,2019/10/9 14:51,62,45,9.2,0
ORD,2019/10/9 15:51,66,44,10.35,0
ORD,2019/10/9 16:51,68,44,10.35,0
ORD,2019/10/9 17:51,69,45,9.2,0
ORD,2019/10/9 18:51,70,46,8.05,0
ORD,2019/10/9 19:51,70,44,11.5,0
ORD,2019/10/9 20:51,69,45,10.35,0
ORD,2019/10/9 21:51,67,45,12.65,0
ORD,2019/10/9 22:51,64,46,8.05,0
ORD,2019/10/9 23:51,62,47,6.9,0
ORD,2019/10/10 0:51,60,50,6.9,0
ORD,2019/10/10 1:51,59,51,3.45,0
ORD,2019/10/10 2:51,59,51,4.6,0
ORD,2019/10/10 3:51,60,48,8.05,0
ORD,2019/10/10 4:51,60,47,9.2,0
ORD,2019/10/10 5:51,60,47,9.2,0
ORD,2019/10/10 6:51,59,47,8.05,0
ORD,2019/10/10 7:51,58,47,6.9,0
ORD,2019/10/10 8:51,57,47,9.2,0
ORD,2019/10/10 9:51,57,47,8.05,0
ORD,2019/10/10 10:51,56,48,6.9,0
ORD,2019/10/10 11:51,55,48,6.9,0
ORD,2019/10/10 12:51,56,50,6.9,0
ORD,2019/10/10 13:38,57,52,10.35,0
ORD,2019/10/10 13:51,58,53,12.65,0
ORD,2019/10/10 14:11,58,54,10.35,0
ORD,2019/10/10 14:51,61,55,8.05,0
ORD,2019/10/10 15:51,64,56,9.2,0
ORD,2019/10/10 16:51,67,57,8.05,0
ORD,2019/10/10 17:51,70,59,8.05,0
ORD,2019/10/10 18:51,69,58,10.35,0
ORD,2019/10/10 19:51,69,58,11.5,0
ORD,2019/10/10 20:51,69,58,9.2,0
ORD,2019/10/10 21:51,67,61,8.05,T
ORD,2019/10/10 22:51,67,61,9.2,T
ORD,2019/10/10 23:51,67,60,9.2,T
ORD,2019/10/11 0:51,69,59,12.65,T
ORD,2019/10/11 1:51,66,60,8.05,0.51
ORD,2019/10/11 2:51,67,60,9.2,T
ORD,2019/10/11 3:51,67,60,8.05,T
ORD,2019/10/11 4:27,66,62,10.35,2.29
ORD,2019/10/11 4:51,66,62,10.35,2.29
ORD,2019/10/11 5:23,66,63,9.2,1.52
ORD,2019/10/11 5:32,66,63,9.2,1.78
ORD,2019/10/11 5:51,66,63,5.75,2.03
ORD,2019/10/11 6:51,65,62,8.05,0
ORD,2019/10/11 7:51,66,63,9.2,0
ORD,2019/10/11 8:51,67,63,11.5,T
ORD,2019/10/11 9:51,67,63,11.5,T
ORD,2019/10/11 10:51,66,63,8.05,0.25
ORD,2019/10/11 11:51,66,61,9.2,T
ORD,2019/10/11 12:51,66,60,12.65,T
ORD,2019/10/11 13:21,64,60,11.5,T
ORD,2019/10/11 13:36,64,61,6.9,1.02
ORD,2019/10/11 13:51,64,61,6.9,1.52
ORD,2019/10/11 14:18,63,62,3.45,2.54
ORD,2019/10/11 14:34,63,62,6.9,3.56
ORD,2019/10/11 14:38,63,62,6.9,4.06
ORD,2019/10/11 14:46,60.8,57.2,14.95,6.35
ORD,2019/10/11 14:48,59,57.2,13.8,6.6
ORD,2019/10/11 14:51,58,56,14.95,6.86
ORD,2019/10/11 14:55,57,55,11.5,T
ORD,2019/10/11 15:13,55,53,16.1,1.02
ORD,2019/10/11 15:38,53,52,11.5,5.08
ORD,2019/10/11 15:48,53.6,51.8,10.35,5.08
ORD,2019/10/11 15:51,52,51,10.35,5.08
ORD,2019/10/11 16:18,52,50,11.5,0.25
ORD,2019/10/11 16:31,52,49,12.65,0.25
ORD,2019/10/11 16:40,51,48,16.1,0.25
ORD,2019/10/11 16:51,51,48,11.5,0.25
ORD,2019/10/11 17:39,50,46,16.1,T
ORD,2019/10/11 17:51,50,46,12.65,T
ORD,2019/10/11 18:51,46,42,18.4,0
ORD,2019/10/11 19:43,45,39,19.55,T
ORD,2019/10/11 19:51,44,39,13.8,T
ORD,2019/10/11 20:51,43,40,13.8,0.25
ORD,2019/10/11 21:51,43,38,12.65,0.76
ORD,2019/10/11 22:32,43,37,13.8,T
ORD,2019/10/11 22:49,42.8,35.6,14.95,T
ORD,2019/10/11 22:51,43,35,12.65,T
ORD,2019/10/11 23:51,42,32,16.1,T
ORD,2019/10/12 0:51,41,30,14.95,0
ORD,2019/10/12 1:51,41,27,19.55,0
ORD,2019/10/12 2:51,41,27,14.95,0
ORD,2019/10/12 3:51,40,25,12.65,0
ORD,2019/10/12 4:51,39,25,9.2,0
ORD,2019/10/12 5:51,39,26.1,11.5,0
ORD,2019/10/12 6:51,39,26.1,9.2,0
ORD,2019/10/12 7:51,39,27,9.2,0
ORD,2019/10/12 8:51,39,26.1,11.5,0
ORD,2019/10/12 9:51,39,26.1,8.05,0
ORD,2019/10/12 10:51,37,25,9.2,0
ORD,2019/10/12 11:51,36,27,9.2,0
ORD,2019/10/12 12:51,36,28,12.65,0
ORD,2019/10/12 13:51,38,27,14.95,0
ORD,2019/10/12 14:51,41,26.1,21.85,0
ORD,2019/10/12 14:57,41,25,19.55,0
ORD,2019/10/12 15:51,43,25,16.1,0
ORD,2019/10/12 16:51,45,24.1,17.25,0
ORD,2019/10/12 17:51,48,25,18.4,0
ORD,2019/10/12 18:51,50,25,20.7,0
ORD,2019/10/12 19:51,52,26.1,19.55,0
ORD,2019/10/12 20:51,53,28,21.85,0
ORD,2019/10/12 21:51,54,28,18.4,0
ORD,2019/10/12 22:51,54,28,18.4,0
ORD,2019/10/12 23:51,52,28.9,12.65,0
ORD,2019/10/13 0:51,52,30,16.1,0
ORD,2019/10/13 1:51,52,30,16.1,0
ORD,2019/10/13 2:51,51,30.9,13.8,0
ORD,2019/10/13 3:51,50,32,10.35,0
ORD,2019/10/13 4:51,40,33,4.6,0
ORD,2019/10/13 5:51,40,33,3.45,0
ORD,2019/10/13 6:51,40,33,0,0
ORD,2019/10/13 7:51,38,33,0,0
ORD,2019/10/13 8:51,37,33,3.45,0
ORD,2019/10/13 9:51,38,33,5.75,0
ORD,2019/10/13 10:51,38,32,6.9,0
ORD,2019/10/13 11:51,40,32,9.2,0
ORD,2019/10/13 12:51,41,30.9,11.5,0
ORD,2019/10/13 13:51,41,30.9,13.8,0
ORD,2019/10/13 14:51,43,30.9,20.7,0
ORD,2019/10/13 15:51,46,32,16.1,0
ORD,2019/10/13 16:51,48,30.9,19.55,0
ORD,2019/10/13 17:51,51,32,13.8,0
ORD,2019/10/13 18:51,52,32,17.25,0
ORD,2019/10/13 19:51,51,32,13.8,0
ORD,2019/10/13 20:51,50,33,14.95,0
ORD,2019/10/13 21:51,50,34,10.35,0
ORD,2019/10/13 22:51,48,32,14.95,0
ORD,2019/10/13 23:51,47,32,13.8,0
ORD,2019/10/14 0:51,46,30.9,10.35,0
ORD,2019/10/14 1:51,45,33,9.2,0
ORD,2019/10/14 2:51,45,32,6.9,0
ORD,2019/10/14 3:51,44,30.9,5.75,0
ORD,2019/10/14 4:51,43,32,8.05,0
ORD,2019/10/14 5:51,43,30.9,6.9,0
ORD,2019/10/14 6:51,41,30.9,5.75,0
ORD,2019/10/14 7:51,40,32,5.75,0
ORD,2019/10/14 8:51,38,32,6.9,0
ORD,2019/10/14 9:51,38,30.9,5.75,0
ORD,2019/10/14 10:51,37,30.9,5.75,0
ORD,2019/10/14 11:51,37,30.9,5.75,0
ORD,2019/10/14 12:51,38,32,6.9,0
ORD,2019/10/14 13:51,40,32,9.2,0
ORD,2019/10/14 14:51,43,33,8.05,0
ORD,2019/10/14 15:51,46,30.9,8.05,0
ORD,2019/10/14 16:51,49,30.9,14.95,0
ORD,2019/10/14 17:51,50,30.9,12.65,0
ORD,2019/10/14 18:51,52,32,9.2,0
ORD,2019/10/14 19:51,53,33,9.2,0
ORD,2019/10/14 20:51,53,33,6.9,0
ORD,2019/10/14 21:51,53,33,6.9,0
ORD,2019/10/14 22:51,52,33,5.75,0
ORD,2019/10/14 23:51,50,33,3.45,0
ORD,2019/10/15 0:51,47,35,3.45,0
ORD,2019/10/15 1:51,46,36,4.6,0
ORD,2019/10/15 2:51,46,36,4.6,0
ORD,2019/10/15 3:51,45,36,5.75,0
ORD,2019/10/15 4:51,44,36,4.6,0
ORD,2019/10/15 5:51,43,35,6.9,0
ORD,2019/10/15 6:51,43,35,5.75,0
ORD,2019/10/15 7:51,41,34,0,0
ORD,2019/10/15 8:51,41,35,5.75,0
ORD,2019/10/15 9:51,42,36,6.9,0
ORD,2019/10/15 10:51,43,36,8.05,0
ORD,2019/10/15 11:51,44,36,10.35,0
ORD,2019/10/15 12:51,46,36,10.35,0
ORD,2019/10/15 13:51,50,37,11.5,0
ORD,2019/10/15 14:51,53,39,13.8,0
ORD,2019/10/15 15:51,55,43,11.5,0
ORD,2019/10/15 16:07,55,43,10.35,0
ORD,2019/10/15 16:51,55,44,11.5,0
ORD,2019/10/15 17:51,57,47,11.5,0
ORD,2019/10/15 18:19,58,48,14.95,0
ORD,2019/10/15 18:47,60.8,48.2,16.1,0
ORD,2019/10/15 18:51,60,50,12.65,0
ORD,2019/10/15 19:51,62,52,11.5,0
ORD,2019/10/15 20:51,62,53,9.2,0
ORD,2019/10/15 21:17,60,56,5.75,T
ORD,2019/10/15 21:28,60,57,10.35,T
ORD,2019/10/15 21:33,60,57,9.2,T
ORD,2019/10/15 21:51,61,58,9.2,T
ORD,2019/10/15 22:51,62,57,8.05,0
ORD,2019/10/15 23:51,60,47,14.95,0
ORD,2019/10/16 0:51,53,42,18.4,T
ORD,2019/10/16 1:51,52,41,12.65,0
ORD,2019/10/16 2:51,50,39,13.8,0
ORD,2019/10/16 3:51,49,38,10.35,0
ORD,2019/10/16 4:51,48,36,10.35,0
ORD,2019/10/16 5:51,46,37,16.1,0
ORD,2019/10/16 6:51,47,35,13.8,0
ORD,2019/10/16 7:51,47,35,13.8,0
ORD,2019/10/16 8:51,46,35,18.4,0
ORD,2019/10/16 9:01,46,36,26.45,0
ORD,2019/10/16 9:51,45,35,21.85,0
ORD,2019/10/16 10:28,45,36,16.1,0
ORD,2019/10/16 10:51,45,37,21.85,0
ORD,2019/10/16 11:51,44,38,16.1,0
ORD,2019/10/16 12:51,45,37,19.55,0
ORD,2019/10/16 13:30,46,36,20.7,0
ORD,2019/10/16 13:51,46,36,18.4,0
ORD,2019/10/16 14:49,48.2,37.4,20.7,0
ORD,2019/10/16 14:51,48,36,19.55,0
ORD,2019/10/16 15:51,49,36,21.85,0
ORD,2019/10/16 16:51,50,36,19.55,0
ORD,2019/10/16 17:51,50,36,18.4,0
ORD,2019/10/16 18:51,50,35,14.95,0
ORD,2019/10/16 19:51,51,35,16.1,0
ORD,2019/10/16 20:51,51,35,12.65,0
ORD,2019/10/16 21:51,51,35,13.8,0
ORD,2019/10/16 22:51,49,35,9.2,0
ORD,2019/10/16 23:51,48,35,8.05,0
ORD,2019/10/17 0:51,46,35,6.9,0
ORD,2019/10/17 1:51,45,35,4.6,0
ORD,2019/10/17 2:51,43,35,4.6,0
ORD,2019/10/17 3:51,43,35,6.9,0
ORD,2019/10/17 4:51,42,35,6.9,0
ORD,2019/10/17 5:51,42,35,8.05,0
ORD,2019/10/17 6:51,41,35,6.9,0
ORD,2019/10/17 7:51,41,36,5.75,0
ORD,2019/10/17 8:51,41,36,5.75,0
ORD,2019/10/17 9:51,43,36,6.9,0
ORD,2019/10/17 10:51,41,36,4.6,0
ORD,2019/10/17 11:51,42,37,4.6,0
ORD,2019/10/17 12:51,41,37,5.75,0
ORD,2019/10/17 13:51,44,37,8.05,0
ORD,2019/10/17 14:51,48,37,6.9,0
ORD,2019/10/17 15:51,50,37,9.2,0
ORD,2019/10/17 16:51,51,38,6.9,0
ORD,2019/10/17 17:51,52,38,9.2,0
ORD,2019/10/17 18:51,53,39,4.6,0
ORD,2019/10/17 19:51,52,37,8.05,0
ORD,2019/10/17 20:51,52,37,8.05,0
ORD,2019/10/17 21:51,52,37,6.9,0
ORD,2019/10/17 22:51,50,37,4.6,0
ORD,2019/10/17 23:51,47,36,6.9,0
ORD,2019/10/18 0:51,46,39,6.9,0
ORD,2019/10/18 1:51,45,39,4.6,0
ORD,2019/10/18 2:51,45,40,0,0
ORD,2019/10/18 3:51,43,39,0,0
ORD,2019/10/18 4:51,42,38,0,0
ORD,2019/10/18 5:51,40,38,0,0
ORD,2019/10/18 6:51,40,37,0,0
ORD,2019/10/18 7:51,39,37,0,0
ORD,2019/10/18 8:51,39,36,0,0
ORD,2019/10/18 9:51,39,37,0,0
ORD,2019/10/18 10:51,38,36,0,0
ORD,2019/10/18 11:51,39,36,4.6,0
ORD,2019/10/18 12:51,41,38,3.45,0
ORD,2019/10/18 13:51,44,39,9.2,0
ORD,2019/10/18 14:51,49,40,10.35,0
ORD,2019/10/18 15:51,51,40,9.2,0
ORD,2019/10/18 16:51,53,40,9.2,0
ORD,2019/10/18 17:51,55,40,10.35,0
ORD,2019/10/18 18:51,56,40,12.65,0
ORD,2019/10/18 19:51,58,41,11.5,0
ORD,2019/10/18 20:51,59,41,11.5,0
ORD,2019/10/18 21:51,59,39,12.65,0
ORD,2019/10/18 22:51,57,39,10.35,0
ORD,2019/10/18 23:51,53,40,8.05,0
ORD,2019/10/19 0:51,52,40,8.05,0
ORD,2019/10/19 1:51,52,40,9.2,0
ORD,2019/10/19 2:51,50,40,6.9,0
ORD,2019/10/19 3:51,49,40,5.75,0
ORD,2019/10/19 4:51,47,39,5.75,0
ORD,2019/10/19 5:51,48,39,9.2,0
ORD,2019/10/19 6:51,47,39,5.75,0
ORD,2019/10/19 7:51,46,39,5.75,0
ORD,2019/10/19 8:51,44,38,5.75,0
ORD,2019/10/19 9:51,44,39,3.45,0
ORD,2019/10/19 10:51,45,39,10.35,0
ORD,2019/10/19 11:51,44,39,5.75,0
ORD,2019/10/19 12:51,45,39,5.75,0
ORD,2019/10/19 13:51,49,40,10.35,0
ORD,2019/10/19 14:51,56,42,13.8,0
ORD,2019/10/19 15:51,58,41,12.65,0
ORD,2019/10/19 16:51,61,43,10.35,0
ORD,2019/10/19 17:51,63,44,11.5,0
ORD,2019/10/19 18:51,65,43,12.65,0
ORD,2019/10/19 19:51,67,44,13.8,0
ORD,2019/10/19 20:51,68,41,12.65,0
ORD,2019/10/19 21:51,66,40,9.2,0
ORD,2019/10/19 22:51,64,41,5.75,0
ORD,2019/10/19 23:51,63,42,5.75,0
ORD,2019/10/20 0:51,62,44,3.45,0
ORD,2019/10/20 1:51,60,46,3.45,0
ORD,2019/10/20 2:51,60,46,5.75,0
ORD,2019/10/20 3:51,58,49,6.9,T
ORD,2019/10/20 4:51,57,50,3.45,T
ORD,2019/10/20 5:51,56,50,4.6,0
ORD,2019/10/20 6:51,56,49,4.6,0
ORD,2019/10/20 7:51,55,49,0,0
ORD,2019/10/20 8:51,54,49,6.9,0
ORD,2019/10/20 9:19,54,49,9.2,0
ORD,2019/10/20 9:51,53,49,9.2,0
ORD,2019/10/20 10:51,50,47,5.75,0
ORD,2019/10/20 11:51,49,47,4.6,0
ORD,2019/10/20 12:51,49,47,6.9,0
ORD,2019/10/20 13:46,48.2,46.4,9.2,0
ORD,2019/10/20 13:51,49,46,9.2,0
ORD,2019/10/20 14:51,53,48,5.75,0
ORD,2019/10/20 15:51,56,48,4.6,0
ORD,2019/10/20 16:51,58,49,4.6,0
ORD,2019/10/20 17:51,62,48,5.75,0
ORD,2019/10/20 18:51,61,49,8.05,0
ORD,2019/10/20 19:51,63,48,8.05,0
ORD,2019/10/20 20:51,60,48,9.2,0
ORD,2019/10/20 21:51,57,47,10.35,0
ORD,2019/10/20 22:51,52,47,8.05,0
ORD,2019/10/20 23:47,50,46.4,9.2,0
ORD,2019/10/20 23:51,50,47,10.35,0
ORD,2019/10/21 0:51,49,47,9.2,0
ORD,2019/10/21 1:51,49,47,9.2,0
ORD,2019/10/21 2:51,49,48,10.35,0
ORD,2019/10/21 3:51,49,49,8.05,0
ORD,2019/10/21 4:51,50,50,8.05,0
ORD,2019/10/21 5:51,50,50,9.2,0
ORD,2019/10/21 6:21,51,50,9.2,0
ORD,2019/10/21 6:51,51,51,6.9,0
ORD,2019/10/21 6:59,51,51,8.05,0
ORD,2019/10/21 7:12,51,51,9.2,0
ORD,2019/10/21 7:41,51,51,6.9,0
ORD,2019/10/21 7:51,52,51,6.9,0
ORD,2019/10/21 8:11,51,51,6.9,0
ORD,2019/10/21 8:51,52,51,5.75,0
ORD,2019/10/21 9:51,52,51,6.9,0
ORD,2019/10/21 10:51,54,50,5.75,0
ORD,2019/10/21 11:51,58,50,11.5,0
ORD,2019/10/21 12:51,59,51,16.1,0
ORD,2019/10/21 13:51,59,53,14.95,1.02
ORD,2019/10/21 14:51,60,55,14.95,0.25
ORD,2019/10/21 15:03,60,55,20.7,0
ORD,2019/10/21 15:51,63,57,23,0
ORD,2019/10/21 16:51,61,56,20.7,0
ORD,2019/10/21 17:51,62,57,20.7,T
ORD,2019/10/21 18:51,63,58,17.25,T
ORD,2019/10/21 19:24,66,57,17.25,0
ORD,2019/10/21 19:51,67,56,23,0
ORD,2019/10/21 20:51,67,54,19.55,0
ORD,2019/10/21 21:51,65,41,26.45,0
ORD,2019/10/21 22:51,61,40,20.7,0
ORD,2019/10/21 23:51,59,40,16.1,0
ORD,2019/10/22 0:51,55,37,21.85,0
ORD,2019/10/22 1:51,54,36,17.25,0
ORD,2019/10/22 2:51,53,38,13.8,0
ORD,2019/10/22 3:51,52,38,12.65,0
ORD,2019/10/22 4:51,52,39,16.1,0
ORD,2019/10/22 5:51,51,39,16.1,0
ORD,2019/10/22 6:51,51,39,18.4,0
ORD,2019/10/22 7:51,51,39,21.85,0
ORD,2019/10/22 8:51,50,40,19.55,0
ORD,2019/10/22 9:51,49,42,13.8,T
ORD,2019/10/22 10:51,49,40,19.55,T
ORD,2019/10/22 11:51,48,41,18.4,T
ORD,2019/10/22 12:51,48,41,21.85,T
ORD,2019/10/22 13:51,47,41,19.55,0.25
ORD,2019/10/22 14:00,47,41,24.15,0
ORD,2019/10/22 14:51,47,41,24.15,T
ORD,2019/10/22 15:51,47,41,18.4,T
ORD,2019/10/22 16:51,47,40,14.95,T
ORD,2019/10/22 17:51,47,38,25.3,T
ORD,2019/10/22 18:51,47,37,18.4,0
ORD,2019/10/22 19:06,48,37,23,0
ORD,2019/10/22 19:28,48,37,12.65,0
ORD,2019/10/22 19:51,48,37,17.25,0
ORD,2019/10/22 20:51,49,36,12.65,0
ORD,2019/10/22 21:51,50,36,16.1,0
ORD,2019/10/22 22:51,49,36,16.1,0
ORD,2019/10/22 23:51,49,36,11.5,0
ORD,2019/10/23 0:51,50,36,14.95,0
ORD,2019/10/23 1:51,50,34,16.1,0
ORD,2019/10/23 2:51,49,32,19.55,0
ORD,2019/10/23 3:51,47,30,11.5,0
ORD,2019/10/23 4:51,46,30,11.5,0
ORD,2019/10/23 5:51,44,30.9,13.8,0
ORD,2019/10/23 6:51,44,30.9,11.5,0
ORD,2019/10/23 7:51,42,30.9,9.2,0
ORD,2019/10/23 8:51,42,30,11.5,0
ORD,2019/10/23 9:51,41,30.9,9.2,0
ORD,2019/10/23 10:51,41,30.9,11.5,0
ORD,2019/10/23 11:51,40,30.9,9.2,0
ORD,2019/10/23 12:51,39,32,10.35,0
ORD,2019/10/23 13:51,42,33,10.35,0
ORD,2019/10/23 14:51,48,33,9.2,0
ORD,2019/10/23 15:51,49,34,8.05,0
ORD,2019/10/23 16:51,49,35,8.05,0
ORD,2019/10/23 17:51,49,35,4.6,0
ORD,2019/10/23 18:51,53,39,6.9,0
ORD,2019/10/23 19:51,56,38,8.05,0
ORD,2019/10/23 20:51,58,39,11.5,0
ORD,2019/10/23 21:51,57,39,5.75,0
ORD,2019/10/23 22:51,56,37,5.75,0
ORD,2019/10/23 23:51,56,38,3.45,0
ORD,2019/10/24 0:51,54,40,0,0
ORD,2019/10/24 1:51,52,43,5.75,T
ORD,2019/10/24 2:51,50,45,8.05,0.25
ORD,2019/10/24 3:51,49,46,17.25,0.25
ORD,2019/10/24 4:51,47,45,11.5,T
ORD,2019/10/24 5:31,47,44,12.65,0
ORD,2019/10/24 5:51,46,43,12.65,0
ORD,2019/10/24 6:51,44,42,9.2,0
ORD,2019/10/24 7:26,43,41,0,0
ORD,2019/10/24 7:51,43,40,8.05,0
ORD,2019/10/24 8:09,43,39,8.05,0
ORD,2019/10/24 8:47,42.8,39.2,8.05,0
ORD,2019/10/24 8:51,43,39,6.9,0
ORD,2019/10/24 9:51,42,39,9.2,0
ORD,2019/10/24 10:51,43,39,9.2,0
ORD,2019/10/24 11:51,43,39,9.2,0
ORD,2019/10/24 12:51,42,38,8.05,0
ORD,2019/10/24 13:51,44,38,6.9,0
ORD,2019/10/24 14:51,46,39,6.9,0
ORD,2019/10/24 15:51,47,37,6.9,0
ORD,2019/10/24 16:51,48,36,4.6,0
ORD,2019/10/24 17:51,49,35,3.45,0
ORD,2019/10/24 18:51,49,35,3.45,0
ORD,2019/10/24 19:51,49,34,4.6,0
ORD,2019/10/24 20:51,49,35,5.75,0
ORD,2019/10/24 21:51,49,36,6.9,0
ORD,2019/10/24 22:51,47,35,5.75,0
ORD,2019/10/24 23:51,46,35,4.6,0
ORD,2019/10/25 0:51,46,36,5.75,0
ORD,2019/10/25 1:51,46,36,0,0
ORD,2019/10/25 2:51,45,36,4.6,0
ORD,2019/10/25 3:51,44,36,6.9,0
ORD,2019/10/25 4:51,44,35,6.9,0
ORD,2019/10/25 5:51,43,35,5.75,0
ORD,2019/10/25 6:51,43,36,5.75,0
ORD,2019/10/25 7:51,43,36,3.45,0
ORD,2019/10/25 8:51,43,36,0,0
ORD,2019/10/25 9:51,43,35,0,0
ORD,2019/10/25 10:51,43,34,3.45,0
ORD,2019/10/25 11:51,43,35,4.6,0
ORD,2019/10/25 12:51,42,36,6.9,0
ORD,2019/10/25 13:51,43,36,4.6,0
ORD,2019/10/25 14:51,43,35,4.6,0
ORD,2019/10/25 15:51,44,34,4.6,0
ORD,2019/10/25 16:51,46,34,4.6,0
ORD,2019/10/25 17:51,47,33,5.75,0
ORD,2019/10/25 18:51,47,32,5.75,0
ORD,2019/10/25 19:51,47,30.9,5.75,0
ORD,2019/10/25 20:51,47,28.9,5.75,0
ORD,2019/10/25 21:51,46,30,3.45,0
ORD,2019/10/25 22:51,45,28,4.6,0
ORD,2019/10/25 23:51,43,30,5.75,0
ORD,2019/10/26 0:51,42,30.9,5.75,0
ORD,2019/10/26 1:51,41,30.9,0,0
ORD,2019/10/26 2:51,40,30.9,3.45,0
ORD,2019/10/26 3:51,38,30.9,0,0
ORD,2019/10/26 4:51,37,32,0,0
ORD,2019/10/26 5:51,38,33,3.45,0
ORD,2019/10/26 6:51,37,33,3.45,0
ORD,2019/10/26 7:51,36,34,0,0
ORD,2019/10/26 8:51,37,35,0,0
ORD,2019/10/26 9:51,37,35,0,0
ORD,2019/10/26 10:51,37,34,4.6,0
ORD,2019/10/26 11:51,37,35,0,0
ORD,2019/10/26 12:51,41,38,8.05,0
ORD,2019/10/26 13:51,44,39,6.9,0
ORD,2019/10/26 14:51,46,40,13.8,0
ORD,2019/10/26 15:51,47,39,16.1,0
ORD,2019/10/26 16:51,47,39,11.5,0
ORD,2019/10/26 17:51,47,41,11.5,T
ORD,2019/10/26 18:51,46,43,8.05,1.02
ORD,2019/10/26 19:18,46,43,12.65,0.76
ORD,2019/10/26 19:41,46,44,12.65,1.78
ORD,2019/10/26 19:51,46,44,10.35,2.29
ORD,2019/10/26 20:51,47,46,14.95,3.05
ORD,2019/10/26 21:51,47,46,17.25,2.03
ORD,2019/10/26 22:51,47,46,19.55,7.11
ORD,2019/10/26 23:51,48,46,23,10.41
ORD,2019/10/27 0:41,47,46,25.3,9.14
ORD,2019/10/27 0:51,47,46,25.3,10.16
ORD,2019/10/27 1:07,48,46,24.15,2.03
ORD,2019/10/27 1:21,48,46,24.15,3.05
ORD,2019/10/27 1:51,47,46,24.15,7.11
ORD,2019/10/27 2:51,47,47,23,6.86
ORD,2019/10/27 3:51,47,46,21.85,3.3
ORD,2019/10/27 4:48,46.4,44.6,18.4,0.51
ORD,2019/10/27 4:51,46,45,18.4,0.51
ORD,2019/10/27 5:51,45,44,20.7,1.27
ORD,2019/10/27 6:44,45,44,13.8,1.02
ORD,2019/10/27 6:51,45,44,18.4,1.02
ORD,2019/10/27 7:51,46,44,14.95,0.25
ORD,2019/10/27 8:51,46,44,18.4,0
ORD,2019/10/27 9:51,46,44,16.1,0
ORD,2019/10/27 10:51,46,44,11.5,0
ORD,2019/10/27 11:51,44,43,10.35,0
ORD,2019/10/27 12:46,42.8,41,12.65,0
ORD,2019/10/27 12:51,42,40,14.95,0
ORD,2019/10/27 13:51,42,39,9.2,0
ORD,2019/10/27 14:51,45,38,9.2,0
ORD,2019/10/27 15:51,49,37,10.35,0
ORD,2019/10/27 16:51,50,36,5.75,0
ORD,2019/10/27 17:51,54,35,9.2,0
ORD,2019/10/27 18:51,56,36,8.05,0
ORD,2019/10/27 19:51,57,38,10.35,0
ORD,2019/10/27 20:51,58,39,9.2,0
ORD,2019/10/27 21:51,57,41,10.35,0
ORD,2019/10/27 22:51,55,42,6.9,0
ORD,2019/10/27 23:51,52,42,4.6,0
ORD,2019/10/28 0:51,51,43,4.6,0
ORD,2019/10/28 1:51,50,44,4.6,0
ORD,2019/10/28 2:51,49,44,5.75,0
ORD,2019/10/28 3:51,50,46,5.75,0
ORD,2019/10/28 4:51,50,46,8.05,0
ORD,2019/10/28 5:51,48,45,6.9,0
ORD,2019/10/28 6:51,47,43,8.05,0
ORD,2019/10/28 7:51,45,41,0,0
ORD,2019/10/28 8:51,43,41,3.45,0
ORD,2019/10/28 9:51,42,40,0,0
ORD,2019/10/28 10:51,41,39,3.45,0
ORD,2019/10/28 11:51,41,39,3.45,0
ORD,2019/10/28 12:51,42,40,3.45,0
ORD,2019/10/28 13:51,43,40,4.6,0
ORD,2019/10/28 14:51,47,40,4.6,0
ORD,2019/10/28 15:51,48,40,3.45,0
ORD,2019/10/28 16:51,49,39,3.45,0
ORD,2019/10/28 17:51,49,39,3.45,0
ORD,2019/10/28 18:51,49,40,3.45,0
ORD,2019/10/28 19:51,49,40,0,0
ORD,2019/10/28 20:51,49,40,3.45,0
ORD,2019/10/28 21:51,48,39,5.75,0
ORD,2019/10/28 22:41,48,40,4.6,0
ORD,2019/10/28 22:51,48,40,3.45,0
ORD,2019/10/28 23:51,47,41,0,0
ORD,2019/10/29 0:40,45,42,3.45,T
ORD,2019/10/29 0:51,45,42,3.45,T
ORD,2019/10/29 1:12,45,43,4.6,T
ORD,2019/10/29 1:32,45,43,4.6,T
ORD,2019/10/29 1:51,45,43,5.75,T
ORD,2019/10/29 2:51,45,42,9.2,T
ORD,2019/10/29 3:41,45,42,9.2,0
ORD,2019/10/29 3:51,45,42,5.75,0
ORD,2019/10/29 4:51,46,42,4.6,0
ORD,2019/10/29 5:32,46,42,4.6,0
ORD,2019/10/29 5:51,45,42,6.9,0
ORD,2019/10/29 6:51,44,41,12.65,T
ORD,2019/10/29 6:58,43,41,11.5,0.25
ORD,2019/10/29 7:17,42,41,10.35,2.03
ORD,2019/10/29 7:29,42,41,13.8,2.79
ORD,2019/10/29 7:48,41,39.2,13.8,3.05
ORD,2019/10/29 7:51,41,39,17.25,3.05
ORD,2019/10/29 8:46,35.6,33.8,13.8,T
ORD,2019/10/29 8:51,35,33,14.95,0.25
ORD,2019/10/29 9:17,35,34,11.5,T
ORD,2019/10/29 9:29,35,34,11.5,0.25
ORD,2019/10/29 9:44,36,35,11.5,0.51
ORD,2019/10/29 9:51,36,35,9.2,0.51
ORD,2019/10/29 10:51,37,36,5.75,T
ORD,2019/10/29 11:31,36,35,11.5,0
ORD,2019/10/29 11:51,36,35,8.05,0
ORD,2019/10/29 12:46,35.6,35.6,8.05,T
ORD,2019/10/29 12:51,36,34,11.5,T
ORD,2019/10/29 13:24,36,34,9.2,T
ORD,2019/10/29 13:51,36,34,11.5,T
ORD,2019/10/29 14:37,36,32,10.35,0
ORD,2019/10/29 14:51,36,33,8.05,0
ORD,2019/10/29 15:51,37,34,8.05,0
ORD,2019/10/29 16:31,38,34,5.75,0
ORD,2019/10/29 16:51,38,33,5.75,0
ORD,2019/10/29 17:21,39,34,3.45,0
ORD,2019/10/29 17:51,40,34,5.75,0
ORD,2019/10/29 18:51,40,33,9.2,0
ORD,2019/10/29 19:51,41,32,11.5,0
ORD,2019/10/29 20:14,40,30.9,10.35,0
ORD,2019/10/29 20:51,40,30,10.35,0
ORD,2019/10/29 21:51,39,28.9,4.6,0
ORD,2019/10/29 22:51,37,28,3.45,0
ORD,2019/10/29 23:51,38,28,0,0
ORD,2019/10/30 0:51,36,27,3.45,0
ORD,2019/10/30 1:51,36,28.9,6.9,0
ORD,2019/10/30 2:51,36,28.9,6.9,0
ORD,2019/10/30 3:28,36,28.9,8.05,0
ORD,2019/10/30 3:51,36,28.9,5.75,0
ORD,2019/10/30 4:14,36,28.9,6.9,0
ORD,2019/10/30 4:51,37,28,10.35,0
ORD,2019/10/30 5:51,37,28,9.2,0
ORD,2019/10/30 6:51,36,28.9,5.75,T
ORD,2019/10/30 6:59,36,30,5.75,T
ORD,2019/10/30 7:08,35,30,5.75,0.25
ORD,2019/10/30 7:51,34,30,4.6,0.51
ORD,2019/10/30 8:24,34,30.9,3.45,0.51
ORD,2019/10/30 8:51,33,30.9,5.75,0.76
ORD,2019/10/30 8:59,33,30.9,5.75,0.25
ORD,2019/10/30 9:09,33,30.9,5.75,0.25
ORD,2019/10/30 9:44,33,30.9,8.05,1.02
ORD,2019/10/30 9:51,32,30.9,8.05,1.27
ORD,2019/10/30 10:09,32,30.9,8.05,0.51
ORD,2019/10/30 10:51,32,32,6.9,2.03
ORD,2019/10/30 11:23,32,32,6.9,1.27
ORD,2019/10/30 11:51,32,32,4.6,2.29
ORD,2019/10/30 12:01,32,32,0,0.25
ORD,2019/10/30 12:13,33,32,3.45,0.25
ORD,2019/10/30 12:44,33,32,3.45,1.27
ORD,2019/10/30 12:51,33,32,4.6,1.52
ORD,2019/10/30 13:02,33,33,3.45,0.25
ORD,2019/10/30 13:16,34,33,3.45,0.51
ORD,2019/10/30 13:29,34,33,4.6,0.51
ORD,2019/10/30 13:51,35,34,9.2,0.76
ORD,2019/10/30 14:09,36,34,11.5,T
ORD,2019/10/30 14:51,36,34,10.35,0.76
ORD,2019/10/30 15:51,37,35,11.5,1.27
ORD,2019/10/30 16:51,38,36,10.35,0.51
ORD,2019/10/30 17:51,40,37,13.8,T
ORD,2019/10/30 18:51,41,37,16.1,0
ORD,2019/10/30 19:14,40,37,17.25,T
ORD,2019/10/30 19:51,40,38,17.25,0.25
ORD,2019/10/30 20:51,40,38,17.25,T
ORD,2019/10/30 21:06,40,38,17.25,0.25
ORD,2019/10/30 21:51,40,38,16.1,0.25
ORD,2019/10/30 22:51,40,38,16.1,T
ORD,2019/10/30 23:12,40,38,17.25,T
ORD,2019/10/30 23:34,40,38,18.4,T
ORD,2019/10/30 23:51,39,38,17.25,T
ORD,2019/10/31 0:51,39,38,13.8,T
ORD,2019/10/31 1:51,39,38,18.4,0.25
ORD,2019/10/31 2:51,38,37,14.95,0.25
ORD,2019/10/31 2:57,38,37,11.5,T
ORD,2019/10/31 3:51,37,35,17.25,0.51
ORD,2019/10/31 4:51,35,33,18.4,1.02
ORD,2019/10/31 5:14,34,33,19.55,0.51
ORD,2019/10/31 5:51,34,32,14.95,1.52
ORD,2019/10/31 6:51,33,32,14.95,1.02
ORD,2019/10/31 7:51,33,30.9,17.25,0.51
ORD,2019/10/31 8:51,33,30.9,17.25,T
ORD,2019/10/31 9:08,33,30.9,13.8,0.25
ORD,2019/10/31 9:42,32,30.9,16.1,0.76
ORD,2019/10/31 9:51,32,30.9,17.25,1.02
ORD,2019/10/31 10:51,32,30.9,17.25,0.25
ORD,2019/10/31 11:22,32,30.9,17.25,T
ORD,2019/10/31 11:51,32,30.9,17.25,T
ORD,2019/10/31 12:13,32,30,17.25,0.25
ORD,2019/10/31 12:51,32,30,16.1,0.25
ORD,2019/10/31 13:51,32,30,19.55,T
ORD,2019/10/31 14:51,32,30,13.8,0.25
ORD,2019/10/31 15:29,32,30,12.65,T
ORD,2019/10/31 15:51,32,30,17.25,T
ORD,2019/10/31 16:16,32,30,16.1,0.25
ORD,2019/10/31 16:51,32,30,14.95,0.76
ORD,2019/10/31 17:46,30.2,30.2,16.1,0.51
ORD,2019/10/31 17:51,30.9,30,20.7,0.51
ORD,2019/10/31 18:51,30.9,30,18.4,0.51
ORD,2019/10/31 19:26,30.9,30,18.4,0.25
ORD,2019/10/31 19:51,30.9,30,19.55,0.25
ORD,2019/10/31 20:24,30.9,28.9,19.55,0.25
ORD,2019/10/31 20:31,30.9,28.9,20.7,0.25
ORD,2019/10/31 20:47,32,28.4,18.4,0.25
ORD,2019/10/31 20:51,32,28.9,19.55,0.25
ORD,2019/10/31 20:58,32,28.9,23,T
ORD,2019/10/31 21:06,32,28.9,20.7,T
ORD,2019/10/31 21:20,32,28,18.4,T
ORD,2019/10/31 21:26,32,28,17.25,T
ORD,2019/10/31 21:51,32,28,17.25,T
ORD,2019/10/31 22:51,30.9,27,13.8,T
ORD,2019/10/31 23:14,30.9,27,14.95,0
ORD,2019/10/31 23:51,30,26.1,10.35,0
ORD,2019/11/1 0:51,30,25,9.2,0
ORD,2019/11/1 1:51,28.9,24.1,10.35,0
ORD,2019/11/1 2:51,28,21.9,10.35,0
ORD,2019/11/1 3:51,27,21.9,8.05,0
ORD,2019/11/1 4:51,26.1,21,9.2,0
ORD,2019/11/1 5:51,25,19.9,8.05,0
ORD,2019/11/1 6:51,24.1,21,6.9,0
ORD,2019/11/1 7:51,24.1,19.9,6.9,0
ORD,2019/11/1 8:51,23,21,5.75,0
ORD,2019/11/1 9:51,23,19.9,5.75,0
ORD,2019/11/1 10:51,24.1,21,8.05,0
ORD,2019/11/1 11:51,24.1,21,5.75,0
ORD,2019/11/1 12:51,24.1,21.9,5.75,0
ORD,2019/11/1 13:51,27,23,9.2,0
ORD,2019/11/1 14:51,30.9,25,8.05,0
ORD,2019/11/1 15:51,33,25,8.05,0
ORD,2019/11/1 16:51,36,26.1,10.35,0
ORD,2019/11/1 17:51,40,26.1,13.8,0
ORD,2019/11/1 18:51,42,26.1,12.65,0
ORD,2019/11/1 19:51,43,26.1,14.95,0
ORD,2019/11/1 20:51,43,26.1,14.95,0
ORD,2019/11/1 21:51,43,28,16.1,0
ORD,2019/11/1 22:51,42,30,10.35,0
ORD,2019/11/1 23:51,42,30.9,8.05,0
ORD,2019/11/2 0:51,41,30,8.05,0
ORD,2019/11/2 1:51,37,32,13.8,T
ORD,2019/11/2 2:51,36,33,10.35,0.25
ORD,2019/11/2 3:51,36,33,10.35,T
ORD,2019/11/2 4:51,36,33,11.5,0
ORD,2019/11/2 5:51,36,33,8.05,0
ORD,2019/11/2 6:33,35,33,6.9,0
ORD,2019/11/2 6:51,36,34,8.05,0
ORD,2019/11/2 7:13,36,34,6.9,0
ORD,2019/11/2 7:51,36,33,9.2,0
ORD,2019/11/2 8:51,35,33,9.2,0
ORD,2019/11/2 9:51,35,33,5.75,0
ORD,2019/11/2 10:51,36,33,9.2,0
ORD,2019/11/2 11:51,36,34,10.35,0
ORD,2019/11/2 12:23,36,35,6.9,0
ORD,2019/11/2 12:51,37,35,6.9,0
ORD,2019/11/2 13:11,37,35,5.75,0
ORD,2019/11/2 13:41,38,35,10.35,0
ORD,2019/11/2 13:51,38,36,11.5,0
ORD,2019/11/2 14:17,39,35,13.8,0
ORD,2019/11/2 14:51,39,33,10.35,0
ORD,2019/11/2 15:51,40,30,13.8,0
ORD,2019/11/2 16:42,41,30,14.95,0
ORD,2019/11/2 16:51,42,30.9,12.65,0
ORD,2019/11/2 17:10,41,28.9,16.1,0
ORD,2019/11/2 17:51,41,28.9,12.65,0
ORD,2019/11/2 18:51,41,28.9,11.5,0
ORD,2019/11/2 19:51,40,27,17.25,0
ORD,2019/11/2 20:51,40,27,13.8,0
ORD,2019/11/2 21:51,40,25,16.1,0
ORD,2019/11/2 22:51,39,26.1,10.35,0
ORD,2019/11/2 23:51,39,27,12.65,0
ORD,2019/11/3 0:51,39,27,12.65,0
ORD,2019/11/3 1:51,38,27,11.5,0
ORD,2019/11/3 2:51,37,25,9.2,0
ORD,2019/11/3 3:51,35,26.1,8.05,0
ORD,2019/11/3 4:51,33,26.1,5.75,0
ORD,2019/11/3 5:51,32,26.1,5.75,0
ORD,2019/11/3 6:51,30.9,26.1,5.75,0
ORD,2019/11/3 7:51,30,26.1,4.6,0
ORD,2019/11/3 8:51,30.9,26.1,4.6,0
ORD,2019/11/3 9:51,30.9,27,3.45,0
ORD,2019/11/3 10:51,32,27,3.45,0
ORD,2019/11/3 11:51,32,28,0,0
ORD,2019/11/3 12:51,33,28.9,3.45,0
ORD,2019/11/3 13:51,35,30,5.75,0
ORD,2019/11/3 14:51,37,30,8.05,0
ORD,2019/11/3 15:51,40,30,9.2,0
ORD,2019/11/3 16:51,44,30.9,6.9,0
ORD,2019/11/3 17:51,48,30,16.1,0
ORD,2019/11/3 18:51,50,30,12.65,0
ORD,2019/11/3 19:51,51,30.9,14.95,0
ORD,2019/11/3 20:51,52,32,13.8,0
ORD,2019/11/3 21:51,52,30.9,14.95,0
ORD,2019/11/3 22:51,50,32,10.35,0
ORD,2019/11/3 23:51,49,33,6.9,0
ORD,2019/11/4 0:51,49,33,4.6,0
ORD,2019/11/4 1:51,48,34,5.75,0
ORD,2019/11/4 2:51,48,34,6.9,T
ORD,2019/11/4 3:51,47,37,8.05,T
ORD,2019/11/4 4:51,47,38,6.9,T
ORD,2019/11/4 5:51,48,34,11.5,T
ORD,2019/11/4 6:51,47,33,10.35,0
ORD,2019/11/4 7:51,47,33,11.5,0
ORD,2019/11/4 8:51,47,33,14.95,0
ORD,2019/11/4 9:51,48,33,12.65,0
ORD,2019/11/4 10:51,47,33,13.8,0
ORD,2019/11/4 11:51,45,33,10.35,0
ORD,2019/11/4 12:51,44,33,6.9,0
ORD,2019/11/4 13:51,45,34,10.35,0
ORD,2019/11/4 14:51,45,35,9.2,0
ORD,2019/11/4 15:51,48,37,6.9,0
ORD,2019/11/4 16:51,49,38,11.5,0
ORD,2019/11/4 17:51,50,38,12.65,0
ORD,2019/11/4 18:51,50,37,13.8,0
ORD,2019/11/4 19:51,50,36,12.65,0
ORD,2019/11/4 20:51,50,35,13.8,0
ORD,2019/11/4 21:51,49,34,13.8,0
ORD,2019/11/4 22:51,47,34,8.05,0
ORD,2019/11/4 23:51,46,35,11.5,0
ORD,2019/11/5 0:51,45,30.9,10.35,0
ORD,2019/11/5 1:51,43,28.9,11.5,0
ORD,2019/11/5 2:51,42,28.9,6.9,0
ORD,2019/11/5 3:51,40,28.9,5.75,0
ORD,2019/11/5 4:51,39,28.9,8.05,0
ORD,2019/11/5 5:51,38,28,9.2,0
ORD,2019/11/5 6:51,36,28,9.2,0
ORD,2019/11/5 7:51,35,28,6.9,0
ORD,2019/11/5 8:51,34,28,5.75,0
ORD,2019/11/5 9:51,33,28,5.75,0
ORD,2019/11/5 10:51,32,27,5.75,0
ORD,2019/11/5 11:51,32,27,6.9,0
ORD,2019/11/5 12:51,32,27,6.9,0
ORD,2019/11/5 13:51,34,27,9.2,0
ORD,2019/11/5 14:51,37,27,8.05,0
ORD,2019/11/5 15:51,38,27,13.8,0
ORD,2019/11/5 16:51,39,25,14.95,0
ORD,2019/11/5 17:51,38,17.1,14.95,0
ORD,2019/11/5 18:51,39,18,12.65,0
ORD,2019/11/5 19:51,40,16,12.65,0
ORD,2019/11/5 20:51,39,16,10.35,0
ORD,2019/11/5 21:51,38,16,9.2,0
ORD,2019/11/5 22:51,36,15.1,10.35,0
ORD,2019/11/5 23:51,35,17.1,4.6,0
ORD,2019/11/6 0:51,34,18,4.6,0
ORD,2019/11/6 1:51,33,18,4.6,0
ORD,2019/11/6 2:51,32,19,0,0
ORD,2019/11/6 3:51,30,19.9,0,0
ORD,2019/11/6 4:51,30.9,21,4.6,0
ORD,2019/11/6 5:51,32,21,0,0
ORD,2019/11/6 6:51,33,21,0,0
ORD,2019/11/6 7:51,34,21,4.6,0
ORD,2019/11/6 8:51,34,21,0,0
ORD,2019/11/6 9:51,34,21,4.6,0
ORD,2019/11/6 10:51,34,21.9,3.45,T
ORD,2019/11/6 11:51,35,23,11.5,T
ORD,2019/11/6 12:51,36,25,8.05,T
ORD,2019/11/6 13:51,37,26.1,9.2,0
ORD,2019/11/6 14:51,39,27,9.2,0
ORD,2019/11/6 15:51,42,28.9,13.8,0
ORD,2019/11/6 16:51,46,30.9,12.65,0
ORD,2019/11/6 17:51,51,30.9,16.1,0
ORD,2019/11/6 18:51,54,30.9,17.25,0
ORD,2019/11/6 19:51,55,32,12.65,0
ORD,2019/11/6 20:51,54,35,3.45,0
ORD,2019/11/6 21:51,43,33,18.4,0
ORD,2019/11/6 22:51,39,30.9,17.25,0
ORD,2019/11/6 23:51,37,30.9,17.25,0
ORD,2019/11/7 0:41,36,28.9,14.95,0
ORD,2019/11/7 0:51,35,28.9,16.1,0
ORD,2019/11/7 1:51,33,28,13.8,T
ORD,2019/11/7 2:28,32,28.9,14.95,T
ORD,2019/11/7 2:51,32,28.9,14.95,T
ORD,2019/11/7 2:57,32,28.9,17.25,T
ORD,2019/11/7 3:19,30.9,30,13.8,T
ORD,2019/11/7 3:51,30.9,28.9,19.55,0.25
ORD,2019/11/7 3:57,30,28,17.25,T
ORD,2019/11/7 4:33,30,28,9.2,T
ORD,2019/11/7 4:51,30,28,12.65,T
ORD,2019/11/7 5:12,30,28,12.65,T
ORD,2019/11/7 5:30,28.9,27,14.95,T
ORD,2019/11/7 5:46,28.4,24.8,13.8,T
ORD,2019/11/7 5:51,28.9,26.1,13.8,T
ORD,2019/11/7 6:51,28,25,16.1,T
ORD,2019/11/7 7:51,28,24.1,12.65,T
ORD,2019/11/7 8:51,28,23,11.5,0
ORD,2019/11/7 9:51,27,21,17.25,0
ORD,2019/11/7 10:51,25,19,13.8,0
ORD,2019/11/7 11:51,23,14,14.95,0
ORD,2019/11/7 12:51,21.9,12,12.65,0
ORD,2019/11/7 13:51,21.9,12.9,5.75,0
ORD,2019/11/7 14:51,23,12.9,10.35,0
ORD,2019/11/7 15:51,25,14,11.5,0
ORD,2019/11/7 16:51,28,12,11.5,0
ORD,2019/11/7 17:51,28.9,12,9.2,0
ORD,2019/11/7 18:51,30,12,10.35,0
ORD,2019/11/7 19:51,30,10,11.5,0
ORD,2019/11/7 20:51,30,9,11.5,0
ORD,2019/11/7 21:51,28,8.1,11.5,0
ORD,2019/11/7 22:51,26.1,7,11.5,0
ORD,2019/11/7 23:51,25,7,9.2,0
ORD,2019/11/8 0:51,24.1,9,6.9,0
ORD,2019/11/8 1:51,21.9,8.1,12.65,0
ORD,2019/11/8 2:51,21.9,8.1,8.05,0
ORD,2019/11/8 3:51,21,8.1,10.35,0
ORD,2019/11/8 4:51,19.9,8.1,9.2,0
ORD,2019/11/8 5:51,19.9,9,9.2,0
ORD,2019/11/8 6:51,19,9,10.35,0
ORD,2019/11/8 7:51,19,8.1,10.35,0
ORD,2019/11/8 8:51,18,8.1,8.05,0
ORD,2019/11/8 9:51,17.1,8.1,8.05,0
ORD,2019/11/8 10:51,17.1,8.1,4.6,0
ORD,2019/11/8 11:51,16,8.1,4.6,0
ORD,2019/11/8 12:51,17.1,9,3.45,0
ORD,2019/11/8 13:51,19,10,6.9,0
ORD,2019/11/8 14:51,21.9,10.9,4.6,0
ORD,2019/11/8 15:51,26.1,10,5.75,0
ORD,2019/11/8 16:51,28.9,8.1,6.9,0
ORD,2019/11/8 17:51,28.9,8.1,4.6,0
ORD,2019/11/8 18:51,30,6,10.35,0
ORD,2019/11/8 19:51,30.9,6,6.9,0
ORD,2019/11/8 20:51,30.9,6,8.05,0
ORD,2019/11/8 21:51,30,6,6.9,0
ORD,2019/11/8 22:51,28.9,7,6.9,0
ORD,2019/11/8 23:51,28,8.1,6.9,0
ORD,2019/11/9 0:51,28,8.1,5.75,0
ORD,2019/11/9 1:51,27,10,5.75,0
ORD,2019/11/9 2:51,28,10,9.2,0
ORD,2019/11/9 3:51,27,10,9.2,0
ORD,2019/11/9 4:51,28,10.9,8.05,0
ORD,2019/11/9 5:51,28,10,9.2,0
ORD,2019/11/9 6:51,27,10.9,9.2,0
ORD,2019/11/9 7:51,28,12,9.2,0
ORD,2019/11/9 8:51,28.9,12.9,11.5,0
ORD,2019/11/9 9:51,30,12.9,13.8,0
ORD,2019/11/9 10:51,30,15.1,11.5,0
ORD,2019/11/9 11:51,30,16,11.5,0
ORD,2019/11/9 12:51,30,17.1,10.35,0
ORD,2019/11/9 13:51,32,19,9.2,0
ORD,2019/11/9 14:51,34,19.9,13.8,0
ORD,2019/11/9 15:51,36,21,17.25,0
ORD,2019/11/9 16:51,39,23,12.65,0
ORD,2019/11/9 17:51,42,24.1,13.8,0
ORD,2019/11/9 18:51,44,25,14.95,0
ORD,2019/11/9 19:51,45,26.1,13.8,0
ORD,2019/11/9 20:51,46,27,13.8,0
ORD,2019/11/9 21:51,45,26.1,11.5,0
ORD,2019/11/9 22:51,44,27,6.9,0
ORD,2019/11/9 23:51,43,27,5.75,0
ORD,2019/11/10 0:51,43,28,5.75,0
ORD,2019/11/10 1:51,44,28.9,9.2,0
ORD,2019/11/10 2:51,44,28.9,3.45,0
ORD,2019/11/10 3:51,44,28.9,4.6,0
ORD,2019/11/10 4:51,43,30,5.75,0
ORD,2019/11/10 5:51,43,30,5.75,0
ORD,2019/11/10 6:51,43,30,6.9,0
ORD,2019/11/10 7:51,42,30.9,4.6,0
ORD,2019/11/10 8:51,41,30,5.75,0
ORD,2019/11/10 9:51,39,30.9,3.45,0
ORD,2019/11/10 10:51,38,30,3.45,0
ORD,2019/11/10 11:51,38,30.9,0,0
ORD,2019/11/10 12:51,36,30.9,5.75,0
ORD,2019/11/10 13:51,39,32,11.5,0
ORD,2019/11/10 14:51,39,33,10.35,0
ORD,2019/11/10 15:51,39,33,8.05,0
ORD,2019/11/10 16:08,39,33,8.05,0
ORD,2019/11/10 16:51,40,34,8.05,0
ORD,2019/11/10 17:51,40,34,8.05,0
ORD,2019/11/10 18:38,40,33,11.5,0
ORD,2019/11/10 18:51,40,33,10.35,0
ORD,2019/11/10 19:51,40,33,10.35,0
ORD,2019/11/10 20:51,40,32,9.2,0
ORD,2019/11/10 21:51,39,32,10.35,0
ORD,2019/11/10 22:51,39,30.9,12.65,0
ORD,2019/11/10 23:51,39,30.9,11.5,0
ORD,2019/11/11 0:29,39,30.9,9.2,0
ORD,2019/11/11 0:51,39,30.9,10.35,0
ORD,2019/11/11 1:51,38,30.9,9.2,0
ORD,2019/11/11 2:51,37,32,11.5,T
ORD,2019/11/11 3:36,35,33,12.65,0.25
ORD,2019/11/11 3:51,35,33,10.35,0.25
ORD,2019/11/11 4:51,34,32,12.65,0.51
ORD,2019/11/11 5:16,33,32,12.65,T
ORD,2019/11/11 5:51,33,32,11.5,0.25
ORD,2019/11/11 6:19,33,32,10.35,0.25
ORD,2019/11/11 6:51,32,32,11.5,0.25
ORD,2019/11/11 7:51,32,32,13.8,0.51
ORD,2019/11/11 8:03,32,30.9,12.65,0.25
ORD,2019/11/11 8:51,32,30.9,17.25,1.02
ORD,2019/11/11 9:38,30,28.9,11.5,0.51
ORD,2019/11/11 9:51,28.9,28,14.95,1.02
ORD,2019/11/11 10:51,27,26.1,14.95,0.51
ORD,2019/11/11 11:51,25,23,18.4,0.25
ORD,2019/11/11 12:17,24.1,21.9,17.25,0.25
ORD,2019/11/11 12:25,24.1,21.9,18.4,0.25
ORD,2019/11/11 12:51,24.1,21,18.4,0.25
ORD,2019/11/11 13:02,23,21,14.95,0.25
ORD,2019/11/11 13:51,23,21,19.55,0.25
ORD,2019/11/11 14:51,21.9,19.9,16.1,0.25
ORD,2019/11/11 15:51,21.9,19,17.25,0.25
ORD,2019/11/11 16:17,21.9,19,20.7,T
ORD,2019/11/11 16:28,21.9,19,20.7,T
ORD,2019/11/11 16:51,21.9,19,21.85,T
ORD,2019/11/11 17:10,21.9,19,19.55,T
ORD,2019/11/11 17:37,21.9,19,17.25,T
ORD,2019/11/11 17:51,21.9,18,16.1,T
ORD,2019/11/11 18:05,21.9,18,20.7,T
ORD,2019/11/11 18:51,23,18,13.8,T
ORD,2019/11/11 19:04,21.9,16,25.3,T
ORD,2019/11/11 19:51,21,15.1,24.15,T
ORD,2019/11/11 20:37,21,14,21.85,T
ORD,2019/11/11 20:51,21,15.1,14.95,T
ORD,2019/11/11 21:51,21,14,12.65,T
ORD,2019/11/11 22:22,21,16,13.8,T
ORD,2019/11/11 22:32,21,16,13.8,T
ORD,2019/11/11 22:41,21,15.1,18.4,T
ORD,2019/11/11 22:51,21,12.9,18.4,T
ORD,2019/11/11 23:51,19.9,9,17.25,T
ORD,2019/11/12 0:51,19,7,18.4,0
ORD,2019/11/12 1:51,17.1,7,12.65,0
ORD,2019/11/12 2:51,16,4,19.55,0
ORD,2019/11/12 3:51,15.1,3,14.95,0
ORD,2019/11/12 4:51,14,3,17.25,0
ORD,2019/11/12 5:51,12.9,3,19.55,0
ORD,2019/11/12 6:51,12,1.9,16.1,0
ORD,2019/11/12 7:51,10.9,1.9,17.25,0
ORD,2019/11/12 8:51,10.9,1,11.5,0
ORD,2019/11/12 9:51,10,0,14.95,0
ORD,2019/11/12 10:51,9,-0.9,14.95,0
ORD,2019/11/12 11:51,8.1,-0.9,12.65,0
ORD,2019/11/12 12:51,7,0,12.65,0
ORD,2019/11/12 13:51,8.1,0,14.95,0
ORD,2019/11/12 14:51,10,1,11.5,0
ORD,2019/11/12 15:51,12,1,8.05,0
ORD,2019/11/12 16:51,14,1.9,8.05,0
ORD,2019/11/12 17:51,15.1,1.9,8.05,0
ORD,2019/11/12 18:51,16,1,4.6,0
ORD,2019/11/12 19:51,17.1,0,9.2,0
ORD,2019/11/12 20:51,17.1,0,9.2,0
ORD,2019/11/12 21:51,16,0,10.35,0
ORD,2019/11/12 22:51,15.1,-0.9,5.75,0
ORD,2019/11/12 23:51,12.9,0,6.9,0
ORD,2019/11/13 0:51,12,0,3.45,0
ORD,2019/11/13 1:51,10.9,1,4.6,0
ORD,2019/11/13 2:51,10.9,1,5.75,0
ORD,2019/11/13 3:51,10.9,1,3.45,0
ORD,2019/11/13 4:51,10.9,1,4.6,0
ORD,2019/11/13 5:51,10.9,1.9,4.6,0
ORD,2019/11/13 6:51,12,3,6.9,0
ORD,2019/11/13 7:51,12.9,3,5.75,0
ORD,2019/11/13 8:51,12.9,3,9.2,0
ORD,2019/11/13 9:51,12.9,4,10.35,0
ORD,2019/11/13 10:51,12.9,4,9.2,0
ORD,2019/11/13 11:51,14,1.9,12.65,0
ORD,2019/11/13 12:51,14,1,12.65,0
ORD,2019/11/13 13:51,15.1,1.9,14.95,0
ORD,2019/11/13 14:51,16,3,17.25,0
ORD,2019/11/13 15:51,17.1,4,17.25,0
ORD,2019/11/13 16:51,18,5,13.8,0
ORD,2019/11/13 17:51,19.9,6,17.25,0
ORD,2019/11/13 18:51,21.9,6,14.95,0
ORD,2019/11/13 19:51,23,8.1,16.1,0
ORD,2019/11/13 20:51,24.1,9,11.5,0
ORD,2019/11/13 21:51,25,9,17.25,0
ORD,2019/11/13 22:51,25,10.9,11.5,0
ORD,2019/11/13 23:51,25,12,12.65,0
ORD,2019/11/14 0:51,25,12.9,8.05,0
ORD,2019/11/14 1:51,26.1,15.1,10.35,0
ORD,2019/11/14 2:51,26.1,18,8.05,T
ORD,2019/11/14 3:51,26.1,19,5.75,T
ORD,2019/11/14 4:51,27,18,6.9,0
ORD,2019/11/14 5:51,27,19,8.05,0
ORD,2019/11/14 6:38,26.1,21,8.05,T
ORD,2019/11/14 6:51,26.1,21,5.75,T
ORD,2019/11/14 7:17,26.1,21.9,3.45,0.25
ORD,2019/11/14 7:51,26.1,21.9,3.45,0.25
ORD,2019/11/14 8:51,26.1,21.9,5.75,T
ORD,2019/11/14 9:51,26.1,23,4.6,T
ORD,2019/11/14 10:51,27,21.9,4.6,T
ORD,2019/11/14 11:51,27,21.9,4.6,0
ORD,2019/11/14 12:47,26.6,21.2,6.9,0
ORD,2019/11/14 12:51,26.1,21,8.05,0
ORD,2019/11/14 13:51,25,21,5.75,0
ORD,2019/11/14 14:51,27,21,5.75,0
ORD,2019/11/14 15:51,28.9,21,5.75,0
ORD,2019/11/14 16:51,28.9,21.9,4.6,0
ORD,2019/11/14 17:51,30,21.9,4.6,0
ORD,2019/11/14 18:51,30,21,9.2,0
ORD,2019/11/14 19:32,30,21,9.2,0
ORD,2019/11/14 19:51,28.9,21,10.35,0
ORD,2019/11/14 20:51,28.9,19.9,11.5,0
ORD,2019/11/14 21:51,28,19.9,9.2,0
ORD,2019/11/14 22:51,28,21,11.5,0
ORD,2019/11/14 23:51,28,21,6.9,0
ORD,2019/11/15 0:51,27,19,11.5,0
ORD,2019/11/15 1:51,26.1,19,11.5,0
ORD,2019/11/15 2:51,25,18,8.05,0
ORD,2019/11/15 3:51,24.1,18,4.6,0
ORD,2019/11/15 4:51,24.1,18,6.9,0
ORD,2019/11/15 5:51,24.1,18,9.2,0
ORD,2019/11/15 6:51,23,17.1,10.35,0
ORD,2019/11/15 7:51,21.9,17.1,8.05,0
ORD,2019/11/15 8:51,21.9,17.1,6.9,0
ORD,2019/11/15 9:51,21.9,17.1,8.05,0
ORD,2019/11/15 10:51,21.9,16,3.45,0
ORD,2019/11/15 11:51,21.9,17.1,5.75,0
ORD,2019/11/15 12:51,21.9,17.1,4.6,0
ORD,2019/11/15 13:51,23,18,6.9,0
ORD,2019/11/15 14:51,26.1,19,9.2,0
ORD,2019/11/15 15:38,28,19.9,6.9,0
ORD,2019/11/15 15:51,28,19.9,6.9,0
ORD,2019/11/15 16:51,30,21.9,8.05,0
ORD,2019/11/15 17:51,32,24.1,4.6,0
ORD,2019/11/15 18:51,35,25,6.9,0
ORD,2019/11/15 19:51,36,26.1,3.45,0
ORD,2019/11/15 20:34,38,27,0,0
ORD,2019/11/15 20:51,38,28,0,0
ORD,2019/11/15 21:51,36,28,4.6,0
ORD,2019/11/15 22:51,33,27,4.6,0
ORD,2019/11/15 23:51,33,27,8.05,0
ORD,2019/11/16 0:51,33,26.1,6.9,0
ORD,2019/11/16 1:51,33,27,6.9,0
ORD,2019/11/16 2:51,30.9,26.1,5.75,0
ORD,2019/11/16 3:51,30.9,26.1,5.75,0
ORD,2019/11/16 4:51,30,26.1,5.75,0
ORD,2019/11/16 5:51,28,25,4.6,0
ORD,2019/11/16 6:51,27,24.1,3.45,0
ORD,2019/11/16 7:51,27,25,0,0
ORD,2019/11/16 8:51,28,25,0,0
ORD,2019/11/16 9:51,27,25,0,0
ORD,2019/11/16 10:51,26.1,24.1,0,0
ORD,2019/11/16 11:51,28,25,0,0
ORD,2019/11/16 12:51,28.9,26.1,0,0
ORD,2019/11/16 13:51,30.9,28,3.45,0
ORD,2019/11/16 14:51,35,30,9.2,0
ORD,2019/11/16 15:51,36,28,10.35,0
ORD,2019/11/16 16:51,37,27,8.05,0
ORD,2019/11/16 17:51,39,27,9.2,0
ORD,2019/11/16 18:51,40,28,6.9,0
ORD,2019/11/16 19:51,41,28,5.75,0
ORD,2019/11/16 20:51,41,28,6.9,0
ORD,2019/11/16 21:51,39,28.9,9.2,0
ORD,2019/11/16 22:51,36,28,6.9,0
ORD,2019/11/16 23:51,34,28,5.75,0
ORD,2019/11/17 0:51,32,27,5.75,0
ORD,2019/11/17 1:51,33,27,8.05,0
ORD,2019/11/17 2:51,33,27,8.05,0
ORD,2019/11/17 3:51,32,26.1,8.05,0
ORD,2019/11/17 4:51,30.9,25,8.05,0
ORD,2019/11/17 5:51,30.9,24.1,6.9,0
ORD,2019/11/17 6:51,30,24.1,6.9,0
ORD,2019/11/17 7:51,28.9,24.1,4.6,0
ORD,2019/11/17 8:51,28,24.1,5.75,0
ORD,2019/11/17 9:51,28,24.1,5.75,0
ORD,2019/11/17 10:51,28,24.1,8.05,0
ORD,2019/11/17 11:51,28,24.1,6.9,0
ORD,2019/11/17 12:51,28,24.1,6.9,0
ORD,2019/11/17 13:51,28.9,25,8.05,0
ORD,2019/11/17 14:51,32,27,8.05,0
ORD,2019/11/17 15:51,34,27,8.05,0
ORD,2019/11/17 16:51,35,28,5.75,0
ORD,2019/11/17 17:51,37,30,6.9,0
ORD,2019/11/17 18:51,39,28.9,8.05,0
ORD,2019/11/17 19:51,40,30,5.75,0
ORD,2019/11/17 20:51,40,30,6.9,0
ORD,2019/11/17 21:51,40,30,9.2,0
ORD,2019/11/17 22:51,39,30.9,9.2,0
ORD,2019/11/17 23:51,39,30.9,4.6,0
ORD,2019/11/18 0:51,38,32,9.2,T
ORD,2019/11/18 1:51,37,34,6.9,T
ORD,2019/11/18 2:23,37,34,3.45,0.51
ORD,2019/11/18 2:51,37,35,3.45,0.76
ORD,2019/11/18 3:51,37,35,0,0.25
ORD,2019/11/18 4:16,36,35,3.45,T
ORD,2019/11/18 4:51,37,35,5.75,T
ORD,2019/11/18 5:51,37,35,3.45,0
ORD,2019/11/18 6:27,37,36,3.45,0
ORD,2019/11/18 6:51,37,36,0,0
ORD,2019/11/18 6:58,37,36,3.45,0
ORD,2019/11/18 7:51,36,35,3.45,0
ORD,2019/11/18 7:58,36,35,3.45,0
ORD,2019/11/18 8:51,36,34,5.75,0
ORD,2019/11/18 9:48,33.8,33.8,6.9,0
ORD,2019/11/18 9:51,34,33,4.6,0
ORD,2019/11/18 10:51,34,33,3.45,0
ORD,2019/11/18 11:51,34,32,6.9,0
ORD,2019/11/18 12:51,34,32,5.75,0
ORD,2019/11/18 13:16,34,33,4.6,0
ORD,2019/11/18 13:51,35,33,5.75,0
ORD,2019/11/18 14:51,35,33,5.75,0
ORD,2019/11/18 15:46,35.6,33.8,9.2,0
ORD,2019/11/18 15:51,36,33,9.2,0
ORD,2019/11/18 16:51,37,34,4.6,T
ORD,2019/11/18 16:59,38,35,4.6,0
ORD,2019/11/18 17:51,38,34,0,0
ORD,2019/11/18 18:51,39,34,4.6,0
ORD,2019/11/18 19:34,39,33,5.75,0
ORD,2019/11/18 19:51,40,33,5.75,0
ORD,2019/11/18 20:32,39,33,6.9,0
ORD,2019/11/18 20:51,39,33,6.9,0
ORD,2019/11/18 21:51,38,32,6.9,0
ORD,2019/11/18 22:51,38,32,3.45,0
ORD,2019/11/18 23:51,38,32,6.9,0
ORD,2019/11/19 0:51,37,32,5.75,0
ORD,2019/11/19 1:51,36,32,3.45,0
ORD,2019/11/19 2:51,36,30.9,5.75,0
ORD,2019/11/19 3:51,36,30.9,3.45,0
ORD,2019/11/19 4:51,36,30.9,6.9,0
ORD,2019/11/19 5:51,35,30,8.05,0
ORD,2019/11/19 6:51,35,30,4.6,0
ORD,2019/11/19 7:51,36,30,3.45,0
ORD,2019/11/19 8:51,35,30,0,0
ORD,2019/11/19 9:51,35,30,0,0
ORD,2019/11/19 10:32,35,28.9,4.6,0
ORD,2019/11/19 10:51,35,30,3.45,0
ORD,2019/11/19 11:51,35,30,3.45,0
ORD,2019/11/19 12:46,35.6,30.2,4.6,0
ORD,2019/11/19 12:51,36,30,4.6,0
ORD,2019/11/19 13:51,36,30.9,3.45,0
ORD,2019/11/19 14:39,37,30.9,3.45,0
ORD,2019/11/19 14:51,38,30.9,3.45,0
ORD,2019/11/19 15:51,39,32,4.6,0
ORD,2019/11/19 16:51,40,33,3.45,0
ORD,2019/11/19 17:51,41,34,0,0
ORD,2019/11/19 18:51,41,34,0,T
ORD,2019/11/19 19:51,40,35,4.6,T
ORD,2019/11/19 20:51,40,36,3.45,T
ORD,2019/11/19 21:51,40,37,0,0.25
ORD,2019/11/19 22:51,39,36,5.75,T
ORD,2019/11/19 23:51,39,36,4.6,T
ORD,2019/11/20 0:51,39,36,0,0
ORD,2019/11/20 1:02,39,36,4.6,0
ORD,2019/11/20 1:32,39,36,3.45,0
ORD,2019/11/20 1:51,38,36,4.6,0
ORD,2019/11/20 2:51,38,36,3.45,0
ORD,2019/11/20 3:51,38,36,3.45,0
ORD,2019/11/20 4:51,38,36,3.45,0
ORD,2019/11/20 5:51,38,36,0,0
ORD,2019/11/20 6:51,38,36,3.45,0
ORD,2019/11/20 7:36,38,36,0,0
ORD,2019/11/20 7:51,38,36,3.45,0
ORD,2019/11/20 8:28,38,36,0,0
ORD,2019/11/20 8:51,38,37,0,0
ORD,2019/11/20 9:28,39,37,0,0
ORD,2019/11/20 9:51,39,37,0,0
ORD,2019/11/20 10:49,39.2,37.4,0,0
ORD,2019/11/20 10:51,39,37,3.45,0
ORD,2019/11/20 11:51,39,37,3.45,0
ORD,2019/11/20 12:21,39,37,3.45,0
ORD,2019/11/20 12:51,39,37,0,0
ORD,2019/11/20 13:51,40,38,4.6,0
ORD,2019/11/20 14:51,42,39,5.75,0
ORD,2019/11/20 15:29,42,39,6.9,0
ORD,2019/11/20 15:51,43,39,9.2,0
ORD,2019/11/20 16:51,44,39,8.05,0
ORD,2019/11/20 17:51,43,38,4.6,0
ORD,2019/11/20 18:29,46,39,8.05,0
ORD,2019/11/20 18:51,46,39,8.05,0
ORD,2019/11/20 19:51,45,38,12.65,0
ORD,2019/11/20 20:09,45,38,11.5,0
ORD,2019/11/20 20:51,46,39,4.6,0
ORD,2019/11/20 21:51,45,38,5.75,0
ORD,2019/11/20 22:51,45,37,6.9,0
ORD,2019/11/20 23:51,44,37,6.9,0
ORD,2019/11/21 0:51,45,37,9.2,0
ORD,2019/11/21 1:51,44,37,9.2,0
ORD,2019/11/21 2:51,43,37,11.5,0
ORD,2019/11/21 3:51,43,37,11.5,0
ORD,2019/11/21 4:51,42,38,12.65,0
ORD,2019/11/21 5:51,41,38,10.35,0
ORD,2019/11/21 6:51,42,38,9.2,0
ORD,2019/11/21 7:51,44,37,10.35,0
ORD,2019/11/21 8:51,45,38,9.2,T
ORD,2019/11/21 9:51,44,41,12.65,1.52
ORD,2019/11/21 10:51,45,41,16.1,0.76
ORD,2019/11/21 11:14,45,41,14.95,0.76
ORD,2019/11/21 11:51,45,42,17.25,4.32
ORD,2019/11/21 12:51,46,44,18.4,6.35
ORD,2019/11/21 12:58,46,44,17.25,T
ORD,2019/11/21 13:08,46,44,17.25,T
ORD,2019/11/21 13:24,47,44,18.4,T
ORD,2019/11/21 13:51,47,45,13.8,T
ORD,2019/11/21 14:51,49,46,14.95,T
ORD,2019/11/21 15:51,50,47,20.7,0
ORD,2019/11/21 16:51,52,49,13.8,T
ORD,2019/11/21 17:21,52,50,20.7,T
ORD,2019/11/21 17:39,52,50,21.85,T
ORD,2019/11/21 17:51,53,50,18.4,T
ORD,2019/11/21 18:12,53,51,18.4,T
ORD,2019/11/21 18:27,53,51,21.85,T
ORD,2019/11/21 18:51,54,51,25.3,T
ORD,2019/11/21 19:44,52,46,24.15,0
ORD,2019/11/21 19:51,52,46,24.15,0
ORD,2019/11/21 20:54,51,45,21.85,0
ORD,2019/11/21 21:51,48,43,19.55,0
ORD,2019/11/21 22:51,47,42,12.65,0
ORD,2019/11/21 23:51,45,40,13.8,0
ORD,2019/11/22 0:42,44,40,10.35,T
ORD,2019/11/22 0:51,43,40,13.8,T
ORD,2019/11/22 1:11,44,40,11.5,T
ORD,2019/11/22 1:51,42,37,16.1,T
ORD,2019/11/22 2:44,38,33,16.1,0
ORD,2019/11/22 2:51,37,33,13.8,0
ORD,2019/11/22 3:51,40,30.9,14.95,0
ORD,2019/11/22 4:16,39,30.9,12.65,0
ORD,2019/11/22 4:51,39,30.9,11.5,0
ORD,2019/11/22 5:51,38,28.9,13.8,0
ORD,2019/11/22 6:51,37,28.9,10.35,0
ORD,2019/11/22 7:51,36,28,11.5,0
ORD,2019/11/22 8:51,35,26.1,13.8,0
ORD,2019/11/22 9:51,34,25,6.9,0
ORD,2019/11/22 10:51,33,26.1,8.05,0
ORD,2019/11/22 11:51,32,24.1,12.65,0
ORD,2019/11/22 12:51,30,21.9,11.5,0
ORD,2019/11/22 13:06,28.9,21,9.2,0
ORD,2019/11/22 13:51,30,21.9,11.5,0
ORD,2019/11/22 14:51,30.9,21.9,9.2,0
ORD,2019/11/22 15:51,33,23,9.2,0
ORD,2019/11/22 16:51,33,23,8.05,0
ORD,2019/11/22 17:06,33,23,11.5,0
ORD,2019/11/22 17:51,34,21.9,4.6,0
ORD,2019/11/22 18:51,35,23,0,0
ORD,2019/11/22 19:51,37,21.9,3.45,0
ORD,2019/11/22 20:51,36,21.9,0,0
ORD,2019/11/22 21:51,36,21.9,3.45,0
ORD,2019/11/22 22:51,34,21,4.6,0
ORD,2019/11/22 23:51,30.9,24.1,6.9,0
ORD,2019/11/23 0:51,30.9,24.1,4.6,0
ORD,2019/11/23 1:51,30.9,25,4.6,0
ORD,2019/11/23 2:51,30,25,5.75,0
ORD,2019/11/23 3:51,30,25,3.45,0
ORD,2019/11/23 4:51,28.9,24.1,4.6,0
ORD,2019/11/23 5:51,28,24.1,4.6,0
ORD,2019/11/23 6:51,28,24.1,3.45,0
ORD,2019/11/23 7:51,27,24.1,0,0
ORD,2019/11/23 8:51,27,24.1,3.45,0
ORD,2019/11/23 9:51,27,23,0,0
ORD,2019/11/23 10:51,24.1,21.9,0,0
ORD,2019/11/23 11:51,26.1,23,5.75,0
ORD,2019/11/23 12:51,27,25,0,0
ORD,2019/11/23 13:51,28,25,4.6,0
ORD,2019/11/23 14:51,30,26.1,4.6,0
ORD,2019/11/23 15:51,32,27,8.05,0
ORD,2019/11/23 16:51,34,27,10.35,0
ORD,2019/11/23 17:51,35,27,8.05,0
ORD,2019/11/23 18:51,37,27,8.05,0
ORD,2019/11/23 19:51,38,27,9.2,0
ORD,2019/11/23 20:51,39,26.1,8.05,0
ORD,2019/11/23 21:51,39,25,9.2,0
ORD,2019/11/23 22:51,37,26.1,6.9,0
ORD,2019/11/23 23:51,35,26.1,9.2,0
ORD,2019/11/24 0:51,35,26.1,8.05,0
ORD,2019/11/24 1:51,34,26.1,8.05,0
ORD,2019/11/24 2:51,34,27,9.2,0
ORD,2019/11/24 3:51,33,27,8.05,0
ORD,2019/11/24 4:51,32,27,6.9,0
ORD,2019/11/24 5:51,32,27,9.2,0
ORD,2019/11/24 6:51,32,27,8.05,0
ORD,2019/11/24 7:51,33,28,8.05,0
ORD,2019/11/24 8:51,33,28.9,11.5,0
ORD,2019/11/24 9:51,33,28.9,6.9,0
ORD,2019/11/24 10:51,33,30,6.9,0
ORD,2019/11/24 11:51,33,30,8.05,0
ORD,2019/11/24 12:51,32,28.9,9.2,0
ORD,2019/11/24 13:51,33,30,8.05,0
ORD,2019/11/24 14:51,37,30.9,10.35,0
ORD,2019/11/24 15:51,41,33,12.65,0
ORD,2019/11/24 16:51,45,33,12.65,0
ORD,2019/11/24 17:51,48,34,11.5,0
ORD,2019/11/24 18:51,49,34,12.65,0
ORD,2019/11/24 19:51,50,34,10.35,0
ORD,2019/11/24 20:51,49,35,10.35,0
ORD,2019/11/24 21:51,48,36,6.9,0
ORD,2019/11/24 22:51,47,36,5.75,0
ORD,2019/11/24 23:51,48,37,9.2,0
ORD,2019/11/25 0:51,49,37,10.35,0
ORD,2019/11/25 1:51,49,37,9.2,0
ORD,2019/11/25 2:51,48,37,9.2,0
ORD,2019/11/25 3:51,47,37,8.05,0
ORD,2019/11/25 4:51,44,37,8.05,0
ORD,2019/11/25 5:51,43,37,9.2,0
ORD,2019/11/25 6:51,41,36,6.9,0
ORD,2019/11/25 7:51,41,35,8.05,0
ORD,2019/11/25 8:51,38,34,5.75,0
ORD,2019/11/25 9:51,37,34,5.75,0
ORD,2019/11/25 10:51,37,34,5.75,0
ORD,2019/11/25 11:51,37,34,4.6,0
ORD,2019/11/25 12:51,37,34,5.75,0
ORD,2019/11/25 13:51,38,34,5.75,0
ORD,2019/11/25 14:51,40,35,9.2,0
ORD,2019/11/25 15:51,43,36,9.2,0
ORD,2019/11/25 16:51,46,37,8.05,0
ORD,2019/11/25 17:51,48,37,8.05,0
ORD,2019/11/25 18:51,52,37,8.05,0
ORD,2019/11/25 19:51,53,38,10.35,0
ORD,2019/11/25 20:51,53,38,11.5,0
ORD,2019/11/25 21:51,51,39,8.05,0
ORD,2019/11/25 22:51,49,39,4.6,0
ORD,2019/11/25 23:51,48,39,3.45,0
ORD,2019/11/26 0:51,46,39,5.75,0
ORD,2019/11/26 1:51,45,38,9.2,0
ORD,2019/11/26 2:51,45,37,8.05,0
ORD,2019/11/26 3:51,43,36,6.9,0
ORD,2019/11/26 4:51,43,33,9.2,0
ORD,2019/11/26 5:51,40,32,4.6,0
ORD,2019/11/26 6:51,39,30.9,3.45,0
ORD,2019/11/26 7:51,38,30.9,0,0
ORD,2019/11/26 8:51,35,30,0,0
ORD,2019/11/26 9:51,34,30.9,0,0
ORD,2019/11/26 10:51,34,30.9,0,0
ORD,2019/11/26 11:51,34,30,0,0
ORD,2019/11/26 12:51,36,30.9,3.45,0
ORD,2019/11/26 13:51,36,30.9,4.6,0
ORD,2019/11/26 14:51,40,33,6.9,0
ORD,2019/11/26 15:51,42,34,9.2,0
ORD,2019/11/26 16:51,45,35,9.2,0
ORD,2019/11/26 17:51,46,35,12.65,0
ORD,2019/11/26 18:51,46,34,14.95,0
ORD,2019/11/26 19:51,45,36,12.65,0
ORD,2019/11/26 20:28,44,37,13.8,T
ORD,2019/11/26 20:38,43,38,11.5,0.76
ORD,2019/11/26 20:51,43,38,12.65,0.76
ORD,2019/11/26 21:33,43,39,12.65,0
ORD,2019/11/26 21:51,43,39,14.95,0
ORD,2019/11/26 22:24,43,39,16.1,0
ORD,2019/11/26 22:51,43,40,12.65,0
ORD,2019/11/26 23:29,43,41,13.8,0.51
ORD,2019/11/26 23:51,43,41,11.5,0.76
ORD,2019/11/27 0:26,44,43,8.05,2.79
ORD,2019/11/27 0:39,44,43,10.35,2.79
ORD,2019/11/27 0:51,44,43,10.35,3.56
ORD,2019/11/27 1:08,45,43,10.35,0.51
ORD,2019/11/27 1:20,45,44,10.35,0.51
ORD,2019/11/27 1:33,45,44,10.35,0.51
ORD,2019/11/27 1:44,45,44,13.8,0.76
ORD,2019/11/27 1:51,45,44,12.65,0.76
ORD,2019/11/27 2:16,45,44,11.5,T
ORD,2019/11/27 2:43,45,44,8.05,T
ORD,2019/11/27 2:51,45,44,8.05,0.25
ORD,2019/11/27 3:24,46,45,9.2,0.76
ORD,2019/11/27 3:33,46,45,8.05,0.76
ORD,2019/11/27 3:51,46,45,6.9,1.78
ORD,2019/11/27 4:19,46,45,9.2,1.02
ORD,2019/11/27 4:44,47,46,6.9,1.27
ORD,2019/11/27 4:51,47,46,8.05,1.52
ORD,2019/11/27 5:14,48,47,8.05,T
ORD,2019/11/27 5:51,49,48,10.35,T
ORD,2019/11/27 6:51,54,53,18.4,0.76
ORD,2019/11/27 7:25,55,53,17.25,0.76
ORD,2019/11/27 7:44,55,53,16.1,1.27
ORD,2019/11/27 7:51,55,53,13.8,1.27
ORD,2019/11/27 8:46,53.6,53.6,13.8,1.78
ORD,2019/11/27 8:51,55,53,19.55,3.05
ORD,2019/11/27 9:12,52,48,10.35,1.27
ORD,2019/11/27 9:51,51,48,11.5,1.27
ORD,2019/11/27 10:51,50,48,14.95,0
ORD,2019/11/27 11:51,50,39,26.45,T
ORD,2019/11/27 12:47,46.4,37.4,19.55,T
ORD,2019/11/27 12:51,47,38,19.55,T
ORD,2019/11/27 13:01,46,38,20.7,0
ORD,2019/11/27 13:51,44,36,28.75,0
ORD,2019/11/27 14:51,41,34,31.05,0
ORD,2019/11/27 15:51,39,32,35.65,T
ORD,2019/11/27 16:51,38,30.9,24.15,T
ORD,2019/11/27 17:51,38,30.9,24.15,T
ORD,2019/11/27 18:51,39,30.9,26.45,0
ORD,2019/11/27 19:51,38,28.9,26.45,0
ORD,2019/11/27 20:20,38,28,25.3,0
ORD,2019/11/27 20:51,37,28.9,23,0
ORD,2019/11/27 21:51,37,28,20.7,0
ORD,2019/11/27 22:51,36,27,20.7,0
ORD,2019/11/27 23:51,36,27,19.55,0
ORD,2019/11/28 0:51,35,26.1,23,0
ORD,2019/11/28 1:51,35,26.1,13.8,0
ORD,2019/11/28 2:05,35,25,23,0
ORD,2019/11/28 2:51,34,25,13.8,0
ORD,2019/11/28 3:51,34,24.1,16.1,0
ORD,2019/11/28 4:51,34,24.1,17.25,0
ORD,2019/11/28 5:51,33,23,18.4,0
ORD,2019/11/28 6:51,32,23,14.95,0
ORD,2019/11/28 6:58,32,23,12.65,0
ORD,2019/11/28 7:43,32,23,10.35,0
ORD,2019/11/28 7:51,32,23,17.25,0
ORD,2019/11/28 8:42,30.9,23,13.8,0
ORD,2019/11/28 8:51,32,23,10.35,0
ORD,2019/11/28 9:51,32,23,11.5,0
ORD,2019/11/28 10:51,32,23,10.35,0
ORD,2019/11/28 11:51,32,23,11.5,0
ORD,2019/11/28 12:51,32,24.1,6.9,0
ORD,2019/11/28 13:14,32,24.1,9.2,0
ORD,2019/11/28 13:51,32,24.1,8.05,0
ORD,2019/11/28 14:51,33,24.1,9.2,0
ORD,2019/11/28 15:51,34,25,9.2,0
ORD,2019/11/28 16:51,35,27,8.05,0
ORD,2019/11/28 17:51,35,27,4.6,0
ORD,2019/11/28 18:51,35,28,4.6,0
ORD,2019/11/28 19:51,36,28,5.75,0
ORD,2019/11/28 20:51,36,28,4.6,0
ORD,2019/11/28 21:51,36,28,4.6,0
ORD,2019/11/28 22:51,36,28,4.6,0
ORD,2019/11/28 23:51,36,28.9,9.2,0
ORD,2019/11/29 0:51,35,30,9.2,0
ORD,2019/11/29 1:51,35,30,10.35,0
ORD,2019/11/29 2:37,35,30.9,8.05,T
ORD,2019/11/29 2:51,34,30.9,6.9,T
ORD,2019/11/29 3:51,34,33,4.6,T
ORD,2019/11/29 4:04,34,33,5.75,T
ORD,2019/11/29 4:51,33,32,8.05,T
ORD,2019/11/29 5:51,34,33,5.75,0
ORD,2019/11/29 6:51,34,33,6.9,T
ORD,2019/11/29 7:13,34,33,5.75,T
ORD,2019/11/29 7:49,33.8,32,6.9,T
ORD,2019/11/29 7:51,33,33,8.05,T
ORD,2019/11/29 8:37,34,33,3.45,T
ORD,2019/11/29 8:51,34,33,4.6,T
ORD,2019/11/29 9:51,34,32,5.75,T
ORD,2019/11/29 10:01,34,32,5.75,T
ORD,2019/11/29 10:51,34,33,4.6,T
ORD,2019/11/29 11:35,34,33,5.75,T
ORD,2019/11/29 11:51,34,33,6.9,T
ORD,2019/11/29 12:51,34,33,3.45,0
ORD,2019/11/29 13:51,35,33,4.6,0
ORD,2019/11/29 14:51,35,34,3.45,0
ORD,2019/11/29 15:51,36,35,5.75,0
ORD,2019/11/29 16:49,37.4,35.6,5.75,0
ORD,2019/11/29 16:51,38,35,6.9,0
ORD,2019/11/29 17:51,38,35,5.75,0
ORD,2019/11/29 18:51,39,35,6.9,0
ORD,2019/11/29 19:12,39,34,6.9,0
ORD,2019/11/29 19:51,39,34,6.9,0
ORD,2019/11/29 20:51,39,33,4.6,0
ORD,2019/11/29 21:51,39,33,6.9,0
ORD,2019/11/29 22:38,39,33,8.05,0
ORD,2019/11/29 22:51,38,33,5.75,0
ORD,2019/11/29 23:51,38,33,6.9,0
ORD,2019/11/30 0:32,38,33,6.9,0
ORD,2019/11/30 0:51,38,33,4.6,0
ORD,2019/11/30 1:51,38,33,6.9,0
ORD,2019/11/30 2:24,38,34,4.6,0
ORD,2019/11/30 2:51,38,34,8.05,0
ORD,2019/11/30 3:51,39,34,13.8,0
ORD,2019/11/30 4:26,38,34,11.5,0
ORD,2019/11/30 4:51,38,34,11.5,0
ORD,2019/11/30 5:46,37.4,33.8,4.6,T
ORD,2019/11/30 5:51,38,34,5.75,T
ORD,2019/11/30 6:51,38,34,8.05,0.25
ORD,2019/11/30 7:38,37,34,10.35,0.25
ORD,2019/11/30 7:51,37,35,8.05,0.25
ORD,2019/11/30 8:38,37,34,11.5,0.25
ORD,2019/11/30 8:51,37,34,13.8,0.25
ORD,2019/11/30 9:51,37,35,5.75,T
ORD,2019/11/30 10:51,37,34,9.2,T
ORD,2019/11/30 11:51,37,34,11.5,0
ORD,2019/11/30 12:51,37,34,11.5,0
ORD,2019/11/30 13:04,37,34,16.1,0
ORD,2019/11/30 13:46,35.6,33.8,12.65,0
ORD,2019/11/30 13:51,36,35,12.65,0
ORD,2019/11/30 14:11,36,34,13.8,T
ORD,2019/11/30 14:51,36,34,14.95,T
ORD,2019/11/30 15:51,36,34,18.4,T
ORD,2019/11/30 16:02,36,34,14.95,T
ORD,2019/11/30 16:16,36,34,19.55,T
ORD,2019/11/30 16:51,36,34,14.95,0.25
ORD,2019/11/30 17:51,36,34,14.95,1.78
ORD,2019/11/30 18:07,36,34,19.55,T
ORD,2019/11/30 18:22,37,34,14.95,T
ORD,2019/11/30 18:45,37.4,33.8,21.85,T
ORD,2019/11/30 18:51,37,34,23,T
ORD,2019/11/30 19:51,37,35,16.1,0.51
ORD,2019/11/30 20:51,38,36,16.1,0.25
ORD,2019/11/30 21:51,38,36,14.95,0
ORD,2019/11/30 22:51,39,37,17.25,T
ORD,2019/11/30 23:32,38,36,25.3,T
ORD,2019/11/30 23:51,38,36,23,T
ORD,2019/12/1 0:16,39,37,16.1,T
ORD,2019/12/1 0:21,38,37,20.7,T
ORD,2019/12/1 0:51,38,37,18.4,T
ORD,2019/12/1 1:51,39,37,12.65,0.25
ORD,2019/12/1 2:21,39,38,14.95,0.25
ORD,2019/12/1 2:34,39,38,12.65,0.51
ORD,2019/12/1 2:51,39,38,11.5,0.51
ORD,2019/12/1 3:04,39,38,12.65,T
ORD,2019/12/1 3:22,39,39,9.2,1.52
ORD,2019/12/1 3:37,39,38,13.8,2.29
ORD,2019/12/1 3:51,39,39,10.35,3.3
ORD,2019/12/1 4:51,40,39,0,1.78
ORD,2019/12/1 5:51,40,39,8.05,T
ORD,2019/12/1 6:51,40,39,8.05,T
ORD,2019/12/1 7:51,41,40,6.9,T
ORD,2019/12/1 8:51,41,40,5.75,0
ORD,2019/12/1 9:26,41,40,4.6,0
ORD,2019/12/1 9:51,41,41,0,0
ORD,2019/12/1 10:20,41,41,3.45,0
ORD,2019/12/1 10:51,41,41,0,0
ORD,2019/12/1 11:51,41,40,3.45,0
ORD,2019/12/1 12:51,41,40,0,0
ORD,2019/12/1 12:56,41,41,0,0
ORD,2019/12/1 13:07,41,41,3.45,0
ORD,2019/12/1 13:38,41,40,5.75,0
ORD,2019/12/1 13:51,41,40,8.05,0
ORD,2019/12/1 14:37,39,37,11.5,0
ORD,2019/12/1 14:51,39,37,11.5,0
ORD,2019/12/1 15:51,39,34,10.35,0
ORD,2019/12/1 16:51,40,35,16.1,0
ORD,2019/12/1 17:39,39,35,13.8,0
ORD,2019/12/1 17:51,40,35,12.65,0
ORD,2019/12/1 18:51,38,35,12.65,0.25
ORD,2019/12/1 19:51,38,36,6.9,0.76
ORD,2019/12/1 20:27,38,36,5.75,0.25
ORD,2019/12/1 20:39,38,36,9.2,0.51
ORD,2019/12/1 20:51,38,36,10.35,0.76
ORD,2019/12/1 21:51,37,35,10.35,0.51
ORD,2019/12/1 22:07,37,35,12.65,T
ORD,2019/12/1 22:27,37,34,10.35,T
ORD,2019/12/1 22:51,37,33,11.5,T
ORD,2019/12/1 23:07,36,33,12.65,T
ORD,2019/12/1 23:51,34,32,17.25,T
ORD,2019/12/2 0:23,33,32,13.8,0.25
ORD,2019/12/2 0:51,33,30.9,13.8,0.25
ORD,2019/12/2 1:36,32,30,13.8,0.25
ORD,2019/12/2 1:51,32,30,13.8,0.25
ORD,2019/12/2 2:11,32,30,16.1,T
ORD,2019/12/2 2:51,32,28,18.4,T
ORD,2019/12/2 3:51,32,28,16.1,T
ORD,2019/12/2 4:33,32,28,14.95,0
ORD,2019/12/2 4:51,32,28,14.95,0
ORD,2019/12/2 5:51,30.9,27,13.8,0
ORD,2019/12/2 6:51,30.9,27,11.5,0
ORD,2019/12/2 7:51,30.9,27,18.4,0
ORD,2019/12/2 8:51,30.9,27,16.1,0
ORD,2019/12/2 9:51,30,27,10.35,0
ORD,2019/12/2 10:44,30,26.1,13.8,0
ORD,2019/12/2 10:51,30,26.1,14.95,0
ORD,2019/12/2 11:07,30,26.1,12.65,0
ORD,2019/12/2 11:48,30.2,24.8,12.65,0
ORD,2019/12/2 11:51,30,25,13.8,0
ORD,2019/12/2 12:51,28.9,23,12.65,0
ORD,2019/12/2 13:51,28.9,21.9,13.8,0
ORD,2019/12/2 14:51,30,23,13.8,0
ORD,2019/12/2 15:51,32,24.1,11.5,0
ORD,2019/12/2 16:51,34,25,11.5,0
ORD,2019/12/2 17:51,35,25,9.2,0
ORD,2019/12/2 18:51,34,25,6.9,0
ORD,2019/12/2 19:51,33,26.1,11.5,0
ORD,2019/12/2 20:51,32,26.1,10.35,0
ORD,2019/12/2 21:51,32,26.1,10.35,0
ORD,2019/12/2 22:51,32,26.1,8.05,0
ORD,2019/12/2 23:51,32,25,8.05,0
ORD,2019/12/3 0:51,30.9,25,0,0
ORD,2019/12/3 0:59,30,24.1,3.45,0
ORD,2019/12/3 1:51,30,24.1,4.6,0
ORD,2019/12/3 2:51,28.9,24.1,4.6,0
ORD,2019/12/3 3:01,28.9,24.1,4.6,0
ORD,2019/12/3 3:51,30,25,5.75,0
ORD,2019/12/3 4:51,30.9,25,8.05,0
ORD,2019/12/3 5:51,30.9,25,8.05,0
ORD,2019/12/3 6:14,30.9,26.1,5.75,0
ORD,2019/12/3 6:51,30,25,10.35,0
ORD,2019/12/3 7:51,30,26.1,11.5,0
ORD,2019/12/3 8:51,30,26.1,13.8,0
ORD,2019/12/3 9:48,30.2,26.6,12.65,0
ORD,2019/12/3 9:51,28.9,26.1,10.35,0
ORD,2019/12/3 10:51,28.9,26.1,12.65,0
ORD,2019/12/3 11:51,28.9,26.1,8.05,0
ORD,2019/12/3 12:38,30,26.1,11.5,0
ORD,2019/12/3 12:51,28.9,26.1,10.35,0
ORD,2019/12/3 13:27,30,26.1,13.8,0
ORD,2019/12/3 13:51,30,25,11.5,0
ORD,2019/12/3 14:51,30.9,26.1,11.5,0
ORD,2019/12/3 15:51,32,26.1,12.65,0
ORD,2019/12/3 16:51,33,26.1,16.1,0
ORD,2019/12/3 17:51,35,27,13.8,0
ORD,2019/12/3 18:51,38,28,14.95,0
ORD,2019/12/3 19:51,39,28,12.65,0
ORD,2019/12/3 20:51,40,28,13.8,0
ORD,2019/12/3 21:51,39,28.9,13.8,0
ORD,2019/12/3 22:51,39,30,10.35,0
ORD,2019/12/3 23:51,39,30.9,11.5,0
ORD,2019/12/4 0:51,38,32,11.5,0
ORD,2019/12/4 1:51,37,32,9.2,0
ORD,2019/12/4 2:51,36,32,9.2,0
ORD,2019/12/4 3:51,36,32,12.65,0
ORD,2019/12/4 4:51,35,30.9,10.35,0
ORD,2019/12/4 5:51,34,30,12.65,0
ORD,2019/12/4 6:51,34,28.9,11.5,0
ORD,2019/12/4 7:51,34,28,11.5,0
ORD,2019/12/4 8:51,33,27,10.35,0
ORD,2019/12/4 9:51,32,26.1,9.2,0
ORD,2019/12/4 10:51,32,26.1,13.8,0
ORD,2019/12/4 11:51,32,26.1,11.5,0
ORD,2019/12/4 12:51,32,26.1,13.8,0
ORD,2019/12/4 13:51,33,26.1,12.65,0
ORD,2019/12/4 14:51,35,27,13.8,0
ORD,2019/12/4 15:51,37,27,16.1,0
ORD,2019/12/4 16:51,40,28,14.95,0
ORD,2019/12/4 17:51,41,27,19.55,0
ORD,2019/12/4 18:51,42,27,19.55,0
ORD,2019/12/4 19:51,42,25,23,0
ORD,2019/12/4 20:51,43,25,14.95,0
ORD,2019/12/4 21:51,42,27,12.65,0
ORD,2019/12/4 22:51,41,28,9.2,0
ORD,2019/12/4 23:51,41,28.9,12.65,0
ORD,2019/12/5 0:51,39,28,9.2,0
ORD,2019/12/5 1:51,37,28,8.05,0
ORD,2019/12/5 2:51,35,28,4.6,0
ORD,2019/12/5 3:51,34,28,4.6,0
ORD,2019/12/5 4:51,33,27,6.9,0
ORD,2019/12/5 5:51,32,27,5.75,0
ORD,2019/12/5 6:51,30.9,26.1,5.75,0
ORD,2019/12/5 7:51,30,26.1,4.6,0
ORD,2019/12/5 8:51,30,26.1,4.6,0
ORD,2019/12/5 9:51,30,26.1,5.75,0
ORD,2019/12/5 10:51,28.9,26.1,3.45,0
ORD,2019/12/5 11:51,28.9,26.1,3.45,0
ORD,2019/12/5 12:51,28,25,0,0
ORD,2019/12/5 13:51,28.9,27,3.45,0
ORD,2019/12/5 14:51,32,28,4.6,0
ORD,2019/12/5 15:51,37,30,5.75,0
ORD,2019/12/5 16:51,39,28,9.2,0
ORD,2019/12/5 17:51,42,28,10.35,0
ORD,2019/12/5 18:51,44,28,10.35,0
ORD,2019/12/5 19:51,44,28.9,10.35,0
ORD,2019/12/5 20:51,45,30,11.5,0
ORD,2019/12/5 21:51,44,32,6.9,0
ORD,2019/12/5 22:51,43,32,6.9,0
ORD,2019/12/5 23:51,43,33,8.05,0
ORD,2019/12/6 0:51,43,34,9.2,0
ORD,2019/12/6 1:51,43,35,8.05,0
ORD,2019/12/6 2:51,43,36,8.05,0
ORD,2019/12/6 3:51,43,36,4.6,0
ORD,2019/12/6 4:51,43,36,8.05,0
ORD,2019/12/6 5:51,42,36,9.2,0
ORD,2019/12/6 6:51,41,36,8.05,0
ORD,2019/12/6 7:51,41,36,8.05,0
ORD,2019/12/6 8:51,41,35,11.5,0
ORD,2019/12/6 9:51,39,34,12.65,0
ORD,2019/12/6 10:12,39,34,16.1,0
ORD,2019/12/6 10:51,38,33,17.25,0
ORD,2019/12/6 11:51,34,27,20.7,0
ORD,2019/12/6 12:46,32,26.6,21.85,0
ORD,2019/12/6 12:51,32,25,23,0
ORD,2019/12/6 13:51,32,25,16.1,0
ORD,2019/12/6 14:51,33,25,14.95,0
ORD,2019/12/6 15:01,33,24.1,14.95,0
ORD,2019/12/6 15:51,35,24.1,18.4,0
ORD,2019/12/6 16:51,35,24.1,13.8,0
ORD,2019/12/6 17:38,37,24.1,13.8,0
ORD,2019/12/6 17:51,37,23,9.2,0
ORD,2019/12/6 18:51,38,23,8.05,0
ORD,2019/12/6 19:51,39,21.9,10.35,0
ORD,2019/12/6 20:51,38,23,9.2,0
ORD,2019/12/6 21:51,35,24.1,4.6,0
ORD,2019/12/6 22:51,33,24.1,6.9,0
ORD,2019/12/6 23:51,32,24.1,3.45,0
ORD,2019/12/7 0:51,32,24.1,3.45,0
ORD,2019/12/7 1:51,30.9,24.1,4.6,0
ORD,2019/12/7 2:51,30,23,0,0
ORD,2019/12/7 3:51,28,23,3.45,0
ORD,2019/12/7 4:51,28,23,3.45,0
ORD,2019/12/7 5:51,28,24.1,5.75,0
ORD,2019/12/7 6:51,27,23,5.75,0
ORD,2019/12/7 7:51,28.9,24.1,5.75,0
ORD,2019/12/7 8:51,27,23,0,0
ORD,2019/12/7 9:51,26.1,21.9,0,0
ORD,2019/12/7 10:51,25,21.9,3.45,0
ORD,2019/12/7 11:51,27,24.1,5.75,0
ORD,2019/12/7 12:51,28,24.1,8.05,0
ORD,2019/12/7 13:51,28.9,24.1,6.9,0
ORD,2019/12/7 14:51,30.9,24.1,9.2,0
ORD,2019/12/7 15:51,32,24.1,10.35,0
ORD,2019/12/7 16:51,33,24.1,11.5,0
ORD,2019/12/7 17:51,33,25,11.5,0
ORD,2019/12/7 18:51,35,25,9.2,0
ORD,2019/12/7 19:51,36,24.1,10.35,0
ORD,2019/12/7 20:51,36,24.1,9.2,0
ORD,2019/12/7 21:51,37,24.1,8.05,0
ORD,2019/12/7 22:51,36,24.1,9.2,0
ORD,2019/12/7 23:51,36,25,8.05,0
ORD,2019/12/8 0:51,35,26.1,10.35,0
ORD,2019/12/8 1:51,34,26.1,10.35,0
ORD,2019/12/8 2:51,35,26.1,11.5,0
ORD,2019/12/8 3:51,35,25,10.35,0
ORD,2019/12/8 4:51,36,25,10.35,0
ORD,2019/12/8 5:51,37,24.1,12.65,0
ORD,2019/12/8 6:51,36,23,13.8,0
ORD,2019/12/8 7:51,35,23,12.65,0
ORD,2019/12/8 8:51,35,25,12.65,0
ORD,2019/12/8 9:51,35,27,11.5,0
ORD,2019/12/8 10:51,35,28,13.8,0
ORD,2019/12/8 11:46,35.6,30.2,10.35,0
ORD,2019/12/8 11:51,36,30.9,10.35,0
ORD,2019/12/8 11:58,35,30.9,10.35,0
ORD,2019/12/8 12:51,36,30.9,12.65,0
ORD,2019/12/8 13:51,37,33,12.65,0
ORD,2019/12/8 14:51,39,34,17.25,0
ORD,2019/12/8 15:51,40,35,16.1,0
ORD,2019/12/8 16:51,41,35,13.8,0
ORD,2019/12/8 17:51,43,37,13.8,0
ORD,2019/12/8 18:51,44,38,13.8,0
ORD,2019/12/8 19:51,45,39,11.5,0
ORD,2019/12/8 20:51,46,40,12.65,0
ORD,2019/12/8 21:51,46,41,6.9,0
ORD,2019/12/8 22:51,47,41,6.9,0
ORD,2019/12/8 23:51,47,42,4.6,0
ORD,2019/12/9 0:29,47,42,4.6,0
ORD,2019/12/9 0:51,47,42,3.45,0
ORD,2019/12/9 1:51,46,42,3.45,0
ORD,2019/12/9 2:51,45,41,4.6,0
ORD,2019/12/9 3:51,45,41,4.6,0
ORD,2019/12/9 4:51,45,41,4.6,0
ORD,2019/12/9 5:51,45,42,5.75,0
ORD,2019/12/9 6:46,44.6,42.8,6.9,0
ORD,2019/12/9 6:51,45,42,6.9,0
ORD,2019/12/9 7:51,46,43,6.9,0.25
ORD,2019/12/9 8:26,46,43,6.9,0
ORD,2019/12/9 8:48,46.4,44.6,6.9,0
ORD,2019/12/9 8:51,46,44,8.05,0
ORD,2019/12/9 9:02,46,44,5.75,T
ORD,2019/12/9 9:19,46,44,4.6,0.25
ORD,2019/12/9 9:51,45,45,3.45,0.51
ORD,2019/12/9 10:51,46,45,8.05,0.25
ORD,2019/12/9 11:51,46,45,8.05,0.25
ORD,2019/12/9 12:07,46,44,9.2,T
ORD,2019/12/9 12:51,45,44,8.05,T
ORD,2019/12/9 13:51,45,44,9.2,0
ORD,2019/12/9 14:18,45,44,9.2,T
ORD,2019/12/9 14:51,46,44,12.65,T
ORD,2019/12/9 15:51,46,44,10.35,T
ORD,2019/12/9 16:49,46.4,44.6,9.2,T
ORD,2019/12/9 16:51,46,45,9.2,T
ORD,2019/12/9 17:51,47,45,9.2,T
ORD,2019/12/9 18:51,47,45,11.5,0
ORD,2019/12/9 19:51,47,45,14.95,0
ORD,2019/12/9 20:30,47,45,11.5,T
ORD,2019/12/9 20:51,46,45,18.4,T
ORD,2019/12/9 21:02,46,44,12.65,T
ORD,2019/12/9 21:25,46,44,13.8,T
ORD,2019/12/9 21:51,45,41,12.65,T
ORD,2019/12/9 22:42,45,40,20.7,0
ORD,2019/12/9 22:51,43,40,24.15,0
ORD,2019/12/9 23:01,42,38,14.95,T
ORD,2019/12/9 23:18,39,35,21.85,T
ORD,2019/12/9 23:51,37,33,19.55,T
ORD,2019/12/10 0:51,33,28,23,0
ORD,2019/12/10 1:39,30,24.1,21.85,0
ORD,2019/12/10 1:51,30,24.1,21.85,0
ORD,2019/12/10 2:51,27,21,21.85,0
ORD,2019/12/10 3:51,26.1,19.9,17.25,0
ORD,2019/12/10 4:51,25,19,12.65,0
ORD,2019/12/10 5:51,24.1,18,14.95,0
ORD,2019/12/10 6:51,23,17.1,13.8,T
ORD,2019/12/10 7:51,21.9,16,16.1,T
ORD,2019/12/10 8:51,21,15.1,12.65,T
ORD,2019/12/10 9:51,19.9,12.9,13.8,T
ORD,2019/12/10 10:51,19,12.9,12.65,T
ORD,2019/12/10 11:51,18,12,13.8,T
ORD,2019/12/10 12:51,17.1,10,11.5,0
ORD,2019/12/10 13:51,15.1,9,13.8,T
ORD,2019/12/10 14:51,15.1,8.1,10.35,T
ORD,2019/12/10 15:51,15.1,7,11.5,T
ORD,2019/12/10 16:42,16,7,13.8,0
ORD,2019/12/10 16:51,17.1,8.1,12.65,0
ORD,2019/12/10 17:51,19,8.1,10.35,0
ORD,2019/12/10 18:51,21,5,14.95,0
ORD,2019/12/10 19:51,21.9,4,13.8,0
ORD,2019/12/10 20:51,21,4,10.35,0
ORD,2019/12/10 21:51,21,3,11.5,0
ORD,2019/12/10 22:51,19.9,4,9.2,0
ORD,2019/12/10 23:51,19,5,9.2,0
ORD,2019/12/11 0:51,18,4,6.9,0
ORD,2019/12/11 1:51,18,5,10.35,0
ORD,2019/12/11 2:51,17.1,7,9.2,0
ORD,2019/12/11 3:51,16,8.1,8.05,0
ORD,2019/12/11 4:51,16,8.1,14.95,0
ORD,2019/12/11 5:14,17.1,8.1,14.95,T
ORD,2019/12/11 5:51,17.1,8.1,11.5,T
ORD,2019/12/11 6:22,17.1,9,11.5,0
ORD,2019/12/11 6:51,17.1,9,13.8,0
ORD,2019/12/11 7:34,16,7,16.1,0
ORD,2019/12/11 7:51,16,7,13.8,0
ORD,2019/12/11 8:51,12.9,4,10.35,0
ORD,2019/12/11 9:51,12.9,4,11.5,0
ORD,2019/12/11 10:51,12.9,5,9.2,0
ORD,2019/12/11 11:51,14,6,12.65,0
ORD,2019/12/11 12:32,15.1,7,13.8,T
ORD,2019/12/11 12:44,14,8.1,10.35,T
ORD,2019/12/11 12:51,14,9,11.5,T
ORD,2019/12/11 12:58,15.1,9,10.35,T
ORD,2019/12/11 13:51,16,10.9,8.05,T
ORD,2019/12/11 14:51,17.1,10.9,8.05,T
ORD,2019/12/11 15:51,19,10.9,10.35,T
ORD,2019/12/11 16:13,19,10.9,9.2,T
ORD,2019/12/11 16:51,19.9,10.9,10.35,T
ORD,2019/12/11 17:51,21,10,8.05,0
ORD,2019/12/11 18:51,21.9,8.1,12.65,0
ORD,2019/12/11 19:51,24.1,7,5.75,0
ORD,2019/12/11 20:51,24.1,7,8.05,0
ORD,2019/12/11 21:51,23,7,4.6,0
ORD,2019/12/11 22:51,21.9,8.1,3.45,0
ORD,2019/12/11 23:51,21,8.1,0,0
ORD,2019/12/12 0:51,21,10,0,0
ORD,2019/12/12 1:51,19.9,10,3.45,0
ORD,2019/12/12 2:51,19.9,10.9,0,0
ORD,2019/12/12 3:51,19,10.9,0,0
ORD,2019/12/12 4:51,19,12,4.6,0
ORD,2019/12/12 5:51,19,12.9,5.75,0
ORD,2019/12/12 6:51,19,14,5.75,0
ORD,2019/12/12 7:51,19.9,15.1,8.05,0
ORD,2019/12/12 8:51,21,16,6.9,0
ORD,2019/12/12 9:51,21.9,16,8.05,0
ORD,2019/12/12 10:51,21.9,16,9.2,0
ORD,2019/12/12 11:51,21.9,16,10.35,0
ORD,2019/12/12 12:51,23,18,11.5,0
ORD,2019/12/12 13:51,26.1,19.9,12.65,0
ORD,2019/12/12 14:51,30,21.9,17.25,0
ORD,2019/12/12 15:51,34,24.1,14.95,0
ORD,2019/12/12 16:51,36,25,16.1,0
ORD,2019/12/12 17:51,40,25,16.1,0
ORD,2019/12/12 18:51,42,26.1,14.95,0
ORD,2019/12/12 19:51,44,26.1,17.25,0
ORD,2019/12/12 20:51,45,27,17.25,0
ORD,2019/12/12 21:51,44,27,13.8,0
ORD,2019/12/12 22:51,43,28,14.95,0
ORD,2019/12/12 23:51,43,27,10.35,0
ORD,2019/12/13 0:51,41,28,11.5,0
ORD,2019/12/13 1:51,41,27,9.2,0
ORD,2019/12/13 2:51,41,27,12.65,0
ORD,2019/12/13 3:51,40,27,11.5,0
ORD,2019/12/13 4:51,40,27,11.5,0
ORD,2019/12/13 5:51,39,26.1,10.35,0
ORD,2019/12/13 6:51,38,26.1,11.5,0
ORD,2019/12/13 7:51,37,26.1,10.35,0
ORD,2019/12/13 8:51,37,26.1,9.2,0
ORD,2019/12/13 9:51,37,27,8.05,0
ORD,2019/12/13 10:51,37,27,8.05,0
ORD,2019/12/13 11:51,36,27,5.75,0
ORD,2019/12/13 12:51,36,27,5.75,0
ORD,2019/12/13 13:51,36,27,4.6,0
ORD,2019/12/13 14:51,36,28,4.6,0
ORD,2019/12/13 15:51,37,28,4.6,0
ORD,2019/12/13 16:51,40,28,4.6,0
ORD,2019/12/13 17:51,43,28,5.75,0
ORD,2019/12/13 18:51,44,28.9,6.9,0
ORD,2019/12/13 19:51,45,28.9,5.75,0
ORD,2019/12/13 20:51,45,30,6.9,0
ORD,2019/12/13 21:51,43,30,4.6,0
ORD,2019/12/13 22:51,42,28.9,3.45,0
ORD,2019/12/13 23:51,40,28.9,3.45,0
ORD,2019/12/14 0:51,38,28.9,0,0
ORD,2019/12/14 1:51,36,28.9,0,0
ORD,2019/12/14 2:51,35,28.9,0,0
ORD,2019/12/14 3:51,36,30,0,0
ORD,2019/12/14 4:51,36,30,3.45,0
ORD,2019/12/14 5:51,35,30,0,0
ORD,2019/12/14 6:51,35,30,4.6,0
ORD,2019/12/14 7:51,34,30,0,0
ORD,2019/12/14 8:51,32,28,0,0
ORD,2019/12/14 9:51,30,27,0,0
ORD,2019/12/14 10:19,30,27,3.45,0
ORD,2019/12/14 10:51,30,27,4.6,0
ORD,2019/12/14 11:03,28.9,27,4.6,0
ORD,2019/12/14 11:51,28.9,27,3.45,0
ORD,2019/12/14 12:51,30,28,3.45,0
ORD,2019/12/14 13:51,30.9,28.9,6.9,0
ORD,2019/12/14 14:51,32,30,10.35,0
ORD,2019/12/14 15:29,33,30,8.05,0
ORD,2019/12/14 15:51,33,30,10.35,0
ORD,2019/12/14 16:51,33,28.9,13.8,0
ORD,2019/12/14 17:26,32,28.9,13.8,0
ORD,2019/12/14 17:51,32,28.9,10.35,0
ORD,2019/12/14 18:51,32,28.9,11.5,0
ORD,2019/12/14 19:51,30.9,27,13.8,0
ORD,2019/12/14 19:58,30,27,11.5,0
ORD,2019/12/14 20:18,30.9,26.1,12.65,0
ORD,2019/12/14 20:51,30,25,11.5,0
ORD,2019/12/14 21:08,30,24.1,12.65,0
ORD,2019/12/14 21:51,28.9,21.9,13.8,0
ORD,2019/12/14 22:51,28,19.9,18.4,0
ORD,2019/12/14 23:51,27,19,16.1,0
ORD,2019/12/15 0:32,27,19,12.65,0
ORD,2019/12/15 0:51,27,19,11.5,0
ORD,2019/12/15 1:11,27,17.1,13.8,0
ORD,2019/12/15 1:51,26.1,17.1,12.65,0
ORD,2019/12/15 2:51,25,17.1,10.35,0
ORD,2019/12/15 3:51,25,16,10.35,0
ORD,2019/12/15 4:51,26.1,17.1,11.5,0
ORD,2019/12/15 5:51,24.1,16,14.95,0
ORD,2019/12/15 6:51,24.1,15.1,11.5,0
ORD,2019/12/15 7:51,24.1,14,12.65,0
ORD,2019/12/15 8:51,21.9,14,11.5,0
ORD,2019/12/15 9:51,21,12.9,6.9,0
ORD,2019/12/15 10:51,19.9,12.9,8.05,0
ORD,2019/12/15 11:51,19.9,12.9,6.9,0
ORD,2019/12/15 12:20,19,12.9,5.75,0
ORD,2019/12/15 12:51,19,12.9,5.75,0
ORD,2019/12/15 13:51,19,14,4.6,0
ORD,2019/12/15 14:51,19.9,14,6.9,0
ORD,2019/12/15 15:51,21,15.1,9.2,0
ORD,2019/12/15 16:09,21.9,14,6.9,0
ORD,2019/12/15 16:51,21.9,14,4.6,0
ORD,2019/12/15 17:51,24.1,15.1,5.75,0
ORD,2019/12/15 18:51,25,15.1,3.45,0
ORD,2019/12/15 19:51,26.1,16,null,0
ORD,2019/12/15 20:51,26.1,15.1,4.6,0
ORD,2019/12/15 21:51,26.1,15.1,3.45,0
ORD,2019/12/15 22:51,25,15.1,3.45,0
ORD,2019/12/15 23:51,25,16,3.45,0
ORD,2019/12/16 0:51,25,16,4.6,0
ORD,2019/12/16 1:51,25,16,5.75,0
ORD,2019/12/16 2:51,25,16,0,0
ORD,2019/12/16 3:51,25,16,3.45,0
ORD,2019/12/16 4:51,25,17.1,3.45,0
ORD,2019/12/16 5:01,25,17.1,3.45,T
ORD,2019/12/16 5:37,24.1,19,4.6,T
ORD,2019/12/16 5:51,24.1,19.9,6.9,T
ORD,2019/12/16 6:19,24.1,21,6.9,T
ORD,2019/12/16 6:51,24.1,21,3.45,T
ORD,2019/12/16 7:33,24.1,21,4.6,T
ORD,2019/12/16 7:51,24.1,21,4.6,0.25
ORD,2019/12/16 8:03,24.1,21,4.6,T
ORD,2019/12/16 8:28,24.1,21.9,4.6,T
ORD,2019/12/16 8:51,24.1,21.9,4.6,T
ORD,2019/12/16 9:35,24.1,21,4.6,T
ORD,2019/12/16 9:51,24.1,21.9,6.9,T
ORD,2019/12/16 10:51,24.1,21,4.6,0
ORD,2019/12/16 11:51,25,21,4.6,0
ORD,2019/12/16 12:32,25,21,6.9,0
ORD,2019/12/16 12:51,25,21.9,5.75,0
ORD,2019/12/16 13:34,25,21.9,4.6,0
ORD,2019/12/16 13:51,26.1,21.9,3.45,0
ORD,2019/12/16 14:51,26.1,21.9,4.6,0
ORD,2019/12/16 15:51,27,21.9,6.9,0
ORD,2019/12/16 16:51,27,21.9,8.05,0
ORD,2019/12/16 17:51,28,21.9,6.9,0
ORD,2019/12/16 18:51,28.9,21.9,6.9,0
ORD,2019/12/16 19:51,28.9,23,8.05,0
ORD,2019/12/16 20:51,28.9,21.9,9.2,0
ORD,2019/12/16 21:51,30,21.9,6.9,0
ORD,2019/12/16 22:51,30,21.9,8.05,0
ORD,2019/12/16 23:51,28.9,21.9,6.9,0
ORD,2019/12/17 0:51,28.9,21,10.35,0
ORD,2019/12/17 1:51,28.9,21,5.75,0
ORD,2019/12/17 2:51,27,21,9.2,0
ORD,2019/12/17 3:51,26.1,21,8.05,0
ORD,2019/12/17 4:51,27,19.9,10.35,0
ORD,2019/12/17 5:51,26.1,19,6.9,0
ORD,2019/12/17 6:51,24.1,19,5.75,0
ORD,2019/12/17 7:51,23,18,12.65,0
ORD,2019/12/17 8:51,21.9,18,11.5,0
ORD,2019/12/17 9:51,21,17.1,12.65,0
ORD,2019/12/17 10:51,19,16,11.5,0
ORD,2019/12/17 11:51,19,16,6.9,0
ORD,2019/12/17 12:51,19,15.1,4.6,0
ORD,2019/12/17 13:51,19,16,5.75,0
ORD,2019/12/17 14:51,21,16,6.9,0
ORD,2019/12/17 15:51,24.1,18,6.9,0
ORD,2019/12/17 16:51,27,17.1,10.35,0
ORD,2019/12/17 17:51,28,18,11.5,0
ORD,2019/12/17 18:51,28.9,19,12.65,0
ORD,2019/12/17 19:51,28.9,19,16.1,0
ORD,2019/12/17 20:51,28,19.9,11.5,0
ORD,2019/12/17 21:29,27,19.9,13.8,0
ORD,2019/12/17 21:51,27,21,12.65,0
ORD,2019/12/17 22:23,26.1,21,14.95,0
ORD,2019/12/17 22:51,25,21,14.95,0
ORD,2019/12/17 23:51,26.1,21,12.65,0
ORD,2019/12/18 0:51,26.1,21,12.65,0
ORD,2019/12/18 1:08,27,21,11.5,0
ORD,2019/12/18 1:51,27,21,12.65,0
ORD,2019/12/18 2:13,27,21,11.5,0
ORD,2019/12/18 2:51,27,21,9.2,0
ORD,2019/12/18 3:51,27,21.9,11.5,T
ORD,2019/12/18 4:51,28,23,10.35,T
ORD,2019/12/18 5:13,28,21.9,9.2,T
ORD,2019/12/18 5:51,27,21,12.65,T
ORD,2019/12/18 6:14,27,21,12.65,0
ORD,2019/12/18 6:51,26.1,19.9,10.35,0
ORD,2019/12/18 7:51,25,19,6.9,T
ORD,2019/12/18 8:51,24.1,18,6.9,0
ORD,2019/12/18 9:51,21.9,12.9,10.35,0
ORD,2019/12/18 10:21,19.9,12,14.95,0
ORD,2019/12/18 10:51,18,10,17.25,0
ORD,2019/12/18 11:51,14,5,9.2,0
ORD,2019/12/18 12:51,12,-2,11.5,0
ORD,2019/12/18 13:51,10,-5,18.4,0
ORD,2019/12/18 14:51,12,-4,13.8,0
ORD,2019/12/18 15:51,12.9,-6,10.35,0
ORD,2019/12/18 16:51,15.1,-5,10.35,0
ORD,2019/12/18 17:51,15.1,-5,9.2,0
ORD,2019/12/18 18:51,16,-6,9.2,0
ORD,2019/12/18 19:51,16,-6,8.05,0
ORD,2019/12/18 20:51,17.1,-6,6.9,0
ORD,2019/12/18 21:51,17.1,-6,4.6,0
ORD,2019/12/18 22:51,17.1,-5,3.45,0
ORD,2019/12/18 23:51,17.1,-3,4.6,0
ORD,2019/12/19 0:51,18,-3,3.45,0
ORD,2019/12/19 1:51,18,-0.9,4.6,0
ORD,2019/12/19 2:51,18,-2,4.6,0
ORD,2019/12/19 3:51,18,-0.9,9.2,0
ORD,2019/12/19 4:51,18,1.9,10.35,0
ORD,2019/12/19 5:51,17.1,3,8.05,0
ORD,2019/12/19 6:51,16,3,11.5,0
ORD,2019/12/19 7:51,16,1.9,8.05,0
ORD,2019/12/19 8:51,16,0,9.2,0
ORD,2019/12/19 9:51,16,3,9.2,0
ORD,2019/12/19 10:51,18,3,9.2,0
ORD,2019/12/19 11:51,19,3,12.65,0
ORD,2019/12/19 12:51,19.9,7,12.65,0
ORD,2019/12/19 13:51,19.9,10,9.2,0
ORD,2019/12/19 14:51,24.1,15.1,14.95,0
ORD,2019/12/19 15:51,27,16,13.8,0
ORD,2019/12/19 16:51,28.9,18,17.25,0
ORD,2019/12/19 17:51,32,19.9,12.65,0
ORD,2019/12/19 18:51,35,21.9,9.2,0
ORD,2019/12/19 19:51,35,21.9,10.35,0
ORD,2019/12/19 20:51,35,23,9.2,0
ORD,2019/12/19 21:51,34,24.1,8.05,0
ORD,2019/12/19 22:51,33,24.1,5.75,0
ORD,2019/12/19 23:51,32,24.1,4.6,0
ORD,2019/12/20 0:51,30.9,24.1,4.6,0
ORD,2019/12/20 1:51,30,24.1,0,0
ORD,2019/12/20 2:51,28,24.1,4.6,0
ORD,2019/12/20 3:51,27,24.1,3.45,0
ORD,2019/12/20 4:51,26.1,23,3.45,0
ORD,2019/12/20 5:51,26.1,23,0,0
ORD,2019/12/20 6:51,25,21.9,0,0
ORD,2019/12/20 7:51,25,21.9,0,0
ORD,2019/12/20 8:51,24.1,21.9,0,0
ORD,2019/12/20 9:51,24.1,21.9,0,0
ORD,2019/12/20 10:51,24.1,21.9,0,0
ORD,2019/12/20 11:51,24.1,21,3.45,0
ORD,2019/12/20 12:51,24.1,21,4.6,0
ORD,2019/12/20 13:48,24.8,21.2,3.45,0
ORD,2019/12/20 13:51,24.1,21.9,3.45,0
ORD,2019/12/20 14:48,26.6,24.8,5.75,0
ORD,2019/12/20 14:51,27,24.1,5.75,0
ORD,2019/12/20 15:51,30,26.1,4.6,0
ORD,2019/12/20 16:51,34,28,3.45,0
ORD,2019/12/20 17:51,37,28,8.05,0
ORD,2019/12/20 18:51,40,28.9,6.9,0
ORD,2019/12/20 19:51,41,28.9,9.2,0
ORD,2019/12/20 20:51,40,28.9,9.2,0
ORD,2019/12/20 21:51,38,28,6.9,0
ORD,2019/12/20 22:51,37,28.9,9.2,0
ORD,2019/12/20 23:51,35,28.9,10.35,0
ORD,2019/12/21 0:51,35,28.9,10.35,0
ORD,2019/12/21 1:51,35,28.9,8.05,0
ORD,2019/12/21 2:51,35,28.9,8.05,0
ORD,2019/12/21 3:51,35,28.9,6.9,0
ORD,2019/12/21 4:51,36,28,6.9,0
ORD,2019/12/21 5:51,36,26.1,8.05,0
ORD,2019/12/21 6:51,36,27,5.75,0
ORD,2019/12/21 7:51,36,27,5.75,0
ORD,2019/12/21 8:51,36,28,6.9,0
ORD,2019/12/21 9:51,35,27,6.9,0
ORD,2019/12/21 10:51,33,27,5.75,0
ORD,2019/12/21 11:51,33,27,5.75,0
ORD,2019/12/21 12:51,32,27,6.9,0
ORD,2019/12/21 13:51,32,27,6.9,0
ORD,2019/12/21 14:51,34,28,8.05,0
ORD,2019/12/21 15:51,37,28,6.9,0
ORD,2019/12/21 16:51,40,28.9,5.75,0
ORD,2019/12/21 17:51,43,30,9.2,0
ORD,2019/12/21 18:51,46,30,10.35,0
ORD,2019/12/21 19:51,47,30.9,11.5,0
ORD,2019/12/21 20:51,47,30.9,9.2,0
ORD,2019/12/21 21:51,45,30.9,10.35,0
ORD,2019/12/21 22:51,42,30.9,9.2,0
ORD,2019/12/21 23:51,41,30.9,6.9,0
ORD,2019/12/22 0:51,39,32,6.9,0
ORD,2019/12/22 1:51,39,32,9.2,0
ORD,2019/12/22 2:51,38,32,8.05,0
ORD,2019/12/22 3:51,36,32,6.9,0
ORD,2019/12/22 4:51,36,30.9,6.9,0
ORD,2019/12/22 5:51,35,30,9.2,0
ORD,2019/12/22 6:51,34,28.9,8.05,0
ORD,2019/12/22 7:51,34,28,8.05,0
ORD,2019/12/22 8:51,34,28,6.9,0
ORD,2019/12/22 9:51,35,28,9.2,0
ORD,2019/12/22 10:51,34,28,8.05,0
ORD,2019/12/22 11:51,33,27,8.05,0
ORD,2019/12/22 12:51,33,27,6.9,0
ORD,2019/12/22 13:51,34,27,9.2,0
ORD,2019/12/22 14:51,37,28,9.2,0
ORD,2019/12/22 15:51,40,28.9,9.2,0
ORD,2019/12/22 16:51,44,30.9,12.65,0
ORD,2019/12/22 17:51,47,32,12.65,0
ORD,2019/12/22 18:51,50,34,10.35,0
ORD,2019/12/22 19:51,51,34,13.8,0
ORD,2019/12/22 20:51,51,34,13.8,0
ORD,2019/12/22 21:51,50,35,8.05,0
ORD,2019/12/22 22:51,47,35,8.05,0
ORD,2019/12/22 23:51,46,34,9.2,0
ORD,2019/12/23 0:51,45,35,10.35,0
ORD,2019/12/23 1:51,43,34,9.2,0
ORD,2019/12/23 2:51,42,34,12.65,0
ORD,2019/12/23 3:51,40,32,12.65,0
ORD,2019/12/23 4:51,40,30,10.35,0
ORD,2019/12/23 5:51,38,28.9,12.65,0
ORD,2019/12/23 6:51,38,28.9,10.35,0
ORD,2019/12/23 7:51,38,28.9,9.2,0
ORD,2019/12/23 8:51,37,28.9,9.2,0
ORD,2019/12/23 9:51,36,28.9,9.2,0
ORD,2019/12/23 10:51,38,30,8.05,0
ORD,2019/12/23 11:51,37,30,10.35,0
ORD,2019/12/23 12:51,36,30,9.2,0
ORD,2019/12/23 13:51,36,30,11.5,0
ORD,2019/12/23 14:51,39,30.9,10.35,0
ORD,2019/12/23 15:51,44,32,8.05,0
ORD,2019/12/23 16:51,46,33,12.65,0
ORD,2019/12/23 17:51,47,33,9.2,0
ORD,2019/12/23 18:51,49,34,6.9,0
ORD,2019/12/23 19:51,50,35,5.75,0
ORD,2019/12/23 20:51,51,35,0,0
ORD,2019/12/23 21:51,49,34,4.6,0
ORD,2019/12/23 22:51,44,32,0,0
ORD,2019/12/23 23:51,43,33,8.05,0
ORD,2019/12/24 0:51,40,33,8.05,0
ORD,2019/12/24 1:51,39,32,4.6,0
ORD,2019/12/24 2:51,38,34,8.05,0
ORD,2019/12/24 3:51,35,33,8.05,0
ORD,2019/12/24 4:51,35,34,6.9,0
ORD,2019/12/24 5:51,33,32,4.6,0
ORD,2019/12/24 6:51,33,32,5.75,0
ORD,2019/12/24 7:48,30.2,30.2,4.6,0
ORD,2019/12/24 7:51,30.9,30.9,4.6,0
ORD,2019/12/24 8:26,34,33,4.6,0
ORD,2019/12/24 8:43,33,33,5.75,0
ORD,2019/12/24 8:51,33,33,6.9,0
ORD,2019/12/24 9:08,33,33,4.6,0
ORD,2019/12/24 9:51,33,33,4.6,0
ORD,2019/12/24 10:30,33,33,0,0
ORD,2019/12/24 10:51,35,35,5.75,0
ORD,2019/12/24 11:51,35,35,0,0
ORD,2019/12/24 12:51,33,33,4.6,0
ORD,2019/12/24 13:29,33,33,3.45,0
ORD,2019/12/24 13:51,33,33,4.6,0
ORD,2019/12/24 14:51,33,33,4.6,0
ORD,2019/12/24 15:11,34,34,4.6,0
ORD,2019/12/24 15:20,35,35,5.75,0
ORD,2019/12/24 15:25,36,36,4.6,0
ORD,2019/12/24 15:32,37,37,4.6,0
ORD,2019/12/24 15:48,39.2,37.4,8.05,0
ORD,2019/12/24 15:51,38,38,9.2,0
ORD,2019/12/24 16:21,42,37,6.9,0
ORD,2019/12/24 16:51,45,38,8.05,0
ORD,2019/12/24 17:51,50,38,8.05,0
ORD,2019/12/24 18:51,52,37,11.5,0
ORD,2019/12/24 19:51,54,38,11.5,0
ORD,2019/12/24 20:51,54,40,14.95,0
ORD,2019/12/24 21:51,52,42,8.05,0
ORD,2019/12/24 22:51,50,43,8.05,0
ORD,2019/12/24 23:51,50,43,14.95,0
ORD,2019/12/25 0:51,49,43,11.5,0
ORD,2019/12/25 1:51,49,42,12.65,0
ORD,2019/12/25 2:51,47,41,10.35,0
ORD,2019/12/25 3:51,46,40,9.2,0
ORD,2019/12/25 4:51,45,40,8.05,0
ORD,2019/12/25 5:51,44,39,5.75,0
ORD,2019/12/25 6:51,44,39,6.9,0
ORD,2019/12/25 7:51,43,38,9.2,0
ORD,2019/12/25 8:51,43,37,6.9,0
ORD,2019/12/25 9:51,41,36,3.45,0
ORD,2019/12/25 10:51,38,35,6.9,0
ORD,2019/12/25 11:51,40,36,4.6,0
ORD,2019/12/25 12:51,39,35,5.75,0
ORD,2019/12/25 13:51,41,35,8.05,0
ORD,2019/12/25 14:51,43,36,5.75,0
ORD,2019/12/25 15:51,48,38,8.05,0
ORD,2019/12/25 16:51,52,40,9.2,0
ORD,2019/12/25 17:51,55,42,13.8,0
ORD,2019/12/25 18:51,57,43,14.95,0
ORD,2019/12/25 19:51,56,43,12.65,0
ORD,2019/12/25 20:51,57,44,5.75,0
ORD,2019/12/25 21:51,57,44,6.9,0
ORD,2019/12/25 22:51,55,45,4.6,0
ORD,2019/12/25 23:51,55,47,9.2,0
ORD,2019/12/26 0:51,54,47,9.2,0
ORD,2019/12/26 1:51,55,47,11.5,0
ORD,2019/12/26 2:51,55,46,10.35,0
ORD,2019/12/26 3:51,55,46,10.35,0
ORD,2019/12/26 4:51,56,47,11.5,0
ORD,2019/12/26 5:51,56,48,13.8,0
ORD,2019/12/26 6:51,55,48,13.8,0
ORD,2019/12/26 7:51,55,49,13.8,0
ORD,2019/12/26 8:51,53,49,11.5,0
ORD,2019/12/26 9:51,53,49,12.65,0
ORD,2019/12/26 10:51,53,49,11.5,0
ORD,2019/12/26 11:51,53,49,10.35,0
ORD,2019/12/26 12:51,52,49,10.35,0
ORD,2019/12/26 13:51,52,48,11.5,0
ORD,2019/12/26 14:51,54,49,13.8,0
ORD,2019/12/26 15:51,56,49,12.65,0
ORD,2019/12/26 16:51,57,49,11.5,0
ORD,2019/12/26 17:51,60,49,13.8,0
ORD,2019/12/26 18:51,61,49,10.35,0
ORD,2019/12/26 19:51,61,49,12.65,0
ORD,2019/12/26 20:49,60.8,48.2,13.8,0
ORD,2019/12/26 20:51,60,48,12.65,0
ORD,2019/12/26 21:51,58,47,11.5,0
ORD,2019/12/26 22:51,56,47,12.65,0
ORD,2019/12/26 23:51,52,44,8.05,0
ORD,2019/12/27 0:51,47,42,6.9,0
ORD,2019/12/27 1:51,42,37,8.05,0
ORD,2019/12/27 2:51,40,35,8.05,0
ORD,2019/12/27 3:24,39,35,6.9,0
ORD,2019/12/27 3:51,39,35,6.9,0
ORD,2019/12/27 4:16,39,34,6.9,0
ORD,2019/12/27 4:51,38,34,8.05,0
ORD,2019/12/27 5:51,37,34,12.65,0
ORD,2019/12/27 6:51,36,32,12.65,0
ORD,2019/12/27 7:51,36,30.9,9.2,0
ORD,2019/12/27 8:51,36,30.9,10.35,0
ORD,2019/12/27 9:51,36,30.9,9.2,0
ORD,2019/12/27 10:51,35,30.9,14.95,0
ORD,2019/12/27 11:51,35,30.9,10.35,0
ORD,2019/12/27 12:51,35,30,11.5,0
ORD,2019/12/27 13:51,34,30,9.2,0
ORD,2019/12/27 14:51,33,28.9,11.5,0
ORD,2019/12/27 15:51,32,28,11.5,0
ORD,2019/12/27 16:51,33,28,8.05,0
ORD,2019/12/27 17:51,33,28,8.05,0
ORD,2019/12/27 18:51,34,28,9.2,0
ORD,2019/12/27 19:46,35.6,28.4,6.9,0
ORD,2019/12/27 19:51,35,28,5.75,0
ORD,2019/12/27 20:51,36,28,4.6,0
ORD,2019/12/27 21:51,36,28,6.9,0
ORD,2019/12/27 22:51,34,27,4.6,0
ORD,2019/12/27 23:51,34,27,3.45,0
ORD,2019/12/28 0:51,32,27,3.45,0
ORD,2019/12/28 1:51,30.9,27,0,0
ORD,2019/12/28 2:51,30.9,27,3.45,0
ORD,2019/12/28 3:51,30,27,4.6,0
ORD,2019/12/28 4:51,28.9,26.1,0,0
ORD,2019/12/28 5:51,28,25,0,0
ORD,2019/12/28 6:51,28,25,0,0
ORD,2019/12/28 7:51,28.9,27,0,0
ORD,2019/12/28 8:51,30,27,0,0
ORD,2019/12/28 9:51,30.9,28,3.45,0
ORD,2019/12/28 10:51,32,28.9,4.6,0
ORD,2019/12/28 10:58,32,28.9,3.45,0
ORD,2019/12/28 11:41,33,30,6.9,0
ORD,2019/12/28 11:51,33,30,6.9,0
ORD,2019/12/28 12:51,34,32,6.9,0
ORD,2019/12/28 13:49,35.6,32,8.05,0
ORD,2019/12/28 13:51,35,32,6.9,0
ORD,2019/12/28 14:51,36,32,9.2,0
ORD,2019/12/28 15:51,37,33,6.9,0
ORD,2019/12/28 16:51,38,33,9.2,0
ORD,2019/12/28 17:37,39,32,10.35,0
ORD,2019/12/28 17:51,39,32,9.2,0
ORD,2019/12/28 18:51,39,33,10.35,0
ORD,2019/12/28 19:51,39,33,11.5,0
ORD,2019/12/28 20:33,40,34,9.2,0
ORD,2019/12/28 20:51,40,35,9.2,0
ORD,2019/12/28 21:51,41,36,5.75,0
ORD,2019/12/28 22:51,43,38,8.05,0
ORD,2019/12/28 23:51,44,39,10.35,0
ORD,2019/12/29 0:51,45,40,10.35,0
ORD,2019/12/29 1:51,45,40,9.2,0
ORD,2019/12/29 2:51,45,41,10.35,0
ORD,2019/12/29 3:08,46,42,11.5,0
ORD,2019/12/29 3:17,45,42,11.5,0.25
ORD,2019/12/29 3:51,46,44,8.05,3.05
ORD,2019/12/29 4:51,46,45,5.75,0.25
ORD,2019/12/29 5:01,46,45,6.9,0.51
ORD,2019/12/29 5:51,47,47,6.9,3.3
ORD,2019/12/29 6:51,50,49,10.35,4.83
ORD,2019/12/29 7:03,50,50,11.5,1.02
ORD,2019/12/29 7:26,51,50,12.65,2.03
ORD,2019/12/29 7:51,51,51,16.1,2.54
ORD,2019/12/29 8:51,53,52,16.1,0.76
ORD,2019/12/29 9:19,54,53,13.8,0.76
ORD,2019/12/29 9:46,53.6,53.6,14.95,2.79
ORD,2019/12/29 9:51,54,53,16.1,2.79
ORD,2019/12/29 10:21,54,53,13.8,1.52
ORD,2019/12/29 10:51,55,54,14.95,2.54
ORD,2019/12/29 11:51,57,56,11.5,3.81
ORD,2019/12/29 12:33,56,55,8.05,T
ORD,2019/12/29 12:51,56,55,9.2,T
ORD,2019/12/29 13:51,55,54,6.9,0
ORD,2019/12/29 14:51,56,55,11.5,0
ORD,2019/12/29 15:51,57,52,11.5,0
ORD,2019/12/29 16:51,57,51,11.5,0
ORD,2019/12/29 17:51,57,51,11.5,0
ORD,2019/12/29 18:44,56,51,13.8,0
ORD,2019/12/29 18:51,56,51,12.65,0
ORD,2019/12/29 19:51,55,51,8.05,0
ORD,2019/12/29 20:51,55,49,9.2,0
ORD,2019/12/29 21:51,54,49,8.05,0
ORD,2019/12/29 22:51,53,49,6.9,0
ORD,2019/12/29 23:46,53.6,50,10.35,0
ORD,2019/12/29 23:51,53,50,11.5,0
ORD,2019/12/30 0:51,53,50,10.35,0
ORD,2019/12/30 1:19,53,49,11.5,0
ORD,2019/12/30 1:42,52,50,9.2,0
ORD,2019/12/30 1:51,53,50,11.5,0
ORD,2019/12/30 2:51,52,50,9.2,0.76
ORD,2019/12/30 3:27,51,48,12.65,1.52
ORD,2019/12/30 3:51,50,47,12.65,3.3
ORD,2019/12/30 4:51,48,46,6.9,2.29
ORD,2019/12/30 5:51,48,45,8.05,0.51
ORD,2019/12/30 5:58,47,45,8.05,T
ORD,2019/12/30 6:45,42.8,39.2,23,1.02
ORD,2019/12/30 6:51,43,40,13.8,1.02
ORD,2019/12/30 7:51,40,37,12.65,T
ORD,2019/12/30 8:31,39,36,12.65,T
ORD,2019/12/30 8:51,37,34,18.4,T
ORD,2019/12/30 9:51,36,33,13.8,T
ORD,2019/12/30 10:44,34,30.9,12.65,T
ORD,2019/12/30 10:51,35,30.9,10.35,T
ORD,2019/12/30 11:51,35,30.9,9.2,T
ORD,2019/12/30 12:05,35,32,9.2,T
ORD,2019/12/30 12:11,34,30.9,10.35,T
ORD,2019/12/30 12:26,34,30.9,11.5,0.25
ORD,2019/12/30 12:51,33,30.9,14.95,0.51
ORD,2019/12/30 13:33,33,30.9,12.65,T
ORD,2019/12/30 13:49,33.8,30.2,10.35,T
ORD,2019/12/30 13:51,33,30,13.8,T
ORD,2019/12/30 14:16,33,30,9.2,T
ORD,2019/12/30 14:23,33,30.9,9.2,0.25
ORD,2019/12/30 14:35,32,30,16.1,0.51
ORD,2019/12/30 14:45,32,30.2,14.95,0.51
ORD,2019/12/30 14:46,32,30.2,19.55,0.51
ORD,2019/12/30 14:51,32,30,17.25,0.51
ORD,2019/12/30 15:02,33,28.9,16.1,T
ORD,2019/12/30 15:16,33,28.9,18.4,T
ORD,2019/12/30 15:51,30.9,27,17.25,T
ORD,2019/12/30 16:05,32,26.1,16.1,0
ORD,2019/12/30 16:28,32,25,18.4,0
ORD,2019/12/30 16:51,30.9,25,14.95,0
ORD,2019/12/30 17:51,30.9,23,20.7,0
ORD,2019/12/30 18:00,30.9,23,14.95,0
ORD,2019/12/30 18:51,30,23,17.25,0
ORD,2019/12/30 19:51,30,23,18.4,0
ORD,2019/12/30 20:51,30,25,17.25,T
ORD,2019/12/30 21:51,28.9,25,16.1,T
ORD,2019/12/30 22:51,28.9,25,16.1,T
ORD,2019/12/30 23:16,28.9,26.1,19.55,0.25
ORD,2019/12/30 23:40,28.9,26.1,17.25,0.25
ORD,2019/12/30 23:51,30,25,19.55,0.25
ORD,2019/12/31 0:51,30,25,20.7,T
ORD,2019/12/31 1:51,28.9,24.1,26.45,T
ORD,2019/12/31 2:51,28,24.1,18.4,T
ORD,2019/12/31 3:13,28,23,24.15,T
ORD,2019/12/31 3:41,27,24.1,20.7,T
ORD,2019/12/31 3:51,27,24.1,21.85,T
ORD,2019/12/31 4:23,27,23,16.1,T
ORD,2019/12/31 4:33,27,23,21.85,T
ORD,2019/12/31 4:51,27,21.9,23,T
ORD,2019/12/31 5:51,27,21.9,18.4,T
ORD,2019/12/31 6:17,27,23,20.7,T
ORD,2019/12/31 6:51,27,21.9,23,0.25
ORD,2019/12/31 6:59,26.1,21.9,20.7,T
ORD,2019/12/31 7:27,26.1,21.9,29.9,0.25
ORD,2019/12/31 7:40,25,21.9,24.15,0.25
ORD,2019/12/31 7:51,25,21.9,18.4,0.25
ORD,2019/12/31 8:07,26.1,21.9,19.55,0.25
ORD,2019/12/31 8:51,26.1,23,20.7,0.76
ORD,2019/12/31 9:28,25,21.9,19.55,0.25
ORD,2019/12/31 9:51,25,21,18.4,0.51
ORD,2019/12/31 10:04,25,21,14.95,T
ORD,2019/12/31 10:10,25,21,17.25,T
ORD,2019/12/31 10:51,25,21,12.65,T
ORD,2019/12/31 11:21,24.1,19,17.25,0.25
ORD,2019/12/31 11:51,24.1,19,18.4,0.25
ORD,2019/12/31 12:51,24.1,18,13.8,0
ORD,2019/12/31 13:51,24.1,17.1,14.95,0
ORD,2019/12/31 14:51,25,18,12.65,0
ORD,2019/12/31 15:51,25,18,17.25,T
ORD,2019/12/31 16:51,26.1,18,14.95,T
ORD,2019/12/31 17:51,26.1,19,13.8,0
ORD,2019/12/31 18:51,26.1,19,10.35,0
ORD,2019/12/31 19:51,26.1,19,16.1,0
ORD,2019/12/31 20:51,26.1,19,14.95,0
ORD,2019/12/31 21:51,26.1,19,17.25,0
ORD,2019/12/31 22:51,27,19.9,9.2,0
ORD,2019/12/31 23:51,28,21,13.8,0
ORD,2020/1/1 0:51,28,21,14.95,0
ORD,2020/1/1 1:51,28,21,14.95,0
ORD,2020/1/1 2:51,27,21,11.5,0
ORD,2020/1/1 3:51,26.1,21,8.05,0
ORD,2020/1/1 4:51,26.1,21,10.35,0
ORD,2020/1/1 5:51,25,21,8.05,0
ORD,2020/1/1 6:51,24.1,19.9,8.05,0
ORD,2020/1/1 7:51,23,19,5.75,0
ORD,2020/1/1 8:51,21.9,19,4.6,0
ORD,2020/1/1 9:51,21,19,5.75,0
ORD,2020/1/1 10:51,21,19,6.9,0
ORD,2020/1/1 11:51,21,18,8.05,0
ORD,2020/1/1 12:51,21,18,6.9,0
ORD,2020/1/1 13:51,21,18,10.35,0
ORD,2020/1/1 14:51,24.1,21,11.5,0
ORD,2020/1/1 15:51,28,23,9.2,0
ORD,2020/1/1 16:51,30.9,23,10.35,0
ORD,2020/1/1 17:51,35,21.9,11.5,0
ORD,2020/1/1 18:51,38,24.1,13.8,0
ORD,2020/1/1 19:51,40,26.1,18.4,0
ORD,2020/1/1 20:51,41,27,14.95,0
ORD,2020/1/1 21:51,41,28.9,12.65,0
ORD,2020/1/1 22:51,40,30,14.95,0
ORD,2020/1/1 23:51,40,30.9,12.65,0
ORD,2020/1/2 0:51,40,30.9,16.1,0
ORD,2020/1/2 1:51,41,30,16.1,0
ORD,2020/1/2 2:51,42,28.9,14.95,0
ORD,2020/1/2 3:51,42,28,18.4,0
ORD,2020/1/2 4:51,41,27,13.8,0
ORD,2020/1/2 5:51,42,27,19.55,0
ORD,2020/1/2 6:51,40,27,18.4,0
ORD,2020/1/2 7:51,40,27,16.1,0
ORD,2020/1/2 8:51,39,28,16.1,0
ORD,2020/1/2 9:51,39,28,13.8,0
ORD,2020/1/2 10:51,38,28,11.5,0
ORD,2020/1/2 11:51,38,28,11.5,0
ORD,2020/1/2 12:51,37,28,12.65,0
ORD,2020/1/2 13:51,37,28.9,13.8,0
ORD,2020/1/2 14:51,39,30,17.25,0
ORD,2020/1/2 15:51,41,30.9,17.25,0
ORD,2020/1/2 16:51,44,33,14.95,0
ORD,2020/1/2 17:51,46,34,9.2,0
ORD,2020/1/2 18:51,47,36,16.1,0
ORD,2020/1/2 19:51,48,36,12.65,0
ORD,2020/1/2 20:51,47,37,12.65,0
ORD,2020/1/2 21:51,47,37,11.5,0
ORD,2020/1/2 22:51,46,37,9.2,0
ORD,2020/1/2 23:51,45,38,9.2,0
ORD,2020/1/3 0:51,44,38,8.05,0
ORD,2020/1/3 1:51,43,38,5.75,0
ORD,2020/1/3 2:51,43,38,6.9,0
ORD,2020/1/3 3:51,43,38,5.75,0
ORD,2020/1/3 4:51,42,38,4.6,0
ORD,2020/1/3 5:51,41,37,5.75,0
ORD,2020/1/3 6:51,40,36,5.75,0
ORD,2020/1/3 7:51,37,34,4.6,0
ORD,2020/1/3 8:51,36,33,4.6,0
ORD,2020/1/3 9:14,36,33,4.6,0
ORD,2020/1/3 9:51,37,34,8.05,0
ORD,2020/1/3 10:49,37.4,33.8,4.6,0
ORD,2020/1/3 10:51,37,34,4.6,0
ORD,2020/1/3 11:51,37,32,6.9,0
ORD,2020/1/3 12:51,37,30.9,6.9,0
ORD,2020/1/3 13:51,36,30.9,10.35,0
ORD,2020/1/3 14:51,36,30,8.05,0
ORD,2020/1/3 15:51,36,30,8.05,0
ORD,2020/1/3 16:51,36,28.9,5.75,0
ORD,2020/1/3 17:51,37,28.9,0,0
ORD,2020/1/3 18:51,37,28.9,0,0
ORD,2020/1/3 19:51,37,28.9,3.45,0
ORD,2020/1/3 20:51,35,28.9,9.2,0
ORD,2020/1/3 21:51,34,28,5.75,0
ORD,2020/1/3 22:51,34,28,8.05,0
ORD,2020/1/3 23:51,34,28,5.75,0
ORD,2020/1/4 0:51,34,27,5.75,0
ORD,2020/1/4 1:51,34,26.1,8.05,0
ORD,2020/1/4 2:51,33,26.1,8.05,0
ORD,2020/1/4 3:51,33,26.1,5.75,0
ORD,2020/1/4 4:51,33,26.1,6.9,0
ORD,2020/1/4 5:51,33,26.1,6.9,0
ORD,2020/1/4 6:51,33,26.1,6.9,0
ORD,2020/1/4 7:51,32,26.1,6.9,0
ORD,2020/1/4 7:58,32,25,5.75,0
ORD,2020/1/4 8:41,30.9,27,6.9,T
ORD,2020/1/4 8:51,30.9,27,5.75,T
ORD,2020/1/4 9:51,30,28,6.9,T
ORD,2020/1/4 10:51,30,28,6.9,0.25
ORD,2020/1/4 11:01,30,28,5.75,T
ORD,2020/1/4 11:51,30,28,8.05,0.51
ORD,2020/1/4 11:53,30,28,6.9,T
ORD,2020/1/4 12:11,30,27,9.2,T
ORD,2020/1/4 12:51,30,27,6.9,T
ORD,2020/1/4 13:30,30,27,6.9,T
ORD,2020/1/4 13:51,30,27,11.5,T
ORD,2020/1/4 14:51,30.9,25,9.2,0
ORD,2020/1/4 15:51,32,25,12.65,0
ORD,2020/1/4 16:31,32,24.1,10.35,0
ORD,2020/1/4 16:51,32,24.1,8.05,0
ORD,2020/1/4 17:51,32,24.1,13.8,T
ORD,2020/1/4 18:51,32,24.1,10.35,0
ORD,2020/1/4 19:43,32,24.1,12.65,0
ORD,2020/1/4 19:51,32,24.1,10.35,0
ORD,2020/1/4 20:51,30.9,24.1,12.65,0
ORD,2020/1/4 21:51,30.9,21.9,11.5,0
ORD,2020/1/4 22:51,30,19.9,10.35,0
ORD,2020/1/4 23:51,28.9,19,11.5,0
ORD,2020/1/5 0:51,30,19,10.35,0
ORD,2020/1/5 1:51,28.9,21,8.05,0
ORD,2020/1/5 2:51,28.9,21,6.9,0
ORD,2020/1/5 3:51,28,21.9,8.05,0
ORD,2020/1/5 4:51,27,21.9,10.35,0
ORD,2020/1/5 5:22,26.1,21.9,10.35,0
ORD,2020/1/5 5:51,26.1,21.9,5.75,0
ORD,2020/1/5 6:51,26.1,21.9,9.2,0
ORD,2020/1/5 7:27,25,21.9,10.35,0
ORD,2020/1/5 7:51,26.1,21.9,9.2,0
ORD,2020/1/5 8:51,25,21,6.9,0
ORD,2020/1/5 9:51,24.1,21,11.5,0
ORD,2020/1/5 10:51,24.1,21.9,12.65,0
ORD,2020/1/5 11:51,25,23,8.05,0
ORD,2020/1/5 12:51,26.1,23,10.35,0
ORD,2020/1/5 13:51,27,24.1,13.8,0
ORD,2020/1/5 13:58,27,24.1,10.35,0
ORD,2020/1/5 14:51,28.9,25,12.65,0
ORD,2020/1/5 15:51,33,25,11.5,0
ORD,2020/1/5 16:51,35,25,16.1,0
ORD,2020/1/5 17:51,38,26.1,19.55,0
ORD,2020/1/5 18:51,39,27,20.7,0
ORD,2020/1/5 19:51,40,28.9,20.7,0
ORD,2020/1/5 20:48,39.2,30.2,14.95,0
ORD,2020/1/5 20:51,40,30.9,14.95,0
ORD,2020/1/5 21:51,42,32,11.5,0
ORD,2020/1/5 22:51,41,30.9,13.8,0
ORD,2020/1/5 23:51,40,30.9,19.55,0
ORD,2020/1/6 0:20,38,30,21.85,0
ORD,2020/1/6 0:51,37,28,17.25,0
ORD,2020/1/6 1:51,36,27,13.8,0
ORD,2020/1/6 2:51,35,27,12.65,0
ORD,2020/1/6 3:51,34,25,16.1,0
ORD,2020/1/6 4:51,33,24.1,17.25,0
ORD,2020/1/6 5:51,32,23,12.65,0
ORD,2020/1/6 6:51,30.9,23,14.95,0
ORD,2020/1/6 7:51,30.9,21.9,10.35,0
ORD,2020/1/6 8:51,30,21,10.35,0
ORD,2020/1/6 9:51,28.9,21,6.9,0
ORD,2020/1/6 10:51,28,19.9,9.2,0
ORD,2020/1/6 11:51,28,19,8.05,0
ORD,2020/1/6 12:51,27,19,4.6,0
ORD,2020/1/6 13:51,27,18,5.75,0
ORD,2020/1/6 14:51,28.9,18,8.05,0
ORD,2020/1/6 15:51,32,19.9,11.5,0
ORD,2020/1/6 16:51,35,21,10.35,0
ORD,2020/1/6 17:51,38,21.9,12.65,0
ORD,2020/1/6 18:51,40,21.9,11.5,0
ORD,2020/1/6 19:51,41,21.9,12.65,0
ORD,2020/1/6 20:51,41,21,12.65,0
ORD,2020/1/6 21:51,40,21,12.65,0
ORD,2020/1/6 22:51,38,21,8.05,0
ORD,2020/1/6 23:51,36,23,10.35,0
ORD,2020/1/7 0:51,35,21,11.5,0
ORD,2020/1/7 1:51,35,18,9.2,0
ORD,2020/1/7 2:51,34,19,8.05,0
ORD,2020/1/7 3:51,33,19.9,6.9,0
ORD,2020/1/7 4:51,30.9,21,5.75,0
ORD,2020/1/7 5:51,30.9,21.9,5.75,0
ORD,2020/1/7 6:51,30.9,21,4.6,0
ORD,2020/1/7 7:51,28.9,21,4.6,0
ORD,2020/1/7 8:51,30,21,3.45,0
ORD,2020/1/7 9:51,30,21,9.2,0
ORD,2020/1/7 10:51,30.9,19.9,5.75,0
ORD,2020/1/7 11:51,30.9,21,6.9,0
ORD,2020/1/7 12:51,30.9,21.9,5.75,0
ORD,2020/1/7 13:51,32,21.9,6.9,0
ORD,2020/1/7 14:51,33,23,9.2,0
ORD,2020/1/7 15:51,36,25,9.2,0
ORD,2020/1/7 16:51,36,26.1,10.35,0
ORD,2020/1/7 17:51,39,27,14.95,0
ORD,2020/1/7 18:51,40,27,14.95,0
ORD,2020/1/7 19:51,39,27,14.95,0
ORD,2020/1/7 20:51,38,24.1,11.5,0
ORD,2020/1/7 21:51,37,21.9,11.5,0
ORD,2020/1/7 22:51,36,21,8.05,0
ORD,2020/1/7 23:51,35,24.1,14.95,0
ORD,2020/1/8 0:51,35,21.9,18.4,0
ORD,2020/1/8 1:51,33,23,14.95,0
ORD,2020/1/8 2:51,32,21,14.95,0
ORD,2020/1/8 3:51,30.9,21,13.8,0
ORD,2020/1/8 4:51,30,19,13.8,0
ORD,2020/1/8 5:51,28.9,18,14.95,0
ORD,2020/1/8 6:51,28,14,17.25,0
ORD,2020/1/8 7:51,26.1,9,16.1,0
ORD,2020/1/8 8:51,24.1,9,12.65,0
ORD,2020/1/8 9:51,21.9,7,20.7,0
ORD,2020/1/8 10:51,19,6,20.7,0
ORD,2020/1/8 11:51,17.1,4,16.1,0
ORD,2020/1/8 12:51,15.1,4,14.95,0
ORD,2020/1/8 13:51,15.1,3,9.2,0
ORD,2020/1/8 14:51,15.1,3,11.5,0
ORD,2020/1/8 15:51,17.1,1.9,8.05,0
ORD,2020/1/8 16:51,19,1,8.05,0
ORD,2020/1/8 17:51,19.9,1.9,4.6,0
ORD,2020/1/8 18:51,21,1,3.45,0
ORD,2020/1/8 19:51,23,1.9,3.45,0
ORD,2020/1/8 20:51,21.9,1,0,0
ORD,2020/1/8 21:51,23,5,10.35,0
ORD,2020/1/8 22:51,21,7,11.5,0
ORD,2020/1/8 23:51,19.9,8.1,11.5,0
ORD,2020/1/9 0:51,19.9,10,10.35,0
ORD,2020/1/9 1:51,21,12,12.65,0
ORD,2020/1/9 2:51,21.9,12.9,10.35,0
ORD,2020/1/9 3:51,21.9,14,12.65,0
ORD,2020/1/9 4:51,23,15.1,11.5,0
ORD,2020/1/9 5:51,23,15.1,10.35,0
ORD,2020/1/9 6:51,23,15.1,10.35,0
ORD,2020/1/9 7:51,25,16,12.65,0
ORD,2020/1/9 8:51,25,16,11.5,0
ORD,2020/1/9 9:51,25,15.1,11.5,0
ORD,2020/1/9 10:51,27,16,11.5,0
ORD,2020/1/9 11:51,28.9,17.1,13.8,0
ORD,2020/1/9 12:51,30,19,9.2,0
ORD,2020/1/9 13:51,33,21,14.95,T
ORD,2020/1/9 14:51,36,23,12.65,T
ORD,2020/1/9 15:51,39,26.1,16.1,T
ORD,2020/1/9 16:51,43,27,14.95,0
ORD,2020/1/9 17:51,43,33,20.7,0.51
ORD,2020/1/9 18:51,43,35,12.65,T
ORD,2020/1/9 19:51,48,35,18.4,0
ORD,2020/1/9 20:51,49,36,20.7,0
ORD,2020/1/9 21:51,49,37,18.4,0
ORD,2020/1/9 22:51,50,38,19.55,0
ORD,2020/1/9 23:51,50,40,21.85,0
ORD,2020/1/10 0:51,50,42,19.55,0
ORD,2020/1/10 1:10,50,43,16.1,0
ORD,2020/1/10 1:41,50,43,20.7,0
ORD,2020/1/10 1:51,50,44,20.7,0
ORD,2020/1/10 2:51,50,44,19.55,0
ORD,2020/1/10 3:51,50,44,21.85,0
ORD,2020/1/10 4:51,50,44,17.25,0
ORD,2020/1/10 5:51,50,45,16.1,0
ORD,2020/1/10 6:51,50,46,13.8,0
ORD,2020/1/10 7:51,50,47,12.65,0
ORD,2020/1/10 8:51,50,47,9.2,0
ORD,2020/1/10 9:51,49,47,6.9,0
ORD,2020/1/10 10:12,49,47,9.2,T
ORD,2020/1/10 10:51,48,47,6.9,T
ORD,2020/1/10 11:44,48,48,6.9,0.25
ORD,2020/1/10 11:51,48,48,5.75,0.25
ORD,2020/1/10 12:51,48,47,4.6,0.25
ORD,2020/1/10 13:51,48,47,3.45,T
ORD,2020/1/10 14:21,48,47,0,T
ORD,2020/1/10 14:27,48,47,0,T
ORD,2020/1/10 14:51,48,48,0,T
ORD,2020/1/10 15:24,48,47,0,T
ORD,2020/1/10 15:40,46,45,11.5,0.25
ORD,2020/1/10 15:51,45,45,8.05,0.25
ORD,2020/1/10 16:19,44,44,11.5,T
ORD,2020/1/10 16:51,43,42,8.05,T
ORD,2020/1/10 17:31,41,40,9.2,T
ORD,2020/1/10 17:51,40,39,10.35,T
ORD,2020/1/10 18:34,39,38,12.65,T
ORD,2020/1/10 18:51,38,38,13.8,T
ORD,2020/1/10 19:37,38,37,12.65,0
ORD,2020/1/10 19:51,38,36,11.5,0
ORD,2020/1/10 20:03,38,36,11.5,0
ORD,2020/1/10 20:51,38,36,11.5,0
ORD,2020/1/10 21:51,38,36,10.35,0
ORD,2020/1/10 22:51,38,36,14.95,0
ORD,2020/1/10 23:51,37,36,12.65,T
ORD,2020/1/11 0:39,37,36,13.8,T
ORD,2020/1/11 0:51,37,36,13.8,T
ORD,2020/1/11 1:05,37,36,13.8,T
ORD,2020/1/11 1:17,37,37,12.65,T
ORD,2020/1/11 1:41,37,36,16.1,T
ORD,2020/1/11 1:51,37,36,14.95,T
ORD,2020/1/11 2:16,37,36,14.95,0.76
ORD,2020/1/11 2:51,36,36,16.1,2.29
ORD,2020/1/11 3:51,36,35,18.4,6.6
ORD,2020/1/11 4:51,37,35,23,8.64
ORD,2020/1/11 5:51,37,35,23,2.79
ORD,2020/1/11 6:51,37,36,19.55,3.3
ORD,2020/1/11 7:40,37,35,23,1.78
ORD,2020/1/11 7:51,37,35,25.3,2.29
ORD,2020/1/11 8:51,37,36,25.3,2.03
ORD,2020/1/11 9:51,37,35,21.85,0.25
ORD,2020/1/11 10:51,36,34,31.05,0.25
ORD,2020/1/11 11:51,34,32,33.35,T
ORD,2020/1/11 12:07,33,32,33.35,T
ORD,2020/1/11 12:46,33.8,30.2,33.35,T
ORD,2020/1/11 12:51,32,30,29.9,T
ORD,2020/1/11 13:02,32,30,28.75,T
ORD,2020/1/11 13:37,32,30,29.9,T
ORD,2020/1/11 13:51,32,30,29.9,T
ORD,2020/1/11 14:30,32,30,29.9,T
ORD,2020/1/11 14:51,32,30,33.35,T
ORD,2020/1/11 15:02,32,30,27.6,T
ORD,2020/1/11 15:09,32,30,27.6,T
ORD,2020/1/11 15:51,32,30,34.5,T
ORD,2020/1/11 16:51,32,30,27.6,T
ORD,2020/1/11 17:18,32,30,26.45,T
ORD,2020/1/11 17:22,32,30,28.75,T
ORD,2020/1/11 17:35,32,30,26.45,T
ORD,2020/1/11 17:44,32,30,24.15,T
ORD,2020/1/11 17:51,32,30,27.6,T
ORD,2020/1/11 18:18,30.9,30,26.45,T
ORD,2020/1/11 18:40,30.9,30,32.2,T
ORD,2020/1/11 18:51,30.9,30,27.6,T
ORD,2020/1/11 19:51,30.9,30,24.15,T
ORD,2020/1/11 20:28,30.9,28.9,27.6,T
ORD,2020/1/11 20:51,30.9,30,23,T
ORD,2020/1/11 21:19,30.9,30,25.3,T
ORD,2020/1/11 21:40,30.9,28.9,28.75,T
ORD,2020/1/11 21:51,30.9,28.9,21.85,T
ORD,2020/1/11 22:37,30,28,18.4,T
ORD,2020/1/11 22:51,30,28,20.7,T
ORD,2020/1/11 22:58,30,28,23,T
ORD,2020/1/11 23:51,28.9,28,21.85,0.51
ORD,2020/1/12 0:51,28.9,27,27.6,0.25
ORD,2020/1/12 1:12,28.9,27,26.45,T
ORD,2020/1/12 1:34,28.9,27,24.15,0.25
ORD,2020/1/12 1:51,28.9,27,25.3,0.51
ORD,2020/1/12 2:03,27,26.1,21.85,T
ORD,2020/1/12 2:28,28.9,27,26.45,0.25
ORD,2020/1/12 2:36,28.9,27,25.3,0.25
ORD,2020/1/12 2:51,28.9,27,21.85,0.25
ORD,2020/1/12 2:58,28.9,27,20.7,T
ORD,2020/1/12 3:51,26.1,24.1,14.95,T
ORD,2020/1/12 3:54,26.1,24.1,13.8,T
ORD,2020/1/12 4:46,24.8,21.2,14.95,T
ORD,2020/1/12 4:51,25,21.9,16.1,T
ORD,2020/1/12 5:27,25,21,13.8,T
ORD,2020/1/12 5:51,25,21,16.1,T
ORD,2020/1/12 6:22,24.1,21,12.65,T
ORD,2020/1/12 6:49,24.8,19.4,11.5,T
ORD,2020/1/12 6:51,24.1,19.9,11.5,T
ORD,2020/1/12 7:51,24.1,19.9,10.35,T
ORD,2020/1/12 8:51,24.1,19,12.65,0
ORD,2020/1/12 9:51,24.1,19,9.2,0
ORD,2020/1/12 10:51,23,19,9.2,0
ORD,2020/1/12 11:51,23,19,5.75,0
ORD,2020/1/12 12:51,24.1,19,4.6,0
ORD,2020/1/12 13:51,24.1,19.9,0,0
ORD,2020/1/12 14:39,24.1,19,0,0
ORD,2020/1/12 14:51,24.1,19.9,0,0
ORD,2020/1/12 15:51,25,19.9,0,0
ORD,2020/1/12 16:51,26.1,21,0,0
ORD,2020/1/12 17:41,27,21.9,3.45,T
ORD,2020/1/12 17:51,27,21.9,4.6,T
ORD,2020/1/12 18:51,28,23,3.45,0
ORD,2020/1/12 19:51,28.9,24.1,5.75,0
ORD,2020/1/12 20:51,30,25,5.75,0
ORD,2020/1/12 21:51,30,25,6.9,0
ORD,2020/1/12 22:51,30,26.1,6.9,0
ORD,2020/1/12 23:51,30,27,8.05,0
ORD,2020/1/13 0:28,30.9,28,10.35,0
ORD,2020/1/13 0:51,30.9,28,10.35,0
ORD,2020/1/13 1:39,30,27,11.5,T
ORD,2020/1/13 1:51,30,27,10.35,T
ORD,2020/1/13 2:22,30,28,10.35,T
ORD,2020/1/13 2:51,30.9,28,9.2,T
ORD,2020/1/13 2:58,30.9,28,12.65,T
ORD,2020/1/13 3:51,30.9,28.9,10.35,T
ORD,2020/1/13 4:36,30.9,28.9,8.05,T
ORD,2020/1/13 4:51,30.9,28.9,4.6,T
ORD,2020/1/13 5:06,30.9,28.9,5.75,T
ORD,2020/1/13 5:51,30.9,28.9,5.75,T
ORD,2020/1/13 6:30,32,28.9,5.75,T
ORD,2020/1/13 6:51,32,30,6.9,T
ORD,2020/1/13 7:51,32,30,4.6,T
ORD,2020/1/13 8:25,32,30,8.05,T
ORD,2020/1/13 8:51,32,30,10.35,T
ORD,2020/1/13 9:24,32,30,10.35,T
ORD,2020/1/13 9:51,32,30,6.9,T
ORD,2020/1/13 10:51,32,28.9,11.5,0
ORD,2020/1/13 11:51,30.9,26.1,13.8,0
ORD,2020/1/13 12:51,30.9,25,10.35,0
ORD,2020/1/13 13:51,30.9,24.1,11.5,0
ORD,2020/1/13 14:51,30.9,25,6.9,0
ORD,2020/1/13 15:51,30.9,24.1,5.75,0
ORD,2020/1/13 16:51,30.9,23,6.9,0
ORD,2020/1/13 17:51,30.9,24.1,5.75,0
ORD,2020/1/13 18:51,30.9,25,6.9,0
ORD,2020/1/13 19:51,30.9,25,5.75,0
ORD,2020/1/13 20:51,32,25,5.75,0
ORD,2020/1/13 21:51,32,25,5.75,0
ORD,2020/1/13 22:51,32,26.1,5.75,0
ORD,2020/1/13 23:51,30.9,26.1,8.05,0
ORD,2020/1/14 0:51,32,27,6.9,0
ORD,2020/1/14 1:51,32,27,10.35,0
ORD,2020/1/14 2:51,32,28,11.5,0
ORD,2020/1/14 3:51,33,28,12.65,0
ORD,2020/1/14 4:51,33,28.9,9.2,0
ORD,2020/1/14 5:51,33,28.9,9.2,0
ORD,2020/1/14 6:51,34,30,6.9,0
ORD,2020/1/14 7:51,34,30,11.5,0
ORD,2020/1/14 8:51,34,30.9,5.75,0
ORD,2020/1/14 9:51,34,30.9,6.9,0
ORD,2020/1/14 10:31,34,30.9,4.6,0
ORD,2020/1/14 10:51,34,30.9,3.45,0
ORD,2020/1/14 11:42,35,32,5.75,0
ORD,2020/1/14 11:51,35,32,5.75,0
ORD,2020/1/14 12:51,34,33,6.9,0
ORD,2020/1/14 13:44,35,33,4.6,0
ORD,2020/1/14 13:51,35,33,3.45,0
ORD,2020/1/14 14:51,35,34,9.2,0
ORD,2020/1/14 15:51,36,34,6.9,0
ORD,2020/1/14 16:51,37,34,9.2,0
ORD,2020/1/14 17:07,37,34,8.05,0
ORD,2020/1/14 17:43,38,34,13.8,0
ORD,2020/1/14 17:51,38,34,16.1,0
ORD,2020/1/14 18:51,38,33,16.1,0
ORD,2020/1/14 19:51,39,32,16.1,0
ORD,2020/1/14 20:51,38,32,16.1,0
ORD,2020/1/14 20:56,38,32,13.8,0
ORD,2020/1/14 21:51,37,30.9,14.95,0
ORD,2020/1/14 22:51,35,30,10.35,0
ORD,2020/1/14 23:37,35,30,6.9,0
ORD,2020/1/14 23:51,35,30,8.05,0
ORD,2020/1/15 0:11,34,30,6.9,0
ORD,2020/1/15 0:51,33,28.9,8.05,0
ORD,2020/1/15 1:19,32,28,5.75,0
ORD,2020/1/15 1:51,32,28,6.9,0
ORD,2020/1/15 2:51,30,27,4.6,0
ORD,2020/1/15 2:56,30,26.1,3.45,0
ORD,2020/1/15 3:51,28.9,27,3.45,0
ORD,2020/1/15 4:51,28.9,26.1,0,0
ORD,2020/1/15 5:51,25,24.1,6.9,0
ORD,2020/1/15 6:51,26.1,24.1,6.9,0
ORD,2020/1/15 7:51,27,25,4.6,0
ORD,2020/1/15 8:51,27,25,0,0
ORD,2020/1/15 9:51,26.1,25,3.45,0
ORD,2020/1/15 10:18,27,26.1,0,0
ORD,2020/1/15 10:51,30,27,3.45,0
ORD,2020/1/15 11:51,32,30,3.45,0
ORD,2020/1/15 12:51,33,30,9.2,0
ORD,2020/1/15 13:51,33,30.9,9.2,0
ORD,2020/1/15 14:41,34,30.9,6.9,0
ORD,2020/1/15 14:51,34,30.9,9.2,0
ORD,2020/1/15 15:51,34,32,10.35,0
ORD,2020/1/15 16:21,34,32,11.5,T
ORD,2020/1/15 16:41,34,33,6.9,T
ORD,2020/1/15 16:51,34,33,6.9,T
ORD,2020/1/15 17:26,34,34,4.6,T
ORD,2020/1/15 17:51,35,34,3.45,T
ORD,2020/1/15 18:19,35,34,0,T
ORD,2020/1/15 18:51,35,35,0,T
ORD,2020/1/15 19:51,35,34,6.9,T
ORD,2020/1/15 20:51,35,35,5.75,0
ORD,2020/1/15 21:29,35,34,8.05,0
ORD,2020/1/15 21:51,35,35,0,0
ORD,2020/1/15 22:51,35,33,11.5,0
ORD,2020/1/15 23:51,35,33,12.65,0
ORD,2020/1/16 0:51,35,33,8.05,0
ORD,2020/1/16 1:51,34,30.9,14.95,0
ORD,2020/1/16 2:51,33,30.9,14.95,0
ORD,2020/1/16 3:07,33,30,9.2,0
ORD,2020/1/16 3:19,33,30,9.2,0
ORD,2020/1/16 3:51,32,27,14.95,0
ORD,2020/1/16 4:46,30.2,26.6,14.95,0
ORD,2020/1/16 4:51,30.9,26.1,14.95,0
ORD,2020/1/16 5:51,28.9,24.1,16.1,0
ORD,2020/1/16 6:39,28.9,21.9,16.1,0
ORD,2020/1/16 6:51,28.9,21.9,20.7,0
ORD,2020/1/16 7:51,27,21,12.65,0
ORD,2020/1/16 8:51,27,19.9,14.95,0
ORD,2020/1/16 9:51,25,18,13.8,0
ORD,2020/1/16 10:51,23,16,14.95,0
ORD,2020/1/16 11:51,19.9,14,12.65,0
ORD,2020/1/16 12:46,17.6,12.2,17.25,0
ORD,2020/1/16 12:51,17.1,10.9,16.1,0
ORD,2020/1/16 13:51,16,10,12.65,T
ORD,2020/1/16 14:51,16,8.1,11.5,0
ORD,2020/1/16 15:51,17.1,7,17.25,0
ORD,2020/1/16 16:51,19,6,14.95,0
ORD,2020/1/16 17:51,21,7,12.65,0
ORD,2020/1/16 18:51,21.9,7,12.65,0
ORD,2020/1/16 19:51,23,7,10.35,0
ORD,2020/1/16 20:51,23,6,9.2,0
ORD,2020/1/16 21:51,21.9,5,8.05,0
ORD,2020/1/16 22:51,19.9,5,10.35,0
ORD,2020/1/16 23:51,19,5,10.35,0
ORD,2020/1/17 0:51,17.1,5,10.35,0
ORD,2020/1/17 1:51,15.1,5,8.05,0
ORD,2020/1/17 2:51,14,5,8.05,0
ORD,2020/1/17 3:51,14,4,8.05,0
ORD,2020/1/17 4:51,12.9,3,6.9,0
ORD,2020/1/17 5:51,12,3,4.6,0
ORD,2020/1/17 5:59,12,3,4.6,0
ORD,2020/1/17 6:51,12,4,5.75,0
ORD,2020/1/17 7:51,12.9,4,3.45,0
ORD,2020/1/17 8:51,12.9,5,5.75,0
ORD,2020/1/17 9:51,14,6,4.6,0
ORD,2020/1/17 10:51,14,7,5.75,0
ORD,2020/1/17 11:51,16,9,4.6,0
ORD,2020/1/17 12:51,17.1,10.9,3.45,0
ORD,2020/1/17 13:51,18,12.9,0,0
ORD,2020/1/17 14:51,23,16,4.6,0
ORD,2020/1/17 15:37,25,18,16.1,0
ORD,2020/1/17 15:51,25,17.1,17.25,0
ORD,2020/1/17 16:51,25,17.1,13.8,0
ORD,2020/1/17 17:51,26.1,14,12.65,0
ORD,2020/1/17 18:51,27,15.1,11.5,0
ORD,2020/1/17 19:51,27,14,12.65,0
ORD,2020/1/17 20:51,27,14,9.2,0
ORD,2020/1/17 21:44,27,14,9.2,T
ORD,2020/1/17 21:46,26.6,15.8,8.05,T
ORD,2020/1/17 21:51,25,17.1,9.2,T
ORD,2020/1/17 21:58,25,19,6.9,T
ORD,2020/1/17 22:05,25,19.9,8.05,0.25
ORD,2020/1/17 22:08,24.1,19.9,8.05,0.25
ORD,2020/1/17 22:42,24.1,21.9,10.35,1.52
ORD,2020/1/17 22:44,24.1,21.9,11.5,1.52
ORD,2020/1/17 22:51,24.1,21.9,10.35,1.52
ORD,2020/1/17 22:57,24.1,21.9,10.35,T
ORD,2020/1/17 23:06,24.1,23,10.35,0.25
ORD,2020/1/17 23:11,25,23,9.2,0.25
ORD,2020/1/17 23:19,25,23,9.2,0.51
ORD,2020/1/17 23:31,25,23,8.05,0.76
ORD,2020/1/17 23:51,25,23,13.8,1.02
ORD,2020/1/18 0:00,26.1,23,13.8,0.25
ORD,2020/1/18 0:07,26.1,24.1,13.8,0.51
ORD,2020/1/18 0:51,26.1,24.1,14.95,2.29
ORD,2020/1/18 1:12,26.1,24.1,16.1,0.76
ORD,2020/1/18 1:24,26.1,24.1,14.95,0.76
ORD,2020/1/18 1:31,26.1,24.1,17.25,1.02
ORD,2020/1/18 1:47,26.6,24.8,16.1,1.27
ORD,2020/1/18 1:51,26.1,24.1,17.25,1.52
ORD,2020/1/18 1:56,26.1,25,19.55,T
ORD,2020/1/18 2:03,27,25,18.4,T
ORD,2020/1/18 2:26,27,24.1,18.4,T
ORD,2020/1/18 2:29,27,24.1,17.25,T
ORD,2020/1/18 2:49,26.6,24.8,21.85,0.76
ORD,2020/1/18 2:51,27,25,19.55,0.76
ORD,2020/1/18 2:55,27,25,19.55,T
ORD,2020/1/18 3:01,27,25,16.1,0.25
ORD,2020/1/18 3:23,27,25,18.4,0.51
ORD,2020/1/18 3:44,27,25,23,1.02
ORD,2020/1/18 3:51,27,25,18.4,1.02
ORD,2020/1/18 4:02,27,25,20.7,T
ORD,2020/1/18 4:13,27,25,18.4,0.51
ORD,2020/1/18 4:20,27,25,17.25,0.51
ORD,2020/1/18 4:26,28,25,17.25,0.51
ORD,2020/1/18 4:43,28,25,16.1,0.76
ORD,2020/1/18 4:51,28,25,19.55,0.76
ORD,2020/1/18 5:30,28,25,17.25,T
ORD,2020/1/18 5:51,28.9,26.1,14.95,0.25
ORD,2020/1/18 6:33,28.9,27,13.8,0.51
ORD,2020/1/18 6:51,30,27,14.95,0.51
ORD,2020/1/18 7:20,30,27,14.95,T
ORD,2020/1/18 7:38,30.9,28,11.5,0.51
ORD,2020/1/18 7:51,30,28,9.2,2.29
ORD,2020/1/18 8:39,30.9,30,9.2,3.05
ORD,2020/1/18 8:51,30.9,30,9.2,3.56
ORD,2020/1/18 9:03,30.9,30,9.2,0.51
ORD,2020/1/18 9:38,30.9,30,9.2,2.03
ORD,2020/1/18 9:51,30.9,30.9,6.9,2.54
ORD,2020/1/18 10:51,32,30.2,8.05,0
ORD,2020/1/18 11:51,32,32,8.05,0.25
ORD,2020/1/18 12:03,33,32,8.05,T
ORD,2020/1/18 12:51,33,32,6.9,0.25
ORD,2020/1/18 13:28,33,33,8.05,T
ORD,2020/1/18 13:33,33,33,6.9,T
ORD,2020/1/18 13:51,33,33,8.05,T
ORD,2020/1/18 14:00,34,33,10.35,T
ORD,2020/1/18 14:51,34,34,11.5,T
ORD,2020/1/18 15:08,35,34,13.8,0
ORD,2020/1/18 15:12,35,34,12.65,0
ORD,2020/1/18 15:51,34,33,12.65,0.51
ORD,2020/1/18 15:58,34,33,16.1,T
ORD,2020/1/18 16:36,34,32,16.1,T
ORD,2020/1/18 16:51,34,32,18.4,T
ORD,2020/1/18 17:51,34,30,18.4,0
ORD,2020/1/18 18:21,34,30,17.25,0
ORD,2020/1/18 18:51,34,28.9,12.65,0
ORD,2020/1/18 19:51,33,28,21.85,0
ORD,2020/1/18 20:02,32,28,23,0
ORD,2020/1/18 20:12,28.9,25,21.85,0
ORD,2020/1/18 20:51,24.1,21,25.3,0
ORD,2020/1/18 21:51,21,16,24.15,0
ORD,2020/1/18 22:08,19.9,15.1,23,T
ORD,2020/1/18 22:19,19,14,23,T
ORD,2020/1/18 22:51,17.1,10.9,23,T
ORD,2020/1/18 23:51,16,10,26.45,T
ORD,2020/1/19 0:51,14,6,20.7,T
ORD,2020/1/19 1:51,12,4,17.25,T
ORD,2020/1/19 2:51,9,1,23,0
ORD,2020/1/19 3:35,8.1,1,23,0
ORD,2020/1/19 3:51,8.1,0,18.4,0
ORD,2020/1/19 4:51,7,0,12.65,0
ORD,2020/1/19 4:58,7,0,14.95,0
ORD,2020/1/19 5:51,5,-2,23,0
ORD,2020/1/19 6:51,4,-3,21.85,0
ORD,2020/1/19 7:51,4,-4,18.4,0
ORD,2020/1/19 8:51,3,-4,20.7,0
ORD,2020/1/19 9:18,3,-4,14.95,0
ORD,2020/1/19 9:51,1.9,-5,12.65,0
ORD,2020/1/19 10:51,1.9,-5,13.8,0
ORD,2020/1/19 11:08,1.9,-5,16.1,0
ORD,2020/1/19 11:34,1.9,-5,16.1,0
ORD,2020/1/19 11:51,1.9,-5,11.5,0
ORD,2020/1/19 12:51,3,-4,14.95,0
ORD,2020/1/19 13:51,3,-3,10.35,0
ORD,2020/1/19 14:51,5,-0.9,13.8,0
ORD,2020/1/19 15:51,7,1,12.65,T
ORD,2020/1/19 16:27,9,1,13.8,T
ORD,2020/1/19 16:51,10,1.9,13.8,T
ORD,2020/1/19 17:51,12.9,5,9.2,0
ORD,2020/1/19 18:51,15.1,7,12.65,0
ORD,2020/1/19 19:51,17.1,8.1,11.5,0
ORD,2020/1/19 20:51,18,9,14.95,0
ORD,2020/1/19 21:51,19,10,17.25,0
ORD,2020/1/19 22:51,18,10,13.8,T
ORD,2020/1/19 23:51,17.1,9,13.8,T
ORD,2020/1/20 0:51,17.1,10,12.65,0
ORD,2020/1/20 1:51,17.1,10,11.5,0
ORD,2020/1/20 2:51,17.1,10,6.9,0
ORD,2020/1/20 3:51,17.1,10,8.05,0
ORD,2020/1/20 4:51,16,10,5.75,0
ORD,2020/1/20 5:51,17.1,10.9,9.2,0
ORD,2020/1/20 6:51,18,12,8.05,0
ORD,2020/1/20 7:51,19,12,6.9,0
ORD,2020/1/20 8:51,19,12.9,9.2,0
ORD,2020/1/20 9:51,19,12.9,5.75,0
ORD,2020/1/20 10:51,19,12.9,9.2,0
ORD,2020/1/20 11:51,19,12.9,6.9,0
ORD,2020/1/20 12:51,19,12.9,8.05,0
ORD,2020/1/20 13:51,19.9,12.9,6.9,0
ORD,2020/1/20 14:51,21,14,6.9,T
ORD,2020/1/20 15:51,23,14,4.6,0
ORD,2020/1/20 16:51,25,15.1,8.05,0
ORD,2020/1/20 17:51,28,17.1,9.2,0
ORD,2020/1/20 18:51,30,17.1,6.9,0
ORD,2020/1/20 19:51,30.9,16,4.6,0
ORD,2020/1/20 20:51,30.9,16,5.75,0
ORD,2020/1/20 21:51,28,16,5.75,0
ORD,2020/1/20 22:51,26.1,18,9.2,0
ORD,2020/1/20 23:51,25,18,8.05,0
ORD,2020/1/21 0:51,23,17.1,4.6,0
ORD,2020/1/21 1:51,21.9,15.1,6.9,0
ORD,2020/1/21 2:51,21,14,8.05,0
ORD,2020/1/21 3:51,19,12.9,4.6,0
ORD,2020/1/21 4:51,18,12.9,3.45,0
ORD,2020/1/21 5:51,18,14,4.6,0
ORD,2020/1/21 6:51,17.1,12.9,0,0
ORD,2020/1/21 7:51,16,12,4.6,0
ORD,2020/1/21 8:51,16,12.9,4.6,0
ORD,2020/1/21 9:51,15.1,12,5.75,0
ORD,2020/1/21 10:51,16,12,6.9,0
ORD,2020/1/21 11:51,15.1,12,4.6,0
ORD,2020/1/21 12:51,15.1,10.9,5.75,0
ORD,2020/1/21 13:51,15.1,12.9,4.6,0
ORD,2020/1/21 14:51,19,14,5.75,0
ORD,2020/1/21 15:51,23,16,8.05,0
ORD,2020/1/21 16:51,25,16,8.05,0
ORD,2020/1/21 17:51,27,17.1,10.35,0
ORD,2020/1/21 18:51,28,16,13.8,0
ORD,2020/1/21 19:51,28.9,16,12.65,0
ORD,2020/1/21 20:51,28,17.1,11.5,0
ORD,2020/1/21 21:51,28,17.1,10.35,0
ORD,2020/1/21 22:51,27,17.1,6.9,0
ORD,2020/1/21 23:51,26.1,19,8.05,0
ORD,2020/1/22 0:16,26.1,19,6.9,0
ORD,2020/1/22 0:51,26.1,19,6.9,0
ORD,2020/1/22 1:51,26.1,19,8.05,0
ORD,2020/1/22 2:51,26.1,19,12.65,0
ORD,2020/1/22 3:51,26.1,19.9,13.8,0
ORD,2020/1/22 4:51,25,19.9,11.5,0
ORD,2020/1/22 5:51,24.1,19,10.35,0
ORD,2020/1/22 6:51,24.1,19,11.5,0
ORD,2020/1/22 7:51,24.1,19,14.95,0
ORD,2020/1/22 8:51,25,19,12.65,0
ORD,2020/1/22 9:51,25,18,13.8,0
ORD,2020/1/22 10:51,25,18,12.65,0
ORD,2020/1/22 11:51,25,18,12.65,0
ORD,2020/1/22 12:51,24.1,18,12.65,0
ORD,2020/1/22 13:51,24.1,18,11.5,0
ORD,2020/1/22 14:51,25,18,13.8,0
ORD,2020/1/22 15:51,27,19,10.35,0
ORD,2020/1/22 16:51,28,19.9,13.8,0
ORD,2020/1/22 17:51,30,19.9,14.95,0
ORD,2020/1/22 18:51,30.9,21,11.5,0
ORD,2020/1/22 19:51,32,21,11.5,0
ORD,2020/1/22 20:51,34,21.9,12.65,0
ORD,2020/1/22 21:51,34,21.9,11.5,0
ORD,2020/1/22 22:51,33,21,10.35,0
ORD,2020/1/22 23:51,32,21.9,13.8,0
ORD,2020/1/23 0:51,32,21.9,11.5,0
ORD,2020/1/23 1:51,32,21,12.65,0
ORD,2020/1/23 2:51,32,19.9,11.5,0
ORD,2020/1/23 3:51,32,19.9,11.5,0
ORD,2020/1/23 4:51,32,21,9.2,0
ORD,2020/1/23 5:17,32,21,11.5,0
ORD,2020/1/23 5:51,32,21,9.2,0
ORD,2020/1/23 6:17,32,21.9,11.5,T
ORD,2020/1/23 6:51,32,21.9,9.2,T
ORD,2020/1/23 7:51,30.9,23,12.65,T
ORD,2020/1/23 8:51,30,26.1,10.35,T
ORD,2020/1/23 9:23,30,27,8.05,T
ORD,2020/1/23 9:38,30,27,9.2,T
ORD,2020/1/23 9:44,28.9,27,6.9,T
ORD,2020/1/23 9:51,28.9,27,9.2,T
ORD,2020/1/23 10:07,28.9,28,6.9,T
ORD,2020/1/23 10:49,30.2,28.4,6.9,0.25
ORD,2020/1/23 10:51,30,28,6.9,0.25
ORD,2020/1/23 11:04,30,28,6.9,0.25
ORD,2020/1/23 11:46,30.2,28.4,9.2,0.25
ORD,2020/1/23 11:51,30,28,10.35,0.25
ORD,2020/1/23 12:17,30,28,8.05,0.25
ORD,2020/1/23 12:51,30,28,10.35,0.25
ORD,2020/1/23 12:58,30,27,10.35,T
ORD,2020/1/23 13:24,30,28,8.05,T
ORD,2020/1/23 13:49,30.2,28.4,6.9,T
ORD,2020/1/23 13:51,30,28,8.05,T
ORD,2020/1/23 14:08,30,28.9,8.05,0.25
ORD,2020/1/23 14:51,30.9,28.9,8.05,0.51
ORD,2020/1/23 15:06,30.9,28.9,9.2,0.25
ORD,2020/1/23 15:51,30.9,28.9,10.35,0.51
ORD,2020/1/23 16:51,32,28.9,8.05,0.25
ORD,2020/1/23 17:17,32,30,9.2,0.25
ORD,2020/1/23 17:43,32,28.9,9.2,0.25
ORD,2020/1/23 17:51,32,30,9.2,0.25
ORD,2020/1/23 18:13,32,30,8.05,T
ORD,2020/1/23 18:24,32,30,8.05,T
ORD,2020/1/23 18:48,33.8,30.2,9.2,T
ORD,2020/1/23 18:51,33,30.9,9.2,T
ORD,2020/1/23 19:06,33,30,8.05,T
ORD,2020/1/23 19:27,33,30,9.2,0.25
ORD,2020/1/23 19:51,33,30.9,5.75,0.25
ORD,2020/1/23 20:32,33,30.9,6.9,T
ORD,2020/1/23 20:51,33,30.9,5.75,0.25
ORD,2020/1/23 21:51,33,32,5.75,T
ORD,2020/1/23 22:42,33,32,5.75,0.25
ORD,2020/1/23 22:51,33,32,6.9,0.25
ORD,2020/1/23 23:51,33,32,5.75,0.25
ORD,2020/1/24 0:28,33,32,5.75,T
ORD,2020/1/24 0:33,33,32,5.75,0.25
ORD,2020/1/24 0:51,33,32,5.75,0.25
ORD,2020/1/24 1:12,33,32,4.6,0.25
ORD,2020/1/24 1:42,33,32,3.45,0.25
ORD,2020/1/24 1:51,33,32,3.45,0.25
ORD,2020/1/24 2:29,34,32,5.75,T
ORD,2020/1/24 2:51,34,32,6.9,T
ORD,2020/1/24 3:40,34,32,4.6,T
ORD,2020/1/24 3:51,34,32,3.45,T
ORD,2020/1/24 4:51,34,32,6.9,T
ORD,2020/1/24 5:39,34,32,5.75,0.51
ORD,2020/1/24 5:51,34,32,5.75,0.51
ORD,2020/1/24 6:14,34,32,5.75,0.25
ORD,2020/1/24 6:51,34,32,8.05,0.76
ORD,2020/1/24 7:51,33,32,8.05,0.51
ORD,2020/1/24 8:04,33,32,6.9,0.25
ORD,2020/1/24 8:14,33,33,6.9,0.51
ORD,2020/1/24 8:51,34,33,10.35,1.27
ORD,2020/1/24 9:51,35,34,6.9,T
ORD,2020/1/24 10:13,35,34,9.2,T
ORD,2020/1/24 10:51,35,34,8.05,T
ORD,2020/1/24 11:42,35,34,4.6,0.51
ORD,2020/1/24 11:51,35,34,8.05,0.51
ORD,2020/1/24 12:51,35,34,6.9,T
ORD,2020/1/24 13:09,35,34,6.9,T
ORD,2020/1/24 13:37,35,34,8.05,T
ORD,2020/1/24 13:51,35,34,4.6,T
ORD,2020/1/24 14:51,35,35,4.6,T
ORD,2020/1/24 15:51,36,36,4.6,0.25
ORD,2020/1/24 16:51,37,36,5.75,0.25
ORD,2020/1/24 17:36,36,36,4.6,T
ORD,2020/1/24 17:51,37,37,3.45,T
ORD,2020/1/24 18:09,37,37,3.45,T
ORD,2020/1/24 18:51,37,37,0,T
ORD,2020/1/24 19:49,37.4,35.6,4.6,0
ORD,2020/1/24 19:51,36,36,3.45,0
ORD,2020/1/24 20:25,36,35,5.75,0
ORD,2020/1/24 20:38,36,36,4.6,T
ORD,2020/1/24 20:51,36,36,0,T
ORD,2020/1/24 21:00,36,36,0,T
ORD,2020/1/24 21:13,36,36,4.6,T
ORD,2020/1/24 21:25,36,35,5.75,T
ORD,2020/1/24 21:36,35,35,4.6,T
ORD,2020/1/24 21:51,35,35,4.6,T
ORD,2020/1/24 22:51,35,35,4.6,0.51
ORD,2020/1/24 22:59,35,35,4.6,0.25
ORD,2020/1/24 23:21,36,36,0,0.76
ORD,2020/1/24 23:40,35,35,0,1.52
ORD,2020/1/24 23:51,35,35,0,1.78
ORD,2020/1/25 0:51,36,36,0,1.78
ORD,2020/1/25 1:31,35,35,0,1.02
ORD,2020/1/25 1:51,35,34,4.6,1.27
ORD,2020/1/25 2:24,34,34,4.6,0.25
ORD,2020/1/25 2:51,34,34,4.6,0.25
ORD,2020/1/25 3:07,34,34,5.75,T
ORD,2020/1/25 3:51,33,33,4.6,T
ORD,2020/1/25 4:01,33,33,4.6,T
ORD,2020/1/25 4:51,33,33,3.45,0.51
ORD,2020/1/25 5:51,32,32,3.45,0.51
ORD,2020/1/25 6:27,32,32,4.6,0.25
ORD,2020/1/25 6:51,32,32,5.75,0.25
ORD,2020/1/25 7:51,32,32,5.75,0.25
ORD,2020/1/25 8:46,32,32,5.75,0.25
ORD,2020/1/25 8:51,32,32,5.75,0.25
ORD,2020/1/25 9:18,32,32,4.6,T
ORD,2020/1/25 9:51,32,32,4.6,T
ORD,2020/1/25 10:51,32,32,5.75,0
ORD,2020/1/25 11:51,32,32,6.9,T
ORD,2020/1/25 12:51,32,32,8.05,T
ORD,2020/1/25 13:51,33,32,8.05,T
ORD,2020/1/25 14:14,33,32,8.05,T
ORD,2020/1/25 14:46,33.8,32,8.05,0.25
ORD,2020/1/25 14:51,33,32,6.9,0.25
ORD,2020/1/25 14:58,33,32,6.9,T
ORD,2020/1/25 15:37,33,32,8.05,0.25
ORD,2020/1/25 15:51,33,32,6.9,0.51
ORD,2020/1/25 16:07,33,32,8.05,0.25
ORD,2020/1/25 16:29,33,33,10.35,0.51
ORD,2020/1/25 16:48,33.8,32,9.2,0.51
ORD,2020/1/25 16:51,33,32,8.05,0.51
ORD,2020/1/25 17:09,34,32,9.2,T
ORD,2020/1/25 17:51,34,32,10.35,0.25
ORD,2020/1/25 18:37,34,32,11.5,T
ORD,2020/1/25 18:51,34,32,9.2,0.25
ORD,2020/1/25 19:09,34,32,11.5,T
ORD,2020/1/25 19:51,34,32,10.35,T
ORD,2020/1/25 20:51,34,32,9.2,T
ORD,2020/1/25 21:08,33,30.9,10.35,T
ORD,2020/1/25 21:51,33,30.9,9.2,T
ORD,2020/1/25 22:13,33,30.9,13.8,0.25
ORD,2020/1/25 22:51,33,30.9,10.35,0.51
ORD,2020/1/25 23:14,33,30.9,8.05,T
ORD,2020/1/25 23:34,33,30.9,8.05,T
ORD,2020/1/25 23:51,33,30.9,10.35,T
ORD,2020/1/26 0:13,33,30,10.35,T
ORD,2020/1/26 0:51,33,30.9,9.2,T
ORD,2020/1/26 1:32,33,30.9,8.05,T
ORD,2020/1/26 1:51,33,30.9,6.9,T
ORD,2020/1/26 2:51,32,30.9,9.2,T
ORD,2020/1/26 3:28,33,30.9,8.05,T
ORD,2020/1/26 3:51,33,30.9,10.35,T
ORD,2020/1/26 4:51,33,30.9,10.35,T
ORD,2020/1/26 5:51,33,30.9,10.35,0
ORD,2020/1/26 6:16,33,30,11.5,0
ORD,2020/1/26 6:51,33,30,11.5,0
ORD,2020/1/26 7:51,33,30,10.35,0
ORD,2020/1/26 8:51,32,30,8.05,0
ORD,2020/1/26 9:51,32,28.9,10.35,0
ORD,2020/1/26 10:51,32,28.9,6.9,0
ORD,2020/1/26 11:51,30.9,28.9,8.05,0
ORD,2020/1/26 12:51,30.9,28,10.35,0
ORD,2020/1/26 13:51,30,28,10.35,0
ORD,2020/1/26 14:51,30,28,12.65,0
ORD,2020/1/26 15:51,30,28,9.2,0
ORD,2020/1/26 16:37,30.9,27,12.65,0
ORD,2020/1/26 16:51,32,28,8.05,0
ORD,2020/1/26 17:51,32,28,11.5,0
ORD,2020/1/26 18:51,30.9,27,12.65,0
ORD,2020/1/26 19:51,30.9,27,6.9,0
ORD,2020/1/26 20:34,30.9,27,10.35,0
ORD,2020/1/26 20:51,30,27,10.35,0
ORD,2020/1/26 21:51,30,27,6.9,0
ORD,2020/1/26 22:51,28.9,26.1,11.5,0
ORD,2020/1/26 23:51,28,26.1,9.2,0
ORD,2020/1/27 0:51,28,26.1,8.05,0
ORD,2020/1/27 1:51,28,26.1,6.9,T
ORD,2020/1/27 2:51,28,26.1,5.75,0
ORD,2020/1/27 3:51,28,25,10.35,T
ORD,2020/1/27 4:51,27,25,9.2,T
ORD,2020/1/27 5:51,28,25,8.05,T
ORD,2020/1/27 6:51,28,25,6.9,0
ORD,2020/1/27 7:51,28,26.1,4.6,0
ORD,2020/1/27 8:51,28,26.1,4.6,0
ORD,2020/1/27 9:24,28,27,5.75,0
ORD,2020/1/27 9:34,28,27,6.9,T
ORD,2020/1/27 9:51,28,27,4.6,T
ORD,2020/1/27 10:51,28.9,27,6.9,T
ORD,2020/1/27 11:17,28.9,27,6.9,T
ORD,2020/1/27 11:51,28.9,26.1,8.05,T
ORD,2020/1/27 12:12,28.9,26.1,6.9,0
ORD,2020/1/27 12:51,28.9,26.1,6.9,0
ORD,2020/1/27 13:06,28.9,27,5.75,0
ORD,2020/1/27 13:36,28.9,27,5.75,0
ORD,2020/1/27 13:51,28.9,27,6.9,0
ORD,2020/1/27 14:51,30,27,6.9,0
ORD,2020/1/27 15:51,30.9,27,5.75,T
ORD,2020/1/27 16:04,30.9,28,3.45,0
ORD,2020/1/27 16:48,30.2,28.4,5.75,T
ORD,2020/1/27 16:49,30.9,28,5.75,T
ORD,2020/1/27 17:43,32,28.9,6.9,T
ORD,2020/1/27 17:51,33,28.9,5.75,T
ORD,2020/1/27 18:51,34,28.9,6.9,T
ORD,2020/1/27 19:51,34,30,4.6,0
ORD,2020/1/27 20:29,34,28.9,4.6,0
ORD,2020/1/27 20:51,34,28.9,5.75,0
ORD,2020/1/27 21:51,34,28.9,5.75,0
ORD,2020/1/27 22:51,34,28,5.75,0
ORD,2020/1/27 23:51,33,28.9,5.75,0
ORD,2020/1/28 0:51,33,28,5.75,0
ORD,2020/1/28 1:51,33,28.9,4.6,T
ORD,2020/1/28 2:51,32,28.9,6.9,T
ORD,2020/1/28 3:39,32,28,4.6,0
ORD,2020/1/28 3:51,32,28.9,4.6,0
ORD,2020/1/28 4:51,32,28,3.45,T
ORD,2020/1/28 5:51,32,28.9,4.6,0
ORD,2020/1/28 6:51,32,28,4.6,T
ORD,2020/1/28 7:51,32,27,3.45,0
ORD,2020/1/28 8:51,32,28,6.9,0
ORD,2020/1/28 9:51,32,27,5.75,0
ORD,2020/1/28 10:51,30.9,26.1,8.05,0
ORD,2020/1/28 11:51,30.9,26.1,8.05,0
ORD,2020/1/28 12:51,30.9,26.1,6.9,0
ORD,2020/1/28 13:51,30.9,25,8.05,0
ORD,2020/1/28 14:51,30.9,25,5.75,0
ORD,2020/1/28 15:51,33,25,5.75,0
ORD,2020/1/28 16:51,33,25,5.75,0
ORD,2020/1/28 17:51,32,26.1,6.9,0
ORD,2020/1/28 18:51,33,25,4.6,T
ORD,2020/1/28 19:51,33,25,5.75,0
ORD,2020/1/28 20:51,32,24.1,3.45,0
ORD,2020/1/28 21:51,32,24.1,4.6,0
ORD,2020/1/28 22:51,32,25,3.45,0
ORD,2020/1/28 23:51,32,24.1,4.6,0
ORD,2020/1/29 0:51,32,21.9,3.45,0
ORD,2020/1/29 1:51,32,23,8.05,0
ORD,2020/1/29 2:51,30.9,21.9,8.05,0
ORD,2020/1/29 3:51,30.9,23,6.9,T
ORD,2020/1/29 4:51,32,23,5.75,T
ORD,2020/1/29 5:51,32,21.9,5.75,0
ORD,2020/1/29 6:51,30.9,23,5.75,0
ORD,2020/1/29 7:51,30.9,23,5.75,0
ORD,2020/1/29 8:38,30.9,23,8.05,T
ORD,2020/1/29 8:51,30.9,23,5.75,T
ORD,2020/1/29 9:51,30.9,23,3.45,T
ORD,2020/1/29 10:51,30.9,23,4.6,T
ORD,2020/1/29 11:41,30.9,23,4.6,T
ORD,2020/1/29 11:51,30.9,23,4.6,T
ORD,2020/1/29 12:51,30.9,23,6.9,0
ORD,2020/1/29 13:51,30.9,23,8.05,0
ORD,2020/1/29 14:51,30.9,24.1,8.05,T
ORD,2020/1/29 15:51,30.9,24.1,3.45,T
ORD,2020/1/29 16:51,32,24.1,6.9,0
ORD,2020/1/29 17:51,33,24.1,6.9,0
ORD,2020/1/29 18:51,33,25,4.6,T
ORD,2020/1/29 19:51,33,25,4.6,T
ORD,2020/1/29 20:51,33,24.1,4.6,0
ORD,2020/1/29 21:51,33,24.1,3.45,0
ORD,2020/1/29 22:51,33,25,3.45,0
ORD,2020/1/29 23:51,33,25,4.6,0
ORD,2020/1/30 0:51,33,25,3.45,0
ORD,2020/1/30 1:51,33,25,0,0
ORD,2020/1/30 2:08,33,25,3.45,0
ORD,2020/1/30 2:41,33,25,0,0
ORD,2020/1/30 2:51,33,25,0,0
ORD,2020/1/30 3:51,32,26.1,5.75,0
ORD,2020/1/30 4:51,32,26.1,4.6,0
ORD,2020/1/30 5:51,32,27,3.45,0
ORD,2020/1/30 6:13,32,27,0,0
ORD,2020/1/30 6:51,32,27,0,0
ORD,2020/1/30 7:38,32,27,3.45,0
ORD,2020/1/30 7:51,32,27,0,0
ORD,2020/1/30 8:51,32,27,0,0
ORD,2020/1/30 9:27,32,26.1,0,0
ORD,2020/1/30 9:51,32,26.1,0,0
ORD,2020/1/30 10:51,32,26.1,0,0
ORD,2020/1/30 11:51,32,26.1,0,0
ORD,2020/1/30 12:51,32,27,0,0
ORD,2020/1/30 13:51,32,27,0,0
ORD,2020/1/30 14:51,33,21,5.75,0
ORD,2020/1/30 15:51,34,21,5.75,0
ORD,2020/1/30 16:51,34,21,6.9,0
ORD,2020/1/30 17:51,34,21,6.9,0
ORD,2020/1/30 18:51,34,21,8.05,0
ORD,2020/1/30 19:51,35,21,6.9,0
ORD,2020/1/30 20:51,35,21.9,4.6,0
ORD,2020/1/30 21:51,35,21,0,0
ORD,2020/1/30 22:51,35,21.9,4.6,0
ORD,2020/1/30 23:51,34,23,3.45,0
